event_id,date,competition,round,venue,opponent,shooting_team,team_side,player_id,player,minute,added_time,shot_type,situation,body_part,xg,xgot,goal_mouth_location,x,y,z,goalkeeper_id,goalkeeper,match_minute
14241230,2025-08-06,"UEFA Champions League, Qualification",3.0,Away,Nice,Benfica,Benfica,1100952,Andreas Schjelderup,6,,block,assisted,left-foot,,,low-centre,8.6,39.1,0,,,6.0
14241230,2025-08-06,"UEFA Champions League, Qualification",3.0,Away,Nice,Benfica,Benfica,74915,Nicolás Otamendi,7,,block,corner,head,,,low-centre,9.5,37.3,0,,,7.0
14241230,2025-08-06,"UEFA Champions League, Qualification",3.0,Away,Nice,Benfica,Benfica,1103333,Franjo Ivanović,10,,miss,assisted,right-foot,,,right,13.2,52.6,0,,,10.0
14241230,2025-08-06,"UEFA Champions League, Qualification",3.0,Away,Nice,Nice,Opponent,906075,Melvin Bard,10,,miss,corner,left-foot,,,high,23.7,38.2,0,,,10.0
14241230,2025-08-06,"UEFA Champions League, Qualification",3.0,Away,Nice,Nice,Opponent,894396,Terem Moffi,16,,save,regular,left-foot,,,low-centre,13.9,69.9,0,,,16.0
14241230,2025-08-06,"UEFA Champions League, Qualification",3.0,Away,Nice,Benfica,Benfica,1015292,Richard Ríos,19,,save,free-kick,right-foot,,,low-left,30.9,45.5,0,,,19.0
14241230,2025-08-06,"UEFA Champions League, Qualification",3.0,Away,Nice,Benfica,Benfica,1087316,Enzo Barrenechea,21,,block,corner,right-foot,,,low-centre,4.6,58.6,0,,,21.0
14241230,2025-08-06,"UEFA Champions League, Qualification",3.0,Away,Nice,Benfica,Benfica,1100952,Andreas Schjelderup,30,,block,assisted,left-foot,,,low-centre,8.6,31.2,0,,,30.0
14241230,2025-08-06,"UEFA Champions League, Qualification",3.0,Away,Nice,Nice,Opponent,985923,Hicham Boudaoui,30,,miss,assisted,right-foot,,,close-left,29.9,41.0,0,,,30.0
14241230,2025-08-06,"UEFA Champions League, Qualification",3.0,Away,Nice,Benfica,Benfica,795236,Vangelis Pavlidis,33,,save,assisted,left-foot,,,high-left,19.7,40.1,0,,,33.0
14241230,2025-08-06,"UEFA Champions League, Qualification",3.0,Away,Nice,Benfica,Benfica,795236,Vangelis Pavlidis,39,,save,assisted,left-foot,,,low-left,2.6,51.0,0,,,39.0
14241230,2025-08-06,"UEFA Champions League, Qualification",3.0,Away,Nice,Nice,Opponent,894396,Terem Moffi,40,,miss,assisted,left-foot,,,close-left,11.0,32.3,0,,,40.0
14241230,2025-08-06,"UEFA Champions League, Qualification",3.0,Away,Nice,Nice,Opponent,1153265,Badredine Bouanani,43,,miss,assisted,left-foot,,,high-left,24.5,65.3,0,,,43.0
14241230,2025-08-06,"UEFA Champions League, Qualification",3.0,Away,Nice,Nice,Opponent,821728,Jonathan Clauss,50,,save,assisted,left-foot,,,low-centre,11.5,47.6,0,,,50.0
14241230,2025-08-06,"UEFA Champions League, Qualification",3.0,Away,Nice,Benfica,Benfica,1103333,Franjo Ivanović,53,,goal,assisted,left-foot,,,low-right,5.2,47.0,0,,,53.0
14241230,2025-08-06,"UEFA Champions League, Qualification",3.0,Away,Nice,Nice,Opponent,985923,Hicham Boudaoui,56,,miss,assisted,right-foot,,,high-right,21.2,63.2,0,,,56.0
14241230,2025-08-06,"UEFA Champions League, Qualification",3.0,Away,Nice,Benfica,Benfica,1103333,Franjo Ivanović,61,,miss,assisted,right-foot,,,high-right,14.1,45.0,0,,,61.0
14241230,2025-08-06,"UEFA Champions League, Qualification",3.0,Away,Nice,Benfica,Benfica,1103333,Franjo Ivanović,62,,save,assisted,right-foot,,,low-right,14.4,56.1,0,,,62.0
14241230,2025-08-06,"UEFA Champions League, Qualification",3.0,Away,Nice,Benfica,Benfica,1201395,Gianluca Prestianni,71,,miss,assisted,right-foot,,,high,25.4,63.6,0,,,71.0
14241230,2025-08-06,"UEFA Champions League, Qualification",3.0,Away,Nice,Nice,Opponent,985923,Hicham Boudaoui,71,,miss,corner,right-foot,,,high-right,23.1,43.0,0,,,71.0
14241230,2025-08-06,"UEFA Champions League, Qualification",3.0,Away,Nice,Nice,Opponent,906075,Melvin Bard,75,,miss,assisted,left-foot,,,high,9.2,25.4,0,,,75.0
14241230,2025-08-06,"UEFA Champions League, Qualification",3.0,Away,Nice,Nice,Opponent,944164,Sofiane Diop,84,,block,free-kick,right-foot,,,low-centre,30.0,54.0,0,,,84.0
14241230,2025-08-06,"UEFA Champions League, Qualification",3.0,Away,Nice,Nice,Opponent,894396,Terem Moffi,85,,block,assisted,left-foot,,,low-centre,12.8,64.8,0,,,85.0
14241230,2025-08-06,"UEFA Champions League, Qualification",3.0,Away,Nice,Benfica,Benfica,855845,Florentino Luís,88,,goal,assisted,right-foot,,,low-left,26.3,35.8,0,,,88.0
14241230,2025-08-06,"UEFA Champions League, Qualification",3.0,Away,Nice,Nice,Opponent,944164,Sofiane Diop,90,1.0,block,free-kick,right-foot,,,low-centre,21.4,39.1,0,,,91.0
14241253,2025-08-12,"UEFA Champions League, Qualification",3.0,Home,Nice,Nice,Opponent,906075,Melvin Bard,3,,block,regular,right-foot,,,low-centre,15.0,34.2,0,,,3.0
14241253,2025-08-12,"UEFA Champions League, Qualification",3.0,Home,Nice,Nice,Opponent,894396,Terem Moffi,8,,miss,assisted,left-foot,,,high-left,8.2,33.6,0,,,8.0
14241253,2025-08-12,"UEFA Champions League, Qualification",3.0,Home,Nice,Benfica,Benfica,795236,Vangelis Pavlidis,13,,miss,assisted,right-foot,,,high,13.9,62.6,0,,,13.0
14241253,2025-08-12,"UEFA Champions League, Qualification",3.0,Home,Nice,Benfica,Benfica,1102791,Amar Dedić,14,,block,assisted,right-foot,,,low-left,11.3,73.0,0,,,14.0
14241253,2025-08-12,"UEFA Champions League, Qualification",3.0,Home,Nice,Benfica,Benfica,228364,Fredrik Aursnes,18,,goal,assisted,right-foot,,,low-centre,7.9,44.2,0,,,18.0
14241253,2025-08-12,"UEFA Champions League, Qualification",3.0,Home,Nice,Benfica,Benfica,1100952,Andreas Schjelderup,27,,goal,assisted,right-foot,,,low-right,15.6,54.0,0,,,27.0
14241253,2025-08-12,"UEFA Champions League, Qualification",3.0,Home,Nice,Nice,Opponent,821728,Jonathan Clauss,29,,block,fast-break,right-foot,,,low-centre,25.1,40.3,0,,,29.0
14241253,2025-08-12,"UEFA Champions League, Qualification",3.0,Home,Nice,Nice,Opponent,821728,Jonathan Clauss,31,,post,corner,right-foot,,,left,10.2,63.8,0,,,31.0
14241253,2025-08-12,"UEFA Champions League, Qualification",3.0,Home,Nice,Benfica,Benfica,1015292,Richard Ríos,35,,block,free-kick,right-foot,,,low-right,25.4,51.1,0,,,35.0
14241253,2025-08-12,"UEFA Champions League, Qualification",3.0,Home,Nice,Benfica,Benfica,1087316,Enzo Barrenechea,36,,miss,corner,left-foot,,,right,22.3,43.8,0,,,36.0
14241253,2025-08-12,"UEFA Champions League, Qualification",3.0,Home,Nice,Benfica,Benfica,1102791,Amar Dedić,36,,block,corner,right-foot,,,low-centre,29.3,62.6,0,,,36.0
14241253,2025-08-12,"UEFA Champions League, Qualification",3.0,Home,Nice,Benfica,Benfica,74915,Nicolás Otamendi,36,,save,corner,right-foot,,,high-right,16.1,6.0,0,,,36.0
14241253,2025-08-12,"UEFA Champions League, Qualification",3.0,Home,Nice,Benfica,Benfica,1006069,António Silva,37,,miss,corner,head,,,high,8.7,57.0,0,,,37.0
14241253,2025-08-12,"UEFA Champions League, Qualification",3.0,Home,Nice,Benfica,Benfica,1015292,Richard Ríos,38,,block,corner,right-foot,,,low-right,24.8,60.9,0,,,38.0
14241253,2025-08-12,"UEFA Champions League, Qualification",3.0,Home,Nice,Benfica,Benfica,795236,Vangelis Pavlidis,38,,block,assisted,right-foot,,,low-centre,10.7,55.4,0,,,38.0
14241253,2025-08-12,"UEFA Champions League, Qualification",3.0,Home,Nice,Nice,Opponent,906075,Melvin Bard,40,,miss,assisted,other,,,high,7.4,44.2,0,,,40.0
14241253,2025-08-12,"UEFA Champions League, Qualification",3.0,Home,Nice,Nice,Opponent,2020789,Djibril Coulibaly,44,,block,assisted,right-foot,,,low-centre,12.9,35.2,0,,,44.0
14241253,2025-08-12,"UEFA Champions League, Qualification",3.0,Home,Nice,Benfica,Benfica,1103333,Franjo Ivanović,45,,save,fast-break,right-foot,,,low-centre,24.6,48.7,0,,,45.0
14241253,2025-08-12,"UEFA Champions League, Qualification",3.0,Home,Nice,Benfica,Benfica,1103333,Franjo Ivanović,45,1.0,miss,assisted,right-foot,,,high,8.6,59.5,0,,,46.0
14241253,2025-08-12,"UEFA Champions League, Qualification",3.0,Home,Nice,Nice,Opponent,1153265,Badredine Bouanani,50,,block,assisted,left-foot,,,low-centre,11.9,39.5,0,,,50.0
14241253,2025-08-12,"UEFA Champions League, Qualification",3.0,Home,Nice,Benfica,Benfica,1100952,Andreas Schjelderup,62,,post,regular,left-foot,,,high,7.6,50.6,0,,,62.0
14241253,2025-08-12,"UEFA Champions League, Qualification",3.0,Home,Nice,Benfica,Benfica,795236,Vangelis Pavlidis,62,,block,assisted,right-foot,,,low-centre,9.7,32.7,0,,,62.0
14241253,2025-08-12,"UEFA Champions League, Qualification",3.0,Home,Nice,Benfica,Benfica,1087316,Enzo Barrenechea,63,,miss,corner,head,,,high-right,7.1,43.6,0,,,63.0
14241253,2025-08-12,"UEFA Champions League, Qualification",3.0,Home,Nice,Benfica,Benfica,1201395,Gianluca Prestianni,68,,miss,throw-in-set-piece,right-foot,,,close-high,17.8,27.0,0,,,68.0
14241253,2025-08-12,"UEFA Champions League, Qualification",3.0,Home,Nice,Nice,Opponent,962064,Isak Jansson,70,,block,fast-break,left-foot,,,low-centre,13.3,48.7,0,,,70.0
14241253,2025-08-12,"UEFA Champions League, Qualification",3.0,Home,Nice,Benfica,Benfica,795236,Vangelis Pavlidis,70,,block,assisted,right-foot,,,low-centre,9.9,37.4,0,,,70.0
14241253,2025-08-12,"UEFA Champions League, Qualification",3.0,Home,Nice,Benfica,Benfica,1201395,Gianluca Prestianni,78,,miss,assisted,head,,,right,7.7,38.9,0,,,78.0
14241253,2025-08-12,"UEFA Champions League, Qualification",3.0,Home,Nice,Nice,Opponent,2017474,Bernard Nguene,82,,miss,set-piece,head,,,high-right,11.1,53.6,0,,,82.0
14241253,2025-08-12,"UEFA Champions League, Qualification",3.0,Home,Nice,Benfica,Benfica,998870,Henrique Araújo,90,4.0,block,assisted,left-foot,,,low-left,3.8,43.2,0,,,94.0
14241253,2025-08-12,"UEFA Champions League, Qualification",3.0,Home,Nice,Benfica,Benfica,1006069,António Silva,90,5.0,save,corner,left-foot,,,low-left,13.0,46.4,0,,,95.0
14131876,2025-08-16,Liga Portugal Betclic,2.0,Away,CF Estrela Amadora,CF Estrela Amadora,Opponent,1090646,Paulo Moreira,4,,block,throw-in-set-piece,right-foot,0.017342153936625,0.0,low-centre,14.2,70.3,0,,,4.0
14131876,2025-08-16,Liga Portugal Betclic,2.0,Away,CF Estrela Amadora,Benfica,Benfica,993101,Samuel Dahl,12,,miss,corner,left-foot,0.040624927729368,0.0,high,19.0,33.7,0,,,12.0
14131876,2025-08-16,Liga Portugal Betclic,2.0,Away,CF Estrela Amadora,Benfica,Benfica,993101,Samuel Dahl,17,,miss,assisted,left-foot,0.020853081718087,0.0,close-left,24.3,41.6,0,,,17.0
14131876,2025-08-16,Liga Portugal Betclic,2.0,Away,CF Estrela Amadora,CF Estrela Amadora,Opponent,1015993,Alan Godoy,20,,block,fast-break,right-foot,0.071134172379971,0.0,low-right,21.9,47.8,0,,,20.0
14131876,2025-08-16,Liga Portugal Betclic,2.0,Away,CF Estrela Amadora,CF Estrela Amadora,Opponent,845802,Jovane Cabral,21,,miss,corner,right-foot,0.021799506619573,0.0,right,22.5,56.0,0,,,21.0
14131876,2025-08-16,Liga Portugal Betclic,2.0,Away,CF Estrela Amadora,CF Estrela Amadora,Opponent,1031642,Atanas Chernev,24,,miss,set-piece,right-foot,0.56172949075699,0.0,high-left,4.0,47.8,0,,,24.0
14131876,2025-08-16,Liga Portugal Betclic,2.0,Away,CF Estrela Amadora,Benfica,Benfica,795236,Vangelis Pavlidis,27,,miss,assisted,right-foot,0.78204548358917,0.0,left,4.2,51.9,0,,,27.0
14131876,2025-08-16,Liga Portugal Betclic,2.0,Away,CF Estrela Amadora,Benfica,Benfica,228364,Fredrik Aursnes,27,,miss,assisted,right-foot,0.13052946329117,0.0,left,10.7,61.7,0,,,27.0
14131876,2025-08-16,Liga Portugal Betclic,2.0,Away,CF Estrela Amadora,CF Estrela Amadora,Opponent,2155956,João Gastão,38,,save,assisted,right-foot,0.047424837946892,0.30623087286949,low-left,23.0,40.5,0,,,38.0
14131876,2025-08-16,Liga Portugal Betclic,2.0,Away,CF Estrela Amadora,CF Estrela Amadora,Opponent,845802,Jovane Cabral,39,,miss,corner,right-foot,0.019741620868444,0.0,high-right,24.8,43.6,0,,,39.0
14131876,2025-08-16,Liga Portugal Betclic,2.0,Away,CF Estrela Amadora,Benfica,Benfica,1015292,Richard Ríos,41,,miss,assisted,right-foot,0.040683731436729,0.0,close-right,15.2,63.7,0,,,41.0
14131876,2025-08-16,Liga Portugal Betclic,2.0,Away,CF Estrela Amadora,Benfica,Benfica,1100952,Andreas Schjelderup,43,,block,fast-break,right-foot,0.14650204777718,0.0,low-centre,8.3,41.3,0,,,43.0
14131876,2025-08-16,Liga Portugal Betclic,2.0,Away,CF Estrela Amadora,CF Estrela Amadora,Opponent,845802,Jovane Cabral,47,,miss,free-kick,right-foot,0.035221491008997,0.0,right,23.3,4.9,0,,,47.0
14131876,2025-08-16,Liga Portugal Betclic,2.0,Away,CF Estrela Amadora,CF Estrela Amadora,Opponent,845802,Jovane Cabral,48,,block,assisted,left-foot,0.034406799823046,0.0,low-centre,23.3,48.2,0,,,48.0
14131876,2025-08-16,Liga Portugal Betclic,2.0,Away,CF Estrela Amadora,Benfica,Benfica,795236,Vangelis Pavlidis,50,,miss,assisted,right-foot,0.025778880342841,0.0,high-right,23.8,42.3,0,,,50.0
14131876,2025-08-16,Liga Portugal Betclic,2.0,Away,CF Estrela Amadora,CF Estrela Amadora,Opponent,1015993,Alan Godoy,55,,miss,set-piece,head,0.1962164491415,0.0,close-right,8.5,54.5,0,,,55.0
14131876,2025-08-16,Liga Portugal Betclic,2.0,Away,CF Estrela Amadora,CF Estrela Amadora,Opponent,1117723,Sidny Lopes Cabral,55,,save,free-kick,left-foot,0.034623820334673,0.081653349101543,high-right,26.4,65.4,0,,,55.0
14131876,2025-08-16,Liga Portugal Betclic,2.0,Away,CF Estrela Amadora,Benfica,Benfica,795236,Vangelis Pavlidis,60,,goal,penalty,right-foot,0.7884,0.97016596794128,high-centre,11.5,50.0,0,,,60.0
14131876,2025-08-16,Liga Portugal Betclic,2.0,Away,CF Estrela Amadora,CF Estrela Amadora,Opponent,1117723,Sidny Lopes Cabral,62,,block,assisted,right-foot,0.051942322403193,0.0,low-centre,14.1,58.9,0,,,62.0
14131876,2025-08-16,Liga Portugal Betclic,2.0,Away,CF Estrela Amadora,CF Estrela Amadora,Opponent,845802,Jovane Cabral,67,,miss,assisted,left-foot,0.039771471172571,0.0,right,24.8,35.8,0,,,67.0
14131876,2025-08-16,Liga Portugal Betclic,2.0,Away,CF Estrela Amadora,Benfica,Benfica,1015292,Richard Ríos,76,,miss,assisted,left-foot,0.074843391776085,0.0,close-right,13.6,39.5,0,,,76.0
14131876,2025-08-16,Liga Portugal Betclic,2.0,Away,CF Estrela Amadora,Benfica,Benfica,1015292,Richard Ríos,79,,block,free-kick,right-foot,0.03874833136797,0.0,low-centre,26.6,38.8,0,,,79.0
14131876,2025-08-16,Liga Portugal Betclic,2.0,Away,CF Estrela Amadora,Benfica,Benfica,1103333,Franjo Ivanović,80,,save,assisted,left-foot,0.11355141550303,0.60462385416031,high-left,11.1,58.5,0,,,80.0
14131876,2025-08-16,Liga Portugal Betclic,2.0,Away,CF Estrela Amadora,Benfica,Benfica,1201395,Gianluca Prestianni,81,,block,corner,right-foot,0.044211067259312,0.0,low-centre,18.4,49.5,0,,,81.0
14131876,2025-08-16,Liga Portugal Betclic,2.0,Away,CF Estrela Amadora,CF Estrela Amadora,Opponent,801339,Rodrigo Pinho,86,,miss,assisted,left-foot,0.014786928892136,0.0,close-right,29.7,49.5,0,,,86.0
14131876,2025-08-16,Liga Portugal Betclic,2.0,Away,CF Estrela Amadora,CF Estrela Amadora,Opponent,869875,Kikas,90,1.0,miss,assisted,right-foot,0.24095064401627,0.0,close-high,15.4,46.2,0,,,91.0
14131876,2025-08-16,Liga Portugal Betclic,2.0,Away,CF Estrela Amadora,CF Estrela Amadora,Opponent,801339,Rodrigo Pinho,90,5.0,miss,free-kick,left-foot,0.032678257673979,0.0,close-right,26.8,33.1,0,,,95.0
14131876,2025-08-16,Liga Portugal Betclic,2.0,Away,CF Estrela Amadora,Benfica,Benfica,998870,Henrique Araújo,90,6.0,save,assisted,left-foot,0.11598452925682,0.20114623010159,low-centre,12.6,37.7,0,,,96.0
14131876,2025-08-16,Liga Portugal Betclic,2.0,Away,CF Estrela Amadora,Benfica,Benfica,998870,Henrique Araújo,90,7.0,block,assisted,right-foot,0.047450751066208,0.0,low-centre,13.8,36.4,0,,,97.0
14348668,2025-08-20,"UEFA Champions League, Playoff Round",636.0,Away,Fenerbahçe,Benfica,Benfica,1015292,Richard Ríos,2,,save,assisted,left-foot,,,low-centre,20.0,56.5,0,,,2.0
14348668,2025-08-20,"UEFA Champions League, Playoff Round",636.0,Away,Fenerbahçe,Fenerbahçe,Opponent,847983,Sebastian Szymański,11,,miss,assisted,head,,,left,12.1,56.5,0,,,11.0
14348668,2025-08-20,"UEFA Champions League, Playoff Round",636.0,Away,Fenerbahçe,Benfica,Benfica,903324,Kerem Aktürkoğlu,14,,miss,assisted,right-foot,,,left,28.1,52.6,0,,,14.0
14348668,2025-08-20,"UEFA Champions League, Playoff Round",636.0,Away,Fenerbahçe,Benfica,Benfica,903324,Kerem Aktürkoğlu,29,,save,free-kick,right-foot,,,high-left,25.1,25.8,0,,,29.0
14348668,2025-08-20,"UEFA Champions League, Playoff Round",636.0,Away,Fenerbahçe,Fenerbahçe,Opponent,847983,Sebastian Szymański,34,,save,assisted,left-foot,,,low-centre,23.5,49.5,0,,,34.0
14348668,2025-08-20,"UEFA Champions League, Playoff Round",636.0,Away,Fenerbahçe,Benfica,Benfica,855845,Florentino Luís,35,,miss,assisted,right-foot,,,high-right,29.4,41.5,0,,,35.0
14348668,2025-08-20,"UEFA Champions League, Playoff Round",636.0,Away,Fenerbahçe,Fenerbahçe,Opponent,846470,Youssef En-Nesyri,38,,save,assisted,head,,,low-centre,12.3,54.4,0,,,38.0
14348668,2025-08-20,"UEFA Champions League, Playoff Round",636.0,Away,Fenerbahçe,Benfica,Benfica,903324,Kerem Aktürkoğlu,40,,block,regular,left-foot,,,low-centre,11.7,59.9,0,,,40.0
14348668,2025-08-20,"UEFA Champions League, Playoff Round",636.0,Away,Fenerbahçe,Fenerbahçe,Opponent,1048324,Jayden Oosterwolde,42,,save,regular,left-foot,,,high-right,29.0,39.9,0,,,42.0
14348668,2025-08-20,"UEFA Champions League, Playoff Round",636.0,Away,Fenerbahçe,Benfica,Benfica,1015292,Richard Ríos,48,,block,assisted,left-foot,,,low-centre,24.6,47.9,0,,,48.0
14348668,2025-08-20,"UEFA Champions League, Playoff Round",636.0,Away,Fenerbahçe,Benfica,Benfica,1087316,Enzo Barrenechea,48,,block,regular,left-foot,,,low-centre,21.5,34.2,0,,,48.0
14348668,2025-08-20,"UEFA Champions League, Playoff Round",636.0,Away,Fenerbahçe,Fenerbahçe,Opponent,252821,Nélson Semedo,50,,miss,regular,right-foot,,,high,22.3,68.3,0,,,50.0
14348668,2025-08-20,"UEFA Champions League, Playoff Round",636.0,Away,Fenerbahçe,Fenerbahçe,Opponent,187205,Milan Škriniar,54,,block,corner,left-foot,,,low-right,13.1,42.6,0,,,54.0
14348668,2025-08-20,"UEFA Champions League, Playoff Round",636.0,Away,Fenerbahçe,Fenerbahçe,Opponent,846470,Youssef En-Nesyri,54,,block,assisted,left-foot,,,high-left,18.4,51.1,0,,,54.0
14348668,2025-08-20,"UEFA Champions League, Playoff Round",636.0,Away,Fenerbahçe,Fenerbahçe,Opponent,974577,Jhon Durán,66,,save,assisted,left-foot,,,low-left,19.8,58.5,0,,,66.0
14348668,2025-08-20,"UEFA Champions League, Playoff Round",636.0,Away,Fenerbahçe,Fenerbahçe,Opponent,846470,Youssef En-Nesyri,67,,save,set-piece,head,,,high-centre,14.1,52.1,0,,,67.0
14348668,2025-08-20,"UEFA Champions League, Playoff Round",636.0,Away,Fenerbahçe,Benfica,Benfica,1103333,Franjo Ivanović,70,,miss,assisted,right-foot,,,right,10.2,56.6,0,,,70.0
14348668,2025-08-20,"UEFA Champions League, Playoff Round",636.0,Away,Fenerbahçe,Fenerbahçe,Opponent,243623,Fred,73,,miss,regular,right-foot,,,high,22.0,38.1,0,,,73.0
14348668,2025-08-20,"UEFA Champions League, Playoff Round",636.0,Away,Fenerbahçe,Benfica,Benfica,74915,Nicolás Otamendi,77,,save,corner,head,,,low-centre,9.8,46.4,0,,,77.0
14348668,2025-08-20,"UEFA Champions League, Playoff Round",636.0,Away,Fenerbahçe,Fenerbahçe,Opponent,329245,Talisca,81,,save,assisted,left-foot,,,high-left,22.9,68.8,0,,,81.0
14348668,2025-08-20,"UEFA Champions League, Playoff Round",636.0,Away,Fenerbahçe,Fenerbahçe,Opponent,329245,Talisca,81,,block,regular,left-foot,,,low-left,22.8,71.5,0,,,81.0
14348668,2025-08-20,"UEFA Champions League, Playoff Round",636.0,Away,Fenerbahçe,Fenerbahçe,Opponent,226986,İrfan Can Kahveci,90,1.0,block,assisted,left-foot,,,low-right,25.9,35.2,0,,,91.0
14348668,2025-08-20,"UEFA Champions League, Playoff Round",636.0,Away,Fenerbahçe,Fenerbahçe,Opponent,359272,Sofyan Amrabat,90,5.0,miss,corner,right-foot,,,high-right,21.5,44.4,0,,,95.0
14131880,2025-08-23,Liga Portugal Betclic,3.0,Home,Tondela,Benfica,Benfica,1015292,Richard Ríos,1,,miss,corner,head,0.040016874670982,0.0,right,7.0,41.3,0,,,1.0
14131880,2025-08-23,Liga Portugal Betclic,3.0,Home,Tondela,Benfica,Benfica,1103333,Franjo Ivanović,1,,save,assisted,right-foot,0.054977905005217,0.52497166395187,low-left,7.6,69.7,0,,,1.0
14131880,2025-08-23,Liga Portugal Betclic,3.0,Home,Tondela,Tondela,Opponent,584158,João Afonso,3,,miss,set-piece,head,0.094815939664841,0.0,high,7.9,49.5,0,,,3.0
14131880,2025-08-23,Liga Portugal Betclic,3.0,Home,Tondela,Benfica,Benfica,795236,Vangelis Pavlidis,12,,save,corner,head,0.113943323493,0.21635641157627,high-centre,7.6,48.1,0,,,12.0
14131880,2025-08-23,Liga Portugal Betclic,3.0,Home,Tondela,Benfica,Benfica,795236,Vangelis Pavlidis,12,,save,assisted,right-foot,0.048656240105629,0.092437133193016,low-right,4.8,69.1,0,,,12.0
14131880,2025-08-23,Liga Portugal Betclic,3.0,Home,Tondela,Tondela,Opponent,1133070,Tiago Manso,16,,save,assisted,right-foot,0.025789864361286,0.10985033214092,low-right,14.1,66.2,0,,,16.0
14131880,2025-08-23,Liga Portugal Betclic,3.0,Home,Tondela,Tondela,Opponent,879917,Maranhão,23,,block,fast-break,right-foot,0.042063310742378,0.0,low-left,14.8,70.1,0,,,23.0
14131880,2025-08-23,Liga Portugal Betclic,3.0,Home,Tondela,Tondela,Opponent,879917,Maranhão,24,,block,corner,right-foot,0.0098822200670838,0.0,low-right,9.4,76.3,0,,,24.0
14131880,2025-08-23,Liga Portugal Betclic,3.0,Home,Tondela,Tondela,Opponent,1111880,Emmanuel Maviram,26,,save,free-kick,left-foot,0.041042234748602,0.31961923837662,high-right,14.3,82.1,0,,,26.0
14131880,2025-08-23,Liga Portugal Betclic,3.0,Home,Tondela,Benfica,Benfica,228364,Fredrik Aursnes,30,,block,assisted,right-foot,0.073780342936516,0.0,low-centre,11.1,65.4,0,,,30.0
14131880,2025-08-23,Liga Portugal Betclic,3.0,Home,Tondela,Benfica,Benfica,1103333,Franjo Ivanović,31,,goal,assisted,right-foot,0.28538879752159,0.44821667671204,low-left,8.5,68.7,0,,,31.0
14131880,2025-08-23,Liga Portugal Betclic,3.0,Home,Tondela,Benfica,Benfica,1015292,Richard Ríos,37,,save,assisted,right-foot,0.021466819569468,0.13469278812408,low-right,27.2,63.8,0,,,37.0
14131880,2025-08-23,Liga Portugal Betclic,3.0,Home,Tondela,Benfica,Benfica,795236,Vangelis Pavlidis,38,,miss,assisted,right-foot,0.64707732200623,0.0,close-right,4.6,53.8,0,,,38.0
14131880,2025-08-23,Liga Portugal Betclic,3.0,Home,Tondela,Tondela,Opponent,1807776,Yarlen,39,,block,assisted,left-foot,0.019791277125478,0.0,low-right,20.1,70.9,0,,,39.0
14131880,2025-08-23,Liga Portugal Betclic,3.0,Home,Tondela,Benfica,Benfica,1103333,Franjo Ivanović,40,,save,assisted,right-foot,0.35745593905449,0.1524129062891,low-centre,10.8,65.5,0,,,40.0
14131880,2025-08-23,Liga Portugal Betclic,3.0,Home,Tondela,Benfica,Benfica,228364,Fredrik Aursnes,42,,goal,assisted,right-foot,0.12610213458538,0.29958081245422,high-right,11.1,67.7,0,,,42.0
14131880,2025-08-23,Liga Portugal Betclic,3.0,Home,Tondela,Benfica,Benfica,1015292,Richard Ríos,44,,block,fast-break,right-foot,0.092916585505009,0.0,low-centre,14.4,57.9,0,,,44.0
14131880,2025-08-23,Liga Portugal Betclic,3.0,Home,Tondela,Tondela,Opponent,879917,Maranhão,54,,miss,free-kick,right-foot,0.04382835701108,0.0,high,18.2,74.8,0,,,54.0
14131880,2025-08-23,Liga Portugal Betclic,3.0,Home,Tondela,Benfica,Benfica,74915,Nicolás Otamendi,55,,save,corner,head,0.022313490509987,0.0,low-left,10.7,55.8,0,,,55.0
14131880,2025-08-23,Liga Portugal Betclic,3.0,Home,Tondela,Benfica,Benfica,1015292,Richard Ríos,56,,miss,corner,head,0.070583648979664,0.0,high-right,5.8,42.7,0,,,56.0
14131880,2025-08-23,Liga Portugal Betclic,3.0,Home,Tondela,Tondela,Opponent,879917,Maranhão,63,,save,assisted,right-foot,0.060313977301121,0.12530145049095,low-centre,13.8,64.0,0,,,63.0
14131880,2025-08-23,Liga Portugal Betclic,3.0,Home,Tondela,Benfica,Benfica,795236,Vangelis Pavlidis,69,,block,assisted,left-foot,0.095418460667133,0.0,low-centre,7.9,41.6,0,,,69.0
14131880,2025-08-23,Liga Portugal Betclic,3.0,Home,Tondela,Benfica,Benfica,795236,Vangelis Pavlidis,70,,miss,corner,head,0.033471204340458,0.0,right,9.5,42.8,0,,,70.0
14131880,2025-08-23,Liga Portugal Betclic,3.0,Home,Tondela,Benfica,Benfica,1201395,Gianluca Prestianni,72,,miss,assisted,left-foot,0.054071959108114,0.0,high-left,18.9,61.1,0,,,72.0
14131880,2025-08-23,Liga Portugal Betclic,3.0,Home,Tondela,Benfica,Benfica,903324,Kerem Aktürkoğlu,81,,save,fast-break,left-foot,0.10272689163685,0.10536227375269,low-centre,5.4,30.9,0,,,81.0
14131880,2025-08-23,Liga Portugal Betclic,3.0,Home,Tondela,Benfica,Benfica,795236,Vangelis Pavlidis,89,,save,regular,right-foot,0.16550263762474,0.0,low-centre,6.4,63.4,0,,,89.0
14131880,2025-08-23,Liga Portugal Betclic,3.0,Home,Tondela,Tondela,Opponent,1100596,Xabi Huarte,90,,save,regular,right-foot,0.13534803688526,0.39150652289391,high-right,13.9,48.3,0,,,90.0
14131880,2025-08-23,Liga Portugal Betclic,3.0,Home,Tondela,Benfica,Benfica,1015292,Richard Ríos,90,3.0,save,assisted,right-foot,0.10648199170828,0.14339351654053,low-centre,5.8,60.1,0,,,93.0
14131880,2025-08-23,Liga Portugal Betclic,3.0,Home,Tondela,Benfica,Benfica,1201395,Gianluca Prestianni,90,6.0,goal,regular,right-foot,0.27103167772293,0.85680949687958,low-left,8.8,51.1,0,,,96.0
14131880,2025-08-23,Liga Portugal Betclic,3.0,Home,Tondela,Benfica,Benfica,1201395,Gianluca Prestianni,90,6.0,block,assisted,right-foot,0.17502874135971,0.0,low-left,9.7,59.5,0,,,96.0
14348673,2025-08-27,"UEFA Champions League, Playoff Round",636.0,Home,Fenerbahçe,Benfica,Benfica,906800,Leandro Barreiro,3,,save,assisted,right-foot,,,low-centre,8.1,53.9,0,,,3.0
14348673,2025-08-27,"UEFA Champions League, Playoff Round",636.0,Home,Fenerbahçe,Fenerbahçe,Opponent,359272,Sofyan Amrabat,5,,block,regular,right-foot,,,low-left,18.5,51.5,0,,,5.0
14348673,2025-08-27,"UEFA Champions League, Playoff Round",636.0,Home,Fenerbahçe,Benfica,Benfica,795236,Vangelis Pavlidis,10,,block,assisted,right-foot,,,low-centre,14.5,71.9,0,,,10.0
14348673,2025-08-27,"UEFA Champions League, Playoff Round",636.0,Home,Fenerbahçe,Benfica,Benfica,1015292,Richard Ríos,28,,miss,assisted,right-foot,,,close-right,25.9,66.7,0,,,28.0
14348673,2025-08-27,"UEFA Champions League, Playoff Round",636.0,Home,Fenerbahçe,Benfica,Benfica,228364,Fredrik Aursnes,28,,block,assisted,right-foot,,,low-centre,22.6,69.7,0,,,28.0
14348673,2025-08-27,"UEFA Champions League, Playoff Round",636.0,Home,Fenerbahçe,Benfica,Benfica,903324,Kerem Aktürkoğlu,35,,goal,assisted,right-foot,,,high-left,11.9,39.9,0,,,35.0
14348673,2025-08-27,"UEFA Champions League, Playoff Round",636.0,Home,Fenerbahçe,Fenerbahçe,Opponent,758608,Çağlar Söyüncü,35,,miss,set-piece,head,,,close-high-right,8.5,41.5,0,,,35.0
14348673,2025-08-27,"UEFA Champions League, Playoff Round",636.0,Home,Fenerbahçe,Fenerbahçe,Opponent,329245,Talisca,35,,block,free-kick,left-foot,,,low-left,28.1,45.6,0,,,35.0
14348673,2025-08-27,"UEFA Champions League, Playoff Round",636.0,Home,Fenerbahçe,Benfica,Benfica,906800,Leandro Barreiro,45,1.0,miss,assisted,left-foot,,,high-left,3.3,46.0,0,,,46.0
14348673,2025-08-27,"UEFA Champions League, Playoff Round",636.0,Home,Fenerbahçe,Benfica,Benfica,903324,Kerem Aktürkoğlu,45,1.0,miss,regular,left-foot,,,right,14.5,38.5,0,,,46.0
14348673,2025-08-27,"UEFA Champions League, Playoff Round",636.0,Home,Fenerbahçe,Benfica,Benfica,903324,Kerem Aktürkoğlu,45,3.0,block,assisted,right-foot,,,low-centre,10.4,32.7,0,,,48.0
14348673,2025-08-27,"UEFA Champions League, Playoff Round",636.0,Home,Fenerbahçe,Benfica,Benfica,903324,Kerem Aktürkoğlu,45,5.0,block,regular,left-foot,,,low-centre,16.0,42.5,0,,,50.0
14348673,2025-08-27,"UEFA Champions League, Playoff Round",636.0,Home,Fenerbahçe,Benfica,Benfica,1006069,António Silva,61,,save,corner,head,,,low-left,8.3,51.3,0,,,61.0
14348673,2025-08-27,"UEFA Champions League, Playoff Round",636.0,Home,Fenerbahçe,Benfica,Benfica,74915,Nicolás Otamendi,62,,miss,corner,head,,,right,10.4,36.2,0,,,62.0
14348673,2025-08-27,"UEFA Champions League, Playoff Round",636.0,Home,Fenerbahçe,Benfica,Benfica,74915,Nicolás Otamendi,63,,miss,corner,head,,,close-high-left,11.7,41.9,0,,,63.0
14348673,2025-08-27,"UEFA Champions League, Playoff Round",636.0,Home,Fenerbahçe,Benfica,Benfica,74915,Nicolás Otamendi,65,,miss,set-piece,head,,,left,9.7,51.7,0,,,65.0
14348673,2025-08-27,"UEFA Champions League, Playoff Round",636.0,Home,Fenerbahçe,Fenerbahçe,Opponent,846470,Youssef En-Nesyri,72,,post,assisted,head,,,high,8.8,52.1,0,,,72.0
14348673,2025-08-27,"UEFA Champions League, Playoff Round",636.0,Home,Fenerbahçe,Fenerbahçe,Opponent,329245,Talisca,73,,miss,assisted,head,,,close-high,9.8,55.2,0,,,73.0
14348673,2025-08-27,"UEFA Champions League, Playoff Round",636.0,Home,Fenerbahçe,Fenerbahçe,Opponent,329245,Talisca,77,,miss,assisted,left-foot,,,close-right,24.1,49.5,0,,,77.0
14348673,2025-08-27,"UEFA Champions League, Playoff Round",636.0,Home,Fenerbahçe,Benfica,Benfica,1103333,Franjo Ivanović,84,,block,regular,left-foot,,,low-centre,25.9,61.1,0,,,84.0
14348673,2025-08-27,"UEFA Champions League, Playoff Round",636.0,Home,Fenerbahçe,Benfica,Benfica,1015292,Richard Ríos,88,,block,free-kick,right-foot,,,low-centre,25.9,37.0,0,,,88.0
14131888,2025-08-31,Liga Portugal Betclic,4.0,Away,FC Alverca,Benfica,Benfica,1100952,Andreas Schjelderup,5,,goal,regular,right-foot,0.60432249307632,0.65405559539795,low-left,8.0,52.6,0,,,5.0
14131888,2025-08-31,Liga Portugal Betclic,4.0,Away,FC Alverca,FC Alverca,Opponent,1015826,Chiquinho,9,,miss,free-kick,right-foot,0.036271300166845,0.0,close-left,22.3,19.0,0,,,9.0
14131888,2025-08-31,Liga Portugal Betclic,4.0,Away,FC Alverca,FC Alverca,Opponent,1100957,Marko Milovanović,23,,save,assisted,right-foot,0.067446120083332,0.54171937704086,low-left,9.1,39.7,0,,,23.0
14131888,2025-08-31,Liga Portugal Betclic,4.0,Away,FC Alverca,FC Alverca,Opponent,1915110,Isaac James,25,,miss,regular,left-foot,0.099241867661476,0.0,high,9.1,33.9,0,,,25.0
14131888,2025-08-31,Liga Portugal Betclic,4.0,Away,FC Alverca,FC Alverca,Opponent,1405454,Cédric Nuozzi,25,,save,assisted,right-foot,0.044025041162968,0.10609228163958,low-centre,8.0,69.1,0,,,25.0
14131888,2025-08-31,Liga Portugal Betclic,4.0,Away,FC Alverca,Benfica,Benfica,1015292,Richard Ríos,27,,block,set-piece,right-foot,0.0059063378721476,0.0,low-centre,22.0,26.4,0,,,27.0
14131888,2025-08-31,Liga Portugal Betclic,4.0,Away,FC Alverca,Benfica,Benfica,1103333,Franjo Ivanović,30,,block,assisted,left-foot,0.23338693380356,0.0,low-right,4.8,54.0,0,,,30.0
14131888,2025-08-31,Liga Portugal Betclic,4.0,Away,FC Alverca,FC Alverca,Opponent,1031485,Sabit Abdulai,33,,block,assisted,right-foot,0.070386186242104,0.0,low-centre,9.2,62.4,0,,,33.0
14131888,2025-08-31,Liga Portugal Betclic,4.0,Away,FC Alverca,FC Alverca,Opponent,1100957,Marko Milovanović,34,,save,corner,head,0.06434042006731,0.26565232872963,high-right,9.1,53.8,0,,,34.0
14131888,2025-08-31,Liga Portugal Betclic,4.0,Away,FC Alverca,Benfica,Benfica,1015292,Richard Ríos,36,,miss,assisted,right-foot,0.043275576084852,0.0,high-right,21.0,41.1,0,,,36.0
14131888,2025-08-31,Liga Portugal Betclic,4.0,Away,FC Alverca,Benfica,Benfica,1102791,Amar Dedić,44,,goal,assisted,right-foot,0.099177815020084,0.60802853107452,low-left,8.2,69.1,0,,,44.0
14131888,2025-08-31,Liga Portugal Betclic,4.0,Away,FC Alverca,FC Alverca,Opponent,1511706,Alexsandro Amorim,45,2.0,save,assisted,right-foot,0.034260049462318,0.09221338480711,low-centre,11.0,71.1,0,,,47.0
14131888,2025-08-31,Liga Portugal Betclic,4.0,Away,FC Alverca,FC Alverca,Opponent,1015826,Chiquinho,50,,save,free-kick,right-foot,0.045456185936928,0.1797429472208,high-right,19.3,71.5,0,,,50.0
14131888,2025-08-31,Liga Portugal Betclic,4.0,Away,FC Alverca,Benfica,Benfica,1100952,Andreas Schjelderup,53,,post,regular,left-foot,0.048458259552717,0.0,left,4.5,32.7,0,,,53.0
14131888,2025-08-31,Liga Portugal Betclic,4.0,Away,FC Alverca,FC Alverca,Opponent,1476213,Julián Jose Martinez,79,,miss,corner,head,0.13809131085873,0.0,right,6.6,48.7,0,,,79.0
14131888,2025-08-31,Liga Portugal Betclic,4.0,Away,FC Alverca,FC Alverca,Opponent,794928,Lincoln,81,,save,assisted,head,0.082421787083149,0.26767426729202,high-centre,7.8,41.8,0,,,81.0
14131888,2025-08-31,Liga Portugal Betclic,4.0,Away,FC Alverca,FC Alverca,Opponent,2033832,Davy Gui,85,,goal,regular,right-foot,0.12935365736485,0.67665010690689,low-right,11.3,61.1,0,,,85.0
14131901,2025-09-12,Liga Portugal Betclic,5.0,Home,Santa Clara,Benfica,Benfica,795236,Vangelis Pavlidis,8,,miss,assisted,right-foot,0.033162426203489,0.0,right,19.8,49.9,0,,,8.0
14131901,2025-09-12,Liga Portugal Betclic,5.0,Home,Santa Clara,Benfica,Benfica,1015292,Richard Ríos,8,,save,assisted,left-foot,0.031387161463499,0.050168819725513,low-left,22.3,67.1,0,,,8.0
14131901,2025-09-12,Liga Portugal Betclic,5.0,Home,Santa Clara,Benfica,Benfica,1015292,Richard Ríos,12,,save,assisted,right-foot,0.05751010030508,0.15149685740471,low-right,20.8,52.4,0,,,12.0
14131901,2025-09-12,Liga Portugal Betclic,5.0,Home,Santa Clara,Santa Clara,Opponent,1799251,Brenner,17,,miss,corner,right-foot,0.017796695232391,0.0,right,12.2,77.1,0,,,17.0
14131901,2025-09-12,Liga Portugal Betclic,5.0,Home,Santa Clara,Benfica,Benfica,1015292,Richard Ríos,22,,block,regular,right-foot,0.023905640468001,0.0,low-left,24.6,62.4,0,,,22.0
14131901,2025-09-12,Liga Portugal Betclic,5.0,Home,Santa Clara,Benfica,Benfica,1103333,Franjo Ivanović,23,,miss,assisted,head,0.16767570376396,0.0,right,8.0,53.4,0,,,23.0
14131901,2025-09-12,Liga Portugal Betclic,5.0,Home,Santa Clara,Santa Clara,Opponent,1016898,Matheus Pereira,33,,block,regular,right-foot,0.020791700109839,0.0,low-right,19.1,33.1,0,,,33.0
14131901,2025-09-12,Liga Portugal Betclic,5.0,Home,Santa Clara,Santa Clara,Opponent,1046794,Gabriel Silva,43,,save,assisted,right-foot,0.016677219420671,0.027729280292988,low-centre,24.7,29.3,0,,,43.0
14131901,2025-09-12,Liga Portugal Betclic,5.0,Home,Santa Clara,Santa Clara,Opponent,1046794,Gabriel Silva,44,,miss,fast-break,right-foot,0.54541379213333,0.0,close-right,8.8,46.2,0,,,44.0
14131901,2025-09-12,Liga Portugal Betclic,5.0,Home,Santa Clara,Santa Clara,Opponent,254815,Frederico Venâncio,44,,save,fast-break,right-foot,0.18655471503735,0.15197779238224,low-centre,13.0,53.8,0,,,44.0
14131901,2025-09-12,Liga Portugal Betclic,5.0,Home,Santa Clara,Benfica,Benfica,74915,Nicolás Otamendi,47,,miss,corner,head,0.0047360947355628,0.0,left,9.5,27.3,0,,,47.0
14131901,2025-09-12,Liga Portugal Betclic,5.0,Home,Santa Clara,Benfica,Benfica,1103333,Franjo Ivanović,45,2.0,miss,regular,left-foot,0.11607243865728,0.0,high-left,14.9,45.1,0,,,47.0
14131901,2025-09-12,Liga Portugal Betclic,5.0,Home,Santa Clara,Benfica,Benfica,1015292,Richard Ríos,45,4.0,miss,assisted,right-foot,0.017105188220739,0.0,high,28.5,49.3,0,,,49.0
14131901,2025-09-12,Liga Portugal Betclic,5.0,Home,Santa Clara,Benfica,Benfica,795236,Vangelis Pavlidis,45,5.0,save,assisted,head,0.04565442353487,0.26006835699081,low-left,9.8,45.2,0,,,50.0
14131901,2025-09-12,Liga Portugal Betclic,5.0,Home,Santa Clara,Benfica,Benfica,1103333,Franjo Ivanović,52,,save,assisted,head,0.061641111969948,0.1629377156496,high-centre,9.8,51.1,0,,,52.0
14131901,2025-09-12,Liga Portugal Betclic,5.0,Home,Santa Clara,Benfica,Benfica,795236,Vangelis Pavlidis,53,,block,assisted,right-foot,0.057000242173672,0.0,low-centre,19.6,58.6,0,,,53.0
14131901,2025-09-12,Liga Portugal Betclic,5.0,Home,Santa Clara,Benfica,Benfica,1015292,Richard Ríos,54,,block,assisted,right-foot,0.019288873299956,0.0,low-centre,27.1,53.8,0,,,54.0
14131901,2025-09-12,Liga Portugal Betclic,5.0,Home,Santa Clara,Benfica,Benfica,74915,Nicolás Otamendi,58,,miss,corner,right-foot,0.052991434931755,0.0,left,8.6,65.0,0,,,58.0
14131901,2025-09-12,Liga Portugal Betclic,5.0,Home,Santa Clara,Benfica,Benfica,795236,Vangelis Pavlidis,59,,goal,set-piece,left-foot,0.66870588064194,0.94046783447266,low-right,3.2,53.4,0,,,59.0
14131901,2025-09-12,Liga Portugal Betclic,5.0,Home,Santa Clara,Benfica,Benfica,74915,Nicolás Otamendi,59,,save,set-piece,head,0.024022784084082,0.060671713203192,low-right,10.2,42.7,0,,,59.0
14131901,2025-09-12,Liga Portugal Betclic,5.0,Home,Santa Clara,Santa Clara,Opponent,1016898,Matheus Pereira,61,,save,assisted,left-foot,0.018167139962316,0.030127681791782,low-left,20.4,24.6,0,,,61.0
14131901,2025-09-12,Liga Portugal Betclic,5.0,Home,Santa Clara,Benfica,Benfica,1103333,Franjo Ivanović,71,,save,assisted,right-foot,0.036191668361425,0.16847160458565,high-left,20.7,36.6,0,,,71.0
14131901,2025-09-12,Liga Portugal Betclic,5.0,Home,Santa Clara,Santa Clara,Opponent,892083,Diogo Calila,76,,save,assisted,left-foot,0.050747867673635,0.51117950677872,high-left,8.0,31.3,0,,,76.0
14131901,2025-09-12,Liga Portugal Betclic,5.0,Home,Santa Clara,Santa Clara,Opponent,1019184,Serginho,77,,block,corner,right-foot,0.020329965278506,0.0,low-centre,12.6,25.0,0,,,77.0
14131901,2025-09-12,Liga Portugal Betclic,5.0,Home,Santa Clara,Benfica,Benfica,906800,Leandro Barreiro,79,,miss,assisted,head,0.032736647874117,0.0,close-right,10.1,60.1,0,,,79.0
14131901,2025-09-12,Liga Portugal Betclic,5.0,Home,Santa Clara,Benfica,Benfica,1201395,Gianluca Prestianni,84,,block,set-piece,right-foot,0.013198597356677,0.0,low-centre,20.3,65.8,0,,,84.0
14131901,2025-09-12,Liga Portugal Betclic,5.0,Home,Santa Clara,Santa Clara,Opponent,1001753,Vinícius Lopes,90,2.0,goal,assisted,right-foot,0.24279960989952,0.21115826070309,low-centre,14.4,35.8,0,,,92.0
14131901,2025-09-12,Liga Portugal Betclic,5.0,Home,Santa Clara,Benfica,Benfica,795236,Vangelis Pavlidis,90,2.0,block,assisted,right-foot,0.17090971767902,0.0,low-centre,13.2,53.6,0,,,92.0
14566738,2025-09-16,UEFA Champions League,1.0,Home,Qarabağ FK,Benfica,Benfica,1015292,Richard Ríos,2,,block,free-kick,right-foot,0.034106489270926,0.0,low-centre,28.2,58.7,0,,,2.0
14566738,2025-09-16,UEFA Champions League,1.0,Home,Qarabağ FK,Benfica,Benfica,1087316,Enzo Barrenechea,6,,goal,corner,head,0.1312755048275,0.70782202482224,low-right,4.9,44.1,0,,,6.0
14566738,2025-09-16,UEFA Champions League,1.0,Home,Qarabağ FK,Benfica,Benfica,228364,Fredrik Aursnes,12,,block,assisted,right-foot,0.058859877288342,0.0,low-centre,19.5,58.7,0,,,12.0
14566738,2025-09-16,UEFA Champions League,1.0,Home,Qarabağ FK,Benfica,Benfica,795236,Vangelis Pavlidis,16,,goal,regular,right-foot,0.57619076967239,0.29591885209084,low-centre,10.7,50.9,0,,,16.0
14566738,2025-09-16,UEFA Champions League,1.0,Home,Qarabağ FK,Qarabağ FK,Opponent,1048905,Leandro Andrade,30,,goal,set-piece,right-foot,0.16197994351387,0.63350087404251,low-right,12.8,46.6,0,,,30.0
14566738,2025-09-16,UEFA Champions League,1.0,Home,Qarabağ FK,Qarabağ FK,Opponent,1521132,Camilo Durán,32,,miss,assisted,head,0.38755518198013,0.0,high,6.7,46.6,0,,,32.0
14566738,2025-09-16,UEFA Champions League,1.0,Home,Qarabağ FK,Qarabağ FK,Opponent,189009,Marko Janković,33,,save,regular,left-foot,0.078574895858765,0.64290797710419,low-left,13.3,44.6,0,,,33.0
14566738,2025-09-16,UEFA Champions League,1.0,Home,Qarabağ FK,Qarabağ FK,Opponent,1194442,Kady Borges,33,,post,regular,left-foot,0.056063178926706,0.0,right,15.4,55.2,0,,,33.0
14566738,2025-09-16,UEFA Champions League,1.0,Home,Qarabağ FK,Benfica,Benfica,1015292,Richard Ríos,43,,miss,throw-in-set-piece,right-foot,0.017531078308821,0.0,close-right,15.4,79.3,0,,,43.0
14566738,2025-09-16,UEFA Champions League,1.0,Home,Qarabağ FK,Qarabağ FK,Opponent,1521132,Camilo Durán,45,,save,fast-break,left-foot,0.44738420844078,0.42434811592102,low-left,10.1,38.5,0,,,45.0
14566738,2025-09-16,UEFA Champions League,1.0,Home,Qarabağ FK,Qarabağ FK,Opponent,189009,Marko Janković,45,1.0,miss,regular,left-foot,0.018300577998161,0.0,close-left,27.8,43.4,0,,,46.0
14566738,2025-09-16,UEFA Champions League,1.0,Home,Qarabağ FK,Qarabağ FK,Opponent,1521132,Camilo Durán,48,,goal,assisted,left-foot,0.030804336071014,0.35586804151535,low-right,8.7,31.2,0,,,48.0
14566738,2025-09-16,UEFA Champions League,1.0,Home,Qarabağ FK,Benfica,Benfica,1123925,Georgiy Sudakov,51,,save,assisted,right-foot,0.064789108932018,0.36198595166206,low-right,19.0,47.2,0,,,51.0
14566738,2025-09-16,UEFA Champions League,1.0,Home,Qarabağ FK,Benfica,Benfica,1015292,Richard Ríos,54,,post,assisted,left-foot,0.13573753833771,0.0,right,9.4,61.8,0,,,54.0
14566738,2025-09-16,UEFA Champions League,1.0,Home,Qarabağ FK,Benfica,Benfica,1102791,Amar Dedić,57,,miss,assisted,left-foot,0.026479877531528,0.0,high-left,16.1,65.6,0,,,57.0
14566738,2025-09-16,UEFA Champions League,1.0,Home,Qarabağ FK,Qarabağ FK,Opponent,1521132,Camilo Durán,63,,block,fast-break,left-foot,0.12600514292717,0.0,low-left,10.8,60.5,0,,,63.0
14566738,2025-09-16,UEFA Champions League,1.0,Home,Qarabağ FK,Benfica,Benfica,1100952,Andreas Schjelderup,67,,block,assisted,right-foot,0.020012483000755,0.0,low-right,17.3,32.3,0,,,67.0
14566738,2025-09-16,UEFA Champions League,1.0,Home,Qarabağ FK,Benfica,Benfica,1123925,Georgiy Sudakov,71,,block,assisted,right-foot,0.01991986297071,0.0,low-right,21.5,29.5,0,,,71.0
14566738,2025-09-16,UEFA Champions League,1.0,Home,Qarabağ FK,Benfica,Benfica,795236,Vangelis Pavlidis,73,,miss,assisted,right-foot,0.04456615447998,0.0,high,24.8,42.3,0,,,73.0
14566738,2025-09-16,UEFA Champions League,1.0,Home,Qarabağ FK,Qarabağ FK,Opponent,880229,Olexiy Kashchuk,86,,goal,assisted,left-foot,0.099574655294418,0.67417895793915,low-right,11.6,55.2,0,,,86.0
14566738,2025-09-16,UEFA Champions League,1.0,Home,Qarabağ FK,Benfica,Benfica,1201395,Gianluca Prestianni,89,,miss,regular,right-foot,0.019822735339403,0.0,high,22.6,29.9,0,,,89.0
14566738,2025-09-16,UEFA Champions League,1.0,Home,Qarabağ FK,Benfica,Benfica,1201395,Gianluca Prestianni,90,1.0,block,set-piece,left-foot,0.044924758374691,0.0,low-left,14.2,63.8,0,,,91.0
14566738,2025-09-16,UEFA Champions League,1.0,Home,Qarabağ FK,Qarabağ FK,Opponent,880229,Olexiy Kashchuk,90,1.0,block,fast-break,left-foot,0.11817164719105,0.0,low-centre,15.1,56.1,0,,,91.0
14566738,2025-09-16,UEFA Champions League,1.0,Home,Qarabağ FK,Benfica,Benfica,998870,Henrique Araújo,90,5.0,block,assisted,left-foot,0.18883435428143,0.0,low-centre,11.7,54.2,0,,,95.0
14131904,2025-09-20,Liga Portugal Betclic,6.0,Away,AVS - Futebol SAD,Benfica,Benfica,1103333,Franjo Ivanović,2,,miss,fast-break,right-foot,0.28610029816628,0.0,left,15.6,64.0,0,,,2.0
14131904,2025-09-20,Liga Portugal Betclic,6.0,Away,AVS - Futebol SAD,AVS - Futebol SAD,Opponent,126076,Tomané,7,,block,regular,head,0.060761131346226,0.0,low-centre,9.8,51.5,0,,,7.0
14131904,2025-09-20,Liga Portugal Betclic,6.0,Away,AVS - Futebol SAD,AVS - Futebol SAD,Opponent,1185986,Óscar Perea,20,,miss,throw-in-set-piece,right-foot,0.044072929769754,0.0,high,17.6,46.6,0,,,20.0
14131904,2025-09-20,Liga Portugal Betclic,6.0,Away,AVS - Futebol SAD,Benfica,Benfica,1015292,Richard Ríos,22,,miss,free-kick,right-foot,0.031101688742638,0.0,high-right,26.3,27.3,0,,,22.0
14131904,2025-09-20,Liga Portugal Betclic,6.0,Away,AVS - Futebol SAD,AVS - Futebol SAD,Opponent,966219,Ángel Algobia,23,,block,assisted,right-foot,0.01943477243185,0.0,low-centre,26.3,39.4,0,,,23.0
14131904,2025-09-20,Liga Portugal Betclic,6.0,Away,AVS - Futebol SAD,Benfica,Benfica,1103333,Franjo Ivanović,33,,save,assisted,right-foot,0.077677965164185,0.0,low-right,3.9,68.1,0,,,33.0
14131904,2025-09-20,Liga Portugal Betclic,6.0,Away,AVS - Futebol SAD,AVS - Futebol SAD,Opponent,1185986,Óscar Perea,38,,miss,assisted,right-foot,0.015559372492135,0.0,close-left,15.3,26.8,0,,,38.0
14131904,2025-09-20,Liga Portugal Betclic,6.0,Away,AVS - Futebol SAD,AVS - Futebol SAD,Opponent,126076,Tomané,39,,post,assisted,right-foot,0.13528317213058,0.0,right,16.3,46.0,0,,,39.0
14131904,2025-09-20,Liga Portugal Betclic,6.0,Away,AVS - Futebol SAD,Benfica,Benfica,1015292,Richard Ríos,43,,miss,assisted,left-foot,0.031864702701569,0.0,high-left,19.2,57.9,0,,,43.0
14131904,2025-09-20,Liga Portugal Betclic,6.0,Away,AVS - Futebol SAD,Benfica,Benfica,1123925,Georgiy Sudakov,45,1.0,block,assisted,left-foot,0.035834383219481,0.0,low-centre,18.7,56.2,0,,,46.0
14131904,2025-09-20,Liga Portugal Betclic,6.0,Away,AVS - Futebol SAD,Benfica,Benfica,74915,Nicolás Otamendi,45,2.0,miss,corner,right-foot,0.073576718568802,0.0,high-left,4.9,64.2,0,,,47.0
14131904,2025-09-20,Liga Portugal Betclic,6.0,Away,AVS - Futebol SAD,Benfica,Benfica,993101,Samuel Dahl,45,2.0,block,corner,left-foot,0.027316566556692,0.0,low-centre,19.5,63.4,0,,,47.0
14131904,2025-09-20,Liga Portugal Betclic,6.0,Away,AVS - Futebol SAD,Benfica,Benfica,1123925,Georgiy Sudakov,45,3.0,goal,assisted,left-foot,0.21297560632229,0.80034226179123,low-left,12.6,54.2,0,,,48.0
14131904,2025-09-20,Liga Portugal Betclic,6.0,Away,AVS - Futebol SAD,Benfica,Benfica,1123925,Georgiy Sudakov,45,3.0,block,regular,right-foot,0.14677694439888,0.0,low-right,11.5,53.7,0,,,48.0
14131904,2025-09-20,Liga Portugal Betclic,6.0,Away,AVS - Futebol SAD,Benfica,Benfica,1123925,Georgiy Sudakov,54,,save,regular,right-foot,0.03428802639246,0.13626796007156,high-right,15.5,30.7,0,,,54.0
14131904,2025-09-20,Liga Portugal Betclic,6.0,Away,AVS - Futebol SAD,Benfica,Benfica,795236,Vangelis Pavlidis,59,,goal,penalty,right-foot,0.7884,0.98727136850357,high-left,11.5,50.0,0,,,59.0
14131904,2025-09-20,Liga Portugal Betclic,6.0,Away,AVS - Futebol SAD,Benfica,Benfica,1103333,Franjo Ivanović,61,,miss,assisted,right-foot,0.05185055360198,0.0,close-left,17.8,65.8,0,,,61.0
14131904,2025-09-20,Liga Portugal Betclic,6.0,Away,AVS - Futebol SAD,Benfica,Benfica,1103333,Franjo Ivanović,64,,goal,assisted,right-foot,0.17358621954918,0.15984153747559,high-centre,10.3,46.0,0,,,64.0
14131904,2025-09-20,Liga Portugal Betclic,6.0,Away,AVS - Futebol SAD,Benfica,Benfica,795236,Vangelis Pavlidis,69,,block,assisted,right-foot,0.017925629392266,0.0,low-centre,10.7,27.8,0,,,69.0
14131904,2025-09-20,Liga Portugal Betclic,6.0,Away,AVS - Futebol SAD,Benfica,Benfica,1103333,Franjo Ivanović,69,,save,regular,right-foot,0.25353363156319,0.2094789147377,low-centre,4.8,53.0,0,,,69.0
14131904,2025-09-20,Liga Portugal Betclic,6.0,Away,AVS - Futebol SAD,Benfica,Benfica,228364,Fredrik Aursnes,69,,block,assisted,right-foot,0.085554599761963,0.0,low-centre,11.3,65.4,0,,,69.0
14131904,2025-09-20,Liga Portugal Betclic,6.0,Away,AVS - Futebol SAD,AVS - Futebol SAD,Opponent,1900362,Guilherme Neiva,74,,miss,fast-break,head,0.10847865790129,0.0,close-right,9.3,49.6,0,,,74.0
14131904,2025-09-20,Liga Portugal Betclic,6.0,Away,AVS - Futebol SAD,Benfica,Benfica,228364,Fredrik Aursnes,76,,miss,assisted,right-foot,0.040803760290146,0.0,right,25.1,57.7,0,,,76.0
14131904,2025-09-20,Liga Portugal Betclic,6.0,Away,AVS - Futebol SAD,Benfica,Benfica,906800,Leandro Barreiro,82,,block,assisted,right-foot,0.017901167273521,0.0,low-centre,27.0,37.5,0,,,82.0
14131904,2025-09-20,Liga Portugal Betclic,6.0,Away,AVS - Futebol SAD,AVS - Futebol SAD,Opponent,1003071,Diego Duarte,83,,save,assisted,left-foot,0.4584968984127,0.09785733371973,low-centre,9.1,50.1,0,,,83.0
14131904,2025-09-20,Liga Portugal Betclic,6.0,Away,AVS - Futebol SAD,AVS - Futebol SAD,Opponent,1211830,Sidi Bane,90,,miss,assisted,left-foot,0.03876756504178,0.0,left,4.1,30.0,0,,,90.0
14131904,2025-09-20,Liga Portugal Betclic,6.0,Away,AVS - Futebol SAD,Benfica,Benfica,74915,Nicolás Otamendi,90,5.0,block,set-piece,head,0.0095830308273435,0.0,low-right,12.2,37.6,0,,,95.0
14131859,2025-09-23,Liga Portugal Betclic,1.0,Home,Rio Ave,Benfica,Benfica,1015292,Richard Ríos,8,,save,assisted,head,0.020667953416705,0.033341780304909,low-left,13.5,61.7,0,,,8.0
14131859,2025-09-23,Liga Portugal Betclic,1.0,Home,Rio Ave,Rio Ave,Opponent,860683,Marc Gual,20,,block,fast-break,left-foot,0.059740375727415,0.0,low-left,20.9,38.3,0,,,20.0
14131859,2025-09-23,Liga Portugal Betclic,1.0,Home,Rio Ave,Rio Ave,Opponent,826024,Dario Špikić,21,,save,assisted,right-foot,0.036287732422352,0.26676669716835,low-right,13.2,36.4,0,,,21.0
14131859,2025-09-23,Liga Portugal Betclic,1.0,Home,Rio Ave,Benfica,Benfica,1015292,Richard Ríos,26,,miss,assisted,right-foot,0.02740922011435,0.0,high-right,24.5,48.2,0,,,26.0
14131859,2025-09-23,Liga Portugal Betclic,1.0,Home,Rio Ave,Benfica,Benfica,1123925,Georgiy Sudakov,26,,block,assisted,right-foot,0.071886539459229,0.0,low-right,12.9,42.3,0,,,26.0
14131859,2025-09-23,Liga Portugal Betclic,1.0,Home,Rio Ave,Benfica,Benfica,795236,Vangelis Pavlidis,27,,save,regular,right-foot,0.082166947424412,0.12869140505791,low-centre,8.8,42.7,0,,,27.0
14131859,2025-09-23,Liga Portugal Betclic,1.0,Home,Rio Ave,Benfica,Benfica,1103333,Franjo Ivanović,27,,block,regular,left-foot,0.051425863057375,0.0,low-right,5.5,33.6,0,,,27.0
14131859,2025-09-23,Liga Portugal Betclic,1.0,Home,Rio Ave,Benfica,Benfica,1015292,Richard Ríos,32,,miss,corner,head,0.080619432032108,0.0,close-right,7.4,54.6,0,,,32.0
14131859,2025-09-23,Liga Portugal Betclic,1.0,Home,Rio Ave,Rio Ave,Opponent,860683,Marc Gual,45,,miss,assisted,head,0.030069610103965,0.0,high,12.3,51.5,0,,,45.0
14131859,2025-09-23,Liga Portugal Betclic,1.0,Home,Rio Ave,Benfica,Benfica,228364,Fredrik Aursnes,45,4.0,miss,corner,right-foot,0.035490598529577,0.0,close-left,19.4,56.2,0,,,49.0
14131859,2025-09-23,Liga Portugal Betclic,1.0,Home,Rio Ave,Benfica,Benfica,795236,Vangelis Pavlidis,55,,save,assisted,head,0.039423041045666,0.058667495846748,low-centre,9.8,55.7,0,,,55.0
14131859,2025-09-23,Liga Portugal Betclic,1.0,Home,Rio Ave,Benfica,Benfica,823631,Dodi Lukebakio,67,,miss,assisted,left-foot,0.034703526645899,0.0,left,18.3,67.0,0,,,67.0
14131859,2025-09-23,Liga Portugal Betclic,1.0,Home,Rio Ave,Benfica,Benfica,823631,Dodi Lukebakio,69,,save,assisted,left-foot,0.31935501098633,0.64568847417831,high-centre,14.2,33.1,0,,,69.0
14131859,2025-09-23,Liga Portugal Betclic,1.0,Home,Rio Ave,Benfica,Benfica,1015292,Richard Ríos,72,,miss,assisted,left-foot,0.76437252759933,0.0,close-left,3.2,46.1,0,,,72.0
14131859,2025-09-23,Liga Portugal Betclic,1.0,Home,Rio Ave,Benfica,Benfica,1100952,Andreas Schjelderup,72,,block,assisted,right-foot,0.027975404635072,0.0,low-right,15.4,28.6,0,,,72.0
14131859,2025-09-23,Liga Portugal Betclic,1.0,Home,Rio Ave,Benfica,Benfica,795236,Vangelis Pavlidis,76,,miss,corner,head,0.25939723849297,0.0,high,4.6,48.3,0,,,76.0
14131859,2025-09-23,Liga Portugal Betclic,1.0,Home,Rio Ave,Benfica,Benfica,795236,Vangelis Pavlidis,76,,block,assisted,left-foot,0.029261218383908,0.0,low-centre,10.9,32.8,0,,,76.0
14131859,2025-09-23,Liga Portugal Betclic,1.0,Home,Rio Ave,Benfica,Benfica,795236,Vangelis Pavlidis,80,,block,assisted,right-foot,0.18473945558071,0.0,low-centre,12.1,53.9,0,,,80.0
14131859,2025-09-23,Liga Portugal Betclic,1.0,Home,Rio Ave,Benfica,Benfica,1123925,Georgiy Sudakov,86,,goal,assisted,right-foot,0.32343199849129,0.53849512338638,high-centre,10.2,55.2,0,,,86.0
14131859,2025-09-23,Liga Portugal Betclic,1.0,Home,Rio Ave,Benfica,Benfica,795236,Vangelis Pavlidis,88,,save,assisted,left-foot,0.034938391298056,0.16541041433811,low-left,20.0,56.6,0,,,88.0
14131859,2025-09-23,Liga Portugal Betclic,1.0,Home,Rio Ave,Rio Ave,Opponent,1133282,André Luiz,90,1.0,goal,assisted,left-foot,0.03428802639246,0.62201142311096,high-left,15.5,69.6,0,,,91.0
14131859,2025-09-23,Liga Portugal Betclic,1.0,Home,Rio Ave,Benfica,Benfica,795236,Vangelis Pavlidis,90,3.0,save,regular,head,0.11938796192408,0.70430791378021,high-left,7.5,50.7,0,,,93.0
14131859,2025-09-23,Liga Portugal Betclic,1.0,Home,Rio Ave,Benfica,Benfica,823631,Dodi Lukebakio,90,7.0,block,fast-break,left-foot,0.064590729773045,0.0,low-left,14.0,65.5,0,,,97.0
14131920,2025-09-26,Liga Portugal Betclic,7.0,Home,Gil Vicente,Gil Vicente,Opponent,1799336,Agustín Moreira,1,,block,regular,left-foot,0.072053283452988,0.0,low-centre,3.9,37.0,0,,,1.0
14131920,2025-09-26,Liga Portugal Betclic,7.0,Home,Gil Vicente,Gil Vicente,Opponent,611880,Murilo,1,,save,assisted,left-foot,0.21298481523991,0.68267035484314,high-left,8.6,47.0,0,,,1.0
14131920,2025-09-26,Liga Portugal Betclic,7.0,Home,Gil Vicente,Gil Vicente,Opponent,1114164,Marvin Elimbi Gilbert,2,,block,assisted,right-foot,0.090875223278999,0.0,low-left,6.1,62.0,0,,,2.0
14131920,2025-09-26,Liga Portugal Betclic,7.0,Home,Gil Vicente,Gil Vicente,Opponent,1097527,Luís Esteves,11,,goal,free-kick,right-foot,0.15368846058846,0.29133635759354,high-right,19.0,44.2,0,,,11.0
14131920,2025-09-26,Liga Portugal Betclic,7.0,Home,Gil Vicente,Benfica,Benfica,1123925,Georgiy Sudakov,13,,miss,free-kick,right-foot,0.040502332150936,0.0,high,22.6,25.5,0,,,13.0
14131920,2025-09-26,Liga Portugal Betclic,7.0,Home,Gil Vicente,Benfica,Benfica,795236,Vangelis Pavlidis,18,,goal,regular,left-foot,0.0848538428545,0.10757859796286,low-centre,7.3,41.9,0,,,18.0
14131920,2025-09-26,Liga Portugal Betclic,7.0,Home,Gil Vicente,Gil Vicente,Opponent,1101174,Pablo Felipe,23,,miss,assisted,right-foot,0.041309095919132,0.0,close-high,20.3,31.7,0,,,23.0
14131920,2025-09-26,Liga Portugal Betclic,7.0,Home,Gil Vicente,Gil Vicente,Opponent,1799336,Agustín Moreira,23,,save,fast-break,right-foot,0.046071093529463,0.032327741384506,low-centre,8.6,26.2,0,,,23.0
14131920,2025-09-26,Liga Portugal Betclic,7.0,Home,Gil Vicente,Benfica,Benfica,795236,Vangelis Pavlidis,26,,goal,penalty,right-foot,0.7884,0.96705406904221,high-centre,11.5,50.0,0,,,26.0
14131920,2025-09-26,Liga Portugal Betclic,7.0,Home,Gil Vicente,Benfica,Benfica,823631,Dodi Lukebakio,31,,miss,regular,left-foot,0.018160361796618,0.0,left,26.5,71.1,0,,,31.0
14131920,2025-09-26,Liga Portugal Betclic,7.0,Home,Gil Vicente,Benfica,Benfica,823631,Dodi Lukebakio,34,,miss,fast-break,left-foot,0.053567357361317,0.0,close-left,13.2,64.6,0,,,34.0
14131920,2025-09-26,Liga Portugal Betclic,7.0,Home,Gil Vicente,Gil Vicente,Opponent,831781,Ghislain Konan,35,,miss,assisted,left-foot,0.027933545410633,0.0,right,18.1,29.9,0,,,35.0
14131920,2025-09-26,Liga Portugal Betclic,7.0,Home,Gil Vicente,Benfica,Benfica,823631,Dodi Lukebakio,42,,save,assisted,left-foot,0.071063876152039,0.2597921192646,low-left,21.9,54.5,0,,,42.0
14131920,2025-09-26,Liga Portugal Betclic,7.0,Home,Gil Vicente,Gil Vicente,Opponent,1097527,Luís Esteves,46,,save,regular,right-foot,0.034953739494085,0.13136434555054,high-right,13.2,66.4,0,,,46.0
14131920,2025-09-26,Liga Portugal Betclic,7.0,Home,Gil Vicente,Gil Vicente,Opponent,1084746,Santi García,46,,save,assisted,left-foot,0.045918188989162,0.012173248454928,high-centre,21.6,42.3,0,,,46.0
14131920,2025-09-26,Liga Portugal Betclic,7.0,Home,Gil Vicente,Gil Vicente,Opponent,1084746,Santi García,47,,save,corner,right-foot,0.036148905754089,0.32446092367172,high-right,6.1,64.4,0,,,47.0
14131920,2025-09-26,Liga Portugal Betclic,7.0,Home,Gil Vicente,Gil Vicente,Opponent,1097527,Luís Esteves,48,,miss,assisted,right-foot,0.034170992672443,0.0,left,26.6,49.3,0,,,48.0
14131920,2025-09-26,Liga Portugal Betclic,7.0,Home,Gil Vicente,Benfica,Benfica,823631,Dodi Lukebakio,45,4.0,miss,fast-break,right-foot,0.10279100388288,0.0,left,11.1,66.4,0,,,49.0
14131920,2025-09-26,Liga Portugal Betclic,7.0,Home,Gil Vicente,Gil Vicente,Opponent,611880,Murilo,54,,post,assisted,left-foot,0.023865070194006,0.0,high,26.3,53.0,0,,,54.0
14131920,2025-09-26,Liga Portugal Betclic,7.0,Home,Gil Vicente,Benfica,Benfica,823631,Dodi Lukebakio,57,,save,set-piece,left-foot,0.019212381914258,0.023448163643479,high-centre,20.2,32.4,0,,,57.0
14131920,2025-09-26,Liga Portugal Betclic,7.0,Home,Gil Vicente,Gil Vicente,Opponent,1101174,Pablo Felipe,68,,miss,assisted,right-foot,0.25201347470284,0.0,left,6.3,42.3,0,,,68.0
14131920,2025-09-26,Liga Portugal Betclic,7.0,Home,Gil Vicente,Benfica,Benfica,1103333,Franjo Ivanović,71,,miss,assisted,right-foot,0.023833947256207,0.0,left,22.3,51.7,0,,,71.0
14131920,2025-09-26,Liga Portugal Betclic,7.0,Home,Gil Vicente,Gil Vicente,Opponent,1097527,Luís Esteves,75,,save,corner,right-foot,0.027420613914728,0.11102714389563,low-right,23.4,46.4,0,,,75.0
14131920,2025-09-26,Liga Portugal Betclic,7.0,Home,Gil Vicente,Gil Vicente,Opponent,1138915,Zé Carlos,76,,block,corner,head,0.10612171888351,0.0,low-centre,4.1,57.7,0,,,76.0
14131920,2025-09-26,Liga Portugal Betclic,7.0,Home,Gil Vicente,Gil Vicente,Opponent,1083277,Martin Fernández,80,,miss,throw-in-set-piece,left-foot,0.068552002310753,0.0,high-left,10.8,46.4,0,,,80.0
14131920,2025-09-26,Liga Portugal Betclic,7.0,Home,Gil Vicente,Benfica,Benfica,1015292,Richard Ríos,90,2.0,miss,free-kick,right-foot,0.035221491008997,0.0,left,32.1,73.2,0,,,92.0
14566581,2025-09-30,UEFA Champions League,2.0,Away,Chelsea,Chelsea,Opponent,974505,Enzo Fernández,4,,miss,regular,right-foot,0.031300451606512,0.0,left,21.3,46.6,0,,,4.0
14566581,2025-09-30,UEFA Champions League,2.0,Away,Chelsea,Benfica,Benfica,823631,Dodi Lukebakio,8,,save,assisted,left-foot,0.15092489123344,0.28279229998589,low-left,9.2,33.7,0,,,8.0
14566581,2025-09-30,UEFA Champions League,2.0,Away,Chelsea,Chelsea,Opponent,1135873,Alejandro Garnacho,11,,miss,assisted,right-foot,0.065411642193794,0.0,close-left,13.8,32.1,0,,,11.0
14566581,2025-09-30,UEFA Champions League,2.0,Away,Chelsea,Benfica,Benfica,1123925,Georgiy Sudakov,15,,miss,assisted,right-foot,0.021254770457745,0.0,close-left,23.1,33.8,0,,,15.0
14566581,2025-09-30,UEFA Champions League,2.0,Away,Chelsea,Benfica,Benfica,1015292,Richard Ríos,16,,save,fast-break,left-foot,0.159752368927,0.23195768892765,low-centre,9.2,56.8,0,,,16.0
14566581,2025-09-30,UEFA Champions League,2.0,Away,Chelsea,Chelsea,Opponent,879349,Pedro Neto,17,,miss,assisted,left-foot,0.022481009364128,0.0,close-left,21.2,67.9,0,,,17.0
14566581,2025-09-30,UEFA Champions League,2.0,Away,Chelsea,Chelsea,Opponent,1015292,Richard Ríos,18,,goal,regular,right-foot,,,high-left,4.8,46.2,0,,,18.0
14566581,2025-09-30,UEFA Champions League,2.0,Away,Chelsea,Benfica,Benfica,795236,Vangelis Pavlidis,21,,miss,regular,right-foot,0.13847425580025,0.0,close-right,5.5,57.0,0,,,21.0
14566581,2025-09-30,UEFA Champions League,2.0,Away,Chelsea,Chelsea,Opponent,1117025,Facundo Buonanotte,22,,save,assisted,left-foot,0.022643636912107,0.01268408074975,low-centre,14.1,76.1,0,,,22.0
14566581,2025-09-30,UEFA Champions League,2.0,Away,Chelsea,Chelsea,Opponent,1403061,Tyrique George,44,,save,assisted,right-foot,0.11538816988468,0.72729998826981,low-left,9.4,43.1,0,,,44.0
14566581,2025-09-30,UEFA Champions League,2.0,Away,Chelsea,Chelsea,Opponent,1135873,Alejandro Garnacho,59,,miss,fast-break,right-foot,0.029373386874795,0.0,high-right,21.3,31.1,0,,,59.0
14566581,2025-09-30,UEFA Champions League,2.0,Away,Chelsea,Chelsea,Opponent,879349,Pedro Neto,60,,block,assisted,left-foot,0.059469651430845,0.0,high-centre,15.6,50.6,0,,,60.0
14566581,2025-09-30,UEFA Champions League,2.0,Away,Chelsea,Chelsea,Opponent,1597265,Estêvão,79,,save,fast-break,head,0.34357237815857,0.21614144742489,high-centre,8.9,53.6,0,,,79.0
14566581,2025-09-30,UEFA Champions League,2.0,Away,Chelsea,Benfica,Benfica,228364,Fredrik Aursnes,83,,block,assisted,left-foot,0.047226686030626,0.0,low-centre,5.0,33.5,0,,,83.0
14566581,2025-09-30,UEFA Champions League,2.0,Away,Chelsea,Benfica,Benfica,1103333,Franjo Ivanović,83,,block,assisted,right-foot,0.030930511653423,0.0,low-centre,23.8,51.5,0,,,83.0
14566581,2025-09-30,UEFA Champions League,2.0,Away,Chelsea,Benfica,Benfica,1103333,Franjo Ivanović,84,,miss,corner,left-foot,0.023075016215444,0.0,close-right,12.5,64.2,0,,,84.0
14566581,2025-09-30,UEFA Champions League,2.0,Away,Chelsea,Benfica,Benfica,74915,Nicolás Otamendi,87,,save,corner,right-foot,0.079477347433567,0.047992743551731,low-centre,14.4,52.8,0,,,87.0
14566581,2025-09-30,UEFA Champions League,2.0,Away,Chelsea,Benfica,Benfica,1087316,Enzo Barrenechea,90,1.0,miss,corner,head,0.2038232833147,0.0,high,3.0,43.4,0,,,91.0
14131931,2025-10-05,Liga Portugal Betclic,8.0,Away,FC Porto,Benfica,Benfica,1123925,Georgiy Sudakov,33,,save,free-kick,right-foot,0.048038590699434,0.32945117354393,high-left,26.9,49.5,0,,,33.0
14131931,2025-10-05,Liga Portugal Betclic,8.0,Away,FC Porto,FC Porto,Opponent,882664,Pepê,34,,miss,assisted,left-foot,0.17089836299419,0.0,close-high-left,10.5,58.5,0,,,34.0
14131931,2025-10-05,Liga Portugal Betclic,8.0,Away,FC Porto,FC Porto,Opponent,1010505,Gabri Veiga,42,,save,regular,left-foot,0.2441773712635,0.52474510669708,low-left,4.9,46.0,0,,,42.0
14131931,2025-10-05,Liga Portugal Betclic,8.0,Away,FC Porto,FC Porto,Opponent,985138,Francisco Moura,42,,block,assisted,left-foot,0.032809142023325,0.0,low-centre,11.3,32.6,0,,,42.0
14131931,2025-10-05,Liga Portugal Betclic,8.0,Away,FC Porto,FC Porto,Opponent,985138,Francisco Moura,43,,miss,assisted,left-foot,0.041591711342335,0.0,right,12.6,33.1,0,,,43.0
14131931,2025-10-05,Liga Portugal Betclic,8.0,Away,FC Porto,FC Porto,Opponent,1010505,Gabri Veiga,56,,save,assisted,right-foot,0.080422669649124,0.085007980465889,low-centre,18.2,45.9,0,,,56.0
14131931,2025-10-05,Liga Portugal Betclic,8.0,Away,FC Porto,FC Porto,Opponent,1503836,Samu Aghehowa,58,,block,regular,right-foot,0.026479877531528,0.0,low-centre,15.4,64.8,0,,,58.0
14131931,2025-10-05,Liga Portugal Betclic,8.0,Away,FC Porto,Benfica,Benfica,795236,Vangelis Pavlidis,61,,block,assisted,left-foot,0.02225293405354,0.0,low-centre,16.3,32.5,0,,,61.0
14131931,2025-10-05,Liga Portugal Betclic,8.0,Away,FC Porto,FC Porto,Opponent,1639250,William Gomes,68,,miss,assisted,left-foot,0.020436020568013,0.0,close-left,21.9,70.0,0,,,68.0
14131931,2025-10-05,Liga Portugal Betclic,8.0,Away,FC Porto,Benfica,Benfica,1015292,Richard Ríos,90,,miss,corner,right-foot,0.041519932448864,0.0,high-left,13.9,51.7,0,,,90.0
14131931,2025-10-05,Liga Portugal Betclic,8.0,Away,FC Porto,Benfica,Benfica,993101,Samuel Dahl,90,,miss,corner,left-foot,0.0095580900087953,0.0,high-right,19.4,33.1,0,,,90.0
14131931,2025-10-05,Liga Portugal Betclic,8.0,Away,FC Porto,FC Porto,Opponent,1410240,Rodrigo Mora,90,2.0,post,fast-break,right-foot,0.063145563006401,0.0,high,13.2,34.1,0,,,92.0
14773643,2025-10-17,Taça de Portugal,3.0,Away,Chaves,Benfica,Benfica,795236,Vangelis Pavlidis,8,,goal,regular,right-foot,,,low-right,24.0,37.5,0,,,8.0
14773643,2025-10-17,Taça de Portugal,3.0,Away,Chaves,Chaves,Opponent,589020,Carraça,9,,block,regular,right-foot,,,low-left,20.0,66.9,0,,,9.0
14773643,2025-10-17,Taça de Portugal,3.0,Away,Chaves,Chaves,Opponent,1130651,Pedro Pinho,15,,save,throw-in-set-piece,head,,,low-centre,11.2,57.0,0,,,15.0
14773643,2025-10-17,Taça de Portugal,3.0,Away,Chaves,Benfica,Benfica,823631,Dodi Lukebakio,19,,save,regular,left-foot,,,low-right,12.4,39.4,0,,,19.0
14773643,2025-10-17,Taça de Portugal,3.0,Away,Chaves,Benfica,Benfica,795236,Vangelis Pavlidis,19,,miss,assisted,right-foot,,,high,5.7,68.1,0,,,19.0
14773643,2025-10-17,Taça de Portugal,3.0,Away,Chaves,Chaves,Opponent,1130651,Pedro Pinho,23,,block,assisted,left-foot,,,low-centre,25.0,42.3,0,,,23.0
14773643,2025-10-17,Taça de Portugal,3.0,Away,Chaves,Chaves,Opponent,1130651,Pedro Pinho,26,,save,assisted,right-foot,,,high-centre,32.0,54.2,0,,,26.0
14773643,2025-10-17,Taça de Portugal,3.0,Away,Chaves,Chaves,Opponent,97622,Zach Muscat,27,,save,corner,head,,,low-centre,4.1,54.3,0,,,27.0
14773643,2025-10-17,Taça de Portugal,3.0,Away,Chaves,Chaves,Opponent,1107995,Paulo Victor,29,,miss,assisted,head,,,left,5.4,54.6,0,,,29.0
14773643,2025-10-17,Taça de Portugal,3.0,Away,Chaves,Benfica,Benfica,1158353,João Rêgo,30,,block,assisted,right-foot,,,low-left,13.8,27.7,0,,,30.0
14773643,2025-10-17,Taça de Portugal,3.0,Away,Chaves,Benfica,Benfica,823631,Dodi Lukebakio,32,,save,regular,left-foot,,,low-right,30.3,63.9,0,,,32.0
14773643,2025-10-17,Taça de Portugal,3.0,Away,Chaves,Chaves,Opponent,1107995,Paulo Victor,38,,miss,regular,right-foot,,,left,12.5,65.8,0,,,38.0
14773643,2025-10-17,Taça de Portugal,3.0,Away,Chaves,Benfica,Benfica,1087316,Enzo Barrenechea,56,,save,fast-break,right-foot,,,low-centre,21.2,54.2,0,,,56.0
14773643,2025-10-17,Taça de Portugal,3.0,Away,Chaves,Chaves,Opponent,891959,Uroš Milovanović,57,,block,fast-break,left-foot,,,low-centre,18.8,60.9,0,,,57.0
14773643,2025-10-17,Taça de Portugal,3.0,Away,Chaves,Benfica,Benfica,795236,Vangelis Pavlidis,61,,save,assisted,left-foot,,,low-centre,9.5,31.8,0,,,61.0
14773643,2025-10-17,Taça de Portugal,3.0,Away,Chaves,Benfica,Benfica,1087316,Enzo Barrenechea,77,,save,set-piece,head,,,high-left,10.0,50.7,0,,,77.0
14773643,2025-10-17,Taça de Portugal,3.0,Away,Chaves,Benfica,Benfica,795236,Vangelis Pavlidis,79,,goal,assisted,right-foot,,,low-left,18.5,49.6,0,,,79.0
14773643,2025-10-17,Taça de Portugal,3.0,Away,Chaves,Chaves,Opponent,891959,Uroš Milovanović,84,,block,assisted,left-foot,,,low-left,14.6,33.8,0,,,84.0
14773643,2025-10-17,Taça de Portugal,3.0,Away,Chaves,Benfica,Benfica,1103333,Franjo Ivanović,87,,block,assisted,right-foot,,,low-centre,15.3,37.2,0,,,87.0
14773643,2025-10-17,Taça de Portugal,3.0,Away,Chaves,Chaves,Opponent,842334,Wellington Carvalho,90,,miss,assisted,left-foot,,,high-left,17.5,38.0,0,,,90.0
14566956,2025-10-21,UEFA Champions League,3.0,Away,Newcastle United,Newcastle United,Opponent,914902,Anthony Gordon,7,,block,set-piece,right-foot,0.013907432556152,0.0,low-centre,19.5,26.8,0,,,7.0
14566956,2025-10-21,UEFA Champions League,3.0,Away,Newcastle United,Newcastle United,Opponent,1400650,Lewis Miley,9,,block,corner,left-foot,0.26566967368126,0.0,low-centre,3.5,52.7,0,,,9.0
14566956,2025-10-21,UEFA Champions League,3.0,Away,Newcastle United,Newcastle United,Opponent,99090,Dan Burn,9,,save,corner,head,0.029260259121656,0.029133232310414,low-centre,7.7,63.2,0,,,9.0
14566956,2025-10-21,UEFA Champions League,3.0,Away,Newcastle United,Newcastle United,Opponent,372336,Jacob Murphy,10,,save,regular,left-foot,0.02680879086256,0.048836022615433,low-left,25.1,48.3,0,,,10.0
14566956,2025-10-21,UEFA Champions League,3.0,Away,Newcastle United,Benfica,Benfica,823631,Dodi Lukebakio,15,,save,assisted,left-foot,0.15172238647938,0.17012719810009,low-centre,2.4,63.8,0,,,15.0
14566956,2025-10-21,UEFA Champions League,3.0,Away,Newcastle United,Benfica,Benfica,795236,Vangelis Pavlidis,19,,miss,assisted,left-foot,0.042581122368574,0.0,close-left,6.1,30.8,0,,,19.0
14566956,2025-10-21,UEFA Champions League,3.0,Away,Newcastle United,Benfica,Benfica,823631,Dodi Lukebakio,21,,post,assisted,left-foot,0.029480431228876,0.0,left,20.9,72.0,0,,,21.0
14566956,2025-10-21,UEFA Champions League,3.0,Away,Newcastle United,Newcastle United,Opponent,372336,Jacob Murphy,22,,miss,assisted,right-foot,0.01992424018681,0.0,close-left,21.3,71.8,0,,,22.0
14566956,2025-10-21,UEFA Champions League,3.0,Away,Newcastle United,Newcastle United,Opponent,866469,Bruno Guimarães,27,,save,corner,right-foot,0.23477256298065,0.73391503095627,low-left,3.3,45.4,0,,,27.0
14566956,2025-10-21,UEFA Champions League,3.0,Away,Newcastle United,Newcastle United,Opponent,99090,Dan Burn,27,,block,corner,head,0.01135098002851,0.0,low-centre,9.1,40.3,0,,,27.0
14566956,2025-10-21,UEFA Champions League,3.0,Away,Newcastle United,Newcastle United,Opponent,914902,Anthony Gordon,32,,goal,assisted,left-foot,0.56847369670868,0.96893858909607,low-left,6.3,46.6,0,,,32.0
14566956,2025-10-21,UEFA Champions League,3.0,Away,Newcastle United,Benfica,Benfica,823631,Dodi Lukebakio,43,,save,assisted,left-foot,0.027572387829423,0.079735487699509,low-right,19.4,68.3,0,,,43.0
14566956,2025-10-21,UEFA Champions League,3.0,Away,Newcastle United,Benfica,Benfica,1123925,Georgiy Sudakov,44,,block,corner,right-foot,0.029777081683278,0.0,high-left,19.2,61.7,0,,,44.0
14566956,2025-10-21,UEFA Champions League,3.0,Away,Newcastle United,Benfica,Benfica,823631,Dodi Lukebakio,49,,block,assisted,left-foot,0.026583161205053,0.0,low-centre,22.5,65.8,0,,,49.0
14566956,2025-10-21,UEFA Champions League,3.0,Away,Newcastle United,Newcastle United,Opponent,1400650,Lewis Miley,52,,miss,corner,head,0.26693251729012,0.0,high,4.1,48.6,0,,,52.0
14566956,2025-10-21,UEFA Champions League,3.0,Away,Newcastle United,Newcastle United,Opponent,980623,Nick Woltemade,52,,block,assisted,right-foot,0.059848856180906,0.0,low-centre,14.8,44.8,0,,,52.0
14566956,2025-10-21,UEFA Champions League,3.0,Away,Newcastle United,Newcastle United,Opponent,914902,Anthony Gordon,52,,block,assisted,right-foot,0.093193799257278,0.0,low-centre,15.5,57.3,0,,,52.0
14566956,2025-10-21,UEFA Champions League,3.0,Away,Newcastle United,Newcastle United,Opponent,372336,Jacob Murphy,55,,save,assisted,right-foot,0.029708493500948,0.068053290247917,low-left,14.0,72.1,0,,,55.0
14566956,2025-10-21,UEFA Champions League,3.0,Away,Newcastle United,Benfica,Benfica,1087316,Enzo Barrenechea,57,,miss,assisted,right-foot,0.030456241220236,0.0,high,24.6,57.3,0,,,57.0
14566956,2025-10-21,UEFA Champions League,3.0,Away,Newcastle United,Newcastle United,Opponent,855647,Harvey Barnes,70,,goal,fast-break,right-foot,0.041576866060495,0.18327975273132,low-left,8.6,69.1,0,,,70.0
14566956,2025-10-21,UEFA Champions League,3.0,Away,Newcastle United,Newcastle United,Opponent,914902,Anthony Gordon,81,,miss,assisted,right-foot,0.014582866802812,0.0,close-left,24.6,26.8,0,,,81.0
14566956,2025-10-21,UEFA Champions League,3.0,Away,Newcastle United,Newcastle United,Opponent,855647,Harvey Barnes,83,,goal,assisted,right-foot,0.36640429496765,0.37709495425224,low-centre,8.7,57.1,0,,,83.0
14566956,2025-10-21,UEFA Champions League,3.0,Away,Newcastle United,Newcastle United,Opponent,888550,Joe Willock,90,,miss,corner,head,0.46358481049538,0.0,close-right,2.1,57.0,0,,,90.0
14566956,2025-10-21,UEFA Champions League,3.0,Away,Newcastle United,Newcastle United,Opponent,910046,Sven Botman,90,,save,corner,head,0.039552990347147,0.31032347679138,low-left,9.7,47.7,0,,,90.0
14566956,2025-10-21,UEFA Champions League,3.0,Away,Newcastle United,Newcastle United,Opponent,560128,Joelinton,90,1.0,save,assisted,right-foot,0.071588754653931,0.24073791503906,high-right,22.5,48.7,0,,,91.0
14566956,2025-10-21,UEFA Champions League,3.0,Away,Newcastle United,Newcastle United,Opponent,99090,Dan Burn,90,2.0,save,corner,left-foot,0.017892710864544,0.20386150479317,low-right,24.7,52.3,0,,,92.0
14131939,2025-10-25,Liga Portugal Betclic,9.0,Home,FC Arouca,Benfica,Benfica,795236,Vangelis Pavlidis,9,,goal,penalty,right-foot,0.7884,0.87955176830292,low-left,11.5,50.0,0,,,9.0
14131939,2025-10-25,Liga Portugal Betclic,9.0,Home,FC Arouca,Benfica,Benfica,795236,Vangelis Pavlidis,22,,goal,penalty,right-foot,0.7884,0.84052926301956,low-left,11.5,50.0,0,,,22.0
14131939,2025-10-25,Liga Portugal Betclic,9.0,Home,FC Arouca,FC Arouca,Opponent,996932,Pablo Gozálbez,29,,miss,regular,left-foot,0.16085302829742,0.0,close-right,19.7,46.5,0,,,29.0
14131939,2025-10-25,Liga Portugal Betclic,9.0,Home,FC Arouca,Benfica,Benfica,74915,Nicolás Otamendi,32,,miss,corner,head,0.10822045058012,0.0,close-high,5.0,57.0,0,,,32.0
14131939,2025-10-25,Liga Portugal Betclic,9.0,Home,FC Arouca,Benfica,Benfica,795236,Vangelis Pavlidis,42,,post,assisted,right-foot,0.23252917826176,0.0,high,9.2,66.3,0,,,42.0
14131939,2025-10-25,Liga Portugal Betclic,9.0,Home,FC Arouca,FC Arouca,Opponent,913728,Ivan Barbero,43,,miss,assisted,right-foot,0.019294064491987,0.0,high,27.4,59.1,0,,,43.0
14131939,2025-10-25,Liga Portugal Betclic,9.0,Home,FC Arouca,Benfica,Benfica,983542,Tomás Araújo,47,,miss,corner,head,0.048038374632597,0.0,high,9.3,50.8,0,,,47.0
14131939,2025-10-25,Liga Portugal Betclic,9.0,Home,FC Arouca,Benfica,Benfica,795236,Vangelis Pavlidis,50,,goal,assisted,right-foot,0.13695991039276,0.50512701272964,low-left,14.6,51.0,0,,,50.0
14131939,2025-10-25,Liga Portugal Betclic,9.0,Home,FC Arouca,Benfica,Benfica,74915,Nicolás Otamendi,45,6.0,goal,corner,head,0.21302522718906,0.91496032476425,low-left,3.2,45.6,0,,,51.0
14131939,2025-10-25,Liga Portugal Betclic,9.0,Home,FC Arouca,Benfica,Benfica,1015292,Richard Ríos,56,,miss,assisted,right-foot,0.16008788347244,0.0,close-high-left,2.9,43.2,0,,,56.0
14131939,2025-10-25,Liga Portugal Betclic,9.0,Home,FC Arouca,Benfica,Benfica,823631,Dodi Lukebakio,57,,miss,assisted,left-foot,0.029369287192822,0.0,high-left,20.6,65.4,0,,,57.0
14131939,2025-10-25,Liga Portugal Betclic,9.0,Home,FC Arouca,Benfica,Benfica,1201395,Gianluca Prestianni,58,,save,fast-break,right-foot,0.080479092895985,0.24540133774281,low-right,14.7,39.5,0,,,58.0
14131939,2025-10-25,Liga Portugal Betclic,9.0,Home,FC Arouca,Benfica,Benfica,1100952,Andreas Schjelderup,67,,post,fast-break,right-foot,0.1200934574008,0.0,left,12.8,36.8,0,,,67.0
14131939,2025-10-25,Liga Portugal Betclic,9.0,Home,FC Arouca,FC Arouca,Opponent,54672,David Simão,69,,miss,assisted,left-foot,0.029857583343983,0.0,right,22.0,28.9,0,,,69.0
14131939,2025-10-25,Liga Portugal Betclic,9.0,Home,FC Arouca,Benfica,Benfica,1158353,João Rêgo,72,,save,corner,head,0.016831234097481,0.034330815076828,high-centre,11.7,40.1,0,,,72.0
14131939,2025-10-25,Liga Portugal Betclic,9.0,Home,FC Arouca,Benfica,Benfica,795236,Vangelis Pavlidis,73,,block,fast-break,right-foot,0.1989598274231,0.0,low-centre,6.9,56.0,0,,,73.0
14131939,2025-10-25,Liga Portugal Betclic,9.0,Home,FC Arouca,FC Arouca,Opponent,913728,Ivan Barbero,75,,miss,assisted,left-foot,0.16062735021114,0.0,close-right,9.2,40.3,0,,,75.0
14131939,2025-10-25,Liga Portugal Betclic,9.0,Home,FC Arouca,Benfica,Benfica,823631,Dodi Lukebakio,76,,block,regular,left-foot,0.037586525082588,0.0,high-left,15.6,67.8,0,,,76.0
14131939,2025-10-25,Liga Portugal Betclic,9.0,Home,FC Arouca,Benfica,Benfica,1087316,Enzo Barrenechea,80,,miss,free-kick,right-foot,0.036641556769609,0.0,left,28.8,49.3,0,,,80.0
14131939,2025-10-25,Liga Portugal Betclic,9.0,Home,FC Arouca,FC Arouca,Opponent,1116649,Brian Mansilla,86,,block,assisted,left-foot,0.064910285174847,0.0,low-right,2.5,61.8,0,,,86.0
14131939,2025-10-25,Liga Portugal Betclic,9.0,Home,FC Arouca,Benfica,Benfica,1103333,Franjo Ivanović,88,,save,assisted,left-foot,0.057289812713861,0.278275847435,low-left,19.8,58.5,0,,,88.0
14131939,2025-10-25,Liga Portugal Betclic,9.0,Home,FC Arouca,Benfica,Benfica,1103333,Franjo Ivanović,90,3.0,goal,penalty,right-foot,0.7884,0.85194629430771,low-right,11.5,50.0,0,,,93.0
14886529,2025-10-29,Taca da Liga,27.0,Home,Tondela,Tondela,Opponent,1807776,Yarlen,6,,block,assisted,left-foot,,,low-centre,25.6,70.0,0,,,6.0
14886529,2025-10-29,Taca da Liga,27.0,Home,Tondela,Tondela,Opponent,1478262,Yefrei Rodriguez,11,,block,fast-break,left-foot,,,low-centre,13.3,40.3,0,,,11.0
14886529,2025-10-29,Taca da Liga,27.0,Home,Tondela,Benfica,Benfica,823631,Dodi Lukebakio,19,,save,assisted,left-foot,,,low-right,4.2,64.8,0,,,19.0
14886529,2025-10-29,Taca da Liga,27.0,Home,Tondela,Benfica,Benfica,1103333,Franjo Ivanović,30,,save,assisted,right-foot,,,low-left,13.2,66.6,0,,,30.0
14886529,2025-10-29,Taca da Liga,27.0,Home,Tondela,Benfica,Benfica,74915,Nicolás Otamendi,33,,miss,corner,left-foot,,,high,4.3,58.8,0,,,33.0
14886529,2025-10-29,Taca da Liga,27.0,Home,Tondela,Benfica,Benfica,74915,Nicolás Otamendi,41,,goal,penalty,right-foot,,,low-centre,11.5,50.0,0,,,41.0
14886529,2025-10-29,Taca da Liga,27.0,Home,Tondela,Benfica,Benfica,1006069,António Silva,45,1.0,miss,corner,head,,,high,12.3,51.4,0,,,46.0
14886529,2025-10-29,Taca da Liga,27.0,Home,Tondela,Benfica,Benfica,1123925,Georgiy Sudakov,48,,goal,assisted,left-foot,,,high-centre,14.3,55.5,0,,,48.0
14131949,2025-11-01,Liga Portugal Betclic,10.0,Away,Vitória SC,Benfica,Benfica,1201395,Gianluca Prestianni,9,,block,assisted,right-foot,0.041517674922943,0.0,low-centre,11.0,34.8,0,,,9.0
14131949,2025-11-01,Liga Portugal Betclic,10.0,Away,Vitória SC,Benfica,Benfica,1015292,Richard Ríos,9,,block,assisted,left-foot,0.050264179706573,0.0,low-left,17.0,45.0,0,,,9.0
14131949,2025-11-01,Liga Portugal Betclic,10.0,Away,Vitória SC,Vitória SC,Opponent,1434543,Diogo Sousa,10,,save,assisted,left-foot,0.031104641035199,0.010902291163802,low-centre,20.9,35.0,0,,,10.0
14131949,2025-11-01,Liga Portugal Betclic,10.0,Away,Vitória SC,Benfica,Benfica,228364,Fredrik Aursnes,13,,miss,corner,right-foot,0.0062571372836828,0.0,high-right,27.7,62.4,0,,,13.0
14131949,2025-11-01,Liga Portugal Betclic,10.0,Away,Vitória SC,Benfica,Benfica,1015292,Richard Ríos,13,,block,assisted,right-foot,0.016079094260931,0.0,low-centre,30.5,33.8,0,,,13.0
14131949,2025-11-01,Liga Portugal Betclic,10.0,Away,Vitória SC,Vitória SC,Opponent,1035280,Telmo Arcanjo,28,,save,assisted,left-foot,0.0086444476619363,0.047682791948318,low-left,23.7,80.1,0,,,28.0
14131949,2025-11-01,Liga Portugal Betclic,10.0,Away,Vitória SC,Vitória SC,Opponent,1130363,Fabio Blanco,30,,save,assisted,right-foot,0.026233620941639,0.01008472032845,low-centre,25.0,43.4,0,,,30.0
14131949,2025-11-01,Liga Portugal Betclic,10.0,Away,Vitória SC,Vitória SC,Opponent,785808,Samu,32,,miss,throw-in-set-piece,right-foot,0.096412308514118,0.0,high-right,9.7,58.3,0,,,32.0
14131949,2025-11-01,Liga Portugal Betclic,10.0,Away,Vitória SC,Vitória SC,Opponent,1434543,Diogo Sousa,32,,block,fast-break,right-foot,0.04018434509635,0.0,low-centre,17.6,36.6,0,,,32.0
14131949,2025-11-01,Liga Portugal Betclic,10.0,Away,Vitória SC,Benfica,Benfica,1201395,Gianluca Prestianni,33,,save,assisted,right-foot,0.032562829554081,0.027034211903811,low-centre,22.9,31.7,0,,,33.0
14131949,2025-11-01,Liga Portugal Betclic,10.0,Away,Vitória SC,Benfica,Benfica,1123925,Georgiy Sudakov,34,,miss,assisted,left-foot,0.039930202066898,0.0,close-left,5.4,32.1,0,,,34.0
14131949,2025-11-01,Liga Portugal Betclic,10.0,Away,Vitória SC,Vitória SC,Opponent,1563640,Oumar Camara,36,,block,fast-break,right-foot,0.031872943043709,0.0,low-centre,16.6,32.9,0,,,36.0
14131949,2025-11-01,Liga Portugal Betclic,10.0,Away,Vitória SC,Benfica,Benfica,1201395,Gianluca Prestianni,37,,miss,assisted,right-foot,0.020209938287735,0.0,close-right,20.9,30.1,0,,,37.0
14131949,2025-11-01,Liga Portugal Betclic,10.0,Away,Vitória SC,Vitória SC,Opponent,1133568,João Mendes,45,,miss,set-piece,left-foot,0.015575295314193,0.0,close-right,26.6,61.3,0,,,45.0
14131949,2025-11-01,Liga Portugal Betclic,10.0,Away,Vitória SC,Benfica,Benfica,795236,Vangelis Pavlidis,48,,miss,regular,right-foot,0.086861483752728,0.0,left,1.0,57.9,0,,,48.0
14131949,2025-11-01,Liga Portugal Betclic,10.0,Away,Vitória SC,Benfica,Benfica,906800,Leandro Barreiro,48,,save,assisted,head,0.1790826767683,0.16862405836582,low-centre,6.4,48.3,0,,,48.0
14131949,2025-11-01,Liga Portugal Betclic,10.0,Away,Vitória SC,Benfica,Benfica,1015292,Richard Ríos,50,,miss,corner,head,0.2101748585701,0.0,close-right,3.0,43.7,0,,,50.0
14131949,2025-11-01,Liga Portugal Betclic,10.0,Away,Vitória SC,Benfica,Benfica,983542,Tomás Araújo,53,,goal,corner,head,0.17639656364918,0.26923811435699,low-left,3.5,56.4,0,,,53.0
14131949,2025-11-01,Liga Portugal Betclic,10.0,Away,Vitória SC,Benfica,Benfica,823631,Dodi Lukebakio,53,,save,free-kick,left-foot,0.066283658146858,0.43211254477501,low-right,25.9,55.2,0,,,53.0
14131949,2025-11-01,Liga Portugal Betclic,10.0,Away,Vitória SC,Benfica,Benfica,228364,Fredrik Aursnes,55,,miss,assisted,right-foot,0.11681447178125,0.0,right,3.3,62.3,0,,,55.0
14131949,2025-11-01,Liga Portugal Betclic,10.0,Away,Vitória SC,Vitória SC,Opponent,785808,Samu,59,,miss,fast-break,left-foot,0.032794285565615,0.0,high,24.7,36.2,0,,,59.0
14131949,2025-11-01,Liga Portugal Betclic,10.0,Away,Vitória SC,Benfica,Benfica,993101,Samuel Dahl,62,,goal,assisted,left-foot,0.047654688358307,0.18595097959042,high-left,8.0,30.6,0,,,62.0
14131949,2025-11-01,Liga Portugal Betclic,10.0,Away,Vitória SC,Benfica,Benfica,1100952,Andreas Schjelderup,69,,block,regular,right-foot,0.06216548755765,0.0,low-right,20.0,39.3,0,,,69.0
14131949,2025-11-01,Liga Portugal Betclic,10.0,Away,Vitória SC,Vitória SC,Opponent,1168093,Óscar Rivas,70,,miss,corner,head,0.023157864809036,0.0,left,11.4,44.8,0,,,70.0
14131949,2025-11-01,Liga Portugal Betclic,10.0,Away,Vitória SC,Vitória SC,Opponent,785808,Samu,70,,block,assisted,right-foot,0.025763479992747,0.0,low-right,15.1,34.0,0,,,70.0
14131949,2025-11-01,Liga Portugal Betclic,10.0,Away,Vitória SC,Benfica,Benfica,823631,Dodi Lukebakio,71,,save,assisted,left-foot,0.031928215175867,0.033232592046261,low-right,12.7,72.7,0,,,71.0
14131949,2025-11-01,Liga Portugal Betclic,10.0,Away,Vitória SC,Benfica,Benfica,906800,Leandro Barreiro,72,,save,assisted,head,0.2938574552536,0.44378542900085,high-centre,4.5,55.8,0,,,72.0
14131949,2025-11-01,Liga Portugal Betclic,10.0,Away,Vitória SC,Benfica,Benfica,823631,Dodi Lukebakio,75,,miss,assisted,left-foot,0.032941319048405,0.0,high-left,23.4,56.6,0,,,75.0
14131949,2025-11-01,Liga Portugal Betclic,10.0,Away,Vitória SC,Benfica,Benfica,906800,Leandro Barreiro,75,,block,regular,right-foot,0.049241945147514,0.0,high-right,15.3,41.5,0,,,75.0
14131949,2025-11-01,Liga Portugal Betclic,10.0,Away,Vitória SC,Benfica,Benfica,906800,Leandro Barreiro,84,,miss,corner,left-foot,0.039624519646168,0.0,left,18.2,48.1,0,,,84.0
14131949,2025-11-01,Liga Portugal Betclic,10.0,Away,Vitória SC,Benfica,Benfica,74915,Nicolás Otamendi,84,,block,corner,head,0.0046751657500863,0.0,low-right,13.5,32.4,0,,,84.0
14131949,2025-11-01,Liga Portugal Betclic,10.0,Away,Vitória SC,Benfica,Benfica,1087316,Enzo Barrenechea,84,,save,assisted,right-foot,0.056743267923594,0.332145601511,high-right,19.8,35.4,0,,,84.0
14131949,2025-11-01,Liga Portugal Betclic,10.0,Away,Vitória SC,Benfica,Benfica,1158353,João Rêgo,87,,goal,regular,right-foot,0.44212806224823,0.47096979618073,low-centre,2.9,57.3,0,,,87.0
14131949,2025-11-01,Liga Portugal Betclic,10.0,Away,Vitória SC,Benfica,Benfica,1087316,Enzo Barrenechea,87,,save,assisted,right-foot,0.071697987616062,0.15325877070427,low-right,17.2,45.2,0,,,87.0
14566736,2025-11-05,UEFA Champions League,4.0,Home,Bayer 04 Leverkusen,Bayer 04 Leverkusen,Opponent,1407524,Ibrahim Maza,4,,miss,assisted,left-foot,0.050600916147232,0.0,left,12.8,39.5,0,966616.0,Anatoliy Trubin,4.0
14566736,2025-11-05,UEFA Champions League,4.0,Home,Bayer 04 Leverkusen,Benfica,Benfica,823631,Dodi Lukebakio,11,,post,fast-break,left-foot,0.39750304818153,0.0,high,6.9,63.6,0,171919.0,Mark Flekken,11.0
14566736,2025-11-05,UEFA Champions League,4.0,Home,Bayer 04 Leverkusen,Benfica,Benfica,1015292,Richard Ríos,13,,save,assisted,right-foot,0.030153134837747,0.032303098589182,low-centre,25.0,64.2,0,171919.0,Mark Flekken,13.0
14566736,2025-11-05,UEFA Champions League,4.0,Home,Bayer 04 Leverkusen,Bayer 04 Leverkusen,Opponent,2029648,Christian Kofane,20,,save,set-piece,head,0.069590047001839,0.33518454432487,high-left,9.4,51.9,0,966616.0,Anatoliy Trubin,20.0
14566736,2025-11-05,UEFA Champions League,4.0,Home,Bayer 04 Leverkusen,Benfica,Benfica,823631,Dodi Lukebakio,26,,miss,assisted,left-foot,0.01843742094934,0.0,high-left,24.3,75.4,0,171919.0,Mark Flekken,26.0
14566736,2025-11-05,UEFA Champions League,4.0,Home,Bayer 04 Leverkusen,Benfica,Benfica,823631,Dodi Lukebakio,26,,save,regular,left-foot,0.023475524038076,0.025082178413868,low-centre,17.3,66.9,0,171919.0,Mark Flekken,26.0
14566736,2025-11-05,UEFA Champions League,4.0,Home,Bayer 04 Leverkusen,Benfica,Benfica,906800,Leandro Barreiro,26,,block,assisted,right-foot,0.040105178952217,0.0,low-centre,15.6,53.8,0,171919.0,Mark Flekken,26.0
14566736,2025-11-05,UEFA Champions League,4.0,Home,Bayer 04 Leverkusen,Benfica,Benfica,906800,Leandro Barreiro,31,,miss,assisted,head,0.042007703334093,0.0,close-left,13.8,45.8,0,171919.0,Mark Flekken,31.0
14566736,2025-11-05,UEFA Champions League,4.0,Home,Bayer 04 Leverkusen,Benfica,Benfica,74915,Nicolás Otamendi,33,,post,corner,head,0.03688869997859,0.0,high,10.1,45.8,0,171919.0,Mark Flekken,33.0
14566736,2025-11-05,UEFA Champions League,4.0,Home,Bayer 04 Leverkusen,Bayer 04 Leverkusen,Opponent,1119502,Ernest Poku,35,,miss,assisted,right-foot,0.16617198288441,0.0,left,15.3,49.9,0,966616.0,Anatoliy Trubin,35.0
14566736,2025-11-05,UEFA Champions League,4.0,Home,Bayer 04 Leverkusen,Benfica,Benfica,795236,Vangelis Pavlidis,43,,save,assisted,right-foot,0.1313241571188,0.0,low-centre,9.2,45.6,0,171919.0,Mark Flekken,43.0
14566736,2025-11-05,UEFA Champions League,4.0,Home,Bayer 04 Leverkusen,Benfica,Benfica,823631,Dodi Lukebakio,43,,save,assisted,left-foot,0.16821649670601,0.17530928552151,low-centre,10.1,60.1,0,171919.0,Mark Flekken,43.0
14566736,2025-11-05,UEFA Champions League,4.0,Home,Bayer 04 Leverkusen,Benfica,Benfica,74915,Nicolás Otamendi,44,,save,assisted,right-foot,0.11507628113031,0.083317063748837,low-centre,14.1,54.4,0,171919.0,Mark Flekken,44.0
14566736,2025-11-05,UEFA Champions League,4.0,Home,Bayer 04 Leverkusen,Benfica,Benfica,993101,Samuel Dahl,47,,miss,corner,left-foot,0.022364182397723,0.0,close-right,26.8,40.3,0,171919.0,Mark Flekken,47.0
14566736,2025-11-05,UEFA Champions League,4.0,Home,Bayer 04 Leverkusen,Benfica,Benfica,795236,Vangelis Pavlidis,51,,miss,assisted,left-foot,0.13097849488258,0.0,left,18.2,54.8,0,171919.0,Mark Flekken,51.0
14566736,2025-11-05,UEFA Champions League,4.0,Home,Bayer 04 Leverkusen,Benfica,Benfica,1123925,Georgiy Sudakov,53,,block,assisted,right-foot,0.040575388818979,0.0,low-centre,12.3,36.4,0,171919.0,Mark Flekken,53.0
14566736,2025-11-05,UEFA Champions League,4.0,Home,Bayer 04 Leverkusen,Benfica,Benfica,1015292,Richard Ríos,54,,block,assisted,right-foot,0.022403724491596,0.0,low-centre,17.2,73.6,0,171919.0,Mark Flekken,54.0
14566736,2025-11-05,UEFA Champions League,4.0,Home,Bayer 04 Leverkusen,Benfica,Benfica,823631,Dodi Lukebakio,54,,block,assisted,left-foot,0.02081167884171,0.0,low-centre,14.1,69.7,0,171919.0,Mark Flekken,54.0
14566736,2025-11-05,UEFA Champions League,4.0,Home,Bayer 04 Leverkusen,Benfica,Benfica,228364,Fredrik Aursnes,61,,miss,assisted,right-foot,0.06822331994772,0.0,high-right,23.1,60.7,0,171919.0,Mark Flekken,61.0
14566736,2025-11-05,UEFA Champions League,4.0,Home,Bayer 04 Leverkusen,Bayer 04 Leverkusen,Opponent,280609,Patrik Schick,65,,goal,regular,head,0.074560515582561,0.049062255769968,high-centre,5.7,37.8,0,966616.0,Anatoliy Trubin,65.0
14566736,2025-11-05,UEFA Champions League,4.0,Home,Bayer 04 Leverkusen,Bayer 04 Leverkusen,Opponent,280609,Patrik Schick,65,,save,assisted,left-foot,0.13609781861305,0.19830703735352,high-centre,10.8,35.8,0,966616.0,Anatoliy Trubin,65.0
14566736,2025-11-05,UEFA Champions League,4.0,Home,Bayer 04 Leverkusen,Bayer 04 Leverkusen,Opponent,1407524,Ibrahim Maza,69,,block,assisted,right-foot,0.033449102193117,0.0,low-centre,20.6,45.4,0,966616.0,Anatoliy Trubin,69.0
14566736,2025-11-05,UEFA Champions League,4.0,Home,Bayer 04 Leverkusen,Benfica,Benfica,74915,Nicolás Otamendi,71,,miss,corner,head,0.064050666987896,0.0,close-left,3.8,40.2,0,171919.0,Mark Flekken,71.0
14566736,2025-11-05,UEFA Champions League,4.0,Home,Bayer 04 Leverkusen,Benfica,Benfica,823631,Dodi Lukebakio,74,,block,assisted,left-foot,0.010664609260857,0.0,low-left,23.1,70.9,0,171919.0,Mark Flekken,74.0
14566736,2025-11-05,UEFA Champions League,4.0,Home,Bayer 04 Leverkusen,Benfica,Benfica,1100952,Andreas Schjelderup,85,,block,assisted,right-foot,0.05340313538909,0.0,low-centre,20.6,40.5,0,171919.0,Mark Flekken,85.0
14566736,2025-11-05,UEFA Champions League,4.0,Home,Bayer 04 Leverkusen,Benfica,Benfica,823631,Dodi Lukebakio,86,,miss,assisted,left-foot,0.11239805072546,0.0,right,8.6,57.7,0,171919.0,Mark Flekken,86.0
14566736,2025-11-05,UEFA Champions League,4.0,Home,Bayer 04 Leverkusen,Bayer 04 Leverkusen,Opponent,177177,Alejandro Grimaldo,90,2.0,miss,free-kick,left-foot,0.16807134449482,0.0,close-right,18.6,45.5,0,966616.0,Anatoliy Trubin,92.0
14566736,2025-11-05,UEFA Champions League,4.0,Home,Bayer 04 Leverkusen,Benfica,Benfica,823631,Dodi Lukebakio,90,6.0,save,assisted,left-foot,0.067518346011639,0.39470487833023,high-centre,10.4,44.6,0,171919.0,Mark Flekken,96.0
14131956,2025-11-09,Liga Portugal Betclic,11.0,Home,Casa Pia,Benfica,Benfica,1087316,Enzo Barrenechea,9,,block,regular,left-foot,0.015156892128289,0.0,low-centre,19.7,33.1,0,821628.0,Patrick Sequeira,9.0
14131956,2025-11-09,Liga Portugal Betclic,11.0,Home,Casa Pia,Benfica,Benfica,823631,Dodi Lukebakio,12,,miss,assisted,left-foot,0.014902736991644,0.0,high,13.3,83.8,0,821628.0,Patrick Sequeira,12.0
14131956,2025-11-09,Liga Portugal Betclic,11.0,Home,Casa Pia,Benfica,Benfica,1123925,Georgiy Sudakov,17,,goal,assisted,left-foot,0.1881540119648,0.95987862348557,high-left,9.5,56.9,0,821628.0,Patrick Sequeira,17.0
14131956,2025-11-09,Liga Portugal Betclic,11.0,Home,Casa Pia,Benfica,Benfica,1015292,Richard Ríos,22,,block,assisted,right-foot,0.021153846755624,0.0,low-centre,24.1,65.6,0,821628.0,Patrick Sequeira,22.0
14131956,2025-11-09,Liga Portugal Betclic,11.0,Home,Casa Pia,Benfica,Benfica,795236,Vangelis Pavlidis,27,,block,assisted,right-foot,0.11400536447763,0.0,low-centre,8.8,57.9,0,821628.0,Patrick Sequeira,27.0
14131956,2025-11-09,Liga Portugal Betclic,11.0,Home,Casa Pia,Benfica,Benfica,1015292,Richard Ríos,29,,miss,assisted,left-foot,0.057115714997053,0.0,left,14.8,55.6,0,821628.0,Patrick Sequeira,29.0
14131956,2025-11-09,Liga Portugal Betclic,11.0,Home,Casa Pia,Casa Pia,Opponent,849719,Gaizka Larrazabal,30,,block,assisted,right-foot,0.019031910225749,0.0,low-centre,25.6,37.8,0,966616.0,Anatoliy Trubin,30.0
14131956,2025-11-09,Liga Portugal Betclic,11.0,Home,Casa Pia,Casa Pia,Opponent,1015932,David Sousa,33,,block,corner,head,0.050785526633263,0.0,low-centre,9.2,55.4,0,966616.0,Anatoliy Trubin,33.0
14131956,2025-11-09,Liga Portugal Betclic,11.0,Home,Casa Pia,Benfica,Benfica,1006069,António Silva,35,,block,corner,right-foot,0.040367312729359,0.0,low-left,14.2,50.5,0,821628.0,Patrick Sequeira,35.0
14131956,2025-11-09,Liga Portugal Betclic,11.0,Home,Casa Pia,Casa Pia,Opponent,826054,Jérémy Livolant,39,,save,assisted,right-foot,0.09062584489584,0.076505430042744,low-centre,8.9,32.1,0,966616.0,Anatoliy Trubin,39.0
14131956,2025-11-09,Liga Portugal Betclic,11.0,Home,Casa Pia,Benfica,Benfica,823631,Dodi Lukebakio,40,,save,assisted,left-foot,0.25508838891983,0.36371165513992,low-left,17.2,69.7,0,821628.0,Patrick Sequeira,40.0
14131956,2025-11-09,Liga Portugal Betclic,11.0,Home,Casa Pia,Benfica,Benfica,1015292,Richard Ríos,46,,save,regular,right-foot,0.019526559859514,0.09348414093256,low-right,26.0,65.6,0,821628.0,Patrick Sequeira,46.0
14131956,2025-11-09,Liga Portugal Betclic,11.0,Home,Casa Pia,Benfica,Benfica,983542,Tomás Araújo,45,1.0,block,corner,right-foot,0.020314015448093,0.0,low-centre,15.0,37.5,0,821628.0,Patrick Sequeira,46.0
14131956,2025-11-09,Liga Portugal Betclic,11.0,Home,Casa Pia,Benfica,Benfica,1102791,Amar Dedić,45,1.0,miss,corner,right-foot,0.053065322339535,0.0,right,14.6,59.0,0,821628.0,Patrick Sequeira,46.0
14131956,2025-11-09,Liga Portugal Betclic,11.0,Home,Casa Pia,Benfica,Benfica,1123925,Georgiy Sudakov,51,,save,assisted,right-foot,0.042425967752934,0.066675387322903,low-left,25.3,49.5,0,821628.0,Patrick Sequeira,51.0
14131956,2025-11-09,Liga Portugal Betclic,11.0,Home,Casa Pia,Benfica,Benfica,823631,Dodi Lukebakio,57,,save,assisted,left-foot,0.048497423529625,0.14851716160774,low-left,15.3,70.5,0,821628.0,Patrick Sequeira,57.0
14131956,2025-11-09,Liga Portugal Betclic,11.0,Home,Casa Pia,Benfica,Benfica,1015292,Richard Ríos,58,,block,corner,head,0.06979101151228,0.0,low-right,4.0,59.3,0,821628.0,Patrick Sequeira,58.0
14131956,2025-11-09,Liga Portugal Betclic,11.0,Home,Casa Pia,Benfica,Benfica,795236,Vangelis Pavlidis,60,,goal,penalty,right-foot,0.7884,0.96356642246246,high-centre,11.5,50.0,0,821628.0,Patrick Sequeira,60.0
14131956,2025-11-09,Liga Portugal Betclic,11.0,Home,Casa Pia,Casa Pia,Opponent,826054,Jérémy Livolant,62,,block,assisted,left-foot,0.021893864497542,0.0,low-centre,20.3,35.6,0,966616.0,Anatoliy Trubin,62.0
14131956,2025-11-09,Liga Portugal Betclic,11.0,Home,Casa Pia,Casa Pia,Opponent,983542,Tomás Araújo,65,,goal,set-piece,right-foot,,,high-left,8.5,46.6,0,966616.0,Anatoliy Trubin,65.0
14131956,2025-11-09,Liga Portugal Betclic,11.0,Home,Casa Pia,Casa Pia,Opponent,157023,Cassiano,65,,save,penalty,right-foot,0.7884,0.78893435001373,low-left,11.5,50.0,0,966616.0,Anatoliy Trubin,65.0
14131956,2025-11-09,Liga Portugal Betclic,11.0,Home,Casa Pia,Benfica,Benfica,1123925,Georgiy Sudakov,75,,miss,assisted,right-foot,0.016347151249647,0.0,left,20.4,32.5,0,821628.0,Patrick Sequeira,75.0
14131956,2025-11-09,Liga Portugal Betclic,11.0,Home,Casa Pia,Benfica,Benfica,1201395,Gianluca Prestianni,79,,miss,assisted,right-foot,0.035008318722248,0.0,high-right,23.1,60.1,0,821628.0,Patrick Sequeira,79.0
14131956,2025-11-09,Liga Portugal Betclic,11.0,Home,Casa Pia,Benfica,Benfica,1015292,Richard Ríos,81,,miss,corner,head,0.37272468209267,0.0,left,4.5,48.7,0,821628.0,Patrick Sequeira,81.0
14131956,2025-11-09,Liga Portugal Betclic,11.0,Home,Casa Pia,Casa Pia,Opponent,1067284,Tiago Morais,86,,save,regular,left-foot,0.025093719363213,0.057745203375816,low-left,26.0,45.2,0,966616.0,Anatoliy Trubin,86.0
14131956,2025-11-09,Liga Portugal Betclic,11.0,Home,Casa Pia,Casa Pia,Opponent,2119726,Renato Nhaga,90,1.0,goal,regular,left-foot,0.21780672669411,0.74718821048737,low-left,8.5,47.4,0,966616.0,Anatoliy Trubin,91.0
14131956,2025-11-09,Liga Portugal Betclic,11.0,Home,Casa Pia,Benfica,Benfica,1201395,Gianluca Prestianni,90,5.0,miss,throw-in-set-piece,right-foot,0.047306545078754,0.0,high-right,20.3,55.0,0,821628.0,Patrick Sequeira,95.0
14917422,2025-11-21,Taça de Portugal,4.0,Away,Atletico CP,Atletico CP,Opponent,1417526,Caleb,1,,miss,regular,right-foot,,,close-right,8.0,82.3,0,983550.0,Samuel Soares,1.0
14917422,2025-11-21,Taça de Portugal,4.0,Away,Atletico CP,Atletico CP,Opponent,1161021,João Fernandes,2,,miss,assisted,left-foot,,,close-right,24.7,64.3,0,983550.0,Samuel Soares,2.0
14917422,2025-11-21,Taça de Portugal,4.0,Away,Atletico CP,Atletico CP,Opponent,1417526,Caleb,6,,block,regular,right-foot,,,low-centre,22.0,59.4,0,983550.0,Samuel Soares,6.0
14917422,2025-11-21,Taça de Portugal,4.0,Away,Atletico CP,Atletico CP,Opponent,93164,Ricardo Dias,11,,save,corner,head,,,low-left,4.6,53.9,0,983550.0,Samuel Soares,11.0
14917422,2025-11-21,Taça de Portugal,4.0,Away,Atletico CP,Atletico CP,Opponent,1561720,Délcio Fernandes,11,,block,regular,right-foot,,,low-left,12.2,26.7,0,983550.0,Samuel Soares,11.0
14917422,2025-11-21,Taça de Portugal,4.0,Away,Atletico CP,Benfica,Benfica,1184329,Rodrigo Rego,12,,miss,regular,right-foot,,,right,14.0,55.8,0,1917737.0,Rodrigo Dias,12.0
14917422,2025-11-21,Taça de Portugal,4.0,Away,Atletico CP,Benfica,Benfica,1158353,João Rêgo,18,,block,set-piece,right-foot,,,low-centre,14.4,50.3,0,1917737.0,Rodrigo Dias,18.0
14917422,2025-11-21,Taça de Portugal,4.0,Away,Atletico CP,Benfica,Benfica,1087316,Enzo Barrenechea,18,,block,free-kick,right-foot,,,low-centre,20.8,43.0,0,1917737.0,Rodrigo Dias,18.0
14917422,2025-11-21,Taça de Portugal,4.0,Away,Atletico CP,Benfica,Benfica,1184329,Rodrigo Rego,22,,block,assisted,left-foot,,,low-left,15.0,30.6,0,1917737.0,Rodrigo Dias,22.0
14917422,2025-11-21,Taça de Portugal,4.0,Away,Atletico CP,Benfica,Benfica,1103333,Franjo Ivanović,23,,miss,corner,left-foot,,,close-right,5.8,63.0,0,1917737.0,Rodrigo Dias,23.0
14917422,2025-11-21,Taça de Portugal,4.0,Away,Atletico CP,Atletico CP,Opponent,1561720,Délcio Fernandes,25,,block,assisted,right-foot,,,low-centre,24.0,45.1,0,983550.0,Samuel Soares,25.0
14917422,2025-11-21,Taça de Portugal,4.0,Away,Atletico CP,Benfica,Benfica,1102791,Amar Dedić,29,,save,assisted,right-foot,,,low-left,11.6,68.7,0,1917737.0,Rodrigo Dias,29.0
14917422,2025-11-21,Taça de Portugal,4.0,Away,Atletico CP,Benfica,Benfica,1087316,Enzo Barrenechea,30,,miss,corner,head,,,left,9.2,56.7,0,1917737.0,Rodrigo Dias,30.0
14917422,2025-11-21,Taça de Portugal,4.0,Away,Atletico CP,Benfica,Benfica,1006069,António Silva,30,,miss,corner,right-foot,,,close-high,4.8,49.9,0,1917737.0,Rodrigo Dias,30.0
14917422,2025-11-21,Taça de Portugal,4.0,Away,Atletico CP,Benfica,Benfica,228364,Fredrik Aursnes,32,,block,regular,right-foot,,,low-left,13.0,66.7,0,1917737.0,Rodrigo Dias,32.0
14917422,2025-11-21,Taça de Portugal,4.0,Away,Atletico CP,Benfica,Benfica,1087316,Enzo Barrenechea,38,,miss,regular,right-foot,,,right,26.8,62.4,0,1917737.0,Rodrigo Dias,38.0
14917422,2025-11-21,Taça de Portugal,4.0,Away,Atletico CP,Benfica,Benfica,1103333,Franjo Ivanović,38,,miss,set-piece,right-foot,,,left,10.4,64.0,0,1917737.0,Rodrigo Dias,38.0
14917422,2025-11-21,Taça de Portugal,4.0,Away,Atletico CP,Atletico CP,Opponent,1561720,Délcio Fernandes,40,,save,throw-in-set-piece,right-foot,,,low-left,7.9,38.8,0,983550.0,Samuel Soares,40.0
14917422,2025-11-21,Taça de Portugal,4.0,Away,Atletico CP,Atletico CP,Opponent,2216527,Catarino Pascoal,43,,miss,regular,right-foot,,,high-right,18.1,49.3,0,983550.0,Samuel Soares,43.0
14917422,2025-11-21,Taça de Portugal,4.0,Away,Atletico CP,Benfica,Benfica,1015292,Richard Ríos,46,,miss,assisted,right-foot,,,high,15.1,82.9,0,1917737.0,Rodrigo Dias,46.0
14917422,2025-11-21,Taça de Portugal,4.0,Away,Atletico CP,Benfica,Benfica,1184329,Rodrigo Rego,49,,block,assisted,left-foot,,,low-centre,15.7,46.4,0,1917737.0,Rodrigo Dias,49.0
14917422,2025-11-21,Taça de Portugal,4.0,Away,Atletico CP,Benfica,Benfica,74915,Nicolás Otamendi,51,,miss,corner,head,,,close-right,12.2,51.6,0,1917737.0,Rodrigo Dias,51.0
14917422,2025-11-21,Taça de Portugal,4.0,Away,Atletico CP,Benfica,Benfica,1100952,Andreas Schjelderup,53,,block,assisted,right-foot,,,low-centre,13.4,35.8,0,1917737.0,Rodrigo Dias,53.0
14917422,2025-11-21,Taça de Portugal,4.0,Away,Atletico CP,Benfica,Benfica,993101,Samuel Dahl,54,,block,assisted,left-foot,,,low-centre,24.6,28.6,0,1917737.0,Rodrigo Dias,54.0
14917422,2025-11-21,Taça de Portugal,4.0,Away,Atletico CP,Benfica,Benfica,1184329,Rodrigo Rego,55,,block,assisted,left-foot,,,low-right,15.3,73.8,0,1917737.0,Rodrigo Dias,55.0
14917422,2025-11-21,Taça de Portugal,4.0,Away,Atletico CP,Benfica,Benfica,1015292,Richard Ríos,57,,block,assisted,left-foot,,,low-centre,27.5,51.9,0,1917737.0,Rodrigo Dias,57.0
14917422,2025-11-21,Taça de Portugal,4.0,Away,Atletico CP,Benfica,Benfica,795236,Vangelis Pavlidis,58,,save,corner,right-foot,,,low-left,12.2,60.5,0,1917737.0,Rodrigo Dias,58.0
14917422,2025-11-21,Taça de Portugal,4.0,Away,Atletico CP,Benfica,Benfica,906800,Leandro Barreiro,70,,block,corner,left-foot,,,low-right,22.9,29.2,0,1917737.0,Rodrigo Dias,70.0
14917422,2025-11-21,Taça de Portugal,4.0,Away,Atletico CP,Benfica,Benfica,1015292,Richard Ríos,73,,goal,corner,head,,,low-right,7.5,46.7,0,1917737.0,Rodrigo Dias,73.0
14917422,2025-11-21,Taça de Portugal,4.0,Away,Atletico CP,Benfica,Benfica,1184329,Rodrigo Rego,74,,block,assisted,left-foot,,,low-right,22.7,67.7,0,1917737.0,Rodrigo Dias,74.0
14917422,2025-11-21,Taça de Portugal,4.0,Away,Atletico CP,Benfica,Benfica,795236,Vangelis Pavlidis,77,,goal,penalty,right-foot,,,low-right,11.5,50.0,0,1917737.0,Rodrigo Dias,77.0
14917422,2025-11-21,Taça de Portugal,4.0,Away,Atletico CP,Benfica,Benfica,1100952,Andreas Schjelderup,90,,save,assisted,right-foot,,,high-left,12.7,52.8,0,1917737.0,Rodrigo Dias,90.0
14917422,2025-11-21,Taça de Portugal,4.0,Away,Atletico CP,Benfica,Benfica,1100952,Andreas Schjelderup,90,1.0,block,corner,right-foot,,,low-centre,13.2,57.9,0,1917737.0,Rodrigo Dias,91.0
14917422,2025-11-21,Taça de Portugal,4.0,Away,Atletico CP,Benfica,Benfica,74915,Nicolás Otamendi,90,3.0,save,penalty,right-foot,,,low-left,11.5,50.0,0,1917737.0,Rodrigo Dias,93.0
14566874,2025-11-25,UEFA Champions League,5.0,Away,AFC Ajax,Benfica,Benfica,993101,Samuel Dahl,6,,goal,corner,left-foot,0.066715829074383,0.63833540678024,high-right,13.8,39.5,0,927359.0,Vítězslav Jaroš,6.0
14566874,2025-11-25,UEFA Champions League,5.0,Away,AFC Ajax,Benfica,Benfica,1015292,Richard Ríos,6,,save,corner,head,0.072347886860371,0.282819211483,low-centre,8.3,51.9,0,927359.0,Vítězslav Jaroš,6.0
14566874,2025-11-25,UEFA Champions League,5.0,Away,AFC Ajax,Benfica,Benfica,795236,Vangelis Pavlidis,6,,block,regular,right-foot,0.048262171447277,0.0,low-right,11.0,67.7,0,927359.0,Vítězslav Jaroš,6.0
14566874,2025-11-25,UEFA Champions League,5.0,Away,AFC Ajax,Benfica,Benfica,795236,Vangelis Pavlidis,15,,miss,assisted,left-foot,0.069787062704563,0.0,close-left,11.2,32.3,0,927359.0,Vítězslav Jaroš,15.0
14566874,2025-11-25,UEFA Champions League,5.0,Away,AFC Ajax,Benfica,Benfica,1123925,Georgiy Sudakov,21,,block,free-kick,right-foot,0.058830805122852,0.0,low-centre,22.5,63.1,0,927359.0,Vítězslav Jaroš,21.0
14566874,2025-11-25,UEFA Champions League,5.0,Away,AFC Ajax,Benfica,Benfica,906800,Leandro Barreiro,24,,block,assisted,right-foot,0.040193412452936,0.0,low-centre,14.0,32.1,0,927359.0,Vítězslav Jaroš,24.0
14566874,2025-11-25,UEFA Champions League,5.0,Away,AFC Ajax,AFC Ajax,Opponent,1403090,Rayane Bounida,26,,block,assisted,left-foot,0.025269323959947,0.0,low-left,19.8,70.0,0,966616.0,Anatoliy Trubin,26.0
14566874,2025-11-25,UEFA Champions League,5.0,Away,AFC Ajax,AFC Ajax,Opponent,252215,Wout Weghorst,31,,miss,assisted,head,0.06813021749258,0.0,left,8.6,53.2,0,966616.0,Anatoliy Trubin,31.0
14566874,2025-11-25,UEFA Champions League,5.0,Away,AFC Ajax,AFC Ajax,Opponent,97410,Davy Klaassen,33,,save,assisted,right-foot,0.37791073322296,0.23175485432148,low-centre,4.5,58.5,0,966616.0,Anatoliy Trubin,33.0
14566874,2025-11-25,UEFA Champions League,5.0,Away,AFC Ajax,AFC Ajax,Opponent,1149146,Mika Godts,45,1.0,miss,assisted,right-foot,0.027572387829423,0.0,close-high-right,19.6,31.6,0,966616.0,Anatoliy Trubin,46.0
14566874,2025-11-25,UEFA Champions League,5.0,Away,AFC Ajax,AFC Ajax,Opponent,1403090,Rayane Bounida,50,,save,assisted,left-foot,0.013440958224237,0.012061186134815,high-centre,14.5,74.5,0,966616.0,Anatoliy Trubin,50.0
14566874,2025-11-25,UEFA Champions League,5.0,Away,AFC Ajax,AFC Ajax,Opponent,97410,Davy Klaassen,52,,miss,assisted,right-foot,0.42544141411781,0.0,left,9.7,53.0,0,966616.0,Anatoliy Trubin,52.0
14566874,2025-11-25,UEFA Champions League,5.0,Away,AFC Ajax,Benfica,Benfica,1087316,Enzo Barrenechea,53,,miss,assisted,right-foot,0.032841097563505,0.0,high,23.1,52.1,0,927359.0,Vítězslav Jaroš,53.0
14566874,2025-11-25,UEFA Champions League,5.0,Away,AFC Ajax,Benfica,Benfica,795236,Vangelis Pavlidis,61,,miss,assisted,right-foot,0.039554283022881,0.0,right,23.5,32.5,0,927359.0,Vítězslav Jaroš,61.0
14566874,2025-11-25,UEFA Champions League,5.0,Away,AFC Ajax,Benfica,Benfica,1102791,Amar Dedić,72,,save,fast-break,right-foot,0.12043845653534,0.16321703791618,low-right,10.1,64.6,0,927359.0,Vítězslav Jaroš,72.0
14566874,2025-11-25,UEFA Champions League,5.0,Away,AFC Ajax,AFC Ajax,Opponent,1155158,Oscar Gloukh,77,,save,assisted,left-foot,0.072232313454151,0.27523106336594,low-left,3.3,34.2,0,966616.0,Anatoliy Trubin,77.0
14566874,2025-11-25,UEFA Champions League,5.0,Away,AFC Ajax,Benfica,Benfica,795236,Vangelis Pavlidis,89,,miss,corner,head,0.089915446937084,0.0,close-right,7.7,48.5,0,927359.0,Vítězslav Jaroš,89.0
14566874,2025-11-25,UEFA Champions League,5.0,Away,AFC Ajax,Benfica,Benfica,906800,Leandro Barreiro,90,,goal,fast-break,left-foot,0.53183770179749,0.79644757509232,high-left,12.4,39.1,0,927359.0,Vítězslav Jaroš,90.0
14131968,2025-11-29,Liga Portugal Betclic,12.0,Away,CD Nacional,Benfica,Benfica,74915,Nicolás Otamendi,6,,block,corner,left-foot,0.023229002952576,0.0,low-left,11.1,38.0,0,1167067.0,Kaique,6.0
14131968,2025-11-29,Liga Portugal Betclic,12.0,Away,CD Nacional,Benfica,Benfica,906800,Leandro Barreiro,6,,save,corner,left-foot,0.098832093179226,0.40248635411263,low-centre,4.8,41.3,0,1167067.0,Kaique,6.0
14131968,2025-11-29,Liga Portugal Betclic,12.0,Away,CD Nacional,Benfica,Benfica,795236,Vangelis Pavlidis,6,,miss,corner,right-foot,0.092493511736393,0.0,right,7.7,44.4,0,1167067.0,Kaique,6.0
14131968,2025-11-29,Liga Portugal Betclic,12.0,Away,CD Nacional,Benfica,Benfica,906800,Leandro Barreiro,10,,save,assisted,right-foot,0.03461292013526,0.091629184782505,high-centre,20.0,30.1,0,1167067.0,Kaique,10.0
14131968,2025-11-29,Liga Portugal Betclic,12.0,Away,CD Nacional,Benfica,Benfica,1087316,Enzo Barrenechea,11,,miss,corner,right-foot,0.055383376777172,0.0,close-left,7.1,40.0,0,1167067.0,Kaique,11.0
14131968,2025-11-29,Liga Portugal Betclic,12.0,Away,CD Nacional,Benfica,Benfica,1123925,Georgiy Sudakov,14,,miss,assisted,right-foot,0.019516300410032,0.0,high,27.2,49.9,0,1167067.0,Kaique,14.0
14131968,2025-11-29,Liga Portugal Betclic,12.0,Away,CD Nacional,Benfica,Benfica,1184329,Rodrigo Rego,16,,block,assisted,left-foot,0.023012479767203,0.0,low-centre,20.3,69.5,0,1167067.0,Kaique,16.0
14131968,2025-11-29,Liga Portugal Betclic,12.0,Away,CD Nacional,Benfica,Benfica,1102791,Amar Dedić,18,,miss,assisted,right-foot,0.020621027797461,0.0,high-right,20.4,69.9,0,1167067.0,Kaique,18.0
14131968,2025-11-29,Liga Portugal Betclic,12.0,Away,CD Nacional,Benfica,Benfica,795236,Vangelis Pavlidis,26,,miss,assisted,head,0.099552944302559,0.0,right,8.8,58.5,0,1167067.0,Kaique,26.0
14131968,2025-11-29,Liga Portugal Betclic,12.0,Away,CD Nacional,Benfica,Benfica,228364,Fredrik Aursnes,26,,miss,assisted,right-foot,0.074514679610729,0.0,right,19.5,50.5,0,1167067.0,Kaique,26.0
14131968,2025-11-29,Liga Portugal Betclic,12.0,Away,CD Nacional,Benfica,Benfica,1184329,Rodrigo Rego,29,,block,assisted,left-foot,0.017125226557255,0.0,low-centre,8.8,71.6,0,1167067.0,Kaique,29.0
14131968,2025-11-29,Liga Portugal Betclic,12.0,Away,CD Nacional,Benfica,Benfica,795236,Vangelis Pavlidis,29,,save,assisted,head,0.046201251447201,0.027345169335604,low-centre,9.9,53.8,0,1167067.0,Kaique,29.0
14131968,2025-11-29,Liga Portugal Betclic,12.0,Away,CD Nacional,Benfica,Benfica,1123925,Georgiy Sudakov,33,,save,assisted,right-foot,0.021950813010335,0.023726087063551,low-centre,23.8,54.8,0,1167067.0,Kaique,33.0
14131968,2025-11-29,Liga Portugal Betclic,12.0,Away,CD Nacional,Benfica,Benfica,1184329,Rodrigo Rego,43,,block,regular,left-foot,0.13473416864872,0.0,low-left,14.1,55.6,0,1167067.0,Kaique,43.0
14131968,2025-11-29,Liga Portugal Betclic,12.0,Away,CD Nacional,Benfica,Benfica,228364,Fredrik Aursnes,50,,block,assisted,right-foot,0.017317840829492,0.0,low-centre,19.2,31.7,0,1167067.0,Kaique,50.0
14131968,2025-11-29,Liga Portugal Betclic,12.0,Away,CD Nacional,CD Nacional,Opponent,1640310,Motez Nourani,51,,block,assisted,left-foot,0.021966531872749,0.0,low-centre,26.9,65.2,0,966616.0,Anatoliy Trubin,51.0
14131968,2025-11-29,Liga Portugal Betclic,12.0,Away,CD Nacional,Benfica,Benfica,1184329,Rodrigo Rego,52,,miss,assisted,left-foot,0.020479122176766,0.0,right,23.1,69.1,0,1167067.0,Kaique,52.0
14131968,2025-11-29,Liga Portugal Betclic,12.0,Away,CD Nacional,CD Nacional,Opponent,987597,Jesús Ramírez,53,,save,assisted,right-foot,0.034800682216883,0.13016104698181,high-centre,19.7,43.3,0,966616.0,Anatoliy Trubin,53.0
14131968,2025-11-29,Liga Portugal Betclic,12.0,Away,CD Nacional,CD Nacional,Opponent,912781,Paulinho Bóia,54,,miss,corner,left-foot,0.021645398810506,0.0,left,9.8,73.2,0,966616.0,Anatoliy Trubin,54.0
14131968,2025-11-29,Liga Portugal Betclic,12.0,Away,CD Nacional,Benfica,Benfica,1087316,Enzo Barrenechea,58,,miss,assisted,left-foot,0.060020074248314,0.0,high,17.9,36.7,0,1167067.0,Kaique,58.0
14131968,2025-11-29,Liga Portugal Betclic,12.0,Away,CD Nacional,CD Nacional,Opponent,987597,Jesús Ramírez,60,,goal,assisted,left-foot,0.23066087067127,0.82390463352203,low-left,8.3,41.7,0,966616.0,Anatoliy Trubin,60.0
14131968,2025-11-29,Liga Portugal Betclic,12.0,Away,CD Nacional,Benfica,Benfica,228364,Fredrik Aursnes,63,,miss,corner,right-foot,0.053047880530357,0.0,left,14.2,60.7,0,1167067.0,Kaique,63.0
14131968,2025-11-29,Liga Portugal Betclic,12.0,Away,CD Nacional,Benfica,Benfica,228364,Fredrik Aursnes,63,,block,corner,right-foot,0.019306695088744,0.0,low-left,17.0,62.2,0,1167067.0,Kaique,63.0
14131968,2025-11-29,Liga Portugal Betclic,12.0,Away,CD Nacional,Benfica,Benfica,1006069,António Silva,63,,block,corner,head,0.058945257216692,0.0,low-right,4.4,40.0,0,1167067.0,Kaique,63.0
14131968,2025-11-29,Liga Portugal Betclic,12.0,Away,CD Nacional,Benfica,Benfica,795236,Vangelis Pavlidis,63,,save,assisted,left-foot,0.095154762268066,0.3094407916069,high-left,16.5,48.4,0,1167067.0,Kaique,63.0
14131968,2025-11-29,Liga Portugal Betclic,12.0,Away,CD Nacional,Benfica,Benfica,1103333,Franjo Ivanović,66,,save,assisted,head,0.20344692468643,0.57221478223801,low-left,7.6,54.0,0,1167067.0,Kaique,66.0
14131968,2025-11-29,Liga Portugal Betclic,12.0,Away,CD Nacional,Benfica,Benfica,1102791,Amar Dedić,66,,block,regular,left-foot,0.069304585456848,0.0,low-centre,18.2,55.2,0,1167067.0,Kaique,66.0
14131968,2025-11-29,Liga Portugal Betclic,12.0,Away,CD Nacional,Benfica,Benfica,228364,Fredrik Aursnes,69,,miss,assisted,right-foot,0.022160455584526,0.0,close-right,23.2,45.0,0,1167067.0,Kaique,69.0
14131968,2025-11-29,Liga Portugal Betclic,12.0,Away,CD Nacional,Benfica,Benfica,1006069,António Silva,71,,miss,set-piece,head,0.054049901664257,0.0,left,8.2,43.6,0,1167067.0,Kaique,71.0
14131968,2025-11-29,Liga Portugal Betclic,12.0,Away,CD Nacional,Benfica,Benfica,1102791,Amar Dedić,75,,block,assisted,right-foot,0.090336956083775,0.0,low-centre,3.7,65.8,0,1167067.0,Kaique,75.0
14131968,2025-11-29,Liga Portugal Betclic,12.0,Away,CD Nacional,Benfica,Benfica,1006069,António Silva,76,,miss,assisted,head,0.27788564562798,0.0,close-high,6.7,47.7,0,1167067.0,Kaique,76.0
14131968,2025-11-29,Liga Portugal Betclic,12.0,Away,CD Nacional,Benfica,Benfica,1123925,Georgiy Sudakov,79,,block,assisted,right-foot,0.039100788533688,0.0,low-left,19.1,49.1,0,1167067.0,Kaique,79.0
14131968,2025-11-29,Liga Portugal Betclic,12.0,Away,CD Nacional,CD Nacional,Opponent,786269,Witi,80,,miss,fast-break,left-foot,0.04646260291338,0.0,close-left,19.7,66.4,0,966616.0,Anatoliy Trubin,80.0
14131968,2025-11-29,Liga Portugal Betclic,12.0,Away,CD Nacional,Benfica,Benfica,1201395,Gianluca Prestianni,89,,goal,assisted,right-foot,0.028528230264783,0.45509272813797,high-left,11.7,73.2,0,1167067.0,Kaique,89.0
14131968,2025-11-29,Liga Portugal Betclic,12.0,Away,CD Nacional,Benfica,Benfica,795236,Vangelis Pavlidis,90,5.0,goal,assisted,left-foot,0.5299586057663,0.73321837186813,low-centre,3.8,49.2,0,1167067.0,Kaique,95.0
14131968,2025-11-29,Liga Portugal Betclic,12.0,Away,CD Nacional,CD Nacional,Opponent,822509,Léo Santos,90,9.0,miss,regular,left-foot,0.036965448409319,0.0,close-right,24.8,48.7,0,966616.0,Anatoliy Trubin,99.0
14131973,2025-12-05,Liga Portugal Betclic,13.0,Home,Sporting CP,Sporting CP,Opponent,914213,Luis Javier Suárez,3,,save,regular,right-foot,0.07187856733799,0.11728059500456,low-left,8.5,33.3,0,966616.0,Anatoliy Trubin,3.0
14131973,2025-12-05,Liga Portugal Betclic,13.0,Home,Sporting CP,Sporting CP,Opponent,895764,Pedro Gonçalves,12,,goal,assisted,right-foot,0.40011715888977,0.50763714313507,low-right,15.0,49.7,0,966616.0,Anatoliy Trubin,12.0
14131973,2025-12-05,Liga Portugal Betclic,13.0,Home,Sporting CP,Sporting CP,Opponent,830431,Francisco Trincão,17,,block,assisted,left-foot,0.016064209863544,0.0,low-centre,23.2,72.8,0,966616.0,Anatoliy Trubin,17.0
14131973,2025-12-05,Liga Portugal Betclic,13.0,Home,Sporting CP,Sporting CP,Opponent,929193,Maximiliano Araújo,18,,miss,assisted,left-foot,0.035787761211395,0.0,right,4.0,31.5,0,966616.0,Anatoliy Trubin,18.0
14131973,2025-12-05,Liga Portugal Betclic,13.0,Home,Sporting CP,Benfica,Benfica,1123925,Georgiy Sudakov,22,,miss,free-kick,right-foot,0.0740050598979,0.0,high,25.3,38.3,0,253809.0,Rui Silva,22.0
14131973,2025-12-05,Liga Portugal Betclic,13.0,Home,Sporting CP,Sporting CP,Opponent,929193,Maximiliano Araújo,26,,miss,fast-break,left-foot,0.05380679294467,0.0,left,22.0,51.3,0,966616.0,Anatoliy Trubin,26.0
14131973,2025-12-05,Liga Portugal Betclic,13.0,Home,Sporting CP,Benfica,Benfica,1123925,Georgiy Sudakov,27,,goal,assisted,left-foot,0.45447683334351,0.97529703378677,low-left,1.0,46.8,0,253809.0,Rui Silva,27.0
14131973,2025-12-05,Liga Portugal Betclic,13.0,Home,Sporting CP,Benfica,Benfica,1087316,Enzo Barrenechea,31,,miss,corner,head,0.030643228441477,0.0,close-left,10.5,55.1,0,253809.0,Rui Silva,31.0
14131973,2025-12-05,Liga Portugal Betclic,13.0,Home,Sporting CP,Benfica,Benfica,1102791,Amar Dedić,39,,miss,regular,left-foot,0.10122304409742,0.0,close-right,13.2,59.7,0,253809.0,Rui Silva,39.0
14131973,2025-12-05,Liga Portugal Betclic,13.0,Home,Sporting CP,Benfica,Benfica,906800,Leandro Barreiro,43,,block,assisted,right-foot,0.074430212378502,0.0,low-right,9.9,41.3,0,253809.0,Rui Silva,43.0
14131973,2025-12-05,Liga Portugal Betclic,13.0,Home,Sporting CP,Benfica,Benfica,1102791,Amar Dedić,54,,miss,assisted,right-foot,0.020317431539297,0.0,high,20.4,70.2,0,253809.0,Rui Silva,54.0
14131973,2025-12-05,Liga Portugal Betclic,13.0,Home,Sporting CP,Benfica,Benfica,795236,Vangelis Pavlidis,62,,save,regular,left-foot,0.049614153802395,0.095791861414909,low-left,21.6,46.6,0,253809.0,Rui Silva,62.0
14131973,2025-12-05,Liga Portugal Betclic,13.0,Home,Sporting CP,Benfica,Benfica,228364,Fredrik Aursnes,64,,save,assisted,right-foot,0.018837068229914,0.012998497113585,low-centre,14.2,68.7,0,253809.0,Rui Silva,64.0
14131973,2025-12-05,Liga Portugal Betclic,13.0,Home,Sporting CP,Benfica,Benfica,1123925,Georgiy Sudakov,65,,save,assisted,right-foot,0.06195642799139,0.45225146412849,low-right,22.4,48.8,0,253809.0,Rui Silva,65.0
14131973,2025-12-05,Liga Portugal Betclic,13.0,Home,Sporting CP,Benfica,Benfica,1015292,Richard Ríos,81,,miss,assisted,left-foot,0.03836527094245,0.0,close-left,18.0,64.1,0,253809.0,Rui Silva,81.0
14566737,2025-12-10,UEFA Champions League,6.0,Home,SSC Napoli,Benfica,Benfica,74915,Nicolás Otamendi,6,,miss,set-piece,head,0.071523249149323,0.0,high-right,9.2,48.1,0,356160.0,Vanja Milinković-Savić,6.0
14566737,2025-12-10,UEFA Champions League,6.0,Home,SSC Napoli,Benfica,Benfica,1103333,Franjo Ivanović,11,,save,assisted,right-foot,0.47638374567032,0.61045402288437,high-right,14.5,51.3,0,356160.0,Vanja Milinković-Savić,11.0
14566737,2025-12-10,UEFA Champions League,6.0,Home,SSC Napoli,Benfica,Benfica,228364,Fredrik Aursnes,12,,miss,assisted,right-foot,0.079650446772575,0.0,close-right,8.4,35.4,0,356160.0,Vanja Milinković-Savić,12.0
14566737,2025-12-10,UEFA Champions League,6.0,Home,SSC Napoli,Benfica,Benfica,228364,Fredrik Aursnes,18,,miss,regular,left-foot,0.41411709785461,0.0,close-right,7.7,59.9,0,356160.0,Vanja Milinković-Savić,18.0
14566737,2025-12-10,UEFA Champions League,6.0,Home,SSC Napoli,Benfica,Benfica,1087316,Enzo Barrenechea,19,,miss,throw-in-set-piece,right-foot,0.056401882320642,0.0,right,18.9,36.8,0,356160.0,Vanja Milinković-Savić,19.0
14566737,2025-12-10,UEFA Champions League,6.0,Home,SSC Napoli,Benfica,Benfica,1015292,Richard Ríos,20,,goal,regular,right-foot,0.63867539167404,0.89014571905136,low-right,4.0,47.9,0,356160.0,Vanja Milinković-Savić,20.0
14566737,2025-12-10,UEFA Champions League,6.0,Home,SSC Napoli,Benfica,Benfica,1103333,Franjo Ivanović,20,,block,regular,head,0.087646625936031,0.0,low-centre,8.2,50.5,0,356160.0,Vanja Milinković-Savić,20.0
14566737,2025-12-10,UEFA Champions League,6.0,Home,SSC Napoli,SSC Napoli,Opponent,153257,Giovanni Di Lorenzo,29,,miss,assisted,head,0.097963951528072,0.0,close-left,5.5,56.6,0,966616.0,Anatoliy Trubin,29.0
14566737,2025-12-10,UEFA Champions League,6.0,Home,SSC Napoli,SSC Napoli,Opponent,1086417,Rasmus Højlund,37,,block,assisted,left-foot,0.071377359330654,0.0,low-centre,8.8,36.8,0,966616.0,Anatoliy Trubin,37.0
14566737,2025-12-10,UEFA Champions League,6.0,Home,SSC Napoli,SSC Napoli,Opponent,879346,Scott McTominay,38,,miss,assisted,head,0.099919557571411,0.0,high-left,6.3,44.2,0,966616.0,Anatoliy Trubin,38.0
14566737,2025-12-10,UEFA Champions League,6.0,Home,SSC Napoli,Benfica,Benfica,228364,Fredrik Aursnes,41,,block,fast-break,right-foot,0.038536783307791,0.0,low-left,18.8,63.6,0,356160.0,Vanja Milinković-Savić,41.0
14566737,2025-12-10,UEFA Champions League,6.0,Home,SSC Napoli,Benfica,Benfica,74915,Nicolás Otamendi,42,,miss,corner,right-foot,0.063838288187981,0.0,high,9.2,46.2,0,356160.0,Vanja Milinković-Savić,42.0
14566737,2025-12-10,UEFA Champions League,6.0,Home,SSC Napoli,Benfica,Benfica,74915,Nicolás Otamendi,42,,block,corner,right-foot,0.045809179544449,0.0,high-right,13.2,41.9,0,356160.0,Vanja Milinković-Savić,42.0
14566737,2025-12-10,UEFA Champions League,6.0,Home,SSC Napoli,Benfica,Benfica,906800,Leandro Barreiro,49,,goal,assisted,right-foot,0.13663001358509,0.32196670770645,low-centre,3.8,58.7,0,356160.0,Vanja Milinković-Savić,49.0
14566737,2025-12-10,UEFA Champions League,6.0,Home,SSC Napoli,SSC Napoli,Opponent,870263,Alessandro Buongiorno,49,,save,corner,head,0.006624037399888,0.050837066024542,low-left,7.0,31.8,0,966616.0,Anatoliy Trubin,49.0
14566737,2025-12-10,UEFA Champions League,6.0,Home,SSC Napoli,SSC Napoli,Opponent,332155,Amir Rrahmani,67,,block,corner,head,0.075844995677471,0.0,high-left,8.3,49.7,0,966616.0,Anatoliy Trubin,67.0
14566737,2025-12-10,UEFA Champions League,6.0,Home,SSC Napoli,SSC Napoli,Opponent,879346,Scott McTominay,71,,miss,corner,head,0.10049307346344,0.0,right,8.5,51.9,0,966616.0,Anatoliy Trubin,71.0
14566737,2025-12-10,UEFA Champions League,6.0,Home,SSC Napoli,SSC Napoli,Opponent,850993,David Neres,71,,save,corner,left-foot,0.017580704763532,0.12902064621449,high-centre,21.5,69.9,0,966616.0,Anatoliy Trubin,71.0
14566737,2025-12-10,UEFA Champions League,6.0,Home,SSC Napoli,SSC Napoli,Opponent,875136,Noa Lang,71,,miss,corner,left-foot,0.042258895933628,0.0,right,9.9,36.8,0,966616.0,Anatoliy Trubin,71.0
14566737,2025-12-10,UEFA Champions League,6.0,Home,SSC Napoli,Benfica,Benfica,795236,Vangelis Pavlidis,79,,save,fast-break,right-foot,0.058663371950388,0.36166873574257,low-left,25.4,46.0,0,356160.0,Vanja Milinković-Savić,79.0
14566737,2025-12-10,UEFA Champions League,6.0,Home,SSC Napoli,SSC Napoli,Opponent,1069560,Antonio Vergara,84,,miss,fast-break,left-foot,0.12540750205517,0.0,high-left,8.5,66.2,0,966616.0,Anatoliy Trubin,84.0
14566737,2025-12-10,UEFA Champions League,6.0,Home,SSC Napoli,Benfica,Benfica,795236,Vangelis Pavlidis,84,,save,assisted,right-foot,0.053732335567474,0.056519407778978,high-centre,8.7,27.0,0,356160.0,Vanja Milinković-Savić,84.0
14131986,2025-12-14,Liga Portugal Betclic,14.0,Away,Moreirense,Moreirense,Opponent,1153099,Gilberto Batista,7,,save,corner,head,0.14660137891769,0.11835125088692,high-centre,6.3,52.6,0,966616.0,Anatoliy Trubin,7.0
14131986,2025-12-14,Liga Portugal Betclic,14.0,Away,Moreirense,Moreirense,Opponent,1471229,Landerson,10,,block,fast-break,left-foot,0.069278985261917,0.0,low-left,9.9,34.6,0,966616.0,Anatoliy Trubin,10.0
14131986,2025-12-14,Liga Portugal Betclic,14.0,Away,Moreirense,Moreirense,Opponent,1166006,Mateja Stjepanović,16,,miss,corner,right-foot,0.04609128087759,0.0,right,18.8,49.5,0,966616.0,Anatoliy Trubin,16.0
14131986,2025-12-14,Liga Portugal Betclic,14.0,Away,Moreirense,Moreirense,Opponent,1006995,Vasco Sousa,18,,block,regular,right-foot,0.083181649446487,0.0,low-left,11.3,57.0,0,966616.0,Anatoliy Trubin,18.0
14131986,2025-12-14,Liga Portugal Betclic,14.0,Away,Moreirense,Benfica,Benfica,1123925,Georgiy Sudakov,21,,block,assisted,head,0.10567742586136,0.0,low-centre,4.8,40.9,0,788197.0,André Ferreira,21.0
14131986,2025-12-14,Liga Portugal Betclic,14.0,Away,Moreirense,Moreirense,Opponent,1153099,Gilberto Batista,26,,block,set-piece,right-foot,0.017904603853822,0.0,low-left,12.2,67.1,0,966616.0,Anatoliy Trubin,26.0
14131986,2025-12-14,Liga Portugal Betclic,14.0,Away,Moreirense,Benfica,Benfica,795236,Vangelis Pavlidis,36,,goal,corner,head,0.056024126708508,0.62199431657791,low-left,10.8,47.4,0,788197.0,André Ferreira,36.0
14131986,2025-12-14,Liga Portugal Betclic,14.0,Away,Moreirense,Benfica,Benfica,795236,Vangelis Pavlidis,36,,block,assisted,right-foot,0.065954655408859,0.0,low-centre,12.2,61.5,0,788197.0,André Ferreira,36.0
14131986,2025-12-14,Liga Portugal Betclic,14.0,Away,Moreirense,Benfica,Benfica,983542,Tomás Araújo,42,,save,corner,head,0.044464584439993,0.07124587893486,high-centre,9.5,47.2,0,788197.0,André Ferreira,42.0
14131986,2025-12-14,Liga Portugal Betclic,14.0,Away,Moreirense,Moreirense,Opponent,845811,Bernardo Martins,45,1.0,miss,assisted,right-foot,0.039846044033766,0.0,high,21.9,68.3,0,966616.0,Anatoliy Trubin,46.0
14131986,2025-12-14,Liga Portugal Betclic,14.0,Away,Moreirense,Moreirense,Opponent,1142578,Diogo Travassos,47,,block,corner,left-foot,0.0086540440097451,0.0,low-left,18.4,72.2,0,966616.0,Anatoliy Trubin,47.0
14131986,2025-12-14,Liga Portugal Betclic,14.0,Away,Moreirense,Benfica,Benfica,795236,Vangelis Pavlidis,57,,goal,assisted,right-foot,0.048862807452679,0.65846127271652,high-right,13.4,38.9,0,788197.0,André Ferreira,57.0
14131986,2025-12-14,Liga Portugal Betclic,14.0,Away,Moreirense,Moreirense,Opponent,845811,Bernardo Martins,63,,save,assisted,left-foot,0.031597405672073,0.038990344852209,low-left,21.5,64.2,0,966616.0,Anatoliy Trubin,63.0
14131986,2025-12-14,Liga Portugal Betclic,14.0,Away,Moreirense,Benfica,Benfica,795236,Vangelis Pavlidis,70,,goal,regular,left-foot,0.25153857469559,0.31557071208954,low-right,13.0,41.1,0,788197.0,André Ferreira,70.0
14131986,2025-12-14,Liga Portugal Betclic,14.0,Away,Moreirense,Moreirense,Opponent,1142578,Diogo Travassos,73,,block,assisted,left-foot,0.022112006321549,0.0,low-right,12.6,67.1,0,966616.0,Anatoliy Trubin,73.0
14131986,2025-12-14,Liga Portugal Betclic,14.0,Away,Moreirense,Benfica,Benfica,228364,Fredrik Aursnes,76,,goal,regular,right-foot,0.13091364502907,0.4264203608036,high-right,17.8,67.4,0,788197.0,André Ferreira,76.0
14131986,2025-12-14,Liga Portugal Betclic,14.0,Away,Moreirense,Moreirense,Opponent,1142578,Diogo Travassos,79,,block,free-kick,right-foot,0.041858900338411,0.0,low-centre,26.5,56.2,0,966616.0,Anatoliy Trubin,79.0
14131986,2025-12-14,Liga Portugal Betclic,14.0,Away,Moreirense,Benfica,Benfica,1103333,Franjo Ivanović,80,,miss,assisted,left-foot,0.063148364424706,0.0,close-left,6.7,29.6,0,788197.0,André Ferreira,80.0
14131986,2025-12-14,Liga Portugal Betclic,14.0,Away,Moreirense,Benfica,Benfica,1184329,Rodrigo Rego,81,,miss,assisted,left-foot,0.080241277813911,0.0,close-left,22.0,52.6,0,788197.0,André Ferreira,81.0
14131986,2025-12-14,Liga Portugal Betclic,14.0,Away,Moreirense,Benfica,Benfica,1100952,Andreas Schjelderup,90,2.0,block,fast-break,right-foot,0.14978182315826,0.0,low-centre,12.8,39.1,0,788197.0,André Ferreira,92.0
15150335,2025-12-17,Taça de Portugal,5.0,Away,SC Farense,SC Farense,Opponent,1890492,Gio Almeida,3,,save,corner,head,,,high-right,4.3,58.6,0,983550.0,Samuel Soares,3.0
15150335,2025-12-17,Taça de Portugal,5.0,Away,SC Farense,Benfica,Benfica,993101,Samuel Dahl,6,,block,corner,left-foot,,,low-centre,26.9,51.3,0,856803.0,Jakob Tånnander,6.0
15150335,2025-12-17,Taça de Portugal,5.0,Away,SC Farense,Benfica,Benfica,1015292,Richard Ríos,6,,block,free-kick,right-foot,,,low-centre,19.4,75.3,0,856803.0,Jakob Tånnander,6.0
15150335,2025-12-17,Taça de Portugal,5.0,Away,SC Farense,SC Farense,Opponent,845782,Rui Costa,7,,save,assisted,right-foot,,,high-right,35.0,32.1,0,983550.0,Samuel Soares,7.0
15150335,2025-12-17,Taça de Portugal,5.0,Away,SC Farense,Benfica,Benfica,1015292,Richard Ríos,11,,goal,set-piece,right-foot,,,low-right,8.3,41.9,0,856803.0,Jakob Tånnander,11.0
15150335,2025-12-17,Taça de Portugal,5.0,Away,SC Farense,Benfica,Benfica,1100952,Andreas Schjelderup,21,,block,assisted,left-foot,,,low-left,13.0,35.9,0,856803.0,Jakob Tånnander,21.0
15150335,2025-12-17,Taça de Portugal,5.0,Away,SC Farense,Benfica,Benfica,1100952,Andreas Schjelderup,25,,save,assisted,right-foot,,,low-left,11.8,39.7,0,856803.0,Jakob Tånnander,25.0
15150335,2025-12-17,Taça de Portugal,5.0,Away,SC Farense,Benfica,Benfica,74915,Nicolás Otamendi,28,,save,penalty,right-foot,,,low-right,11.5,50.0,0,856803.0,Jakob Tånnander,28.0
15150335,2025-12-17,Taça de Portugal,5.0,Away,SC Farense,SC Farense,Opponent,829583,Jaiminho,38,,miss,set-piece,head,,,high,11.6,54.6,0,983550.0,Samuel Soares,38.0
15150335,2025-12-17,Taça de Portugal,5.0,Away,SC Farense,Benfica,Benfica,1201395,Gianluca Prestianni,42,,miss,assisted,right-foot,,,high-right,14.7,47.9,0,856803.0,Jakob Tånnander,42.0
15150335,2025-12-17,Taça de Portugal,5.0,Away,SC Farense,Benfica,Benfica,1100952,Andreas Schjelderup,45,4.0,miss,free-kick,right-foot,,,close-left,22.6,43.9,0,856803.0,Jakob Tånnander,49.0
15150335,2025-12-17,Taça de Portugal,5.0,Away,SC Farense,Benfica,Benfica,1015292,Richard Ríos,51,,miss,free-kick,right-foot,,,close-high-right,17.7,48.5,0,856803.0,Jakob Tånnander,51.0
15150335,2025-12-17,Taça de Portugal,5.0,Away,SC Farense,SC Farense,Opponent,845782,Rui Costa,45,6.0,miss,assisted,right-foot,,,high,27.2,27.7,0,983550.0,Samuel Soares,51.0
15150335,2025-12-17,Taça de Portugal,5.0,Away,SC Farense,Benfica,Benfica,1103333,Franjo Ivanović,56,,goal,regular,right-foot,,,low-centre,3.6,52.6,0,856803.0,Jakob Tånnander,56.0
15150335,2025-12-17,Taça de Portugal,5.0,Away,SC Farense,Benfica,Benfica,993101,Samuel Dahl,56,,save,assisted,left-foot,,,low-centre,14.9,28.6,0,856803.0,Jakob Tånnander,56.0
15150335,2025-12-17,Taça de Portugal,5.0,Away,SC Farense,Benfica,Benfica,1103333,Franjo Ivanović,61,,miss,corner,head,,,left,6.9,52.8,0,856803.0,Jakob Tånnander,61.0
15150335,2025-12-17,Taça de Portugal,5.0,Away,SC Farense,SC Farense,Opponent,845782,Rui Costa,62,,block,fast-break,right-foot,,,low-centre,12.7,78.6,0,966616.0,Anatoliy Trubin,62.0
15150335,2025-12-17,Taça de Portugal,5.0,Away,SC Farense,Benfica,Benfica,1201395,Gianluca Prestianni,71,,miss,assisted,right-foot,,,close-right,21.6,57.7,0,856803.0,Jakob Tånnander,71.0
15150335,2025-12-17,Taça de Portugal,5.0,Away,SC Farense,SC Farense,Opponent,893536,Diego Dorregaray,79,,miss,assisted,head,,,left,10.5,58.2,0,966616.0,Anatoliy Trubin,79.0
15150335,2025-12-17,Taça de Portugal,5.0,Away,SC Farense,SC Farense,Opponent,941314,Bruno Almeida,86,,miss,set-piece,left-foot,,,high,21.3,32.5,0,966616.0,Anatoliy Trubin,86.0
15150335,2025-12-17,Taça de Portugal,5.0,Away,SC Farense,SC Farense,Opponent,924860,Franco Romero,90,5.0,save,corner,right-foot,,,high-right,14.6,70.4,0,966616.0,Anatoliy Trubin,95.0
15150335,2025-12-17,Taça de Portugal,5.0,Away,SC Farense,SC Farense,Opponent,1862608,Rafinha,90,5.0,block,corner,left-foot,,,low-centre,22.7,38.8,0,966616.0,Anatoliy Trubin,95.0
14288840,2025-12-22,Liga Portugal Betclic,15.0,Home,Famalicão,Benfica,Benfica,1123925,Georgiy Sudakov,11,,save,assisted,right-foot,0.014684047549963,0.21787111461163,high-right,25.9,35.4,0,886204.0,Lazar Carević,11.0
14288840,2025-12-22,Liga Portugal Betclic,15.0,Home,Famalicão,Benfica,Benfica,795236,Vangelis Pavlidis,20,,miss,assisted,left-foot,0.049774687737226,0.0,high-left,8.2,29.2,0,886204.0,Lazar Carević,20.0
14288840,2025-12-22,Liga Portugal Betclic,15.0,Home,Famalicão,Benfica,Benfica,993101,Samuel Dahl,25,,save,assisted,left-foot,0.033684961497784,0.11825584620237,low-right,7.7,31.5,0,886204.0,Lazar Carević,25.0
14288840,2025-12-22,Liga Portugal Betclic,15.0,Home,Famalicão,Benfica,Benfica,795236,Vangelis Pavlidis,34,,goal,penalty,right-foot,0.7884,0.98532944917679,high-right,11.5,50.0,0,886204.0,Lazar Carević,34.0
14288840,2025-12-22,Liga Portugal Betclic,15.0,Home,Famalicão,Famalicão,Opponent,836676,Tom Van De Looi,45,3.0,block,assisted,right-foot,0.024632945656776,0.0,low-centre,21.3,66.4,0,966616.0,Anatoliy Trubin,48.0
14288840,2025-12-22,Liga Portugal Betclic,15.0,Home,Famalicão,Benfica,Benfica,228364,Fredrik Aursnes,45,5.0,block,set-piece,head,0.020685058087111,0.0,low-right,11.1,58.9,0,886204.0,Lazar Carević,50.0
14288840,2025-12-22,Liga Portugal Betclic,15.0,Home,Famalicão,Benfica,Benfica,1102791,Amar Dedić,51,,miss,assisted,left-foot,0.059814531356096,0.0,close-left,20.0,50.5,0,886204.0,Lazar Carević,51.0
14288840,2025-12-22,Liga Portugal Betclic,15.0,Home,Famalicão,Famalicão,Opponent,1606013,Yassir Zabiri,57,,save,assisted,left-foot,0.02239903062582,0.031822599470615,low-centre,23.6,57.0,0,966616.0,Anatoliy Trubin,57.0
14288840,2025-12-22,Liga Portugal Betclic,15.0,Home,Famalicão,Benfica,Benfica,228364,Fredrik Aursnes,65,,save,assisted,right-foot,0.20668449997902,0.22074192762375,low-right,9.4,63.6,0,886204.0,Lazar Carević,65.0
14288840,2025-12-22,Liga Portugal Betclic,15.0,Home,Famalicão,Benfica,Benfica,1006069,António Silva,66,,save,corner,head,0.038629997521639,0.15131339430809,low-right,10.8,53.3,0,886204.0,Lazar Carević,66.0
14288840,2025-12-22,Liga Portugal Betclic,15.0,Home,Famalicão,Famalicão,Opponent,1105595,Sorriso,67,,miss,regular,head,0.076675429940224,0.0,right,10.1,58.1,0,966616.0,Anatoliy Trubin,67.0
14288840,2025-12-22,Liga Portugal Betclic,15.0,Home,Famalicão,Famalicão,Opponent,1563665,Gustavo Sá,67,,save,regular,right-foot,0.086186170578003,0.39505937695503,high-centre,14.4,64.2,0,966616.0,Anatoliy Trubin,67.0
14288840,2025-12-22,Liga Portugal Betclic,15.0,Home,Famalicão,Benfica,Benfica,1201395,Gianluca Prestianni,78,,save,assisted,right-foot,0.052909504622221,0.28213736414909,high-centre,10.1,70.1,0,886204.0,Lazar Carević,78.0
14288840,2025-12-22,Liga Portugal Betclic,15.0,Home,Famalicão,Benfica,Benfica,1184329,Rodrigo Rego,83,,block,assisted,left-foot,0.015261945314705,0.0,low-left,27.4,49.3,0,886204.0,Lazar Carević,83.0
14288915,2025-12-28,Liga Portugal Betclic,16.0,Away,Sporting Braga,Sporting Braga,Opponent,314380,Ricardo Horta,6,,miss,assisted,right-foot,0.024070829153061,0.0,close-right,21.8,71.1,0,966616.0,Anatoliy Trubin,6.0
14288915,2025-12-28,Liga Portugal Betclic,16.0,Away,Sporting Braga,Sporting Braga,Opponent,887754,Vítor Carvalho,7,,save,corner,head,0.18339654803276,0.66617602109909,high-centre,4.9,52.8,0,966616.0,Anatoliy Trubin,7.0
14288915,2025-12-28,Liga Portugal Betclic,16.0,Away,Sporting Braga,Sporting Braga,Opponent,6562,João Moutinho,7,,miss,corner,right-foot,0.23539331555367,0.0,high,6.6,48.1,0,966616.0,Anatoliy Trubin,7.0
14288915,2025-12-28,Liga Portugal Betclic,16.0,Away,Sporting Braga,Sporting Braga,Opponent,966575,Rodrigo Zalazar,13,,block,assisted,right-foot,0.022731931880116,0.0,low-centre,23.4,55.2,0,966616.0,Anatoliy Trubin,13.0
14288915,2025-12-28,Liga Portugal Betclic,16.0,Away,Sporting Braga,Sporting Braga,Opponent,314380,Ricardo Horta,16,,block,free-kick,right-foot,0.034777779132128,0.0,low-left,4.9,17.8,0,966616.0,Anatoliy Trubin,16.0
14288915,2025-12-28,Liga Portugal Betclic,16.0,Away,Sporting Braga,Benfica,Benfica,1015292,Richard Ríos,26,,miss,assisted,right-foot,0.067961364984512,0.0,high,19.1,61.3,0,963744.0,Lukáš Horníček,26.0
14288915,2025-12-28,Liga Portugal Betclic,16.0,Away,Sporting Braga,Benfica,Benfica,74915,Nicolás Otamendi,29,,goal,set-piece,head,0.08820915967226,0.63849896192551,low-right,9.1,51.7,0,963744.0,Lukáš Horníček,29.0
14288915,2025-12-28,Liga Portugal Betclic,16.0,Away,Sporting Braga,Sporting Braga,Opponent,1396015,Mario Dorgeles,35,,block,assisted,head,0.024177920073271,0.0,low-centre,13.1,52.4,0,966616.0,Anatoliy Trubin,35.0
14288915,2025-12-28,Liga Portugal Betclic,16.0,Away,Sporting Braga,Sporting Braga,Opponent,966575,Rodrigo Zalazar,38,,goal,penalty,right-foot,0.7884,0.8024976849556,low-right,11.5,50.0,0,966616.0,Anatoliy Trubin,38.0
14288915,2025-12-28,Liga Portugal Betclic,16.0,Away,Sporting Braga,Benfica,Benfica,1015292,Richard Ríos,40,,miss,assisted,right-foot,0.016707789152861,0.0,high,28.7,51.9,0,963744.0,Lukáš Horníček,40.0
14288915,2025-12-28,Liga Portugal Betclic,16.0,Away,Sporting Braga,Sporting Braga,Opponent,1031567,Pau Víctor,45,1.0,goal,regular,right-foot,0.27548971772194,0.77049297094345,low-left,4.6,60.5,0,966616.0,Anatoliy Trubin,46.0
14288915,2025-12-28,Liga Portugal Betclic,16.0,Away,Sporting Braga,Sporting Braga,Opponent,6562,João Moutinho,52,,block,assisted,right-foot,0.016747616231441,0.0,low-centre,23.7,30.1,0,966616.0,Anatoliy Trubin,52.0
14288915,2025-12-28,Liga Portugal Betclic,16.0,Away,Sporting Braga,Sporting Braga,Opponent,1396015,Mario Dorgeles,52,,miss,regular,left-foot,0.051999624818563,0.0,left,17.5,65.3,0,966616.0,Anatoliy Trubin,52.0
14288915,2025-12-28,Liga Portugal Betclic,16.0,Away,Sporting Braga,Benfica,Benfica,228364,Fredrik Aursnes,53,,goal,fast-break,right-foot,0.050544928759336,0.42984330654144,high-left,20.7,63.8,0,963744.0,Lukáš Horníček,53.0
14288915,2025-12-28,Liga Portugal Betclic,16.0,Away,Sporting Braga,Benfica,Benfica,983542,Tomás Araújo,56,,save,regular,right-foot,0.16150268912315,0.57487112283707,high-right,7.0,62.6,0,963744.0,Lukáš Horníček,56.0
14288915,2025-12-28,Liga Portugal Betclic,16.0,Away,Sporting Braga,Benfica,Benfica,795236,Vangelis Pavlidis,57,,save,corner,head,0.047190334647894,0.29104426503181,high-right,9.2,47.7,0,963744.0,Lukáš Horníček,57.0
14288915,2025-12-28,Liga Portugal Betclic,16.0,Away,Sporting Braga,Benfica,Benfica,983542,Tomás Araújo,70,,miss,corner,head,0.11698608845472,0.0,close-high-right,7.4,47.4,0,963744.0,Lukáš Horníček,70.0
14288915,2025-12-28,Liga Portugal Betclic,16.0,Away,Sporting Braga,Benfica,Benfica,993101,Samuel Dahl,70,,save,assisted,left-foot,0.068949349224567,0.20704507827759,low-left,9.0,30.7,0,963744.0,Lukáš Horníček,70.0
14288915,2025-12-28,Liga Portugal Betclic,16.0,Away,Sporting Braga,Benfica,Benfica,1015292,Richard Ríos,74,,save,assisted,right-foot,0.077858008444309,0.048124276101589,low-centre,14.1,64.6,0,963744.0,Lukáš Horníček,74.0
14288915,2025-12-28,Liga Portugal Betclic,16.0,Away,Sporting Braga,Benfica,Benfica,228364,Fredrik Aursnes,80,,miss,assisted,left-foot,0.25804990530014,0.0,close-left,9.8,43.2,0,963744.0,Lukáš Horníček,80.0
14288915,2025-12-28,Liga Portugal Betclic,16.0,Away,Sporting Braga,Sporting Braga,Opponent,914772,Fran Navarro,83,,miss,assisted,head,0.085769645869732,0.0,right,8.6,49.5,0,966616.0,Anatoliy Trubin,83.0
14288915,2025-12-28,Liga Portugal Betclic,16.0,Away,Sporting Braga,Benfica,Benfica,1015292,Richard Ríos,86,,miss,assisted,right-foot,0.013345173560083,0.0,close-high-right,21.4,80.4,0,963744.0,Lukáš Horníček,86.0
14288915,2025-12-28,Liga Portugal Betclic,16.0,Away,Sporting Braga,Benfica,Benfica,1201395,Gianluca Prestianni,87,,block,regular,right-foot,0.047712232917547,0.0,low-centre,9.5,31.3,0,963744.0,Lukáš Horníček,87.0
14288915,2025-12-28,Liga Portugal Betclic,16.0,Away,Sporting Braga,Benfica,Benfica,795236,Vangelis Pavlidis,90,1.0,miss,assisted,left-foot,0.063457205891609,0.0,high-left,10.5,65.4,0,963744.0,Lukáš Horníček,91.0
14288915,2025-12-28,Liga Portugal Betclic,16.0,Away,Sporting Braga,Benfica,Benfica,1015292,Richard Ríos,90,2.0,miss,corner,head,0.14660137891769,0.0,left,6.5,51.0,0,963744.0,Lukáš Horníček,92.0
14288921,2026-01-03,Liga Portugal Betclic,17.0,Home,Estoril Praia,Estoril Praia,Opponent,834247,Pedro Amaral,2,,miss,regular,head,0.049182485789061,0.0,close-left,7.6,37.2,0,966616.0,Anatoliy Trubin,2.0
14288921,2026-01-03,Liga Portugal Betclic,17.0,Home,Estoril Praia,Estoril Praia,Opponent,930246,Yanis Begraoui,2,,save,assisted,right-foot,0.10115379095078,0.52807515859604,low-left,9.2,56.2,0,966616.0,Anatoliy Trubin,2.0
14288921,2026-01-03,Liga Portugal Betclic,17.0,Home,Estoril Praia,Benfica,Benfica,1123925,Georgiy Sudakov,8,,block,throw-in-set-piece,left-foot,0.03391133248806,0.0,low-centre,19.1,46.2,0,93796.0,Joel Robles,8.0
14288921,2026-01-03,Liga Portugal Betclic,17.0,Home,Estoril Praia,Benfica,Benfica,1123925,Georgiy Sudakov,9,,miss,assisted,right-foot,0.024907348677516,0.0,high,24.4,61.1,0,93796.0,Joel Robles,9.0
14288921,2026-01-03,Liga Portugal Betclic,17.0,Home,Estoril Praia,Estoril Praia,Opponent,929894,Alejandro Marqués,18,,save,regular,right-foot,0.1427266150713,0.23913562297821,low-right,5.0,65.6,0,966616.0,Anatoliy Trubin,18.0
14288921,2026-01-03,Liga Portugal Betclic,17.0,Home,Estoril Praia,Estoril Praia,Opponent,929894,Alejandro Marqués,18,,block,fast-break,left-foot,0.078573897480965,0.0,low-centre,10.1,64.2,0,966616.0,Anatoliy Trubin,18.0
14288921,2026-01-03,Liga Portugal Betclic,17.0,Home,Estoril Praia,Estoril Praia,Opponent,877920,Jandro Orellana,19,,block,corner,right-foot,0.034243669360876,0.0,low-centre,18.9,46.2,0,966616.0,Anatoliy Trubin,19.0
14288921,2026-01-03,Liga Portugal Betclic,17.0,Home,Estoril Praia,Benfica,Benfica,795236,Vangelis Pavlidis,22,,miss,assisted,head,0.17238110303879,0.0,high,6.6,51.7,0,93796.0,Joel Robles,22.0
14288921,2026-01-03,Liga Portugal Betclic,17.0,Home,Estoril Praia,Benfica,Benfica,1201395,Gianluca Prestianni,25,,block,assisted,right-foot,0.050805680453777,0.0,low-centre,15.7,69.5,0,93796.0,Joel Robles,25.0
14288921,2026-01-03,Liga Portugal Betclic,17.0,Home,Estoril Praia,Benfica,Benfica,983542,Tomás Araújo,26,,block,corner,right-foot,0.085384353995323,0.0,low-centre,8.2,54.4,0,93796.0,Joel Robles,26.0
14288921,2026-01-03,Liga Portugal Betclic,17.0,Home,Estoril Praia,Benfica,Benfica,1015292,Richard Ríos,26,,block,corner,head,0.054184105247259,0.0,low-right,6.4,42.8,0,93796.0,Joel Robles,26.0
14288921,2026-01-03,Liga Portugal Betclic,17.0,Home,Estoril Praia,Benfica,Benfica,1085740,Manu Silva,26,,miss,corner,right-foot,0.053454793989658,0.0,left,13.2,48.9,0,93796.0,Joel Robles,26.0
14288921,2026-01-03,Liga Portugal Betclic,17.0,Home,Estoril Praia,Benfica,Benfica,1201395,Gianluca Prestianni,28,,block,assisted,right-foot,0.077643059194088,0.0,low-right,11.3,61.0,0,93796.0,Joel Robles,28.0
14288921,2026-01-03,Liga Portugal Betclic,17.0,Home,Estoril Praia,Benfica,Benfica,795236,Vangelis Pavlidis,34,,goal,penalty,right-foot,0.7884,0.63239479064941,low-left,11.5,50.0,0,93796.0,Joel Robles,34.0
14288921,2026-01-03,Liga Portugal Betclic,17.0,Home,Estoril Praia,Benfica,Benfica,1201395,Gianluca Prestianni,36,,block,fast-break,left-foot,0.084048449993134,0.0,low-right,9.4,34.6,0,93796.0,Joel Robles,36.0
14288921,2026-01-03,Liga Portugal Betclic,17.0,Home,Estoril Praia,Benfica,Benfica,1123925,Georgiy Sudakov,41,,block,assisted,right-foot,0.018336199223995,0.0,low-centre,25.9,37.6,0,93796.0,Joel Robles,41.0
14288921,2026-01-03,Liga Portugal Betclic,17.0,Home,Estoril Praia,Benfica,Benfica,795236,Vangelis Pavlidis,45,1.0,goal,assisted,right-foot,0.1971720457077,0.34595468640327,low-right,12.7,31.8,0,93796.0,Joel Robles,46.0
14288921,2026-01-03,Liga Portugal Betclic,17.0,Home,Estoril Praia,Benfica,Benfica,1102791,Amar Dedić,48,,block,assisted,right-foot,0.037319384515285,0.0,low-centre,11.0,69.6,0,93796.0,Joel Robles,48.0
14288921,2026-01-03,Liga Portugal Betclic,17.0,Home,Estoril Praia,Benfica,Benfica,1201395,Gianluca Prestianni,48,,miss,regular,right-foot,0.014164580032229,0.0,left,29.9,55.0,0,93796.0,Joel Robles,48.0
14288921,2026-01-03,Liga Portugal Betclic,17.0,Home,Estoril Praia,Estoril Praia,Opponent,548044,João Carvalho,45,3.0,goal,assisted,right-foot,0.12372571229935,0.89093101024628,high-left,13.8,52.8,0,966616.0,Anatoliy Trubin,48.0
14288921,2026-01-03,Liga Portugal Betclic,17.0,Home,Estoril Praia,Benfica,Benfica,1123925,Georgiy Sudakov,53,,block,assisted,right-foot,0.055051498115063,0.0,low-centre,21.3,49.3,0,93796.0,Joel Robles,53.0
14288921,2026-01-03,Liga Portugal Betclic,17.0,Home,Estoril Praia,Estoril Praia,Opponent,930246,Yanis Begraoui,66,,miss,regular,right-foot,0.072976045310497,0.0,close-right,8.9,69.1,0,966616.0,Anatoliy Trubin,66.0
14288921,2026-01-03,Liga Portugal Betclic,17.0,Home,Estoril Praia,Estoril Praia,Opponent,548044,João Carvalho,68,,miss,assisted,right-foot,0.021802110597491,0.0,close-high,23.6,65.6,0,966616.0,Anatoliy Trubin,68.0
14288921,2026-01-03,Liga Portugal Betclic,17.0,Home,Estoril Praia,Benfica,Benfica,1123925,Georgiy Sudakov,71,,miss,free-kick,right-foot,0.043891467154026,0.0,close-left,27.1,43.2,0,93796.0,Joel Robles,71.0
14288921,2026-01-03,Liga Portugal Betclic,17.0,Home,Estoril Praia,Benfica,Benfica,983542,Tomás Araújo,76,,miss,corner,head,0.070848822593689,0.0,close-right,8.9,54.7,0,93796.0,Joel Robles,76.0
14288921,2026-01-03,Liga Portugal Betclic,17.0,Home,Estoril Praia,Benfica,Benfica,1015292,Richard Ríos,76,,block,corner,right-foot,0.072486124932766,0.0,low-centre,12.9,41.5,0,93796.0,Joel Robles,76.0
14288921,2026-01-03,Liga Portugal Betclic,17.0,Home,Estoril Praia,Benfica,Benfica,795236,Vangelis Pavlidis,80,,goal,regular,right-foot,0.27627971768379,0.90140235424042,low-right,2.3,54.0,0,93796.0,Joel Robles,80.0
14288921,2026-01-03,Liga Portugal Betclic,17.0,Home,Estoril Praia,Benfica,Benfica,1117723,Sidny Lopes Cabral,88,,miss,free-kick,left-foot,0.055782753974199,0.0,close-high,19.4,69.6,0,93796.0,Joel Robles,88.0
14288921,2026-01-03,Liga Portugal Betclic,17.0,Home,Estoril Praia,Estoril Praia,Opponent,994532,Antef Tsoungui,90,3.0,save,set-piece,left-foot,0.013080291450024,0.038057446479797,low-left,25.3,46.4,0,966616.0,Anatoliy Trubin,93.0
15014414,2026-01-07,Taca da Liga,28.0,Home,Sporting Braga,Benfica,Benfica,795236,Vangelis Pavlidis,4,,save,assisted,left-foot,,,low-centre,5.4,51.9,0,963744.0,Lukáš Horníček,4.0
15014414,2026-01-07,Taca da Liga,28.0,Home,Sporting Braga,Benfica,Benfica,1123925,Georgiy Sudakov,5,,save,regular,left-foot,,,low-centre,8.0,46.1,0,963744.0,Lukáš Horníček,5.0
15014414,2026-01-07,Taca da Liga,28.0,Home,Sporting Braga,Sporting Braga,Opponent,966575,Rodrigo Zalazar,12,,block,free-kick,right-foot,,,low-centre,17.7,26.2,0,966616.0,Anatoliy Trubin,12.0
15014414,2026-01-07,Taca da Liga,28.0,Home,Sporting Braga,Benfica,Benfica,1015292,Richard Ríos,16,,miss,assisted,right-foot,,,close-right,23.1,68.5,0,963744.0,Lukáš Horníček,16.0
15014414,2026-01-07,Taca da Liga,28.0,Home,Sporting Braga,Sporting Braga,Opponent,1031567,Pau Víctor,19,,goal,assisted,left-foot,,,low-left,9.3,54.5,0,966616.0,Anatoliy Trubin,19.0
15014414,2026-01-07,Taca da Liga,28.0,Home,Sporting Braga,Benfica,Benfica,228364,Fredrik Aursnes,31,,miss,assisted,right-foot,,,high-left,24.6,64.9,0,963744.0,Lukáš Horníček,31.0
15014414,2026-01-07,Taca da Liga,28.0,Home,Sporting Braga,Benfica,Benfica,228364,Fredrik Aursnes,31,,miss,regular,right-foot,,,right,22.6,45.5,0,963744.0,Lukáš Horníček,31.0
15014414,2026-01-07,Taca da Liga,28.0,Home,Sporting Braga,Sporting Braga,Opponent,966575,Rodrigo Zalazar,33,,goal,fast-break,right-foot,,,low-centre,8.6,60.7,0,966616.0,Anatoliy Trubin,33.0
15014414,2026-01-07,Taca da Liga,28.0,Home,Sporting Braga,Benfica,Benfica,1102791,Amar Dedić,35,,block,assisted,left-foot,,,low-centre,23.8,68.5,0,963744.0,Lukáš Horníček,35.0
15014414,2026-01-07,Taca da Liga,28.0,Home,Sporting Braga,Benfica,Benfica,993101,Samuel Dahl,40,,block,regular,left-foot,,,low-centre,5.8,25.6,0,963744.0,Lukáš Horníček,40.0
15014414,2026-01-07,Taca da Liga,28.0,Home,Sporting Braga,Benfica,Benfica,1201395,Gianluca Prestianni,46,,block,regular,right-foot,,,low-centre,14.5,71.1,0,963744.0,Lukáš Horníček,46.0
15014414,2026-01-07,Taca da Liga,28.0,Home,Sporting Braga,Sporting Braga,Opponent,314380,Ricardo Horta,45,3.0,miss,assisted,right-foot,,,close-right,14.9,61.4,0,966616.0,Anatoliy Trubin,48.0
15014414,2026-01-07,Taca da Liga,28.0,Home,Sporting Braga,Benfica,Benfica,1123925,Georgiy Sudakov,49,,miss,free-kick,right-foot,,,close-right,24.9,71.7,0,963744.0,Lukáš Horníček,49.0
15014414,2026-01-07,Taca da Liga,28.0,Home,Sporting Braga,Benfica,Benfica,1201395,Gianluca Prestianni,50,,miss,corner,right-foot,,,left,16.0,65.2,0,963744.0,Lukáš Horníček,50.0
15014414,2026-01-07,Taca da Liga,28.0,Home,Sporting Braga,Benfica,Benfica,1123925,Georgiy Sudakov,50,,block,assisted,left-foot,,,low-centre,12.9,34.8,0,963744.0,Lukáš Horníček,50.0
15014414,2026-01-07,Taca da Liga,28.0,Home,Sporting Braga,Sporting Braga,Opponent,1031567,Pau Víctor,52,,save,fast-break,right-foot,,,low-right,8.8,40.3,0,966616.0,Anatoliy Trubin,52.0
15014414,2026-01-07,Taca da Liga,28.0,Home,Sporting Braga,Benfica,Benfica,1123925,Georgiy Sudakov,53,,save,assisted,left-foot,,,low-left,20.9,41.6,0,963744.0,Lukáš Horníček,53.0
15014414,2026-01-07,Taca da Liga,28.0,Home,Sporting Braga,Benfica,Benfica,795236,Vangelis Pavlidis,64,,goal,penalty,right-foot,,,low-centre,11.5,50.0,0,963744.0,Lukáš Horníček,64.0
15014414,2026-01-07,Taca da Liga,28.0,Home,Sporting Braga,Benfica,Benfica,795236,Vangelis Pavlidis,66,,save,regular,left-foot,,,low-centre,18.0,69.9,0,963744.0,Lukáš Horníček,66.0
15014414,2026-01-07,Taca da Liga,28.0,Home,Sporting Braga,Sporting Braga,Opponent,914772,Fran Navarro,66,,save,fast-break,left-foot,,,low-right,11.9,47.2,0,966616.0,Anatoliy Trubin,66.0
15014414,2026-01-07,Taca da Liga,28.0,Home,Sporting Braga,Benfica,Benfica,1015292,Richard Ríos,73,,save,assisted,right-foot,,,low-centre,24.4,58.5,0,963744.0,Lukáš Horníček,73.0
15014414,2026-01-07,Taca da Liga,28.0,Home,Sporting Braga,Sporting Braga,Opponent,965263,Gustaf Lagerbielke,81,,goal,set-piece,left-foot,,,low-centre,2.0,46.6,0,966616.0,Anatoliy Trubin,81.0
15014414,2026-01-07,Taca da Liga,28.0,Home,Sporting Braga,Benfica,Benfica,795236,Vangelis Pavlidis,86,,miss,assisted,head,,,left,7.5,59.1,0,963744.0,Lukáš Horníček,86.0
15014414,2026-01-07,Taca da Liga,28.0,Home,Sporting Braga,Benfica,Benfica,1117723,Sidny Lopes Cabral,88,,save,assisted,right-foot,,,low-centre,22.7,30.7,0,963744.0,Lukáš Horníček,88.0
15014414,2026-01-07,Taca da Liga,28.0,Home,Sporting Braga,Benfica,Benfica,795236,Vangelis Pavlidis,90,5.0,save,throw-in-set-piece,left-foot,,,low-centre,13.1,29.2,0,963744.0,Lukáš Horníček,95.0
15014414,2026-01-07,Taca da Liga,28.0,Home,Sporting Braga,Benfica,Benfica,795236,Vangelis Pavlidis,90,6.0,miss,set-piece,head,,,left,10.2,57.0,0,963744.0,Lukáš Horníček,96.0
15267916,2026-01-14,Taça de Portugal,27.0,Away,FC Porto,Benfica,Benfica,1201395,Gianluca Prestianni,11,,miss,assisted,right-foot,,,high,14.5,47.4,0,843115.0,Diogo Costa,11.0
15267916,2026-01-14,Taça de Portugal,27.0,Away,FC Porto,FC Porto,Opponent,286085,Jan Bednarek,15,,goal,corner,head,,,low-left,6.8,56.7,0,966616.0,Anatoliy Trubin,15.0
15267916,2026-01-14,Taça de Portugal,27.0,Away,FC Porto,FC Porto,Opponent,1406639,Victor Froholdt,18,,block,assisted,right-foot,,,low-centre,27.2,54.6,0,966616.0,Anatoliy Trubin,18.0
15267916,2026-01-14,Taça de Portugal,27.0,Away,FC Porto,FC Porto,Opponent,1142585,Martim Fernandes,19,,miss,regular,right-foot,,,right,22.6,55.0,0,966616.0,Anatoliy Trubin,19.0
15267916,2026-01-14,Taça de Portugal,27.0,Away,FC Porto,FC Porto,Opponent,1406639,Victor Froholdt,19,,save,regular,left-foot,,,low-left,6.9,43.0,0,966616.0,Anatoliy Trubin,19.0
15267916,2026-01-14,Taça de Portugal,27.0,Away,FC Porto,FC Porto,Opponent,1010505,Gabri Veiga,19,,save,assisted,left-foot,,,low-centre,9.1,29.7,0,966616.0,Anatoliy Trubin,19.0
15267916,2026-01-14,Taça de Portugal,27.0,Away,FC Porto,Benfica,Benfica,1102791,Amar Dedić,24,,miss,regular,left-foot,,,close-high,18.4,64.0,0,843115.0,Diogo Costa,24.0
15267916,2026-01-14,Taça de Portugal,27.0,Away,FC Porto,Benfica,Benfica,1117723,Sidny Lopes Cabral,26,,miss,fast-break,left-foot,,,left,6.8,31.5,0,843115.0,Diogo Costa,26.0
15267916,2026-01-14,Taça de Portugal,27.0,Away,FC Porto,Benfica,Benfica,228364,Fredrik Aursnes,28,,miss,assisted,right-foot,,,high-right,23.9,69.1,0,843115.0,Diogo Costa,28.0
15267916,2026-01-14,Taça de Portugal,27.0,Away,FC Porto,FC Porto,Opponent,1010505,Gabri Veiga,39,,miss,assisted,right-foot,,,close-left,10.7,32.9,0,966616.0,Anatoliy Trubin,39.0
15267916,2026-01-14,Taça de Portugal,27.0,Away,FC Porto,FC Porto,Opponent,992567,Borja Sainz,44,,save,regular,right-foot,,,low-right,25.3,41.2,0,966616.0,Anatoliy Trubin,44.0
15267916,2026-01-14,Taça de Portugal,27.0,Away,FC Porto,Benfica,Benfica,795236,Vangelis Pavlidis,50,,save,assisted,right-foot,,,high-centre,15.1,68.8,0,843115.0,Diogo Costa,50.0
15267916,2026-01-14,Taça de Portugal,27.0,Away,FC Porto,Benfica,Benfica,1102791,Amar Dedić,45,8.0,miss,assisted,right-foot,,,high,9.7,65.4,0,843115.0,Diogo Costa,53.0
15267916,2026-01-14,Taça de Portugal,27.0,Away,FC Porto,Benfica,Benfica,906800,Leandro Barreiro,45,8.0,save,regular,left-foot,,,low-centre,11.7,62.0,0,843115.0,Diogo Costa,53.0
15267916,2026-01-14,Taça de Portugal,27.0,Away,FC Porto,FC Porto,Opponent,804472,Pablo Rosario,56,,save,assisted,left-foot,,,low-right,24.0,51.7,0,966616.0,Anatoliy Trubin,56.0
15267916,2026-01-14,Taça de Portugal,27.0,Away,FC Porto,Benfica,Benfica,983542,Tomás Araújo,59,,miss,corner,right-foot,,,close-right,15.4,54.2,0,843115.0,Diogo Costa,59.0
15267916,2026-01-14,Taça de Portugal,27.0,Away,FC Porto,Benfica,Benfica,983542,Tomás Araújo,65,,save,assisted,right-foot,,,low-left,26.8,60.7,0,843115.0,Diogo Costa,65.0
15267916,2026-01-14,Taça de Portugal,27.0,Away,FC Porto,Benfica,Benfica,1201395,Gianluca Prestianni,65,,block,regular,left-foot,,,low-centre,19.4,65.6,0,843115.0,Diogo Costa,65.0
15267916,2026-01-14,Taça de Portugal,27.0,Away,FC Porto,Benfica,Benfica,1201395,Gianluca Prestianni,69,,block,assisted,right-foot,,,low-centre,19.4,67.1,0,843115.0,Diogo Costa,69.0
15267916,2026-01-14,Taça de Portugal,27.0,Away,FC Porto,Benfica,Benfica,906800,Leandro Barreiro,70,,block,assisted,right-foot,,,low-centre,14.1,62.0,0,843115.0,Diogo Costa,70.0
15267916,2026-01-14,Taça de Portugal,27.0,Away,FC Porto,FC Porto,Opponent,1410240,Rodrigo Mora,72,,block,assisted,right-foot,,,low-centre,11.9,43.6,0,966616.0,Anatoliy Trubin,72.0
15267916,2026-01-14,Taça de Portugal,27.0,Away,FC Porto,FC Porto,Opponent,882664,Pepê,73,,block,assisted,right-foot,,,low-right,13.9,36.8,0,966616.0,Anatoliy Trubin,73.0
15267916,2026-01-14,Taça de Portugal,27.0,Away,FC Porto,FC Porto,Opponent,976037,Jakub Kiwior,76,,miss,regular,right-foot,,,high,20.4,37.8,0,966616.0,Anatoliy Trubin,76.0
15267916,2026-01-14,Taça de Portugal,27.0,Away,FC Porto,Benfica,Benfica,795236,Vangelis Pavlidis,90,,miss,assisted,right-foot,,,close-right,3.2,52.2,0,843115.0,Diogo Costa,90.0
15267916,2026-01-14,Taça de Portugal,27.0,Away,FC Porto,Benfica,Benfica,1103333,Franjo Ivanović,90,,block,assisted,left-foot,,,low-right,17.9,43.9,0,843115.0,Diogo Costa,90.0
15267916,2026-01-14,Taça de Portugal,27.0,Away,FC Porto,Benfica,Benfica,966616,Anatoliy Trubin,90,5.0,miss,corner,head,,,high,5.3,46.9,0,843115.0,Diogo Costa,95.0
14288934,2026-01-17,Liga Portugal Betclic,18.0,Away,Rio Ave,Benfica,Benfica,795236,Vangelis Pavlidis,3,,miss,corner,head,0.010378431528807,0.0,close-high,6.6,34.9,0,938292.0,Cezary Miszta,3.0
14288934,2026-01-17,Liga Portugal Betclic,18.0,Away,Rio Ave,Benfica,Benfica,795236,Vangelis Pavlidis,7,,save,regular,right-foot,0.26589477062225,0.0,low-left,9.8,54.0,0,938292.0,Cezary Miszta,7.0
14288934,2026-01-17,Liga Portugal Betclic,18.0,Away,Rio Ave,Benfica,Benfica,993101,Samuel Dahl,8,,miss,assisted,left-foot,0.025398911908269,0.0,right,16.1,33.3,0,938292.0,Cezary Miszta,8.0
14288934,2026-01-17,Liga Portugal Betclic,18.0,Away,Rio Ave,Benfica,Benfica,1102791,Amar Dedić,10,,miss,assisted,right-foot,0.079784870147705,0.0,left,9.9,64.0,0,938292.0,Cezary Miszta,10.0
14288934,2026-01-17,Liga Portugal Betclic,18.0,Away,Rio Ave,Benfica,Benfica,983542,Tomás Araújo,12,,miss,corner,head,0.18013115227222,0.0,left,7.1,54.4,0,938292.0,Cezary Miszta,12.0
14288934,2026-01-17,Liga Portugal Betclic,18.0,Away,Rio Ave,Benfica,Benfica,1100952,Andreas Schjelderup,14,,save,regular,left-foot,0.20856645703316,0.0,low-right,9.4,49.3,0,938292.0,Cezary Miszta,14.0
14288934,2026-01-17,Liga Portugal Betclic,18.0,Away,Rio Ave,Benfica,Benfica,906800,Leandro Barreiro,15,,block,assisted,right-foot,0.023865070194006,0.0,low-centre,25.9,43.8,0,938292.0,Cezary Miszta,15.0
14288934,2026-01-17,Liga Portugal Betclic,18.0,Away,Rio Ave,Benfica,Benfica,993101,Samuel Dahl,15,,save,regular,left-foot,0.053734142333269,0.051493916660547,low-centre,11.7,33.3,0,938292.0,Cezary Miszta,15.0
14288934,2026-01-17,Liga Portugal Betclic,18.0,Away,Rio Ave,Benfica,Benfica,906800,Leandro Barreiro,16,,goal,corner,head,0.17743653059006,0.55324864387512,low-left,7.1,43.9,0,938292.0,Cezary Miszta,16.0
14288934,2026-01-17,Liga Portugal Betclic,18.0,Away,Rio Ave,Benfica,Benfica,1005992,Andreas Ndoj,25,,goal,regular,left-foot,,,low-left,15.9,53.6,0,938292.0,Cezary Miszta,25.0
14288934,2026-01-17,Liga Portugal Betclic,18.0,Away,Rio Ave,Benfica,Benfica,1100952,Andreas Schjelderup,34,,block,assisted,right-foot,0.067631661891937,0.0,low-centre,12.5,35.6,0,938292.0,Cezary Miszta,34.0
14288934,2026-01-17,Liga Portugal Betclic,18.0,Away,Rio Ave,Benfica,Benfica,795236,Vangelis Pavlidis,36,,block,assisted,left-foot,0.025422604754567,0.0,low-left,25.9,49.9,0,938292.0,Cezary Miszta,36.0
14288934,2026-01-17,Liga Portugal Betclic,18.0,Away,Rio Ave,Benfica,Benfica,906800,Leandro Barreiro,37,,save,corner,head,0.017132483422756,0.017643842846155,low-centre,9.8,37.1,0,938292.0,Cezary Miszta,37.0
14288934,2026-01-17,Liga Portugal Betclic,18.0,Away,Rio Ave,Rio Ave,Opponent,1005992,Andreas Ndoj,40,,post,fast-break,right-foot,0.030845681205392,0.0,left,22.3,66.7,0,966616.0,Anatoliy Trubin,40.0
14288934,2026-01-17,Liga Portugal Betclic,18.0,Away,Rio Ave,Rio Ave,Opponent,1017023,Clayton,40,,block,fast-break,right-foot,0.033387415111065,0.0,low-right,14.4,32.3,0,966616.0,Anatoliy Trubin,40.0
14288934,2026-01-17,Liga Portugal Betclic,18.0,Away,Rio Ave,Rio Ave,Opponent,1020203,Brandon Aguilera,41,,block,assisted,left-foot,0.037541091442108,0.0,low-centre,23.1,48.3,0,966616.0,Anatoliy Trubin,41.0
14288934,2026-01-17,Liga Portugal Betclic,18.0,Away,Rio Ave,Benfica,Benfica,1201395,Gianluca Prestianni,46,,miss,assisted,right-foot,0.078238017857075,0.0,high-left,19.1,63.4,0,938292.0,Cezary Miszta,46.0
14288934,2026-01-17,Liga Portugal Betclic,18.0,Away,Rio Ave,Benfica,Benfica,983542,Tomás Araújo,47,,save,corner,right-foot,0.038797624409199,0.16874957084656,low-left,15.1,46.6,0,938292.0,Cezary Miszta,47.0
14288934,2026-01-17,Liga Portugal Betclic,18.0,Away,Rio Ave,Benfica,Benfica,1201395,Gianluca Prestianni,45,3.0,miss,assisted,right-foot,0.021781958639622,0.0,close-right,19.7,66.0,0,938292.0,Cezary Miszta,48.0
14288934,2026-01-17,Liga Portugal Betclic,18.0,Away,Rio Ave,Benfica,Benfica,1201395,Gianluca Prestianni,45,4.0,miss,assisted,right-foot,0.045830644667149,0.0,high-right,16.5,35.5,0,938292.0,Cezary Miszta,49.0
14288934,2026-01-17,Liga Portugal Betclic,18.0,Away,Rio Ave,Benfica,Benfica,1201395,Gianluca Prestianni,45,5.0,miss,assisted,right-foot,0.026129614561796,0.0,high-right,19.7,68.9,0,938292.0,Cezary Miszta,50.0
14288934,2026-01-17,Liga Portugal Betclic,18.0,Away,Rio Ave,Benfica,Benfica,1123925,Georgiy Sudakov,51,,save,corner,right-foot,0.021006090566516,0.029787050560117,low-centre,13.2,26.7,0,938292.0,Cezary Miszta,51.0
14288934,2026-01-17,Liga Portugal Betclic,18.0,Away,Rio Ave,Rio Ave,Opponent,1133282,André Luiz,56,,save,assisted,left-foot,0.044712103903294,0.50399434566498,low-right,18.8,51.1,0,966616.0,Anatoliy Trubin,56.0
14288934,2026-01-17,Liga Portugal Betclic,18.0,Away,Rio Ave,Rio Ave,Opponent,1017023,Clayton,60,,miss,assisted,left-foot,0.016237484291196,0.0,high-left,8.8,28.2,0,966616.0,Anatoliy Trubin,60.0
14288934,2026-01-17,Liga Portugal Betclic,18.0,Away,Rio Ave,Benfica,Benfica,1123925,Georgiy Sudakov,63,,miss,fast-break,left-foot,0.087709113955498,0.0,close-high-left,11.9,31.9,0,938292.0,Cezary Miszta,63.0
14288934,2026-01-17,Liga Portugal Betclic,18.0,Away,Rio Ave,Benfica,Benfica,1123925,Georgiy Sudakov,67,,miss,regular,right-foot,0.020308488979936,0.0,close-left,26.5,43.0,0,938292.0,Cezary Miszta,67.0
14288934,2026-01-17,Liga Portugal Betclic,18.0,Away,Rio Ave,Benfica,Benfica,1117723,Sidny Lopes Cabral,85,,block,corner,right-foot,0.0044519603252411,0.0,low-right,25.7,63.2,0,938292.0,Cezary Miszta,85.0
14288934,2026-01-17,Liga Portugal Betclic,18.0,Away,Rio Ave,Rio Ave,Opponent,1176881,Diogo Bezerra,87,,block,corner,right-foot,0.012219148688018,0.0,low-centre,20.7,69.9,0,966616.0,Anatoliy Trubin,87.0
14288934,2026-01-17,Liga Portugal Betclic,18.0,Away,Rio Ave,Rio Ave,Opponent,1017023,Clayton,87,,block,corner,head,0.044465355575085,0.0,low-centre,9.1,46.6,0,966616.0,Anatoliy Trubin,87.0
14288934,2026-01-17,Liga Portugal Betclic,18.0,Away,Rio Ave,Benfica,Benfica,993101,Samuel Dahl,90,1.0,block,corner,left-foot,0.014100501313806,0.0,low-centre,17.3,35.4,0,938292.0,Cezary Miszta,91.0
14288934,2026-01-17,Liga Portugal Betclic,18.0,Away,Rio Ave,Benfica,Benfica,1085740,Manu Silva,90,2.0,miss,corner,head,0.22781209647655,0.0,left,4.3,51.4,0,938292.0,Cezary Miszta,92.0
14288934,2026-01-17,Liga Portugal Betclic,18.0,Away,Rio Ave,Benfica,Benfica,795236,Vangelis Pavlidis,90,5.0,save,assisted,left-foot,0.058159604668617,0.10096197575331,low-centre,21.2,48.1,0,938292.0,Cezary Miszta,95.0
14566765,2026-01-21,UEFA Champions League,7.0,Away,Juventus,Benfica,Benfica,1123925,Georgiy Sudakov,8,,save,assisted,right-foot,0.025146665051579,0.05088109895587,low-right,22.9,36.8,0,844609.0,Michele Di Gregorio,8.0
14566765,2026-01-21,UEFA Champions League,7.0,Away,Juventus,Juventus,Opponent,904832,Khéphren Thuram,8,,miss,assisted,head,0.090512864291668,0.0,left,9.2,49.1,0,966616.0,Anatoliy Trubin,8.0
14566765,2026-01-21,UEFA Champions League,7.0,Away,Juventus,Juventus,Opponent,1149011,Kenan Yıldız,9,,save,assisted,right-foot,0.028120955452323,0.11526968330145,low-right,16.2,27.7,0,966616.0,Anatoliy Trubin,9.0
14566765,2026-01-21,UEFA Champions League,7.0,Away,Juventus,Juventus,Opponent,1149011,Kenan Yıldız,18,,miss,assisted,right-foot,0.029515432193875,0.0,close-right,21.2,35.2,0,966616.0,Anatoliy Trubin,18.0
14566765,2026-01-21,UEFA Champions League,7.0,Away,Juventus,Benfica,Benfica,1123925,Georgiy Sudakov,23,,save,assisted,left-foot,0.067053437232971,0.13429319858551,low-right,14.7,39.7,0,844609.0,Michele Di Gregorio,23.0
14566765,2026-01-21,UEFA Champions League,7.0,Away,Juventus,Benfica,Benfica,1123925,Georgiy Sudakov,23,,block,assisted,right-foot,0.027268461883068,0.0,low-centre,24.3,55.4,0,844609.0,Michele Di Gregorio,23.0
14566765,2026-01-21,UEFA Champions League,7.0,Away,Juventus,Benfica,Benfica,1201395,Gianluca Prestianni,25,,miss,assisted,right-foot,0.095466710627079,0.0,close-high,20.4,48.9,0,844609.0,Michele Di Gregorio,25.0
14566765,2026-01-21,UEFA Champions League,7.0,Away,Juventus,Juventus,Opponent,1010223,Fabio Miretti,36,,miss,corner,head,0.034393109381199,0.0,close-high,10.2,42.1,0,966616.0,Anatoliy Trubin,36.0
14566765,2026-01-21,UEFA Champions League,7.0,Away,Juventus,Benfica,Benfica,1123925,Georgiy Sudakov,40,,block,free-kick,right-foot,0.045473922044039,0.0,low-centre,21.6,72.6,0,844609.0,Michele Di Gregorio,40.0
14566765,2026-01-21,UEFA Champions League,7.0,Away,Juventus,Benfica,Benfica,993101,Samuel Dahl,41,,block,corner,left-foot,0.013830297626555,0.0,low-centre,25.4,44.2,0,844609.0,Michele Di Gregorio,41.0
14566765,2026-01-21,UEFA Champions League,7.0,Away,Juventus,Juventus,Opponent,935564,Jonathan David,43,,miss,assisted,head,0.18303275108337,0.0,left,8.9,48.3,0,966616.0,Anatoliy Trubin,43.0
14566765,2026-01-21,UEFA Champions League,7.0,Away,Juventus,Benfica,Benfica,795236,Vangelis Pavlidis,50,,block,assisted,right-foot,0.07102507352829,0.0,low-centre,14.1,42.5,0,844609.0,Michele Di Gregorio,50.0
14566765,2026-01-21,UEFA Champions League,7.0,Away,Juventus,Benfica,Benfica,1201395,Gianluca Prestianni,52,,block,set-piece,right-foot,0.017850192263722,0.0,low-centre,23.1,64.2,0,844609.0,Michele Di Gregorio,52.0
14566765,2026-01-21,UEFA Champions League,7.0,Away,Juventus,Juventus,Opponent,881931,Weston McKennie,54,,save,assisted,right-foot,0.068830922245979,0.10427274554968,low-centre,12.9,57.3,0,966616.0,Anatoliy Trubin,54.0
14566765,2026-01-21,UEFA Champions League,7.0,Away,Juventus,Juventus,Opponent,904832,Khéphren Thuram,55,,goal,regular,right-foot,0.067614987492561,0.76945823431015,low-left,13.3,42.3,0,966616.0,Anatoliy Trubin,55.0
14566765,2026-01-21,UEFA Champions League,7.0,Away,Juventus,Benfica,Benfica,1100952,Andreas Schjelderup,57,,block,assisted,right-foot,0.024389363825321,0.0,low-centre,12.3,30.1,0,844609.0,Michele Di Gregorio,57.0
14566765,2026-01-21,UEFA Champions League,7.0,Away,Juventus,Juventus,Opponent,979222,Francisco Conceição,60,,block,free-kick,left-foot,0.041339002549648,0.0,low-centre,21.5,74.2,0,966616.0,Anatoliy Trubin,60.0
14566765,2026-01-21,UEFA Champions League,7.0,Away,Juventus,Juventus,Opponent,881931,Weston McKennie,64,,goal,assisted,right-foot,0.6405536532402,0.91512125730515,low-left,9.5,48.7,0,966616.0,Anatoliy Trubin,64.0
14566765,2026-01-21,UEFA Champions League,7.0,Away,Juventus,Benfica,Benfica,795236,Vangelis Pavlidis,69,,miss,assisted,left-foot,0.070865586400032,0.0,high-left,12.9,66.9,0,844609.0,Michele Di Gregorio,69.0
14566765,2026-01-21,UEFA Champions League,7.0,Away,Juventus,Benfica,Benfica,228364,Fredrik Aursnes,69,,post,corner,head,0.03064102679491,0.0,right,8.6,42.1,0,844609.0,Michele Di Gregorio,69.0
14566765,2026-01-21,UEFA Champions League,7.0,Away,Juventus,Benfica,Benfica,795236,Vangelis Pavlidis,72,,block,assisted,left-foot,0.087589614093304,0.0,low-centre,12.8,41.3,0,844609.0,Michele Di Gregorio,72.0
14566765,2026-01-21,UEFA Champions League,7.0,Away,Juventus,Benfica,Benfica,228364,Fredrik Aursnes,76,,miss,regular,right-foot,0.036621239036322,0.0,close-right,26.5,43.4,0,844609.0,Michele Di Gregorio,76.0
14566765,2026-01-21,UEFA Champions League,7.0,Away,Juventus,Juventus,Opponent,979222,Francisco Conceição,76,,block,assisted,left-foot,0.031362548470497,0.0,low-centre,20.4,65.6,0,966616.0,Anatoliy Trubin,76.0
14566765,2026-01-21,UEFA Champions League,7.0,Away,Juventus,Benfica,Benfica,1103333,Franjo Ivanović,78,,block,assisted,right-foot,0.018908424302936,0.0,low-centre,20.3,27.2,0,844609.0,Michele Di Gregorio,78.0
14566765,2026-01-21,UEFA Champions League,7.0,Away,Juventus,Benfica,Benfica,795236,Vangelis Pavlidis,81,,miss,penalty,right-foot,0.7884,0.0,right,11.5,50.0,0,844609.0,Michele Di Gregorio,81.0
14566765,2026-01-21,UEFA Champions League,7.0,Away,Juventus,Juventus,Opponent,979222,Francisco Conceição,85,,miss,assisted,left-foot,0.093439921736717,0.0,left,13.2,61.1,0,966616.0,Anatoliy Trubin,85.0
14566765,2026-01-21,UEFA Champions League,7.0,Away,Juventus,Benfica,Benfica,1087316,Enzo Barrenechea,86,,save,corner,head,0.023153621703386,0.079558737576008,high-centre,10.7,42.7,0,844609.0,Michele Di Gregorio,86.0
14566765,2026-01-21,UEFA Champions League,7.0,Away,Juventus,Juventus,Opponent,803033,Teun Koopmeiners,88,,block,free-kick,left-foot,0.072396673262119,0.0,low-centre,22.8,58.3,0,966616.0,Anatoliy Trubin,88.0
14288958,2026-01-25,Liga Portugal Betclic,19.0,Home,CF Estrela Amadora,CF Estrela Amadora,Opponent,1158547,Leandro Antonetti,2,,save,regular,left-foot,0.049308769404888,0.0,low-right,12.9,71.1,0,966616.0,Anatoliy Trubin,2.0
14288958,2026-01-25,Liga Portugal Betclic,19.0,Home,CF Estrela Amadora,Benfica,Benfica,1087316,Enzo Barrenechea,6,,save,set-piece,head,0.049014411866665,0.11667351424694,high-centre,10.2,48.1,0,82598.0,Renan Ribeiro,6.0
14288958,2026-01-25,Liga Portugal Betclic,19.0,Home,CF Estrela Amadora,Benfica,Benfica,228364,Fredrik Aursnes,8,,miss,assisted,right-foot,0.46575784683228,0.0,close-right,4.6,42.1,0,82598.0,Renan Ribeiro,8.0
14288958,2026-01-25,Liga Portugal Betclic,19.0,Home,CF Estrela Amadora,Benfica,Benfica,1961109,Daniel Banjaqui,14,,miss,assisted,left-foot,0.046962261199951,0.0,high-left,17.8,64.6,0,82598.0,Renan Ribeiro,14.0
14288958,2026-01-25,Liga Portugal Betclic,19.0,Home,CF Estrela Amadora,Benfica,Benfica,1117723,Sidny Lopes Cabral,17,,save,free-kick,left-foot,0.051500614732504,0.1780990511179,high-right,25.9,58.5,0,82598.0,Renan Ribeiro,17.0
14288958,2026-01-25,Liga Portugal Betclic,19.0,Home,CF Estrela Amadora,Benfica,Benfica,1961109,Daniel Banjaqui,25,,miss,regular,head,0.070548139512539,0.0,right,7.4,58.1,0,82598.0,Renan Ribeiro,25.0
14288958,2026-01-25,Liga Portugal Betclic,19.0,Home,CF Estrela Amadora,Benfica,Benfica,795236,Vangelis Pavlidis,42,,goal,corner,head,0.10307006537914,0.40228825807571,high-right,8.2,47.7,0,82598.0,Renan Ribeiro,42.0
14288958,2026-01-25,Liga Portugal Betclic,19.0,Home,CF Estrela Amadora,CF Estrela Amadora,Opponent,910316,Ianis Stoica,45,1.0,miss,free-kick,right-foot,0.035680659115314,0.0,close-right,24.4,28.9,0,966616.0,Anatoliy Trubin,46.0
14288958,2026-01-25,Liga Portugal Betclic,19.0,Home,CF Estrela Amadora,Benfica,Benfica,993101,Samuel Dahl,45,3.0,save,assisted,left-foot,0.046277418732643,0.058107189834118,low-centre,6.6,31.9,0,82598.0,Renan Ribeiro,48.0
14288958,2026-01-25,Liga Portugal Betclic,19.0,Home,CF Estrela Amadora,Benfica,Benfica,795236,Vangelis Pavlidis,45,3.0,miss,assisted,left-foot,0.038078173995018,0.0,high-left,22.6,44.8,0,82598.0,Renan Ribeiro,48.0
14288958,2026-01-25,Liga Portugal Betclic,19.0,Home,CF Estrela Amadora,Benfica,Benfica,1961109,Daniel Banjaqui,45,4.0,miss,assisted,right-foot,0.025304635986686,0.0,close-right,5.8,72.8,0,82598.0,Renan Ribeiro,49.0
14288958,2026-01-25,Liga Portugal Betclic,19.0,Home,CF Estrela Amadora,Benfica,Benfica,795236,Vangelis Pavlidis,55,,goal,penalty,right-foot,0.7884,0.98794335126877,high-right,11.5,50.0,0,82598.0,Renan Ribeiro,55.0
14288958,2026-01-25,Liga Portugal Betclic,19.0,Home,CF Estrela Amadora,CF Estrela Amadora,Opponent,910316,Ianis Stoica,57,,miss,regular,right-foot,0.040725354105234,0.0,high,18.7,34.0,0,966616.0,Anatoliy Trubin,57.0
14288958,2026-01-25,Liga Portugal Betclic,19.0,Home,CF Estrela Amadora,Benfica,Benfica,1117723,Sidny Lopes Cabral,58,,goal,regular,right-foot,0.42364349961281,0.61928850412369,low-right,9.7,37.6,0,82598.0,Renan Ribeiro,58.0
14288958,2026-01-25,Liga Portugal Betclic,19.0,Home,CF Estrela Amadora,Benfica,Benfica,795236,Vangelis Pavlidis,61,,block,assisted,right-foot,0.15760084986687,0.0,low-centre,12.9,55.8,0,82598.0,Renan Ribeiro,61.0
14288958,2026-01-25,Liga Portugal Betclic,19.0,Home,CF Estrela Amadora,Benfica,Benfica,1006069,António Silva,63,,save,assisted,right-foot,0.10295654833317,0.056853991001844,low-centre,12.2,35.0,0,82598.0,Renan Ribeiro,63.0
14288958,2026-01-25,Liga Portugal Betclic,19.0,Home,CF Estrela Amadora,Benfica,Benfica,1117723,Sidny Lopes Cabral,68,,miss,assisted,right-foot,0.052109122276306,0.0,high,9.7,69.5,0,82598.0,Renan Ribeiro,68.0
14288958,2026-01-25,Liga Portugal Betclic,19.0,Home,CF Estrela Amadora,Benfica,Benfica,2163561,Anísio Cabral,84,,goal,regular,head,0.11305946856737,0.70381420850754,high-left,7.3,53.8,0,82598.0,Renan Ribeiro,84.0
14566735,2026-01-28,UEFA Champions League,8.0,Home,Real Madrid,Benfica,Benfica,1100952,Andreas Schjelderup,6,,block,assisted,left-foot,0.065899394452572,0.0,low-centre,14.7,44.4,0,70988.0,Thibaut Courtois,6.0
14566735,2026-01-28,UEFA Champions League,8.0,Home,Real Madrid,Benfica,Benfica,795236,Vangelis Pavlidis,7,,block,corner,head,0.066081449389458,0.0,low-right,8.0,47.4,0,70988.0,Thibaut Courtois,7.0
14566735,2026-01-28,UEFA Champions League,8.0,Home,Real Madrid,Real Madrid,Opponent,1176744,Dean Huijsen,11,,miss,set-piece,head,0.018752552568913,0.0,right,9.5,62.8,0,966616.0,Anatoliy Trubin,11.0
14566735,2026-01-28,UEFA Champions League,8.0,Home,Real Madrid,Real Madrid,Opponent,868812,Vinícius Júnior,15,,block,assisted,left-foot,0.053310867398977,0.0,low-left,13.0,39.3,0,966616.0,Anatoliy Trubin,15.0
14566735,2026-01-28,UEFA Champions League,8.0,Home,Real Madrid,Real Madrid,Opponent,991011,Jude Bellingham,20,,block,assisted,left-foot,0.056075178086758,0.0,low-centre,10.1,35.8,0,966616.0,Anatoliy Trubin,20.0
14566735,2026-01-28,UEFA Champions League,8.0,Home,Real Madrid,Benfica,Benfica,1201395,Gianluca Prestianni,21,,save,assisted,right-foot,0.069161340594292,0.23087744414806,high-centre,12.8,32.5,0,70988.0,Thibaut Courtois,21.0
14566735,2026-01-28,UEFA Champions League,8.0,Home,Real Madrid,Benfica,Benfica,228364,Fredrik Aursnes,22,,save,corner,left-foot,0.19810190796852,0.15656758844852,low-centre,9.1,57.3,0,70988.0,Thibaut Courtois,22.0
14566735,2026-01-28,UEFA Champions League,8.0,Home,Real Madrid,Benfica,Benfica,1201395,Gianluca Prestianni,24,,block,assisted,right-foot,0.038285437971354,0.0,low-right,4.5,65.6,0,70988.0,Thibaut Courtois,24.0
14566735,2026-01-28,UEFA Champions League,8.0,Home,Real Madrid,Benfica,Benfica,1123925,Georgiy Sudakov,26,,post,assisted,right-foot,0.02488205768168,0.0,right,8.2,73.4,0,70988.0,Thibaut Courtois,26.0
14566735,2026-01-28,UEFA Champions League,8.0,Home,Real Madrid,Real Madrid,Opponent,1091116,Arda Güler,26,,miss,regular,left-foot,0.026293309405446,0.0,right,26.0,43.2,0,966616.0,Anatoliy Trubin,26.0
14566735,2026-01-28,UEFA Champions League,8.0,Home,Real Madrid,Benfica,Benfica,906800,Leandro Barreiro,28,,block,assisted,right-foot,0.01742952875793,0.0,low-right,22.3,63.8,0,70988.0,Thibaut Courtois,28.0
14566735,2026-01-28,UEFA Champions League,8.0,Home,Real Madrid,Real Madrid,Opponent,826643,Kylian Mbappé,30,,goal,assisted,head,0.084601312875748,0.36513397097588,low-left,8.0,41.7,0,966616.0,Anatoliy Trubin,30.0
14566735,2026-01-28,UEFA Champions League,8.0,Home,Real Madrid,Real Madrid,Opponent,859025,Aurélien Tchouaméni,30,,block,assisted,right-foot,0.039776332676411,0.0,low-centre,25.3,42.7,0,966616.0,Anatoliy Trubin,30.0
14566735,2026-01-28,UEFA Champions League,8.0,Home,Real Madrid,Real Madrid,Opponent,1156645,Raúl Asencio,34,,save,corner,head,0.092244178056717,0.50245809555054,low-right,7.7,48.9,0,966616.0,Anatoliy Trubin,34.0
14566735,2026-01-28,UEFA Champions League,8.0,Home,Real Madrid,Benfica,Benfica,1100952,Andreas Schjelderup,36,,goal,fast-break,head,0.1812242269516,0.050909385085106,low-centre,8.5,45.0,0,70988.0,Thibaut Courtois,36.0
14566735,2026-01-28,UEFA Champions League,8.0,Home,Real Madrid,Benfica,Benfica,906800,Leandro Barreiro,40,,miss,corner,head,0.30017980933189,0.0,close-right,3.0,56.6,0,70988.0,Thibaut Courtois,40.0
14566735,2026-01-28,UEFA Champions League,8.0,Home,Real Madrid,Benfica,Benfica,228364,Fredrik Aursnes,40,,block,regular,right-foot,0.10987732559443,0.0,low-right,18.8,51.1,0,70988.0,Thibaut Courtois,40.0
14566735,2026-01-28,UEFA Champions League,8.0,Home,Real Madrid,Benfica,Benfica,1100952,Andreas Schjelderup,40,,save,regular,left-foot,0.22628593444824,0.0,low-centre,8.8,40.7,0,70988.0,Thibaut Courtois,40.0
14566735,2026-01-28,UEFA Champions League,8.0,Home,Real Madrid,Benfica,Benfica,1102791,Amar Dedić,40,,block,assisted,right-foot,0.10352820158005,0.0,low-centre,9.5,67.3,0,70988.0,Thibaut Courtois,40.0
14566735,2026-01-28,UEFA Champions League,8.0,Home,Real Madrid,Benfica,Benfica,1102791,Amar Dedić,43,,save,assisted,right-foot,0.089289709925652,0.16039536893368,low-centre,12.0,68.9,0,70988.0,Thibaut Courtois,43.0
14566735,2026-01-28,UEFA Champions League,8.0,Home,Real Madrid,Real Madrid,Opponent,868812,Vinícius Júnior,47,,miss,corner,head,0.48651102185249,0.0,high-left,4.0,46.8,0,966616.0,Anatoliy Trubin,47.0
14566735,2026-01-28,UEFA Champions League,8.0,Home,Real Madrid,Benfica,Benfica,795236,Vangelis Pavlidis,45,5.0,goal,penalty,right-foot,0.7884,0.82385152578354,low-centre,11.5,50.0,0,70988.0,Thibaut Courtois,50.0
14566735,2026-01-28,UEFA Champions League,8.0,Home,Real Madrid,Benfica,Benfica,795236,Vangelis Pavlidis,52,,save,regular,right-foot,0.17844460904598,0.1279441267252,low-centre,14.8,57.5,0,70988.0,Thibaut Courtois,52.0
14566735,2026-01-28,UEFA Champions League,8.0,Home,Real Madrid,Benfica,Benfica,1100952,Andreas Schjelderup,54,,goal,assisted,right-foot,0.052957780659199,0.0828922316432,low-left,12.9,33.6,0,70988.0,Thibaut Courtois,54.0
14566735,2026-01-28,UEFA Champions League,8.0,Home,Real Madrid,Real Madrid,Opponent,826643,Kylian Mbappé,58,,goal,assisted,right-foot,0.29502627253532,0.96365231275558,low-left,13.9,47.0,0,966616.0,Anatoliy Trubin,58.0
14566735,2026-01-28,UEFA Champions League,8.0,Home,Real Madrid,Real Madrid,Opponent,868812,Vinícius Júnior,61,,save,assisted,right-foot,0.039276290684938,0.066935300827026,low-right,25.4,41.7,0,966616.0,Anatoliy Trubin,61.0
14566735,2026-01-28,UEFA Champions League,8.0,Home,Real Madrid,Real Madrid,Opponent,991011,Jude Bellingham,65,,miss,assisted,left-foot,0.054387964308262,0.0,close-high-left,10.5,36.4,0,966616.0,Anatoliy Trubin,65.0
14566735,2026-01-28,UEFA Champions League,8.0,Home,Real Madrid,Benfica,Benfica,1123925,Georgiy Sudakov,69,,miss,assisted,right-foot,0.091981254518032,0.0,left,8.2,68.7,0,70988.0,Thibaut Courtois,69.0
14566735,2026-01-28,UEFA Champions League,8.0,Home,Real Madrid,Benfica,Benfica,1201395,Gianluca Prestianni,73,,save,assisted,right-foot,0.016826767474413,0.051546242088079,low-centre,9.1,24.6,0,70988.0,Thibaut Courtois,73.0
14566735,2026-01-28,UEFA Champions League,8.0,Home,Real Madrid,Real Madrid,Opponent,1091116,Arda Güler,77,,save,assisted,left-foot,0.024945273995399,0.12312513589859,high-right,19.8,77.8,0,966616.0,Anatoliy Trubin,77.0
14566735,2026-01-28,UEFA Champions League,8.0,Home,Real Madrid,Real Madrid,Opponent,910536,Rodrygo,78,,save,assisted,right-foot,0.044259462505579,0.18780222535133,low-right,12.9,66.0,0,966616.0,Anatoliy Trubin,78.0
14566735,2026-01-28,UEFA Champions League,8.0,Home,Real Madrid,Real Madrid,Opponent,826643,Kylian Mbappé,80,,block,corner,right-foot,0.085091359913349,0.0,low-centre,11.9,40.1,0,966616.0,Anatoliy Trubin,80.0
14566735,2026-01-28,UEFA Champions League,8.0,Home,Real Madrid,Benfica,Benfica,74915,Nicolás Otamendi,83,,save,corner,head,0.04733357578516,0.054844129830599,high-centre,8.5,55.2,0,70988.0,Thibaut Courtois,83.0
14566735,2026-01-28,UEFA Champions League,8.0,Home,Real Madrid,Benfica,Benfica,906800,Leandro Barreiro,84,,save,assisted,right-foot,0.18291336297989,0.22147101163864,low-right,3.9,56.2,0,70988.0,Thibaut Courtois,84.0
14566735,2026-01-28,UEFA Champions League,8.0,Home,Real Madrid,Real Madrid,Opponent,835485,Brahim Díaz,86,,miss,corner,left-foot,0.051796030253172,0.0,high-left,13.9,62.0,0,966616.0,Anatoliy Trubin,86.0
14566735,2026-01-28,UEFA Champions League,8.0,Home,Real Madrid,Real Madrid,Opponent,826643,Kylian Mbappé,86,,block,corner,left-foot,0.052258692681789,0.0,low-right,10.8,64.2,0,966616.0,Anatoliy Trubin,86.0
14566735,2026-01-28,UEFA Champions League,8.0,Home,Real Madrid,Benfica,Benfica,1100952,Andreas Schjelderup,88,,block,assisted,left-foot,0.079343788325787,0.0,low-left,8.1,36.1,0,70988.0,Thibaut Courtois,88.0
14566735,2026-01-28,UEFA Champions League,8.0,Home,Real Madrid,Benfica,Benfica,966616,Anatoliy Trubin,90,8.0,goal,set-piece,head,0.082898810505867,0.30539447069168,low-left,8.5,48.3,0,70988.0,Thibaut Courtois,98.0
14288966,2026-02-01,Liga Portugal Betclic,20.0,Away,Tondela,Tondela,Opponent,788786,Jordan Siebatcheu,5,,miss,assisted,left-foot,0.020451180636883,0.0,right,23.8,43.0,0,966616.0,Anatoliy Trubin,5.0
14288966,2026-02-01,Liga Portugal Betclic,20.0,Away,Tondela,Tondela,Opponent,945121,Rodrigo Conceição,12,,save,set-piece,right-foot,0.045793604105711,0.015166882425547,low-centre,18.8,51.1,0,966616.0,Anatoliy Trubin,12.0
14288966,2026-02-01,Liga Portugal Betclic,20.0,Away,Tondela,Benfica,Benfica,1100952,Andreas Schjelderup,15,,block,corner,right-foot,0.024670017883182,0.0,low-centre,18.8,31.3,0,1394935.0,Bernardo Fontes,15.0
14288966,2026-02-01,Liga Portugal Betclic,20.0,Away,Tondela,Benfica,Benfica,1201395,Gianluca Prestianni,21,,miss,assisted,right-foot,0.019092675298452,0.0,close-right,24.3,57.9,0,1394935.0,Bernardo Fontes,21.0
14288966,2026-02-01,Liga Portugal Betclic,20.0,Away,Tondela,Tondela,Opponent,788786,Jordan Siebatcheu,26,,post,regular,right-foot,0.27482277154922,0.0,right,4.5,55.2,0,966616.0,Anatoliy Trubin,26.0
14288966,2026-02-01,Liga Portugal Betclic,20.0,Away,Tondela,Tondela,Opponent,1136902,Makan Aïko,27,,miss,regular,right-foot,0.024907348677516,0.0,high-right,24.7,40.1,0,966616.0,Anatoliy Trubin,27.0
14288966,2026-02-01,Liga Portugal Betclic,20.0,Away,Tondela,Benfica,Benfica,74915,Nicolás Otamendi,31,,miss,assisted,right-foot,0.025149744004011,0.0,left,25.2,39.2,0,1394935.0,Bernardo Fontes,31.0
14288966,2026-02-01,Liga Portugal Betclic,20.0,Away,Tondela,Benfica,Benfica,1201395,Gianluca Prestianni,33,,save,regular,right-foot,0.090679638087749,0.13149580359459,low-left,13.0,62.4,0,1394935.0,Bernardo Fontes,33.0
14288966,2026-02-01,Liga Portugal Betclic,20.0,Away,Tondela,Benfica,Benfica,795236,Vangelis Pavlidis,34,,save,assisted,right-foot,0.12033741921186,0.16157060861588,low-centre,10.5,50.7,0,1394935.0,Bernardo Fontes,34.0
14288966,2026-02-01,Liga Portugal Betclic,20.0,Away,Tondela,Benfica,Benfica,74915,Nicolás Otamendi,37,,block,corner,head,0.036006841808558,0.0,low-centre,10.1,53.2,0,1394935.0,Bernardo Fontes,37.0
14288966,2026-02-01,Liga Portugal Betclic,20.0,Away,Tondela,Benfica,Benfica,1123925,Georgiy Sudakov,37,,block,assisted,right-foot,0.042149759829044,0.0,low-centre,19.2,35.8,0,1394935.0,Bernardo Fontes,37.0
14288966,2026-02-01,Liga Portugal Betclic,20.0,Away,Tondela,Benfica,Benfica,1961109,Daniel Banjaqui,43,,save,regular,right-foot,0.029515432193875,0.13471931219101,high-right,20.9,65.4,0,1394935.0,Bernardo Fontes,43.0
14288966,2026-02-01,Liga Portugal Betclic,20.0,Away,Tondela,Tondela,Opponent,988882,Joe Hodge,50,,miss,assisted,right-foot,0.021107515320182,0.0,high-right,26.5,32.9,0,966616.0,Anatoliy Trubin,50.0
14288966,2026-02-01,Liga Portugal Betclic,20.0,Away,Tondela,Tondela,Opponent,788786,Jordan Siebatcheu,50,,miss,assisted,right-foot,0.090359956026077,0.0,close-right,4.5,59.9,0,966616.0,Anatoliy Trubin,50.0
14288966,2026-02-01,Liga Portugal Betclic,20.0,Away,Tondela,Benfica,Benfica,1201395,Gianluca Prestianni,54,,save,assisted,right-foot,0.043618597090244,0.48730644583702,low-right,15.8,28.9,0,1394935.0,Bernardo Fontes,54.0
14288966,2026-02-01,Liga Portugal Betclic,20.0,Away,Tondela,Benfica,Benfica,74915,Nicolás Otamendi,55,,block,corner,head,0.011144392192364,0.0,low-centre,13.8,47.2,0,1394935.0,Bernardo Fontes,55.0
14288966,2026-02-01,Liga Portugal Betclic,20.0,Away,Tondela,Benfica,Benfica,1201395,Gianluca Prestianni,58,,miss,assisted,right-foot,0.090341381728649,0.0,left,10.1,62.4,0,1394935.0,Bernardo Fontes,58.0
14288966,2026-02-01,Liga Portugal Betclic,20.0,Away,Tondela,Benfica,Benfica,1100952,Andreas Schjelderup,59,,save,assisted,right-foot,0.14815631508827,0.30194997787476,low-centre,6.0,40.3,0,1394935.0,Bernardo Fontes,59.0
14288966,2026-02-01,Liga Portugal Betclic,20.0,Away,Tondela,Benfica,Benfica,1201395,Gianluca Prestianni,62,,block,assisted,right-foot,0.025435008108616,0.0,low-centre,21.4,40.6,0,1394935.0,Bernardo Fontes,62.0
14288966,2026-02-01,Liga Portugal Betclic,20.0,Away,Tondela,Benfica,Benfica,74915,Nicolás Otamendi,64,,miss,corner,head,0.043791484087706,0.0,right,9.2,45.5,0,1394935.0,Bernardo Fontes,64.0
14288966,2026-02-01,Liga Portugal Betclic,20.0,Away,Tondela,Benfica,Benfica,795236,Vangelis Pavlidis,65,,miss,assisted,head,0.13547308743,0.0,left,4.9,56.3,0,1394935.0,Bernardo Fontes,65.0
14288966,2026-02-01,Liga Portugal Betclic,20.0,Away,Tondela,Benfica,Benfica,1201395,Gianluca Prestianni,68,,miss,assisted,left-foot,0.066953293979168,0.0,close-left,18.3,55.7,0,1394935.0,Bernardo Fontes,68.0
14288966,2026-02-01,Liga Portugal Betclic,20.0,Away,Tondela,Benfica,Benfica,1117723,Sidny Lopes Cabral,72,,block,free-kick,right-foot,0.036722358316183,0.0,low-left,24.1,30.1,0,1394935.0,Bernardo Fontes,72.0
14288966,2026-02-01,Liga Portugal Betclic,20.0,Away,Tondela,Benfica,Benfica,228364,Fredrik Aursnes,74,,save,assisted,right-foot,0.15697892010212,0.30058369040489,low-centre,4.4,43.3,0,1394935.0,Bernardo Fontes,74.0
14288966,2026-02-01,Liga Portugal Betclic,20.0,Away,Tondela,Benfica,Benfica,1117723,Sidny Lopes Cabral,75,,miss,assisted,right-foot,0.029044643044472,0.0,high-right,11.3,67.2,0,1394935.0,Bernardo Fontes,75.0
14288966,2026-02-01,Liga Portugal Betclic,20.0,Away,Tondela,Benfica,Benfica,795236,Vangelis Pavlidis,82,,miss,regular,head,0.63711315393448,0.0,right,1.4,50.9,0,1394935.0,Bernardo Fontes,82.0
14288966,2026-02-01,Liga Portugal Betclic,20.0,Away,Tondela,Benfica,Benfica,228364,Fredrik Aursnes,82,,save,assisted,left-foot,0.085784457623959,0.19190981984138,low-left,8.0,31.7,0,1394935.0,Bernardo Fontes,82.0
14288966,2026-02-01,Liga Portugal Betclic,20.0,Away,Tondela,Benfica,Benfica,97012,Bruma,89,,block,corner,left-foot,0.055795386433601,0.0,low-centre,15.3,35.2,0,1394935.0,Bernardo Fontes,89.0
14288966,2026-02-01,Liga Portugal Betclic,20.0,Away,Tondela,Benfica,Benfica,993101,Samuel Dahl,90,2.0,miss,assisted,left-foot,0.026189615949988,0.0,right,20.4,38.6,0,1394935.0,Bernardo Fontes,92.0
14288966,2026-02-01,Liga Portugal Betclic,20.0,Away,Tondela,Benfica,Benfica,2163561,Anísio Cabral,90,5.0,save,throw-in-set-piece,left-foot,0.11877705901861,0.59670495986938,low-centre,7.9,57.0,0,1394935.0,Bernardo Fontes,95.0
14288979,2026-02-08,Liga Portugal Betclic,21.0,Home,FC Alverca,Benfica,Benfica,1100952,Andreas Schjelderup,2,,save,assisted,right-foot,0.039052151143551,0.044614411890507,low-right,11.0,34.8,0,1018555.0,Matheus Mendes,2.0
14288979,2026-02-08,Liga Portugal Betclic,21.0,Home,FC Alverca,FC Alverca,Opponent,1105790,Figueiredo,6,,miss,assisted,right-foot,0.0260996427387,0.0,high-right,24.4,70.7,0,966616.0,Anatoliy Trubin,6.0
14288979,2026-02-08,Liga Portugal Betclic,21.0,Home,FC Alverca,Benfica,Benfica,228364,Fredrik Aursnes,15,,miss,assisted,left-foot,0.10312692075968,0.0,high,15.6,50.5,0,1018555.0,Matheus Mendes,15.0
14288979,2026-02-08,Liga Portugal Betclic,21.0,Home,FC Alverca,Benfica,Benfica,1100952,Andreas Schjelderup,16,,goal,regular,right-foot,0.47420924901962,0.8229386806488,low-left,3.2,43.8,0,1018555.0,Matheus Mendes,16.0
14288979,2026-02-08,Liga Portugal Betclic,21.0,Home,FC Alverca,Benfica,Benfica,252577,Rafa Silva,16,,save,assisted,right-foot,0.050093207508326,0.29347640275955,low-left,18.8,62.8,0,1018555.0,Matheus Mendes,16.0
14288979,2026-02-08,Liga Portugal Betclic,21.0,Home,FC Alverca,FC Alverca,Opponent,1405973,Bastien Meupiyou,24,,miss,corner,head,0.22738215327263,0.0,high-right,4.9,55.6,0,966616.0,Anatoliy Trubin,24.0
14288979,2026-02-08,Liga Portugal Betclic,21.0,Home,FC Alverca,Benfica,Benfica,1117723,Sidny Lopes Cabral,26,,block,assisted,right-foot,0.016464985907078,0.0,low-centre,25.6,68.1,0,1018555.0,Matheus Mendes,26.0
14288979,2026-02-08,Liga Portugal Betclic,21.0,Home,FC Alverca,Benfica,Benfica,1117723,Sidny Lopes Cabral,26,,save,assisted,left-foot,0.020066505298018,0.30273282527924,low-left,21.8,69.5,0,1018555.0,Matheus Mendes,26.0
14288979,2026-02-08,Liga Portugal Betclic,21.0,Home,FC Alverca,Benfica,Benfica,1100952,Andreas Schjelderup,26,,block,assisted,right-foot,0.033302865922451,0.0,low-centre,2.6,33.6,0,1018555.0,Matheus Mendes,26.0
14288979,2026-02-08,Liga Portugal Betclic,21.0,Home,FC Alverca,FC Alverca,Opponent,1105790,Figueiredo,30,,goal,assisted,right-foot,0.58868980407715,0.67355960607529,low-centre,6.9,49.2,0,966616.0,Anatoliy Trubin,30.0
14288979,2026-02-08,Liga Portugal Betclic,21.0,Home,FC Alverca,Benfica,Benfica,906800,Leandro Barreiro,32,,block,corner,right-foot,0.054606270045042,0.0,low-centre,9.5,43.4,0,1018555.0,Matheus Mendes,32.0
14288979,2026-02-08,Liga Portugal Betclic,21.0,Home,FC Alverca,Benfica,Benfica,906800,Leandro Barreiro,32,,block,corner,head,0.02412180043757,0.0,low-left,8.3,41.2,0,1018555.0,Matheus Mendes,32.0
14288979,2026-02-08,Liga Portugal Betclic,21.0,Home,FC Alverca,Benfica,Benfica,795236,Vangelis Pavlidis,37,,save,assisted,right-foot,0.047024916857481,0.26475009322166,low-left,23.8,46.0,0,1018555.0,Matheus Mendes,37.0
14288979,2026-02-08,Liga Portugal Betclic,21.0,Home,FC Alverca,FC Alverca,Opponent,1167068,Kaiky Naves,44,,save,assisted,right-foot,0.014842522330582,0.014395130798221,low-centre,29.7,55.0,0,966616.0,Anatoliy Trubin,44.0
14288979,2026-02-08,Liga Portugal Betclic,21.0,Home,FC Alverca,Benfica,Benfica,1100952,Andreas Schjelderup,45,1.0,block,corner,right-foot,0.030380399897695,0.0,low-centre,20.6,43.0,0,1018555.0,Matheus Mendes,46.0
14288979,2026-02-08,Liga Portugal Betclic,21.0,Home,FC Alverca,Benfica,Benfica,1117723,Sidny Lopes Cabral,45,1.0,block,free-kick,right-foot,0.040555626153946,0.0,low-centre,26.9,43.6,0,1018555.0,Matheus Mendes,46.0
14288979,2026-02-08,Liga Portugal Betclic,21.0,Home,FC Alverca,Benfica,Benfica,228364,Fredrik Aursnes,45,4.0,block,assisted,right-foot,0.030024079605937,0.0,low-centre,25.4,37.4,0,1018555.0,Matheus Mendes,49.0
14288979,2026-02-08,Liga Portugal Betclic,21.0,Home,FC Alverca,Benfica,Benfica,252577,Rafa Silva,50,,block,assisted,right-foot,0.071503929793835,0.0,high-centre,6.5,60.1,0,1018555.0,Matheus Mendes,50.0
14288979,2026-02-08,Liga Portugal Betclic,21.0,Home,FC Alverca,Benfica,Benfica,252577,Rafa Silva,51,,miss,assisted,right-foot,0.037557136267424,0.0,close-high,14.5,62.1,0,1018555.0,Matheus Mendes,51.0
14288979,2026-02-08,Liga Portugal Betclic,21.0,Home,FC Alverca,Benfica,Benfica,1117723,Sidny Lopes Cabral,52,,miss,assisted,left-foot,0.046306408941746,0.0,close-right,19.7,62.0,0,1018555.0,Matheus Mendes,52.0
14288979,2026-02-08,Liga Portugal Betclic,21.0,Home,FC Alverca,Benfica,Benfica,795236,Vangelis Pavlidis,55,,miss,assisted,head,0.24024720489979,0.0,close-left,8.2,49.5,0,1018555.0,Matheus Mendes,55.0
14288979,2026-02-08,Liga Portugal Betclic,21.0,Home,FC Alverca,Benfica,Benfica,228364,Fredrik Aursnes,55,,block,corner,right-foot,0.024588029831648,0.0,low-right,18.4,32.0,0,1018555.0,Matheus Mendes,55.0
14288979,2026-02-08,Liga Portugal Betclic,21.0,Home,FC Alverca,Benfica,Benfica,1201395,Gianluca Prestianni,58,,save,assisted,left-foot,0.022613152861595,0.037318885326385,low-centre,18.8,63.8,0,1018555.0,Matheus Mendes,58.0
14288979,2026-02-08,Liga Portugal Betclic,21.0,Home,FC Alverca,Benfica,Benfica,1100952,Andreas Schjelderup,59,,block,free-kick,right-foot,0.042727313935757,0.0,low-centre,25.9,36.0,0,1018555.0,Matheus Mendes,59.0
14288979,2026-02-08,Liga Portugal Betclic,21.0,Home,FC Alverca,Benfica,Benfica,74915,Nicolás Otamendi,67,,miss,corner,head,0.028458336368203,0.0,right,10.6,47.4,0,1018555.0,Matheus Mendes,67.0
14288979,2026-02-08,Liga Portugal Betclic,21.0,Home,FC Alverca,Benfica,Benfica,1201395,Gianluca Prestianni,69,,save,assisted,right-foot,0.054824832826853,0.19614639878273,low-centre,14.7,43.0,0,1018555.0,Matheus Mendes,69.0
14288979,2026-02-08,Liga Portugal Betclic,21.0,Home,FC Alverca,Benfica,Benfica,74915,Nicolás Otamendi,73,,miss,set-piece,head,0.017468875274062,0.0,high,9.1,38.2,0,1018555.0,Matheus Mendes,73.0
14288979,2026-02-08,Liga Portugal Betclic,21.0,Home,FC Alverca,Benfica,Benfica,252577,Rafa Silva,74,,miss,assisted,right-foot,0.088510103523731,0.0,high-left,11.3,44.4,0,1018555.0,Matheus Mendes,74.0
14288979,2026-02-08,Liga Portugal Betclic,21.0,Home,FC Alverca,Benfica,Benfica,1201395,Gianluca Prestianni,76,,save,fast-break,right-foot,0.12043549865484,0.29539778828621,high-centre,6.4,65.4,0,1018555.0,Matheus Mendes,76.0
14288979,2026-02-08,Liga Portugal Betclic,21.0,Home,FC Alverca,Benfica,Benfica,1123925,Georgiy Sudakov,79,,save,set-piece,right-foot,0.085038036108017,0.33625492453575,low-left,9.8,37.2,0,1018555.0,Matheus Mendes,79.0
14288979,2026-02-08,Liga Portugal Betclic,21.0,Home,FC Alverca,FC Alverca,Opponent,1105790,Figueiredo,80,,block,assisted,right-foot,0.037956774234772,0.0,low-centre,13.3,33.1,0,966616.0,Anatoliy Trubin,80.0
14288979,2026-02-08,Liga Portugal Betclic,21.0,Home,FC Alverca,Benfica,Benfica,1201395,Gianluca Prestianni,81,,miss,assisted,right-foot,0.050975147634745,0.0,high,13.3,69.0,0,1018555.0,Matheus Mendes,81.0
14288979,2026-02-08,Liga Portugal Betclic,21.0,Home,FC Alverca,FC Alverca,Opponent,1168617,Mathis Clairicia,84,,block,fast-break,right-foot,0.11040439456701,0.0,low-left,13.6,62.0,0,966616.0,Anatoliy Trubin,84.0
14288979,2026-02-08,Liga Portugal Betclic,21.0,Home,FC Alverca,Benfica,Benfica,2163561,Anísio Cabral,86,,goal,assisted,head,0.052436210215092,0.57176434993744,low-right,10.1,50.9,0,1018555.0,Matheus Mendes,86.0
14288979,2026-02-08,Liga Portugal Betclic,21.0,Home,FC Alverca,Benfica,Benfica,97012,Bruma,90,5.0,miss,free-kick,right-foot,0.04647833481431,0.0,high,26.3,36.6,0,1018555.0,Matheus Mendes,95.0
14288997,2026-02-13,Liga Portugal Betclic,22.0,Away,Santa Clara,Benfica,Benfica,252577,Rafa Silva,5,,save,assisted,head,0.25594407320023,0.67498970031738,high-centre,2.8,54.3,0,822526.0,Gabriel Batista,5.0
14288997,2026-02-13,Liga Portugal Betclic,22.0,Away,Santa Clara,Santa Clara,Opponent,1046794,Gabriel Silva,10,,block,assisted,right-foot,0.019260717555881,0.0,low-right,27.5,33.3,0,966616.0,Anatoliy Trubin,10.0
14288997,2026-02-13,Liga Portugal Betclic,22.0,Away,Santa Clara,Santa Clara,Opponent,851277,Pedro Ferreira,11,,block,throw-in-set-piece,left-foot,0.038634177297354,0.0,low-right,18.1,43.2,0,966616.0,Anatoliy Trubin,11.0
14288997,2026-02-13,Liga Portugal Betclic,22.0,Away,Santa Clara,Benfica,Benfica,795236,Vangelis Pavlidis,16,,goal,assisted,head,0.4211608171463,0.98749953508377,high-left,2.6,48.2,0,822526.0,Gabriel Batista,16.0
14288997,2026-02-13,Liga Portugal Betclic,22.0,Away,Santa Clara,Santa Clara,Opponent,1019184,Serginho,24,,block,assisted,right-foot,0.02687475644052,0.0,low-centre,24.6,58.6,0,966616.0,Anatoliy Trubin,24.0
14288997,2026-02-13,Liga Portugal Betclic,22.0,Away,Santa Clara,Benfica,Benfica,252577,Rafa Silva,25,,save,assisted,right-foot,0.033672444522381,0.35560902953148,low-left,16.1,63.2,0,822526.0,Gabriel Batista,25.0
14288997,2026-02-13,Liga Portugal Betclic,22.0,Away,Santa Clara,Benfica,Benfica,252577,Rafa Silva,33,,miss,assisted,right-foot,0.11016038060188,0.0,close-right,6.2,62.9,0,822526.0,Gabriel Batista,33.0
14288997,2026-02-13,Liga Portugal Betclic,22.0,Away,Santa Clara,Benfica,Benfica,1108505,Paulo Victor,38,,goal,regular,right-foot,,,low-centre,3.6,44.4,0,822526.0,Gabriel Batista,38.0
14288997,2026-02-13,Liga Portugal Betclic,22.0,Away,Santa Clara,Benfica,Benfica,1201395,Gianluca Prestianni,38,,miss,assisted,left-foot,0.15036830306053,0.0,right,4.2,42.4,0,822526.0,Gabriel Batista,38.0
14288997,2026-02-13,Liga Portugal Betclic,22.0,Away,Santa Clara,Santa Clara,Opponent,138890,Gonçalo Paciência,47,,goal,corner,head,0.10099504143,0.09988334774971,low-centre,7.5,48.6,0,966616.0,Anatoliy Trubin,47.0
14288997,2026-02-13,Liga Portugal Betclic,22.0,Away,Santa Clara,Santa Clara,Opponent,1162051,Gustavo Klismahn,47,,block,assisted,left-foot,0.029125787317753,0.0,low-left,24.6,49.1,0,966616.0,Anatoliy Trubin,47.0
14288997,2026-02-13,Liga Portugal Betclic,22.0,Away,Santa Clara,Santa Clara,Opponent,1001753,Vinícius Lopes,45,2.0,block,fast-break,left-foot,0.021601889282465,0.0,high-left,14.5,75.0,0,966616.0,Anatoliy Trubin,47.0
14288997,2026-02-13,Liga Portugal Betclic,22.0,Away,Santa Clara,Santa Clara,Opponent,991358,Lucas Soares,54,,save,assisted,right-foot,0.014625589363277,0.0091176768764853,low-centre,29.8,69.9,0,966616.0,Anatoliy Trubin,54.0
14288997,2026-02-13,Liga Portugal Betclic,22.0,Away,Santa Clara,Santa Clara,Opponent,1459634,Luis Fernando,64,,miss,fast-break,right-foot,0.020064840093255,0.0,left,43.3,45.8,0,966616.0,Anatoliy Trubin,64.0
14288997,2026-02-13,Liga Portugal Betclic,22.0,Away,Santa Clara,Benfica,Benfica,1117723,Sidny Lopes Cabral,70,,miss,assisted,right-foot,0.014584093354642,0.0,close-left,21.9,30.6,0,822526.0,Gabriel Batista,70.0
14288997,2026-02-13,Liga Portugal Betclic,22.0,Away,Santa Clara,Benfica,Benfica,1006069,António Silva,83,,block,corner,head,0.03850094974041,0.0,low-centre,9.1,44.8,0,822526.0,Gabriel Batista,83.0
14288997,2026-02-13,Liga Portugal Betclic,22.0,Away,Santa Clara,Benfica,Benfica,906800,Leandro Barreiro,86,,miss,set-piece,left-foot,0.10844169557095,0.0,left,14.1,57.9,0,822526.0,Gabriel Batista,86.0
14288997,2026-02-13,Liga Portugal Betclic,22.0,Away,Santa Clara,Benfica,Benfica,1123925,Georgiy Sudakov,86,,block,free-kick,right-foot,0.033661182969809,0.0,low-left,27.4,35.1,0,822526.0,Gabriel Batista,86.0
14288997,2026-02-13,Liga Portugal Betclic,22.0,Away,Santa Clara,Benfica,Benfica,1117723,Sidny Lopes Cabral,90,3.0,block,assisted,right-foot,0.021765077486634,0.0,low-right,18.6,33.6,0,822526.0,Gabriel Batista,93.0
14288997,2026-02-13,Liga Portugal Betclic,22.0,Away,Santa Clara,Santa Clara,Opponent,2155276,José Tavares,90,5.0,block,assisted,left-foot,0.0080745816230774,0.0,low-left,32.3,73.9,0,966616.0,Anatoliy Trubin,95.0
15452742,2026-02-17,"UEFA Champions League, Knockout stage",636.0,Home,Real Madrid,Benfica,Benfica,1201395,Gianluca Prestianni,2,,miss,set-piece,right-foot,0.01418074965477,0.0,high-right,19.8,66.7,0,70988.0,Thibaut Courtois,2.0
15452742,2026-02-17,"UEFA Champions League, Knockout stage",636.0,Home,Real Madrid,Real Madrid,Opponent,826643,Kylian Mbappé,9,,save,assisted,right-foot,0.048325102776289,0.062885507941246,low-centre,15.7,35.8,0,966616.0,Anatoliy Trubin,9.0
15452742,2026-02-17,"UEFA Champions League, Knockout stage",636.0,Home,Real Madrid,Benfica,Benfica,1201395,Gianluca Prestianni,14,,block,regular,left-foot,0.068262316286564,0.0,low-left,11.7,46.6,0,70988.0,Thibaut Courtois,14.0
15452742,2026-02-17,"UEFA Champions League, Knockout stage",636.0,Home,Real Madrid,Benfica,Benfica,1102791,Amar Dedić,15,,save,regular,right-foot,0.018681759014726,0.028975335881114,low-centre,23.4,69.1,0,70988.0,Thibaut Courtois,15.0
15452742,2026-02-17,"UEFA Champions League, Knockout stage",636.0,Home,Real Madrid,Benfica,Benfica,983542,Tomás Araújo,15,,save,corner,head,0.017823988571763,0.014875334687531,high-centre,13.2,45.8,0,70988.0,Thibaut Courtois,15.0
15452742,2026-02-17,"UEFA Champions League, Knockout stage",636.0,Home,Real Madrid,Real Madrid,Opponent,1091116,Arda Güler,17,,save,assisted,left-foot,0.018888818100095,0.047263227403164,high-centre,27.8,56.8,0,966616.0,Anatoliy Trubin,17.0
15452742,2026-02-17,"UEFA Champions League, Knockout stage",636.0,Home,Real Madrid,Real Madrid,Opponent,868812,Vinícius Júnior,19,,miss,regular,right-foot,0.14262741804123,0.0,close-left,8.3,54.0,0,966616.0,Anatoliy Trubin,19.0
15452742,2026-02-17,"UEFA Champions League, Knockout stage",636.0,Home,Real Madrid,Benfica,Benfica,228364,Fredrik Aursnes,24,,save,regular,right-foot,0.024595808237791,0.12690560519695,low-right,22.6,63.8,0,70988.0,Thibaut Courtois,24.0
15452742,2026-02-17,"UEFA Champions League, Knockout stage",636.0,Home,Real Madrid,Real Madrid,Opponent,826643,Kylian Mbappé,26,,miss,assisted,right-foot,0.020810358226299,0.0,high,22.3,32.9,0,966616.0,Anatoliy Trubin,26.0
15452742,2026-02-17,"UEFA Champions League, Knockout stage",636.0,Home,Real Madrid,Benfica,Benfica,1201395,Gianluca Prestianni,29,,miss,assisted,right-foot,0.03681044280529,0.0,high-right,15.7,25.7,0,70988.0,Thibaut Courtois,29.0
15452742,2026-02-17,"UEFA Champions League, Knockout stage",636.0,Home,Real Madrid,Real Madrid,Opponent,826643,Kylian Mbappé,43,,miss,assisted,left-foot,0.11107028275728,0.0,close-high-left,13.6,39.3,0,966616.0,Anatoliy Trubin,43.0
15452742,2026-02-17,"UEFA Champions League, Knockout stage",636.0,Home,Real Madrid,Real Madrid,Opponent,826643,Kylian Mbappé,44,,save,regular,left-foot,0.16417789459229,0.26444259285927,low-centre,11.4,57.3,0,966616.0,Anatoliy Trubin,44.0
15452742,2026-02-17,"UEFA Champions League, Knockout stage",636.0,Home,Real Madrid,Real Madrid,Opponent,868812,Vinícius Júnior,45,,block,regular,right-foot,0.076121866703033,0.0,low-centre,9.9,59.1,0,966616.0,Anatoliy Trubin,45.0
15452742,2026-02-17,"UEFA Champions League, Knockout stage",636.0,Home,Real Madrid,Real Madrid,Opponent,1091116,Arda Güler,45,1.0,save,corner,left-foot,0.04874274507165,0.68007743358612,low-left,14.5,69.3,0,966616.0,Anatoliy Trubin,46.0
15452742,2026-02-17,"UEFA Champions League, Knockout stage",636.0,Home,Real Madrid,Real Madrid,Opponent,859025,Aurélien Tchouaméni,45,3.0,block,corner,head,0.037741478532553,0.0,low-left,9.8,47.7,0,966616.0,Anatoliy Trubin,48.0
15452742,2026-02-17,"UEFA Champions League, Knockout stage",636.0,Home,Real Madrid,Real Madrid,Opponent,826643,Kylian Mbappé,45,4.0,block,corner,right-foot,0.030835725367069,0.0,low-right,10.7,31.3,0,966616.0,Anatoliy Trubin,49.0
15452742,2026-02-17,"UEFA Champions League, Knockout stage",636.0,Home,Real Madrid,Real Madrid,Opponent,868812,Vinícius Júnior,50,,goal,assisted,right-foot,0.015763817355037,0.8239204287529,high-right,14.3,24.9,0,966616.0,Anatoliy Trubin,50.0
15452742,2026-02-17,"UEFA Champions League, Knockout stage",636.0,Home,Real Madrid,Real Madrid,Opponent,1091116,Arda Güler,61,,miss,regular,left-foot,0.031880587339401,0.0,left,20.0,58.4,0,966616.0,Anatoliy Trubin,61.0
15452742,2026-02-17,"UEFA Champions League, Knockout stage",636.0,Home,Real Madrid,Real Madrid,Opponent,1091116,Arda Güler,61,,block,regular,right-foot,0.055264890193939,0.0,low-right,21.3,54.0,0,966616.0,Anatoliy Trubin,61.0
15452742,2026-02-17,"UEFA Champions League, Knockout stage",636.0,Home,Real Madrid,Benfica,Benfica,252577,Rafa Silva,69,,miss,assisted,right-foot,0.13329011201859,0.0,left,11.1,54.2,0,70988.0,Thibaut Courtois,69.0
15452742,2026-02-17,"UEFA Champions League, Knockout stage",636.0,Home,Real Madrid,Real Madrid,Opponent,868812,Vinícius Júnior,70,,save,assisted,right-foot,0.018588460981846,0.045353703200817,low-left,21.0,37.2,0,966616.0,Anatoliy Trubin,70.0
15452742,2026-02-17,"UEFA Champions League, Knockout stage",636.0,Home,Real Madrid,Real Madrid,Opponent,868812,Vinícius Júnior,72,,block,fast-break,right-foot,0.047007996588945,0.0,low-centre,6.0,31.1,0,966616.0,Anatoliy Trubin,72.0
15452742,2026-02-17,"UEFA Champions League, Knockout stage",636.0,Home,Real Madrid,Benfica,Benfica,1102791,Amar Dedić,75,,block,assisted,left-foot,0.05165196955204,0.0,low-left,21.2,60.5,0,70988.0,Thibaut Courtois,75.0
15452742,2026-02-17,"UEFA Champions League, Knockout stage",636.0,Home,Real Madrid,Real Madrid,Opponent,868812,Vinícius Júnior,79,,save,assisted,right-foot,0.022317938506603,0.10885985195637,low-right,13.3,29.9,0,966616.0,Anatoliy Trubin,79.0
15452742,2026-02-17,"UEFA Champions League, Knockout stage",636.0,Home,Real Madrid,Benfica,Benfica,1117723,Sidny Lopes Cabral,81,,miss,regular,right-foot,0.022697243839502,0.0,high-right,23.2,64.6,0,70988.0,Thibaut Courtois,81.0
15452742,2026-02-17,"UEFA Champions League, Knockout stage",636.0,Home,Real Madrid,Benfica,Benfica,1117723,Sidny Lopes Cabral,88,,block,free-kick,left-foot,0.079406753182411,0.0,low-right,20.6,62.2,0,70988.0,Thibaut Courtois,88.0
14289000,2026-02-21,Liga Portugal Betclic,23.0,Home,AVS - Futebol SAD,Benfica,Benfica,850976,Alexander Bah,11,,goal,regular,left-foot,0.51585114002228,0.79346132278442,high-left,6.8,45.8,0,1106840.0,Adriel,11.0
14289000,2026-02-21,Liga Portugal Betclic,23.0,Home,AVS - Futebol SAD,Benfica,Benfica,795236,Vangelis Pavlidis,11,,save,assisted,right-foot,0.083688758313656,0.054474707692862,low-centre,11.0,33.6,0,1106840.0,Adriel,11.0
14289000,2026-02-21,Liga Portugal Betclic,23.0,Home,AVS - Futebol SAD,Benfica,Benfica,795236,Vangelis Pavlidis,16,,save,assisted,left-foot,0.33088997006416,0.74673819541931,low-right,3.7,41.9,0,1106840.0,Adriel,16.0
14289000,2026-02-21,Liga Portugal Betclic,23.0,Home,AVS - Futebol SAD,Benfica,Benfica,1087316,Enzo Barrenechea,26,,miss,regular,right-foot,0.045622233301401,0.0,high,19.5,49.1,0,1106840.0,Adriel,26.0
14289000,2026-02-21,Liga Portugal Betclic,23.0,Home,AVS - Futebol SAD,Benfica,Benfica,252577,Rafa Silva,29,,save,assisted,right-foot,0.29336801171303,0.22439676523209,low-centre,9.8,55.0,0,1106840.0,Adriel,29.0
14289000,2026-02-21,Liga Portugal Betclic,23.0,Home,AVS - Futebol SAD,Benfica,Benfica,1087316,Enzo Barrenechea,30,,goal,corner,left-foot,0.10325546562672,0.45004042983055,low-right,12.8,46.2,0,1106840.0,Adriel,30.0
14289000,2026-02-21,Liga Portugal Betclic,23.0,Home,AVS - Futebol SAD,Benfica,Benfica,795236,Vangelis Pavlidis,35,,save,fast-break,right-foot,0.69226956367493,0.40119215846062,low-centre,6.7,43.6,0,1106840.0,Adriel,35.0
14289000,2026-02-21,Liga Portugal Betclic,23.0,Home,AVS - Futebol SAD,Benfica,Benfica,252577,Rafa Silva,43,,goal,assisted,right-foot,0.35620486736298,0.90328574180603,high-left,7.6,54.2,0,1106840.0,Adriel,43.0
14289000,2026-02-21,Liga Portugal Betclic,23.0,Home,AVS - Futebol SAD,Benfica,Benfica,1100952,Andreas Schjelderup,43,,save,fast-break,right-foot,0.055918142199516,0.14494049549103,low-right,18.3,34.3,0,1106840.0,Adriel,43.0
14289000,2026-02-21,Liga Portugal Betclic,23.0,Home,AVS - Futebol SAD,Benfica,Benfica,1015292,Richard Ríos,49,,miss,assisted,right-foot,0.5953808426857,0.0,close-high-left,5.7,50.1,0,1106840.0,Adriel,49.0
14289000,2026-02-21,Liga Portugal Betclic,23.0,Home,AVS - Futebol SAD,AVS - Futebol SAD,Opponent,1006114,Gustavo Mendonca,50,,miss,corner,right-foot,0.027011668309569,0.0,right,10.5,30.7,0,966616.0,Anatoliy Trubin,50.0
14289000,2026-02-21,Liga Portugal Betclic,23.0,Home,AVS - Futebol SAD,AVS - Futebol SAD,Opponent,1003071,Diego Duarte,58,,block,regular,left-foot,0.043106500059366,0.0,low-centre,18.8,65.0,0,966616.0,Anatoliy Trubin,58.0
14289000,2026-02-21,Liga Portugal Betclic,23.0,Home,AVS - Futebol SAD,AVS - Futebol SAD,Opponent,1018546,Tiago Galletto,58,,miss,assisted,head,0.037831526249647,0.0,right,8.5,41.5,0,966616.0,Anatoliy Trubin,58.0
14289000,2026-02-21,Liga Portugal Betclic,23.0,Home,AVS - Futebol SAD,Benfica,Benfica,1100952,Andreas Schjelderup,59,,block,assisted,right-foot,0.11498846113682,0.0,low-centre,4.5,38.9,0,1106840.0,Adriel,59.0
14289000,2026-02-21,Liga Portugal Betclic,23.0,Home,AVS - Futebol SAD,Benfica,Benfica,1015292,Richard Ríos,66,,block,regular,left-foot,0.021854558959603,0.0,low-left,24.7,47.9,0,1106840.0,Adriel,66.0
14289000,2026-02-21,Liga Portugal Betclic,23.0,Home,AVS - Futebol SAD,Benfica,Benfica,1117723,Sidny Lopes Cabral,67,,block,regular,right-foot,0.064805738627911,0.0,low-centre,9.7,62.2,0,1106840.0,Adriel,67.0
14289000,2026-02-21,Liga Portugal Betclic,23.0,Home,AVS - Futebol SAD,Benfica,Benfica,1117723,Sidny Lopes Cabral,67,,post,assisted,right-foot,0.084621928632259,0.0,left,12.8,55.6,0,1106840.0,Adriel,67.0
14289000,2026-02-21,Liga Portugal Betclic,23.0,Home,AVS - Futebol SAD,Benfica,Benfica,1961117,José Neto,69,,block,corner,left-foot,0.02868852391839,0.0,low-centre,20.1,62.6,0,1106840.0,Adriel,69.0
14289000,2026-02-21,Liga Portugal Betclic,23.0,Home,AVS - Futebol SAD,Benfica,Benfica,1087316,Enzo Barrenechea,70,,miss,corner,head,0.061764169484377,0.0,left,9.1,55.0,0,1106840.0,Adriel,70.0
14289000,2026-02-21,Liga Portugal Betclic,23.0,Home,AVS - Futebol SAD,Benfica,Benfica,795236,Vangelis Pavlidis,70,,block,assisted,left-foot,0.088043510913849,0.0,low-right,18.1,52.3,0,1106840.0,Adriel,70.0
14289000,2026-02-21,Liga Portugal Betclic,23.0,Home,AVS - Futebol SAD,Benfica,Benfica,1006069,António Silva,77,,block,corner,head,0.035754356533289,0.0,low-left,10.3,55.3,0,1106840.0,Adriel,77.0
14289000,2026-02-21,Liga Portugal Betclic,23.0,Home,AVS - Futebol SAD,Benfica,Benfica,795236,Vangelis Pavlidis,78,,miss,regular,head,0.043347604572773,0.0,left,7.1,40.6,0,1106840.0,Adriel,78.0
14289000,2026-02-21,Liga Portugal Betclic,23.0,Home,AVS - Futebol SAD,Benfica,Benfica,1015292,Richard Ríos,81,,miss,regular,right-foot,0.057450000196695,0.0,high,18.7,55.8,0,1106840.0,Adriel,81.0
14289000,2026-02-21,Liga Portugal Betclic,23.0,Home,AVS - Futebol SAD,Benfica,Benfica,1087316,Enzo Barrenechea,81,,save,regular,right-foot,0.012479176744819,0.009850675240159,low-centre,26.7,57.3,0,1106840.0,Adriel,81.0
14289000,2026-02-21,Liga Portugal Betclic,23.0,Home,AVS - Futebol SAD,Benfica,Benfica,1961117,José Neto,84,,miss,corner,left-foot,0.0515141710639,0.0,high,20.0,41.1,0,1106840.0,Adriel,84.0
15452752,2026-02-25,"UEFA Champions League, Knockout stage",636.0,Away,Real Madrid,Benfica,Benfica,1015292,Richard Ríos,3,,block,assisted,left-foot,0.016981903463602,0.0,low-right,20.7,32.7,0,70988.0,Thibaut Courtois,3.0
15452752,2026-02-25,"UEFA Champions League, Knockout stage",636.0,Away,Real Madrid,Benfica,Benfica,906800,Leandro Barreiro,5,,save,corner,head,0.03038059733808,0.16114014387131,high-centre,4.5,36.8,0,70988.0,Thibaut Courtois,5.0
15452752,2026-02-25,"UEFA Champions League, Knockout stage",636.0,Away,Real Madrid,Real Madrid,Opponent,868812,Vinícius Júnior,6,,miss,assisted,right-foot,0.037863656878471,0.0,close-left,10.0,34.2,0,966616.0,Anatoliy Trubin,6.0
15452752,2026-02-25,"UEFA Champions League, Knockout stage",636.0,Away,Real Madrid,Benfica,Benfica,252577,Rafa Silva,6,,save,assisted,right-foot,0.028645563870668,0.056110572069883,low-centre,15.1,36.1,0,70988.0,Thibaut Courtois,6.0
15452752,2026-02-25,"UEFA Champions League, Knockout stage",636.0,Away,Real Madrid,Benfica,Benfica,252577,Rafa Silva,14,,goal,regular,right-foot,0.5548979640007,0.56093895435333,high-centre,2.3,49.6,0,70988.0,Thibaut Courtois,14.0
15452752,2026-02-25,"UEFA Champions League, Knockout stage",636.0,Away,Real Madrid,Real Madrid,Opponent,859025,Aurélien Tchouaméni,16,,goal,assisted,right-foot,0.17128659784794,0.20549455285072,low-right,15.6,53.4,0,966616.0,Anatoliy Trubin,16.0
15452752,2026-02-25,"UEFA Champions League, Knockout stage",636.0,Away,Real Madrid,Benfica,Benfica,795236,Vangelis Pavlidis,22,,miss,assisted,left-foot,0.4091808795929,0.0,right,3.9,47.7,0,70988.0,Thibaut Courtois,22.0
15452752,2026-02-25,"UEFA Champions League, Knockout stage",636.0,Away,Real Madrid,Real Madrid,Opponent,868812,Vinícius Júnior,24,,save,fast-break,right-foot,0.071134172379971,0.040460404008627,low-centre,21.8,47.2,0,966616.0,Anatoliy Trubin,24.0
15452752,2026-02-25,"UEFA Champions League, Knockout stage",636.0,Away,Real Madrid,Real Madrid,Opponent,973887,Eduardo Camavinga,24,,save,assisted,left-foot,0.032544210553169,0.079783342778683,high-centre,25.7,60.7,0,966616.0,Anatoliy Trubin,24.0
15452752,2026-02-25,"UEFA Champions League, Knockout stage",636.0,Away,Real Madrid,Benfica,Benfica,1015292,Richard Ríos,38,,save,regular,right-foot,0.059398710727692,0.55081462860107,low-left,14.2,36.8,0,70988.0,Thibaut Courtois,38.0
15452752,2026-02-25,"UEFA Champions League, Knockout stage",636.0,Away,Real Madrid,Real Madrid,Opponent,1091116,Arda Güler,41,,block,assisted,left-foot,0.045633394271135,0.0,low-centre,15.2,65.3,0,966616.0,Anatoliy Trubin,41.0
15452752,2026-02-25,"UEFA Champions League, Knockout stage",636.0,Away,Real Madrid,Real Madrid,Opponent,831808,Federico Valverde,44,,block,assisted,right-foot,0.023298373445868,0.0,low-left,22.0,32.5,0,966616.0,Anatoliy Trubin,44.0
15452752,2026-02-25,"UEFA Champions League, Knockout stage",636.0,Away,Real Madrid,Real Madrid,Opponent,831808,Federico Valverde,45,,block,regular,right-foot,0.016284387558699,0.0,low-right,12.9,32.1,0,966616.0,Anatoliy Trubin,45.0
15452752,2026-02-25,"UEFA Champions League, Knockout stage",636.0,Away,Real Madrid,Real Madrid,Opponent,831808,Federico Valverde,47,,miss,assisted,right-foot,0.21101921796799,0.0,left,8.8,53.2,0,966616.0,Anatoliy Trubin,47.0
15452752,2026-02-25,"UEFA Champions League, Knockout stage",636.0,Away,Real Madrid,Real Madrid,Opponent,1156645,Raúl Asencio,53,,miss,corner,head,0.021797148510814,0.0,close-high,10.9,46.2,0,966616.0,Anatoliy Trubin,53.0
15452752,2026-02-25,"UEFA Champions League, Knockout stage",636.0,Away,Real Madrid,Real Madrid,Opponent,795064,Trent Alexander-Arnold,56,,miss,assisted,right-foot,0.042414844036102,0.0,close-left,8.2,67.5,0,966616.0,Anatoliy Trubin,56.0
15452752,2026-02-25,"UEFA Champions League, Knockout stage",636.0,Away,Real Madrid,Benfica,Benfica,252577,Rafa Silva,60,,block,assisted,right-foot,0.08202338218689,0.0,low-centre,18.1,52.9,0,70988.0,Thibaut Courtois,60.0
15452752,2026-02-25,"UEFA Champions League, Knockout stage",636.0,Away,Real Madrid,Benfica,Benfica,1100952,Andreas Schjelderup,60,,block,regular,right-foot,0.032483663409948,0.0,low-right,8.9,31.9,0,70988.0,Thibaut Courtois,60.0
15452752,2026-02-25,"UEFA Champions League, Knockout stage",636.0,Away,Real Madrid,Benfica,Benfica,1015292,Richard Ríos,64,,miss,assisted,right-foot,0.011999010108411,0.0,high-right,30.3,41.5,0,70988.0,Thibaut Courtois,64.0
15452752,2026-02-25,"UEFA Champions League, Knockout stage",636.0,Away,Real Madrid,Benfica,Benfica,795236,Vangelis Pavlidis,68,,block,assisted,right-foot,0.073469460010529,0.0,low-left,19.7,51.1,0,70988.0,Thibaut Courtois,68.0
15452752,2026-02-25,"UEFA Champions League, Knockout stage",636.0,Away,Real Madrid,Benfica,Benfica,1015292,Richard Ríos,70,,block,corner,head,0.041870970278978,0.0,low-centre,8.9,55.6,0,70988.0,Thibaut Courtois,70.0
15452752,2026-02-25,"UEFA Champions League, Knockout stage",636.0,Away,Real Madrid,Real Madrid,Opponent,868812,Vinícius Júnior,80,,goal,fast-break,right-foot,0.23195296525955,0.54763305187225,low-right,10.5,37.0,0,966616.0,Anatoliy Trubin,80.0
15452752,2026-02-25,"UEFA Champions League, Knockout stage",636.0,Away,Real Madrid,Benfica,Benfica,252577,Rafa Silva,82,,miss,assisted,right-foot,0.29487633705139,0.0,close-right,7.3,41.5,0,70988.0,Thibaut Courtois,82.0
15452752,2026-02-25,"UEFA Champions League, Knockout stage",636.0,Away,Real Madrid,Real Madrid,Opponent,1091116,Arda Güler,83,,miss,assisted,left-foot,0.025113180279732,0.0,high,22.2,55.6,0,966616.0,Anatoliy Trubin,83.0
15452752,2026-02-25,"UEFA Champions League, Knockout stage",636.0,Away,Real Madrid,Real Madrid,Opponent,1085081,Álvaro Carreras,90,,miss,regular,left-foot,0.033477034419775,0.0,right,15.6,25.0,0,966616.0,Anatoliy Trubin,90.0
15452752,2026-02-25,"UEFA Champions League, Knockout stage",636.0,Away,Real Madrid,Real Madrid,Opponent,859025,Aurélien Tchouaméni,90,5.0,block,corner,head,0.017414370551705,0.0,low-centre,12.6,42.8,0,966616.0,Anatoliy Trubin,95.0
14288810,2026-03-02,Liga Portugal Betclic,24.0,Away,Gil Vicente,Gil Vicente,Opponent,1799336,Agustín Moreira,2,,save,fast-break,right-foot,0.071842558681965,0.20581896603107,low-left,19.5,37.4,0,966616.0,Anatoliy Trubin,2.0
14288810,2026-03-02,Liga Portugal Betclic,24.0,Away,Gil Vicente,Gil Vicente,Opponent,1097527,Luís Esteves,7,,miss,assisted,right-foot,0.030495658516884,0.0,high,26.9,49.3,0,966616.0,Anatoliy Trubin,7.0
14288810,2026-03-02,Liga Portugal Betclic,24.0,Away,Gil Vicente,Benfica,Benfica,795236,Vangelis Pavlidis,13,,miss,regular,right-foot,0.055181462317705,0.0,left,18.4,67.9,0,981586.0,Lucão,13.0
14288810,2026-03-02,Liga Portugal Betclic,24.0,Away,Gil Vicente,Benfica,Benfica,252577,Rafa Silva,18,,save,assisted,right-foot,0.12170039862394,0.081583939492702,low-centre,13.7,51.7,0,981586.0,Lucão,18.0
14288810,2026-03-02,Liga Portugal Betclic,24.0,Away,Gil Vicente,Benfica,Benfica,1100952,Andreas Schjelderup,34,,block,assisted,head,0.12704691290855,0.0,low-left,7.0,45.2,0,981586.0,Lucão,34.0
14288810,2026-03-02,Liga Portugal Betclic,24.0,Away,Gil Vicente,Benfica,Benfica,1006069,António Silva,35,,goal,corner,head,0.069409020245075,0.12700696289539,low-centre,5.7,57.9,0,981586.0,Lucão,35.0
14288810,2026-03-02,Liga Portugal Betclic,24.0,Away,Gil Vicente,Benfica,Benfica,795236,Vangelis Pavlidis,38,,post,assisted,other,0.18626871705055,0.0,high,5.0,48.6,0,981586.0,Lucão,38.0
14288810,2026-03-02,Liga Portugal Betclic,24.0,Away,Gil Vicente,Gil Vicente,Opponent,1799336,Agustín Moreira,40,,miss,throw-in-set-piece,left-foot,0.023312190547585,0.0,high,18.8,42.3,0,966616.0,Anatoliy Trubin,40.0
14288810,2026-03-02,Liga Portugal Betclic,24.0,Away,Gil Vicente,Gil Vicente,Opponent,1084746,Santi García,44,,miss,assisted,right-foot,0.10052505880594,0.0,right,11.1,50.9,0,966616.0,Anatoliy Trubin,44.0
14288810,2026-03-02,Liga Portugal Betclic,24.0,Away,Gil Vicente,Benfica,Benfica,228364,Fredrik Aursnes,45,1.0,miss,regular,right-foot,0.0055833817459643,0.0,left,26.3,72.6,0,981586.0,Lucão,46.0
14288810,2026-03-02,Liga Portugal Betclic,24.0,Away,Gil Vicente,Gil Vicente,Opponent,1001662,Zé Carlos,45,2.0,miss,regular,right-foot,0.019027860835195,0.0,high-right,26.9,69.1,0,966616.0,Anatoliy Trubin,47.0
14288810,2026-03-02,Liga Portugal Betclic,24.0,Away,Gil Vicente,Gil Vicente,Opponent,352448,Héctor Hernández,51,,goal,throw-in-set-piece,right-foot,0.292709171772,0.61306577920914,low-right,6.9,55.3,0,966616.0,Anatoliy Trubin,51.0
14288810,2026-03-02,Liga Portugal Betclic,24.0,Away,Gil Vicente,Gil Vicente,Opponent,352448,Héctor Hernández,51,,save,throw-in-set-piece,head,0.02026417478919,0.0087500978261232,low-centre,13.6,52.3,0,966616.0,Anatoliy Trubin,51.0
14288810,2026-03-02,Liga Portugal Betclic,24.0,Away,Gil Vicente,Gil Vicente,Opponent,352448,Héctor Hernández,56,,save,corner,head,0.038907747715712,0.37842282652855,low-left,10.4,52.1,0,966616.0,Anatoliy Trubin,56.0
14288810,2026-03-02,Liga Portugal Betclic,24.0,Away,Gil Vicente,Gil Vicente,Opponent,1084746,Santi García,56,,block,corner,head,0.20819859206676,0.0,low-left,3.5,46.1,0,966616.0,Anatoliy Trubin,56.0
14288810,2026-03-02,Liga Portugal Betclic,24.0,Away,Gil Vicente,Gil Vicente,Opponent,1001662,Zé Carlos,57,,miss,corner,right-foot,0.020824616774917,0.0,high,20.4,66.9,0,966616.0,Anatoliy Trubin,57.0
14288810,2026-03-02,Liga Portugal Betclic,24.0,Away,Gil Vicente,Benfica,Benfica,1100952,Andreas Schjelderup,62,,miss,fast-break,left-foot,0.054744776338339,0.0,right,1.8,36.0,0,981586.0,Lucão,62.0
14288810,2026-03-02,Liga Portugal Betclic,24.0,Away,Gil Vicente,Benfica,Benfica,252577,Rafa Silva,70,,block,assisted,right-foot,0.036260567605495,0.0,low-centre,23.1,46.4,0,981586.0,Lucão,70.0
14288810,2026-03-02,Liga Portugal Betclic,24.0,Away,Gil Vicente,Benfica,Benfica,1015292,Richard Ríos,71,,miss,regular,right-foot,0.016676193103194,0.0,right,23.1,28.9,0,981586.0,Lucão,71.0
14288810,2026-03-02,Liga Portugal Betclic,24.0,Away,Gil Vicente,Benfica,Benfica,1100952,Andreas Schjelderup,73,,goal,regular,left-foot,0.099507682025433,0.59278535842896,high-left,7.3,35.2,0,981586.0,Lucão,73.0
14288810,2026-03-02,Liga Portugal Betclic,24.0,Away,Gil Vicente,Gil Vicente,Opponent,1032547,Joelson Fernandes,79,,miss,assisted,right-foot,0.017503783106804,0.0,right,23.4,30.1,0,966616.0,Anatoliy Trubin,79.0
14288810,2026-03-02,Liga Portugal Betclic,24.0,Away,Gil Vicente,Gil Vicente,Opponent,831781,Ghislain Konan,90,,save,regular,left-foot,0.021074445918202,0.057666655629873,high-centre,27.4,44.8,0,966616.0,Anatoliy Trubin,90.0
14288810,2026-03-02,Liga Portugal Betclic,24.0,Away,Gil Vicente,Gil Vicente,Opponent,1097527,Luís Esteves,90,1.0,miss,assisted,right-foot,0.017286894842982,0.0,high-right,28.5,33.6,0,966616.0,Anatoliy Trubin,91.0
14288822,2026-03-08,Liga Portugal Betclic,25.0,Home,FC Porto,Benfica,Benfica,795236,Vangelis Pavlidis,8,,save,fast-break,right-foot,0.037636239081621,0.080687656998634,low-right,26.3,48.9,0,843115.0,Diogo Costa,8.0
14288822,2026-03-08,Liga Portugal Betclic,25.0,Home,FC Porto,FC Porto,Opponent,1406639,Victor Froholdt,10,,goal,regular,right-foot,0.69582670927048,0.50864243507385,low-centre,3.0,55.7,0,966616.0,Anatoliy Trubin,10.0
14288822,2026-03-08,Liga Portugal Betclic,25.0,Home,FC Porto,FC Porto,Opponent,1406639,Victor Froholdt,10,,save,assisted,right-foot,0.09538497030735,0.26298207044601,low-centre,11.4,63.2,0,966616.0,Anatoliy Trubin,10.0
14288822,2026-03-08,Liga Portugal Betclic,25.0,Home,FC Porto,FC Porto,Opponent,1407720,Deniz Gül,19,,block,regular,right-foot,0.033283699303865,0.0,low-centre,21.9,43.5,0,966616.0,Anatoliy Trubin,19.0
14288822,2026-03-08,Liga Portugal Betclic,25.0,Home,FC Porto,Benfica,Benfica,983542,Tomás Araújo,23,,block,corner,right-foot,0.044890131801367,0.0,low-right,11.6,51.7,0,843115.0,Diogo Costa,23.0
14288822,2026-03-08,Liga Portugal Betclic,25.0,Home,FC Porto,FC Porto,Opponent,976037,Jakub Kiwior,25,,miss,assisted,left-foot,0.015882330015302,0.0,high-left,29.7,33.6,0,966616.0,Anatoliy Trubin,25.0
14288822,2026-03-08,Liga Portugal Betclic,25.0,Home,FC Porto,Benfica,Benfica,1100952,Andreas Schjelderup,27,,miss,free-kick,right-foot,0.06270644068718,0.0,close-high-left,26.2,47.5,0,843115.0,Diogo Costa,27.0
14288822,2026-03-08,Liga Portugal Betclic,25.0,Home,FC Porto,FC Porto,Opponent,1548929,Oskar Pietuszewski,28,,miss,assisted,right-foot,0.015860611572862,0.0,high-right,22.7,26.3,0,966616.0,Anatoliy Trubin,28.0
14288822,2026-03-08,Liga Portugal Betclic,25.0,Home,FC Porto,Benfica,Benfica,1201395,Gianluca Prestianni,34,,save,assisted,right-foot,0.054704666137695,0.044523701071739,high-centre,10.1,29.3,0,843115.0,Diogo Costa,34.0
14288822,2026-03-08,Liga Portugal Betclic,25.0,Home,FC Porto,Benfica,Benfica,1100952,Andreas Schjelderup,35,,block,assisted,right-foot,0.022560782730579,0.0,low-left,14.4,34.0,0,843115.0,Diogo Costa,35.0
14288822,2026-03-08,Liga Portugal Betclic,25.0,Home,FC Porto,FC Porto,Opponent,1548929,Oskar Pietuszewski,40,,goal,fast-break,left-foot,0.74977123737335,0.83066463470459,high-left,8.1,45.5,0,966616.0,Anatoliy Trubin,40.0
14288822,2026-03-08,Liga Portugal Betclic,25.0,Home,FC Porto,Benfica,Benfica,1087316,Enzo Barrenechea,40,,block,regular,right-foot,0.025219362229109,0.0,low-centre,20.0,50.7,0,843115.0,Diogo Costa,40.0
14288822,2026-03-08,Liga Portugal Betclic,25.0,Home,FC Porto,Benfica,Benfica,1201395,Gianluca Prestianni,44,,save,fast-break,right-foot,0.035628765821457,0.042783707380295,low-centre,11.6,73.6,0,843115.0,Diogo Costa,44.0
14288822,2026-03-08,Liga Portugal Betclic,25.0,Home,FC Porto,FC Porto,Opponent,1406639,Victor Froholdt,45,1.0,block,assisted,right-foot,0.05949529260397,0.0,low-centre,20.1,47.4,0,966616.0,Anatoliy Trubin,46.0
14288822,2026-03-08,Liga Portugal Betclic,25.0,Home,FC Porto,FC Porto,Opponent,1010505,Gabri Veiga,45,2.0,save,free-kick,right-foot,0.066201113164425,0.40078619122505,high-left,25.9,43.3,0,966616.0,Anatoliy Trubin,47.0
14288822,2026-03-08,Liga Portugal Betclic,25.0,Home,FC Porto,Benfica,Benfica,1087316,Enzo Barrenechea,45,4.0,miss,assisted,right-foot,0.039051003754139,0.0,left,21.6,44.6,0,843115.0,Diogo Costa,49.0
14288822,2026-03-08,Liga Portugal Betclic,25.0,Home,FC Porto,Benfica,Benfica,1201395,Gianluca Prestianni,45,7.0,miss,assisted,head,0.022602681070566,0.0,right,13.1,54.6,0,843115.0,Diogo Costa,52.0
14288822,2026-03-08,Liga Portugal Betclic,25.0,Home,FC Porto,Benfica,Benfica,252577,Rafa Silva,58,,miss,assisted,left-foot,0.13876217603683,0.0,left,13.4,54.1,0,843115.0,Diogo Costa,58.0
14288822,2026-03-08,Liga Portugal Betclic,25.0,Home,FC Porto,Benfica,Benfica,74915,Nicolás Otamendi,60,,block,corner,right-foot,0.045112993568182,0.0,low-centre,11.3,51.5,0,843115.0,Diogo Costa,60.0
14288822,2026-03-08,Liga Portugal Betclic,25.0,Home,FC Porto,FC Porto,Opponent,1160957,Alberto Costa,66,,save,assisted,right-foot,0.11920467019081,0.18819765746593,low-right,3.8,58.3,0,966616.0,Anatoliy Trubin,66.0
14288822,2026-03-08,Liga Portugal Betclic,25.0,Home,FC Porto,Benfica,Benfica,1100952,Andreas Schjelderup,69,,goal,regular,right-foot,0.28184306621552,0.73248738050461,high-right,10.1,51.9,0,843115.0,Diogo Costa,69.0
14288822,2026-03-08,Liga Portugal Betclic,25.0,Home,FC Porto,Benfica,Benfica,823631,Dodi Lukebakio,69,,post,assisted,left-foot,0.047489400953054,0.0,left,16.0,65.4,0,843115.0,Diogo Costa,69.0
14288822,2026-03-08,Liga Portugal Betclic,25.0,Home,FC Porto,FC Porto,Opponent,1066560,Alan Varela,73,,save,assisted,right-foot,0.038535915315151,0.060500722378492,low-left,21.2,67.1,0,966616.0,Anatoliy Trubin,73.0
14288822,2026-03-08,Liga Portugal Betclic,25.0,Home,FC Porto,FC Porto,Opponent,1407720,Deniz Gül,73,,block,fast-break,left-foot,0.20378771424294,0.0,low-centre,9.9,54.4,0,966616.0,Anatoliy Trubin,73.0
14288822,2026-03-08,Liga Portugal Betclic,25.0,Home,FC Porto,Benfica,Benfica,823631,Dodi Lukebakio,74,,block,assisted,left-foot,0.032037787139416,0.0,low-centre,22.4,53.4,0,843115.0,Diogo Costa,74.0
14288822,2026-03-08,Liga Portugal Betclic,25.0,Home,FC Porto,Benfica,Benfica,993101,Samuel Dahl,75,,block,set-piece,right-foot,0.014810685068369,0.0,low-centre,19.6,28.6,0,843115.0,Diogo Costa,75.0
14288822,2026-03-08,Liga Portugal Betclic,25.0,Home,FC Porto,Benfica,Benfica,823631,Dodi Lukebakio,80,,block,fast-break,left-foot,0.073235757648945,0.0,low-right,17.8,51.5,0,843115.0,Diogo Costa,80.0
14288822,2026-03-08,Liga Portugal Betclic,25.0,Home,FC Porto,Benfica,Benfica,1100952,Andreas Schjelderup,80,,block,fast-break,right-foot,0.066103212535381,0.0,low-centre,14.5,34.2,0,843115.0,Diogo Costa,80.0
14288822,2026-03-08,Liga Portugal Betclic,25.0,Home,FC Porto,FC Porto,Opponent,992567,Borja Sainz,81,,block,fast-break,right-foot,0.073037162423134,0.0,low-centre,20.3,37.2,0,966616.0,Anatoliy Trubin,81.0
14288822,2026-03-08,Liga Portugal Betclic,25.0,Home,FC Porto,FC Porto,Opponent,1639250,William Gomes,82,,miss,fast-break,right-foot,0.037234470248222,0.0,close-high-right,11.8,67.5,0,966616.0,Anatoliy Trubin,82.0
14288822,2026-03-08,Liga Portugal Betclic,25.0,Home,FC Porto,Benfica,Benfica,906800,Leandro Barreiro,88,,goal,assisted,right-foot,0.098709128797054,0.74246948957443,low-left,11.3,49.3,0,843115.0,Diogo Costa,88.0
14288822,2026-03-08,Liga Portugal Betclic,25.0,Home,FC Porto,FC Porto,Opponent,1406639,Victor Froholdt,90,4.0,miss,corner,right-foot,0.018988147377968,0.0,close-high-left,3.0,35.8,0,966616.0,Anatoliy Trubin,94.0
14288822,2026-03-08,Liga Portugal Betclic,25.0,Home,FC Porto,Benfica,Benfica,1103333,Franjo Ivanović,90,8.0,save,assisted,left-foot,0.053178071975708,0.14287820458412,low-centre,14.7,58.3,0,843115.0,Diogo Costa,98.0
14288822,2026-03-08,Liga Portugal Betclic,25.0,Home,FC Porto,Benfica,Benfica,993101,Samuel Dahl,90,8.0,block,assisted,right-foot,0.046974662691355,0.0,low-centre,23.1,52.2,0,843115.0,Diogo Costa,98.0
14288830,2026-03-14,Liga Portugal Betclic,26.0,Away,FC Arouca,FC Arouca,Opponent,913728,Ivan Barbero,3,,block,assisted,head,0.053328666836023,0.0,low-centre,10.2,47.2,0,966616.0,Anatoliy Trubin,3.0
14288830,2026-03-14,Liga Portugal Betclic,26.0,Away,FC Arouca,FC Arouca,Opponent,913728,Ivan Barbero,7,,goal,penalty,right-foot,0.7884,0.63095253705978,low-right,11.5,50.0,0,966616.0,Anatoliy Trubin,7.0
14288830,2026-03-14,Liga Portugal Betclic,26.0,Away,FC Arouca,Benfica,Benfica,795236,Vangelis Pavlidis,11,,block,assisted,right-foot,0.032122191041708,0.0,low-centre,22.0,55.0,0,789933.0,Ignacio de Arruabarrena,11.0
14288830,2026-03-14,Liga Portugal Betclic,26.0,Away,FC Arouca,Benfica,Benfica,993101,Samuel Dahl,15,,block,regular,left-foot,0.10330221056938,0.0,low-centre,9.1,31.5,0,789933.0,Ignacio de Arruabarrena,15.0
14288830,2026-03-14,Liga Portugal Betclic,26.0,Away,FC Arouca,Benfica,Benfica,823631,Dodi Lukebakio,24,,block,free-kick,left-foot,0.073550589382648,0.0,low-centre,19.7,66.7,0,789933.0,Ignacio de Arruabarrena,24.0
14288830,2026-03-14,Liga Portugal Betclic,26.0,Away,FC Arouca,Benfica,Benfica,823631,Dodi Lukebakio,31,,block,fast-break,left-foot,0.026185726746917,0.0,low-centre,18.5,69.7,0,789933.0,Ignacio de Arruabarrena,31.0
14288830,2026-03-14,Liga Portugal Betclic,26.0,Away,FC Arouca,Benfica,Benfica,850976,Alexander Bah,32,,miss,corner,head,0.21718829870224,0.0,close-left,3.6,42.8,0,789933.0,Ignacio de Arruabarrena,32.0
14288830,2026-03-14,Liga Portugal Betclic,26.0,Away,FC Arouca,Benfica,Benfica,850976,Alexander Bah,36,,block,assisted,right-foot,0.021645685657859,0.0,low-centre,22.9,68.5,0,789933.0,Ignacio de Arruabarrena,36.0
14288830,2026-03-14,Liga Portugal Betclic,26.0,Away,FC Arouca,FC Arouca,Opponent,913728,Ivan Barbero,38,,miss,assisted,head,0.19049532711506,0.0,close-left,7.6,45.8,0,966616.0,Anatoliy Trubin,38.0
14288830,2026-03-14,Liga Portugal Betclic,26.0,Away,FC Arouca,Benfica,Benfica,983542,Tomás Araújo,41,,block,corner,left-foot,0.077752724289894,0.0,low-right,8.0,55.1,0,789933.0,Ignacio de Arruabarrena,41.0
14288830,2026-03-14,Liga Portugal Betclic,26.0,Away,FC Arouca,Benfica,Benfica,795236,Vangelis Pavlidis,41,,save,corner,head,0.22428698837757,0.37160766124725,high-centre,4.2,51.5,0,789933.0,Ignacio de Arruabarrena,41.0
14288830,2026-03-14,Liga Portugal Betclic,26.0,Away,FC Arouca,Benfica,Benfica,252577,Rafa Silva,44,,miss,assisted,right-foot,0.089995846152306,0.0,high-left,10.7,44.2,0,789933.0,Ignacio de Arruabarrena,44.0
14288830,2026-03-14,Liga Portugal Betclic,26.0,Away,FC Arouca,FC Arouca,Opponent,1191120,Hyun-ju Lee,47,,save,regular,right-foot,0.52377426624298,0.57613265514374,low-centre,4.5,54.3,0,966616.0,Anatoliy Trubin,47.0
14288830,2026-03-14,Liga Portugal Betclic,26.0,Away,FC Arouca,FC Arouca,Opponent,913728,Ivan Barbero,47,,block,assisted,right-foot,0.080999068915844,0.0,low-centre,8.0,58.9,0,966616.0,Anatoliy Trubin,47.0
14288830,2026-03-14,Liga Portugal Betclic,26.0,Away,FC Arouca,Benfica,Benfica,252577,Rafa Silva,45,4.0,miss,assisted,right-foot,0.015758210793138,0.0,close-right,4.5,74.4,0,789933.0,Ignacio de Arruabarrena,49.0
14288830,2026-03-14,Liga Portugal Betclic,26.0,Away,FC Arouca,Benfica,Benfica,1015292,Richard Ríos,50,,goal,corner,head,0.40542083978653,0.45917984843254,low-centre,5.7,52.1,0,789933.0,Ignacio de Arruabarrena,50.0
14288830,2026-03-14,Liga Portugal Betclic,26.0,Away,FC Arouca,Benfica,Benfica,823631,Dodi Lukebakio,50,,save,assisted,right-foot,0.14157058298588,0.24807788431644,low-centre,7.9,64.8,0,789933.0,Ignacio de Arruabarrena,50.0
14288830,2026-03-14,Liga Portugal Betclic,26.0,Away,FC Arouca,Benfica,Benfica,795236,Vangelis Pavlidis,57,,miss,assisted,right-foot,0.047629900276661,0.0,close-high-right,15.3,64.6,0,789933.0,Ignacio de Arruabarrena,57.0
14288830,2026-03-14,Liga Portugal Betclic,26.0,Away,FC Arouca,Benfica,Benfica,1100952,Andreas Schjelderup,58,,miss,fast-break,right-foot,0.15490320324898,0.0,right,11.1,37.0,0,789933.0,Ignacio de Arruabarrena,58.0
14288830,2026-03-14,Liga Portugal Betclic,26.0,Away,FC Arouca,FC Arouca,Opponent,955133,Naïs Djouahra,63,,miss,fast-break,right-foot,0.1456458568573,0.0,high-right,10.5,35.6,0,966616.0,Anatoliy Trubin,63.0
14288830,2026-03-14,Liga Portugal Betclic,26.0,Away,FC Arouca,FC Arouca,Opponent,1105857,Taichi Fukui,70,,save,regular,right-foot,0.021672690287232,0.017153613269329,low-centre,25.4,30.5,0,966616.0,Anatoliy Trubin,70.0
14288830,2026-03-14,Liga Portugal Betclic,26.0,Away,FC Arouca,FC Arouca,Opponent,1105857,Taichi Fukui,70,,save,assisted,left-foot,0.037557136267424,0.3313262462616,low-left,14.7,37.6,0,966616.0,Anatoliy Trubin,70.0
14288830,2026-03-14,Liga Portugal Betclic,26.0,Away,FC Arouca,FC Arouca,Opponent,996932,Pablo Gozálbez,71,,block,assisted,right-foot,0.01673898100853,0.0,low-centre,23.5,64.2,0,966616.0,Anatoliy Trubin,71.0
14288830,2026-03-14,Liga Portugal Betclic,26.0,Away,FC Arouca,Benfica,Benfica,983542,Tomás Araújo,78,,miss,set-piece,right-foot,0.05400164052844,0.0,close-high-left,2.6,38.0,0,789933.0,Ignacio de Arruabarrena,78.0
14288830,2026-03-14,Liga Portugal Betclic,26.0,Away,FC Arouca,FC Arouca,Opponent,1510444,Dylan Nandín,81,,save,assisted,right-foot,0.1258195489645,0.81275910139084,low-right,12.6,54.2,0,966616.0,Anatoliy Trubin,81.0
14288830,2026-03-14,Liga Portugal Betclic,26.0,Away,FC Arouca,Benfica,Benfica,906800,Leandro Barreiro,81,,miss,corner,head,0.06967318803072,0.0,close-right,5.1,57.9,0,789933.0,Ignacio de Arruabarrena,81.0
14288830,2026-03-14,Liga Portugal Betclic,26.0,Away,FC Arouca,FC Arouca,Opponent,1000680,Miguel Puche,82,,save,assisted,head,0.18246568739414,0.65659892559052,high-left,4.0,44.4,0,966616.0,Anatoliy Trubin,82.0
14288830,2026-03-14,Liga Portugal Betclic,26.0,Away,FC Arouca,FC Arouca,Opponent,1510444,Dylan Nandín,84,,miss,assisted,head,0.17828565835953,0.0,close-high,9.1,51.1,0,966616.0,Anatoliy Trubin,84.0
14288830,2026-03-14,Liga Portugal Betclic,26.0,Away,FC Arouca,Benfica,Benfica,2163561,Anísio Cabral,87,,miss,corner,head,0.039684172719717,0.0,high,9.5,47.2,0,789933.0,Ignacio de Arruabarrena,87.0
14288830,2026-03-14,Liga Portugal Betclic,26.0,Away,FC Arouca,Benfica,Benfica,1103333,Franjo Ivanović,87,,block,assisted,right-foot,0.09460761398077,0.0,low-centre,18.5,43.8,0,789933.0,Ignacio de Arruabarrena,87.0
14288830,2026-03-14,Liga Portugal Betclic,26.0,Away,FC Arouca,Benfica,Benfica,1123925,Georgiy Sudakov,90,,block,assisted,right-foot,0.080768391489983,0.0,low-left,12.9,36.8,0,789933.0,Ignacio de Arruabarrena,90.0
14288830,2026-03-14,Liga Portugal Betclic,26.0,Away,FC Arouca,Benfica,Benfica,2163561,Anísio Cabral,90,1.0,save,corner,head,0.018160557374358,0.0086057744920254,low-centre,11.9,54.6,0,789933.0,Ignacio de Arruabarrena,91.0
14288830,2026-03-14,Liga Portugal Betclic,26.0,Away,FC Arouca,Benfica,Benfica,1102791,Amar Dedić,90,2.0,miss,assisted,right-foot,0.063667975366116,0.0,right,2.7,63.0,0,789933.0,Ignacio de Arruabarrena,92.0
14288830,2026-03-14,Liga Portugal Betclic,26.0,Away,FC Arouca,Benfica,Benfica,1103333,Franjo Ivanović,90,6.0,goal,assisted,right-foot,0.06982734054327,0.29717341065407,low-left,4.0,64.8,0,789933.0,Ignacio de Arruabarrena,96.0
14288841,2026-03-21,Liga Portugal Betclic,27.0,Home,Vitória SC,Benfica,Benfica,1015292,Richard Ríos,6,,block,free-kick,right-foot,0.033542606979609,0.0,low-centre,30.5,52.6,0,155985.0,Charles,6.0
14288841,2026-03-21,Liga Portugal Betclic,27.0,Home,Vitória SC,Benfica,Benfica,795236,Vangelis Pavlidis,13,,miss,assisted,left-foot,0.15906618535519,0.0,high,4.2,36.2,0,155985.0,Charles,13.0
14288841,2026-03-21,Liga Portugal Betclic,27.0,Home,Vitória SC,Benfica,Benfica,1201395,Gianluca Prestianni,15,,goal,assisted,right-foot,0.11125283688307,0.12649914622307,low-left,11.1,63.0,0,155985.0,Charles,15.0
14288841,2026-03-21,Liga Portugal Betclic,27.0,Home,Vitória SC,Benfica,Benfica,795236,Vangelis Pavlidis,22,,block,assisted,right-foot,0.11872747540474,0.0,low-right,10.2,40.7,0,155985.0,Charles,22.0
14288841,2026-03-21,Liga Portugal Betclic,27.0,Home,Vitória SC,Benfica,Benfica,1015292,Richard Ríos,22,,miss,corner,left-foot,0.025892982259393,0.0,high-left,26.3,59.7,0,155985.0,Charles,22.0
14288841,2026-03-21,Liga Portugal Betclic,27.0,Home,Vitória SC,Vitória SC,Opponent,1148442,Thiago Balieiro,28,,miss,corner,head,0.012182433158159,0.0,right,14.1,50.3,0,966616.0,Anatoliy Trubin,28.0
14288841,2026-03-21,Liga Portugal Betclic,27.0,Home,Vitória SC,Vitória SC,Opponent,42898,Nélson Oliveira,31,,miss,assisted,left-foot,0.33681073784828,0.0,left,8.6,53.8,0,966616.0,Anatoliy Trubin,31.0
14288841,2026-03-21,Liga Portugal Betclic,27.0,Home,Vitória SC,Benfica,Benfica,1123925,Georgiy Sudakov,34,,block,fast-break,right-foot,0.12003370374441,0.0,low-centre,20.9,55.0,0,155985.0,Charles,34.0
14288841,2026-03-21,Liga Portugal Betclic,27.0,Home,Vitória SC,Benfica,Benfica,1100952,Andreas Schjelderup,39,,save,fast-break,right-foot,0.11298297345638,0.10938435047865,high-left,11.8,35.2,0,155985.0,Charles,39.0
14288841,2026-03-21,Liga Portugal Betclic,27.0,Home,Vitória SC,Vitória SC,Opponent,1488511,Tony Strata,45,1.0,block,corner,right-foot,0.010712954215705,0.0,low-centre,25.3,59.3,0,966616.0,Anatoliy Trubin,46.0
14288841,2026-03-21,Liga Portugal Betclic,27.0,Home,Vitória SC,Benfica,Benfica,850976,Alexander Bah,48,,miss,assisted,right-foot,0.063264310359955,0.0,high,15.8,64.4,0,155985.0,Charles,48.0
14288841,2026-03-21,Liga Portugal Betclic,27.0,Home,Vitória SC,Vitória SC,Opponent,42898,Nélson Oliveira,52,,miss,regular,right-foot,0.056884989142418,0.0,close-right,16.1,31.5,0,966616.0,Anatoliy Trubin,52.0
14288841,2026-03-21,Liga Portugal Betclic,27.0,Home,Vitória SC,Vitória SC,Opponent,2140143,Miguel Nogueira,52,,save,assisted,left-foot,0.036485686898232,0.085654772818089,low-centre,19.1,66.0,0,966616.0,Anatoliy Trubin,52.0
14288841,2026-03-21,Liga Portugal Betclic,27.0,Home,Vitória SC,Vitória SC,Opponent,1563640,Oumar Camara,53,,miss,corner,right-foot,0.018321111798286,0.0,high,29.1,55.2,0,966616.0,Anatoliy Trubin,53.0
14288841,2026-03-21,Liga Portugal Betclic,27.0,Home,Vitória SC,Benfica,Benfica,795236,Vangelis Pavlidis,55,,goal,assisted,right-foot,0.33591216802597,0.3321972489357,low-right,13.2,51.4,0,155985.0,Charles,55.0
14288841,2026-03-21,Liga Portugal Betclic,27.0,Home,Vitória SC,Vitória SC,Opponent,785808,Samu,57,,save,assisted,left-foot,0.015188534744084,0.054447904229164,low-right,28.1,37.2,0,966616.0,Anatoliy Trubin,57.0
14288841,2026-03-21,Liga Portugal Betclic,27.0,Home,Vitória SC,Vitória SC,Opponent,1168093,Óscar Rivas,58,,miss,corner,head,0.048013135790825,0.0,right,8.9,47.1,0,966616.0,Anatoliy Trubin,58.0
14288841,2026-03-21,Liga Portugal Betclic,27.0,Home,Vitória SC,Vitória SC,Opponent,1133568,João Mendes,58,,block,corner,left-foot,0.022822849452496,0.0,low-centre,21.0,26.0,0,966616.0,Anatoliy Trubin,58.0
14288841,2026-03-21,Liga Portugal Betclic,27.0,Home,Vitória SC,Vitória SC,Opponent,1468082,Gustavo Silva,62,,miss,assisted,right-foot,0.05613375082612,0.0,high,7.7,69.7,0,966616.0,Anatoliy Trubin,62.0
14288841,2026-03-21,Liga Portugal Betclic,27.0,Home,Vitória SC,Vitória SC,Opponent,1168093,Óscar Rivas,66,,miss,regular,left-foot,0.0083993319422007,0.0,high,27.0,47.4,0,966616.0,Anatoliy Trubin,66.0
14288841,2026-03-21,Liga Portugal Betclic,27.0,Home,Vitória SC,Vitória SC,Opponent,1468082,Gustavo Silva,73,,miss,corner,head,0.012280277907848,0.0,close-high,8.3,62.6,0,966616.0,Anatoliy Trubin,73.0
14288841,2026-03-21,Liga Portugal Betclic,27.0,Home,Vitória SC,Benfica,Benfica,1002367,Beni Mukendi,74,,goal,regular,left-foot,,,low-centre,3.5,49.4,0,155985.0,Charles,74.0
14288841,2026-03-21,Liga Portugal Betclic,27.0,Home,Vitória SC,Benfica,Benfica,795236,Vangelis Pavlidis,74,,miss,assisted,left-foot,0.37909850478172,0.0,left,4.8,56.9,0,155985.0,Charles,74.0
14288841,2026-03-21,Liga Portugal Betclic,27.0,Home,Vitória SC,Vitória SC,Opponent,1434543,Diogo Sousa,76,,block,assisted,left-foot,0.022741472348571,0.0,low-centre,22.9,64.5,0,966616.0,Anatoliy Trubin,76.0
14288841,2026-03-21,Liga Portugal Betclic,27.0,Home,Vitória SC,Benfica,Benfica,252577,Rafa Silva,77,,save,assisted,right-foot,0.46295833587646,0.32902547717094,low-centre,9.8,45.2,0,155985.0,Charles,77.0
14288841,2026-03-21,Liga Portugal Betclic,27.0,Home,Vitória SC,Vitória SC,Opponent,1133568,João Mendes,80,,miss,assisted,left-foot,0.031209643930197,0.0,close-right,24.8,35.2,0,966616.0,Anatoliy Trubin,80.0
14288841,2026-03-21,Liga Portugal Betclic,27.0,Home,Vitória SC,Vitória SC,Opponent,1035280,Telmo Arcanjo,81,,block,corner,left-foot,0.019057307392359,0.0,low-left,19.0,58.9,0,966616.0,Anatoliy Trubin,81.0
14288841,2026-03-21,Liga Portugal Betclic,27.0,Home,Vitória SC,Vitória SC,Opponent,1468082,Gustavo Silva,81,,block,fast-break,left-foot,0.041109185665846,0.0,low-left,7.3,31.6,0,966616.0,Anatoliy Trubin,81.0
14288841,2026-03-21,Liga Portugal Betclic,27.0,Home,Vitória SC,Benfica,Benfica,823631,Dodi Lukebakio,90,2.0,miss,assisted,left-foot,0.41866147518158,0.0,high-left,9.9,50.9,0,155985.0,Charles,92.0
14288848,2026-04-06,Liga Portugal Betclic,28.0,Away,Casa Pia,Casa Pia,Opponent,1067284,Tiago Morais,3,,block,corner,right-foot,0.0097402837127447,0.0,low-centre,18.6,30.7,0,966616.0,Anatoliy Trubin,3.0
14288848,2026-04-06,Liga Portugal Betclic,28.0,Away,Casa Pia,Benfica,Benfica,1015292,Richard Ríos,9,,save,assisted,right-foot,0.015353715978563,0.057314116507769,low-right,27.2,23.9,0,821628.0,Patrick Sequeira,9.0
14288848,2026-04-06,Liga Portugal Betclic,28.0,Away,Casa Pia,Benfica,Benfica,1100952,Andreas Schjelderup,14,,block,assisted,left-foot,0.032888330519199,0.0,low-centre,11.0,32.1,0,821628.0,Patrick Sequeira,14.0
14288848,2026-04-06,Liga Portugal Betclic,28.0,Away,Casa Pia,Benfica,Benfica,1015292,Richard Ríos,18,,miss,free-kick,right-foot,0.035111375153065,0.0,high,28.7,46.0,0,821628.0,Patrick Sequeira,18.0
14288848,2026-04-06,Liga Portugal Betclic,28.0,Away,Casa Pia,Casa Pia,Opponent,1067284,Tiago Morais,31,,block,set-piece,left-foot,0.0091802822425961,0.0,low-centre,8.8,27.6,0,966616.0,Anatoliy Trubin,31.0
14288848,2026-04-06,Liga Portugal Betclic,28.0,Away,Casa Pia,Benfica,Benfica,823631,Dodi Lukebakio,35,,miss,assisted,left-foot,0.019388418644667,0.0,high-left,27.9,60.3,0,821628.0,Patrick Sequeira,35.0
14288848,2026-04-06,Liga Portugal Betclic,28.0,Away,Casa Pia,Benfica,Benfica,823631,Dodi Lukebakio,37,,miss,regular,right-foot,0.11486490815878,0.0,left,15.2,50.3,0,821628.0,Patrick Sequeira,37.0
14288848,2026-04-06,Liga Portugal Betclic,28.0,Away,Casa Pia,Benfica,Benfica,795236,Vangelis Pavlidis,40,,miss,assisted,head,0.24018967151642,0.0,left,5.0,48.7,0,821628.0,Patrick Sequeira,40.0
14288848,2026-04-06,Liga Portugal Betclic,28.0,Away,Casa Pia,Benfica,Benfica,850976,Alexander Bah,44,,block,set-piece,right-foot,0.09008451551199,0.0,low-centre,13.0,45.4,0,821628.0,Patrick Sequeira,44.0
14288848,2026-04-06,Liga Portugal Betclic,28.0,Away,Casa Pia,Benfica,Benfica,795236,Vangelis Pavlidis,44,,save,set-piece,right-foot,0.19771058857441,0.32319766283035,high-centre,4.3,45.6,0,821628.0,Patrick Sequeira,44.0
14288848,2026-04-06,Liga Portugal Betclic,28.0,Away,Casa Pia,Benfica,Benfica,252577,Rafa Silva,48,,miss,assisted,right-foot,0.082362301647663,0.0,close-left,9.2,66.1,0,821628.0,Patrick Sequeira,48.0
14288848,2026-04-06,Liga Portugal Betclic,28.0,Away,Casa Pia,Benfica,Benfica,1100952,Andreas Schjelderup,45,4.0,miss,regular,right-foot,0.039125349372625,0.0,close-high,14.1,32.8,0,821628.0,Patrick Sequeira,49.0
14288848,2026-04-06,Liga Portugal Betclic,28.0,Away,Casa Pia,Benfica,Benfica,823631,Dodi Lukebakio,45,4.0,block,assisted,left-foot,0.054690543562174,0.0,low-centre,13.9,39.1,0,821628.0,Patrick Sequeira,49.0
14288848,2026-04-06,Liga Portugal Betclic,28.0,Away,Casa Pia,Casa Pia,Opponent,849719,Gaizka Larrazabal,50,,miss,regular,right-foot,0.015770796686411,0.0,high-right,14.7,74.1,0,966616.0,Anatoliy Trubin,50.0
14288848,2026-04-06,Liga Portugal Betclic,28.0,Away,Casa Pia,Casa Pia,Opponent,1067284,Tiago Morais,45,5.0,miss,set-piece,right-foot,0.038910128176212,0.0,right,12.6,35.0,0,966616.0,Anatoliy Trubin,50.0
14288848,2026-04-06,Liga Portugal Betclic,28.0,Away,Casa Pia,Casa Pia,Opponent,1091103,Pedro Rosas,45,5.0,save,set-piece,left-foot,0.060303244739771,0.22975392639637,low-centre,7.7,37.2,0,966616.0,Anatoliy Trubin,50.0
14288848,2026-04-06,Liga Portugal Betclic,28.0,Away,Casa Pia,Benfica,Benfica,1100952,Andreas Schjelderup,51,,block,assisted,right-foot,0.023265725001693,0.0,low-centre,18.5,34.6,0,821628.0,Patrick Sequeira,51.0
14288848,2026-04-06,Liga Portugal Betclic,28.0,Away,Casa Pia,Casa Pia,Opponent,1091103,Pedro Rosas,63,,miss,set-piece,head,0.022265311330557,0.0,close-high,14.0,53.8,0,966616.0,Anatoliy Trubin,63.0
14288848,2026-04-06,Liga Portugal Betclic,28.0,Away,Casa Pia,Casa Pia,Opponent,157023,Cassiano,63,,block,set-piece,right-foot,0.024548936635256,0.0,high-centre,13.2,58.6,0,966616.0,Anatoliy Trubin,63.0
14288848,2026-04-06,Liga Portugal Betclic,28.0,Away,Casa Pia,Benfica,Benfica,1015292,Richard Ríos,68,,goal,assisted,head,0.56297582387924,0.98750531673431,low-right,3.6,47.2,0,821628.0,Patrick Sequeira,68.0
14288848,2026-04-06,Liga Portugal Betclic,28.0,Away,Casa Pia,Benfica,Benfica,1123925,Georgiy Sudakov,76,,block,corner,right-foot,0.015740159898996,0.0,low-centre,23.6,69.3,0,821628.0,Patrick Sequeira,76.0
14288848,2026-04-06,Liga Portugal Betclic,28.0,Away,Casa Pia,Benfica,Benfica,1123925,Georgiy Sudakov,77,,miss,corner,right-foot,0.039733991026878,0.0,high,18.8,53.7,0,821628.0,Patrick Sequeira,77.0
14288848,2026-04-06,Liga Portugal Betclic,28.0,Away,Casa Pia,Casa Pia,Opponent,983537,Rafael Brito,78,,goal,regular,right-foot,0.11376693844795,0.39309498667717,low-right,14.4,56.1,0,966616.0,Anatoliy Trubin,78.0
14288848,2026-04-06,Liga Portugal Betclic,28.0,Away,Casa Pia,Benfica,Benfica,1100952,Andreas Schjelderup,80,,miss,assisted,right-foot,0.23835948109627,0.0,right,9.9,46.6,0,821628.0,Patrick Sequeira,80.0
14288848,2026-04-06,Liga Portugal Betclic,28.0,Away,Casa Pia,Benfica,Benfica,2163561,Anísio Cabral,84,,miss,assisted,left-foot,0.081914447247982,0.0,right,7.4,40.9,0,821628.0,Patrick Sequeira,84.0
14288848,2026-04-06,Liga Portugal Betclic,28.0,Away,Casa Pia,Benfica,Benfica,74915,Nicolás Otamendi,90,5.0,block,set-piece,right-foot,0.049788288772106,0.0,low-centre,14.4,48.5,0,821628.0,Patrick Sequeira,95.0
14288859,2026-04-12,Liga Portugal Betclic,29.0,Home,CD Nacional,Benfica,Benfica,1100952,Andreas Schjelderup,3,,goal,assisted,left-foot,0.1589829325676,0.18444664776325,low-centre,4.3,40.9,0,1167067.0,Kaique,3.0
14288859,2026-04-12,Liga Portugal Betclic,29.0,Home,CD Nacional,CD Nacional,Opponent,822510,Liziero,9,,miss,assisted,left-foot,0.015587531961501,0.0,high-right,25.1,63.2,0,966616.0,Anatoliy Trubin,9.0
14288859,2026-04-12,Liga Portugal Betclic,29.0,Home,CD Nacional,Benfica,Benfica,252577,Rafa Silva,13,,miss,assisted,head,0.093126021325588,0.0,left,7.4,54.6,0,1167067.0,Kaique,13.0
14288859,2026-04-12,Liga Portugal Betclic,29.0,Home,CD Nacional,Benfica,Benfica,252577,Rafa Silva,14,,goal,assisted,right-foot,0.56853026151657,0.77130156755447,low-right,6.6,53.2,0,1167067.0,Kaique,14.0
14288859,2026-04-12,Liga Portugal Betclic,29.0,Home,CD Nacional,CD Nacional,Opponent,786269,Witi,14,,save,assisted,left-foot,0.015836402773857,0.060173559933901,low-right,26.8,34.0,0,966616.0,Anatoliy Trubin,14.0
14288859,2026-04-12,Liga Portugal Betclic,29.0,Home,CD Nacional,Benfica,Benfica,1006069,António Silva,25,,block,corner,right-foot,0.14572829008102,0.0,low-centre,7.4,50.8,0,1167067.0,Kaique,25.0
14288859,2026-04-12,Liga Portugal Betclic,29.0,Home,CD Nacional,Benfica,Benfica,1201395,Gianluca Prestianni,37,,block,corner,right-foot,0.04501698538661,0.0,low-left,17.0,65.8,0,1167067.0,Kaique,37.0
14288859,2026-04-12,Liga Portugal Betclic,29.0,Home,CD Nacional,Benfica,Benfica,1102791,Amar Dedić,37,,block,assisted,right-foot,0.041429605334997,0.0,low-right,11.6,74.0,0,1167067.0,Kaique,37.0
14288859,2026-04-12,Liga Portugal Betclic,29.0,Home,CD Nacional,Benfica,Benfica,1102791,Amar Dedić,40,,miss,regular,right-foot,0.045181721448898,0.0,close-high-right,11.6,68.1,0,1167067.0,Kaique,40.0
14288859,2026-04-12,Liga Portugal Betclic,29.0,Home,CD Nacional,Benfica,Benfica,1201395,Gianluca Prestianni,40,,post,assisted,right-foot,0.046153515577316,0.0,right,21.2,36.4,0,1167067.0,Kaique,40.0
14288859,2026-04-12,Liga Portugal Betclic,29.0,Home,CD Nacional,Benfica,Benfica,795236,Vangelis Pavlidis,42,,miss,assisted,head,0.080562934279442,0.0,left,9.1,44.0,0,1167067.0,Kaique,42.0
14288859,2026-04-12,Liga Portugal Betclic,29.0,Home,CD Nacional,CD Nacional,Opponent,1172052,Daniel Júnior,52,,save,fast-break,left-foot,0.031154789030552,0.016103561967611,low-centre,12.0,70.2,0,966616.0,Anatoliy Trubin,52.0
14288859,2026-04-12,Liga Portugal Betclic,29.0,Home,CD Nacional,Benfica,Benfica,1100952,Andreas Schjelderup,52,,save,assisted,right-foot,0.030271805822849,0.099284954369068,low-centre,7.6,27.7,0,1167067.0,Kaique,52.0
14288859,2026-04-12,Liga Portugal Betclic,29.0,Home,CD Nacional,CD Nacional,Opponent,1011997,Chiheb Labidi,54,,block,assisted,left-foot,0.02029974386096,0.0,low-centre,28.7,39.9,0,966616.0,Anatoliy Trubin,54.0
14288859,2026-04-12,Liga Portugal Betclic,29.0,Home,CD Nacional,Benfica,Benfica,795236,Vangelis Pavlidis,58,,save,penalty,right-foot,0.7884,0.62964898347855,low-left,11.5,50.0,0,1167067.0,Kaique,58.0
14288859,2026-04-12,Liga Portugal Betclic,29.0,Home,CD Nacional,Benfica,Benfica,1100952,Andreas Schjelderup,59,,block,free-kick,right-foot,0.047630175948143,0.0,low-right,25.9,40.1,0,1167067.0,Kaique,59.0
14288859,2026-04-12,Liga Portugal Betclic,29.0,Home,CD Nacional,Benfica,Benfica,1006069,António Silva,60,,miss,corner,head,0.063828386366367,0.0,left,8.4,46.5,0,1167067.0,Kaique,60.0
14288859,2026-04-12,Liga Portugal Betclic,29.0,Home,CD Nacional,CD Nacional,Opponent,344181,José Gomes,61,,miss,assisted,left-foot,0.018903788179159,0.0,right,23.8,31.9,0,966616.0,Anatoliy Trubin,61.0
14288859,2026-04-12,Liga Portugal Betclic,29.0,Home,CD Nacional,Benfica,Benfica,252577,Rafa Silva,68,,miss,assisted,head,0.23458212614059,0.0,close-left,8.1,45.4,0,1167067.0,Kaique,68.0
14288859,2026-04-12,Liga Portugal Betclic,29.0,Home,CD Nacional,CD Nacional,Opponent,1579664,Pablo Messias Cardozo,75,,save,corner,head,0.10479341447353,0.28228256106377,high-centre,7.1,46.9,0,966616.0,Anatoliy Trubin,75.0
14288859,2026-04-12,Liga Portugal Betclic,29.0,Home,CD Nacional,CD Nacional,Opponent,987597,Jesús Ramírez,76,,save,assisted,left-foot,0.070027776062489,0.12945154309273,low-left,19.0,50.3,0,966616.0,Anatoliy Trubin,76.0
14288859,2026-04-12,Liga Portugal Betclic,29.0,Home,CD Nacional,Benfica,Benfica,795236,Vangelis Pavlidis,77,,miss,assisted,head,0.10319994390011,0.0,close-right,3.6,58.5,0,1167067.0,Kaique,77.0
14288859,2026-04-12,Liga Portugal Betclic,29.0,Home,CD Nacional,Benfica,Benfica,74915,Nicolás Otamendi,82,,miss,corner,head,0.10456638038158,0.0,high-left,7.8,45.9,0,1167067.0,Kaique,82.0
14288859,2026-04-12,Liga Portugal Betclic,29.0,Home,CD Nacional,Benfica,Benfica,1100952,Andreas Schjelderup,82,,block,corner,left-foot,0.022850545123219,0.0,low-right,11.9,34.2,0,1167067.0,Kaique,82.0
14288859,2026-04-12,Liga Portugal Betclic,29.0,Home,CD Nacional,Benfica,Benfica,1100952,Andreas Schjelderup,84,,block,regular,right-foot,0.14942805469036,0.0,low-centre,4.5,38.9,0,1167067.0,Kaique,84.0
14288859,2026-04-12,Liga Portugal Betclic,29.0,Home,CD Nacional,Benfica,Benfica,906800,Leandro Barreiro,85,,save,regular,right-foot,0.086941808462143,0.30282905697823,high-left,13.8,64.5,0,1167067.0,Kaique,85.0
14288859,2026-04-12,Liga Portugal Betclic,29.0,Home,CD Nacional,Benfica,Benfica,1103333,Franjo Ivanović,85,,save,assisted,right-foot,0.036800291389227,0.11746273934841,low-right,6.0,71.6,0,1167067.0,Kaique,85.0
14288859,2026-04-12,Liga Portugal Betclic,29.0,Home,CD Nacional,Benfica,Benfica,1006069,António Silva,87,,save,set-piece,head,0.21805016696453,0.53286612033844,high-centre,4.0,45.8,0,1167067.0,Kaique,87.0
14288859,2026-04-12,Liga Portugal Betclic,29.0,Home,CD Nacional,Benfica,Benfica,1102791,Amar Dedić,89,,save,assisted,right-foot,0.22086304426193,0.26885452866554,low-right,13.7,60.0,0,1167067.0,Kaique,89.0
14288859,2026-04-12,Liga Portugal Betclic,29.0,Home,CD Nacional,Benfica,Benfica,823631,Dodi Lukebakio,90,1.0,block,set-piece,left-foot,0.056007135659456,0.0,low-centre,15.2,36.7,0,1167067.0,Kaique,91.0
14288859,2026-04-12,Liga Portugal Betclic,29.0,Home,CD Nacional,Benfica,Benfica,823631,Dodi Lukebakio,90,1.0,block,free-kick,left-foot,0.040291931480169,0.0,low-centre,21.7,23.4,0,1167067.0,Kaique,91.0
14288865,2026-04-19,Liga Portugal Betclic,30.0,Away,Sporting CP,Sporting CP,Opponent,1001140,Geny Catamo,5,,save,regular,left-foot,0.050815049558878,0.16946119070053,low-centre,14.1,59.3,0,966616.0,Anatoliy Trubin,5.0
14288865,2026-04-19,Liga Portugal Betclic,30.0,Away,Sporting CP,Sporting CP,Opponent,895764,Pedro Gonçalves,6,,miss,corner,right-foot,0.041154507547617,0.0,close-left,3.8,29.7,0,966616.0,Anatoliy Trubin,6.0
14288865,2026-04-19,Liga Portugal Betclic,30.0,Away,Sporting CP,Sporting CP,Opponent,1001140,Geny Catamo,6,,save,corner,left-foot,0.033040121197701,0.19297355413437,low-left,22.7,53.6,0,966616.0,Anatoliy Trubin,6.0
14288865,2026-04-19,Liga Portugal Betclic,30.0,Away,Sporting CP,Benfica,Benfica,74915,Nicolás Otamendi,8,,save,corner,head,0.11393540352583,0.38841006159782,high-right,8.5,53.8,0,253809.0,Rui Silva,8.0
14288865,2026-04-19,Liga Portugal Betclic,30.0,Away,Sporting CP,Benfica,Benfica,1015292,Richard Ríos,8,,block,assisted,left-foot,0.035241011530161,0.0,low-centre,22.3,62.8,0,253809.0,Rui Silva,8.0
14288865,2026-04-19,Liga Portugal Betclic,30.0,Away,Sporting CP,Benfica,Benfica,993101,Samuel Dahl,9,,miss,corner,left-foot,0.011373193003237,0.0,high-left,24.1,39.9,0,253809.0,Rui Silva,9.0
14288865,2026-04-19,Liga Portugal Betclic,30.0,Away,Sporting CP,Sporting CP,Opponent,895764,Pedro Gonçalves,13,,miss,corner,left-foot,0.035568058490753,0.0,close-high-left,12.8,31.5,0,966616.0,Anatoliy Trubin,13.0
14288865,2026-04-19,Liga Portugal Betclic,30.0,Away,Sporting CP,Sporting CP,Opponent,914213,Luis Javier Suárez,19,,save,penalty,right-foot,0.7884,0.862065076828,low-right,11.5,50.0,0,966616.0,Anatoliy Trubin,19.0
14288865,2026-04-19,Liga Portugal Betclic,30.0,Away,Sporting CP,Benfica,Benfica,74915,Nicolás Otamendi,25,,block,corner,head,0.01162292715162,0.0,low-right,12.0,41.5,0,253809.0,Rui Silva,25.0
14288865,2026-04-19,Liga Portugal Betclic,30.0,Away,Sporting CP,Benfica,Benfica,1100952,Andreas Schjelderup,27,,goal,penalty,right-foot,0.7884,0.74554896354675,low-centre,11.5,50.0,0,253809.0,Rui Silva,27.0
14288865,2026-04-19,Liga Portugal Betclic,30.0,Away,Sporting CP,Sporting CP,Opponent,895764,Pedro Gonçalves,40,,block,regular,right-foot,0.066051572561264,0.0,low-centre,15.0,48.3,0,966616.0,Anatoliy Trubin,40.0
14288865,2026-04-19,Liga Portugal Betclic,30.0,Away,Sporting CP,Sporting CP,Opponent,830431,Francisco Trincão,45,,miss,assisted,left-foot,0.023609597235918,0.0,left,24.6,62.8,0,966616.0,Anatoliy Trubin,45.0
14288865,2026-04-19,Liga Portugal Betclic,30.0,Away,Sporting CP,Benfica,Benfica,993101,Samuel Dahl,46,,save,corner,left-foot,0.01953000575304,0.042766936123371,low-left,23.3,35.4,0,253809.0,Rui Silva,46.0
14288865,2026-04-19,Liga Portugal Betclic,30.0,Away,Sporting CP,Sporting CP,Opponent,895764,Pedro Gonçalves,50,,post,fast-break,right-foot,0.045143123716116,0.0,left,15.5,36.8,0,966616.0,Anatoliy Trubin,50.0
14288865,2026-04-19,Liga Portugal Betclic,30.0,Away,Sporting CP,Benfica,Benfica,1100952,Andreas Schjelderup,52,,save,fast-break,right-foot,0.10971871763468,0.31945279240608,low-right,14.1,37.0,0,253809.0,Rui Silva,52.0
14288865,2026-04-19,Liga Portugal Betclic,30.0,Away,Sporting CP,Benfica,Benfica,983542,Tomás Araújo,53,,miss,corner,head,0.061020489782095,0.0,close-left,9.9,49.7,0,253809.0,Rui Silva,53.0
14288865,2026-04-19,Liga Portugal Betclic,30.0,Away,Sporting CP,Sporting CP,Opponent,1001140,Geny Catamo,54,,miss,assisted,left-foot,0.04711090773344,0.0,close-right,16.3,63.7,0,966616.0,Anatoliy Trubin,54.0
14288865,2026-04-19,Liga Portugal Betclic,30.0,Away,Sporting CP,Sporting CP,Opponent,859917,Morten Hjulmand,55,,miss,assisted,right-foot,0.01590284705162,0.0,left,29.0,52.1,0,966616.0,Anatoliy Trubin,55.0
14288865,2026-04-19,Liga Portugal Betclic,30.0,Away,Sporting CP,Benfica,Benfica,1100952,Andreas Schjelderup,59,,miss,assisted,right-foot,0.061036296188831,0.0,close-left,13.5,35.6,0,253809.0,Rui Silva,59.0
14288865,2026-04-19,Liga Portugal Betclic,30.0,Away,Sporting CP,Sporting CP,Opponent,895764,Pedro Gonçalves,59,,save,assisted,right-foot,0.10214137285948,0.070468209683895,low-centre,9.3,33.4,0,966616.0,Anatoliy Trubin,59.0
14288865,2026-04-19,Liga Portugal Betclic,30.0,Away,Sporting CP,Sporting CP,Opponent,914213,Luis Javier Suárez,62,,block,assisted,right-foot,0.017762029543519,0.0,low-left,15.1,72.1,0,966616.0,Anatoliy Trubin,62.0
14288865,2026-04-19,Liga Portugal Betclic,30.0,Away,Sporting CP,Sporting CP,Opponent,926560,Hidemasa Morita,64,,miss,assisted,right-foot,0.016179895028472,0.0,close-right,21.5,34.8,0,966616.0,Anatoliy Trubin,64.0
14288865,2026-04-19,Liga Portugal Betclic,30.0,Away,Sporting CP,Sporting CP,Opponent,926560,Hidemasa Morita,72,,goal,assisted,head,0.16586719453335,0.46484327316284,low-centre,6.5,42.5,0,966616.0,Anatoliy Trubin,72.0
14288865,2026-04-19,Liga Portugal Betclic,30.0,Away,Sporting CP,Sporting CP,Opponent,1001140,Geny Catamo,73,,save,fast-break,left-foot,0.04896542802453,0.060894697904587,low-right,19.8,69.5,0,966616.0,Anatoliy Trubin,73.0
14288865,2026-04-19,Liga Portugal Betclic,30.0,Away,Sporting CP,Benfica,Benfica,823631,Dodi Lukebakio,81,,block,assisted,left-foot,0.022995023056865,0.0,low-centre,28.4,51.9,0,253809.0,Rui Silva,81.0
14288865,2026-04-19,Liga Portugal Betclic,30.0,Away,Sporting CP,Benfica,Benfica,906800,Leandro Barreiro,82,,miss,assisted,left-foot,0.51820009946823,0.0,high-left,3.6,44.8,0,253809.0,Rui Silva,82.0
14288865,2026-04-19,Liga Portugal Betclic,30.0,Away,Sporting CP,Benfica,Benfica,795236,Vangelis Pavlidis,87,,block,regular,right-foot,0.048363693058491,0.0,low-centre,17.7,50.5,0,253809.0,Rui Silva,87.0
14288865,2026-04-19,Liga Portugal Betclic,30.0,Away,Sporting CP,Benfica,Benfica,74915,Nicolás Otamendi,88,,miss,corner,head,0.10022228211164,0.0,close-left,3.3,41.9,0,253809.0,Rui Silva,88.0
14288865,2026-04-19,Liga Portugal Betclic,30.0,Away,Sporting CP,Sporting CP,Opponent,830431,Francisco Trincão,89,,block,assisted,left-foot,0.018150120973587,0.0,low-centre,25.5,57.4,0,966616.0,Anatoliy Trubin,89.0
14288865,2026-04-19,Liga Portugal Betclic,30.0,Away,Sporting CP,Sporting CP,Opponent,861979,Daniel Bragança,90,,miss,assisted,left-foot,0.034706026315689,0.0,close-right,23.5,58.4,0,966616.0,Anatoliy Trubin,90.0
14288865,2026-04-19,Liga Portugal Betclic,30.0,Away,Sporting CP,Benfica,Benfica,252577,Rafa Silva,90,3.0,goal,assisted,left-foot,0.37295347452164,0.86579716205597,low-left,7.1,48.2,0,253809.0,Rui Silva,93.0
14288865,2026-04-19,Liga Portugal Betclic,30.0,Away,Sporting CP,Sporting CP,Opponent,1001196,Gonçalo Inácio,90,5.0,block,assisted,right-foot,0.068308971822262,0.0,low-left,5.4,38.7,0,966616.0,Anatoliy Trubin,95.0
14288865,2026-04-19,Liga Portugal Betclic,30.0,Away,Sporting CP,Sporting CP,Opponent,830431,Francisco Trincão,90,6.0,miss,set-piece,left-foot,0.0099675068631768,0.0,close-left,15.7,67.9,0,966616.0,Anatoliy Trubin,96.0
14288877,2026-04-25,Liga Portugal Betclic,31.0,Home,Moreirense,Benfica,Benfica,906800,Leandro Barreiro,2,,goal,assisted,right-foot,0.3266159594059,0.57200849056244,low-left,4.5,51.1,0,788197.0,André Ferreira,2.0
14288877,2026-04-25,Liga Portugal Betclic,31.0,Home,Moreirense,Moreirense,Opponent,1082948,Kiko Bondoso,7,,save,corner,right-foot,0.094590105116367,0.12095940113068,low-right,15.1,53.6,0,966616.0,Anatoliy Trubin,7.0
14288877,2026-04-25,Liga Portugal Betclic,31.0,Home,Moreirense,Moreirense,Opponent,1130513,Fabiano Souza,7,,block,assisted,right-foot,0.04819555580616,0.0,low-centre,12.2,69.7,0,966616.0,Anatoliy Trubin,7.0
14288877,2026-04-25,Liga Portugal Betclic,31.0,Home,Moreirense,Moreirense,Opponent,905455,Alan,8,,save,corner,right-foot,0.009289899840951,0.028204018250108,low-centre,10.8,75.4,0,966616.0,Anatoliy Trubin,8.0
14288877,2026-04-25,Liga Portugal Betclic,31.0,Home,Moreirense,Moreirense,Opponent,1153099,Gilberto Batista,8,,save,corner,head,0.38166961073875,0.51330369710922,low-centre,4.0,55.4,0,966616.0,Anatoliy Trubin,8.0
14288877,2026-04-25,Liga Portugal Betclic,31.0,Home,Moreirense,Benfica,Benfica,1006069,António Silva,10,,save,corner,head,0.048038374632597,0.63375014066696,low-right,9.1,46.6,0,788197.0,André Ferreira,10.0
14288877,2026-04-25,Liga Portugal Betclic,31.0,Home,Moreirense,Benfica,Benfica,1006069,António Silva,11,,post,corner,head,0.050451427698135,0.0,left,9.1,50.7,0,788197.0,André Ferreira,11.0
14288877,2026-04-25,Liga Portugal Betclic,31.0,Home,Moreirense,Benfica,Benfica,823631,Dodi Lukebakio,17,,miss,assisted,left-foot,0.020228452980518,0.0,close-left,7.3,71.8,0,788197.0,André Ferreira,17.0
14288877,2026-04-25,Liga Portugal Betclic,31.0,Home,Moreirense,Benfica,Benfica,795236,Vangelis Pavlidis,18,,miss,assisted,left-foot,0.20374250411987,0.0,right,11.1,50.5,0,788197.0,André Ferreira,18.0
14288877,2026-04-25,Liga Portugal Betclic,31.0,Home,Moreirense,Benfica,Benfica,795236,Vangelis Pavlidis,25,,block,assisted,right-foot,0.042842298746109,0.0,low-centre,18.7,53.0,0,788197.0,André Ferreira,25.0
14288877,2026-04-25,Liga Portugal Betclic,31.0,Home,Moreirense,Moreirense,Opponent,1142578,Diogo Travassos,26,,goal,fast-break,left-foot,0.30680632591248,0.57110792398453,low-left,9.2,68.7,0,966616.0,Anatoliy Trubin,26.0
14288877,2026-04-25,Liga Portugal Betclic,31.0,Home,Moreirense,Benfica,Benfica,1006069,António Silva,26,,miss,corner,head,0.044504981487989,0.0,left,9.2,51.7,0,788197.0,André Ferreira,26.0
14288877,2026-04-25,Liga Portugal Betclic,31.0,Home,Moreirense,Benfica,Benfica,1015292,Richard Ríos,29,,goal,assisted,right-foot,0.11659345030785,0.17538015544415,low-right,13.9,62.6,0,788197.0,André Ferreira,29.0
14288877,2026-04-25,Liga Portugal Betclic,31.0,Home,Moreirense,Moreirense,Opponent,2030567,Afonso Assis,34,,miss,set-piece,head,0.029738325625658,0.0,close-high,8.9,59.3,0,966616.0,Anatoliy Trubin,34.0
14288877,2026-04-25,Liga Portugal Betclic,31.0,Home,Moreirense,Benfica,Benfica,823631,Dodi Lukebakio,35,,block,fast-break,left-foot,0.12331590801477,0.0,low-centre,11.3,63.8,0,788197.0,André Ferreira,35.0
14288877,2026-04-25,Liga Portugal Betclic,31.0,Home,Moreirense,Benfica,Benfica,850976,Alexander Bah,41,,save,set-piece,left-foot,0.24279551208019,0.71340268850327,low-right,4.3,40.7,0,788197.0,André Ferreira,41.0
14288877,2026-04-25,Liga Portugal Betclic,31.0,Home,Moreirense,Moreirense,Opponent,1001848,Nile John,51,,miss,assisted,right-foot,0.011975600384176,0.0,high-right,27.7,36.0,0,966616.0,Anatoliy Trubin,51.0
14288877,2026-04-25,Liga Portugal Betclic,31.0,Home,Moreirense,Benfica,Benfica,795236,Vangelis Pavlidis,54,,block,assisted,right-foot,0.053116887807846,0.0,low-centre,15.3,42.4,0,788197.0,André Ferreira,54.0
14288877,2026-04-25,Liga Portugal Betclic,31.0,Home,Moreirense,Benfica,Benfica,1015292,Richard Ríos,57,,save,assisted,right-foot,0.017165925353765,0.053061295300722,low-left,25.9,25.4,0,788197.0,André Ferreira,57.0
14288877,2026-04-25,Liga Portugal Betclic,31.0,Home,Moreirense,Benfica,Benfica,1102791,Amar Dedić,68,,block,assisted,right-foot,0.014580503106117,0.0,low-centre,19.5,70.9,0,788197.0,André Ferreira,68.0
14288877,2026-04-25,Liga Portugal Betclic,31.0,Home,Moreirense,Moreirense,Opponent,1166006,Mateja Stjepanović,73,,miss,assisted,left-foot,0.012315504252911,0.0,right,25.0,31.9,0,966616.0,Anatoliy Trubin,73.0
14288877,2026-04-25,Liga Portugal Betclic,31.0,Home,Moreirense,Benfica,Benfica,1103333,Franjo Ivanović,83,,miss,assisted,left-foot,0.029576882719994,0.0,left,13.0,67.5,0,788197.0,André Ferreira,83.0
14288877,2026-04-25,Liga Portugal Betclic,31.0,Home,Moreirense,Benfica,Benfica,74915,Nicolás Otamendi,86,,save,corner,head,0.033402215689421,0.15666885674,high-centre,9.8,55.0,0,788197.0,André Ferreira,86.0
14288877,2026-04-25,Liga Portugal Betclic,31.0,Home,Moreirense,Benfica,Benfica,1103333,Franjo Ivanović,89,,goal,assisted,right-foot,0.061836522072554,0.63571554422379,low-left,8.0,66.4,0,788197.0,André Ferreira,89.0
14288877,2026-04-25,Liga Portugal Betclic,31.0,Home,Moreirense,Benfica,Benfica,1103333,Franjo Ivanović,90,2.0,goal,fast-break,left-foot,0.56590640544891,0.92490476369858,low-right,4.6,52.1,0,788197.0,André Ferreira,92.0
14288883,2026-05-02,Liga Portugal Betclic,32.0,Away,Famalicão,Benfica,Benfica,1100952,Andreas Schjelderup,12,,goal,penalty,right-foot,0.7884,0.59778082370758,low-left,11.5,50.0,0,886204.0,Lazar Carević,12.0
14288883,2026-05-02,Liga Portugal Betclic,32.0,Away,Famalicão,Benfica,Benfica,1015292,Richard Ríos,19,,goal,assisted,right-foot,0.1368987262249,0.20663990080357,low-centre,14.4,46.8,0,886204.0,Lazar Carević,19.0
14288883,2026-05-02,Liga Portugal Betclic,32.0,Away,Famalicão,Benfica,Benfica,1103333,Franjo Ivanović,21,,save,fast-break,right-foot,0.11952302604914,0.0,low-centre,10.1,62.8,0,886204.0,Lazar Carević,21.0
14288883,2026-05-02,Liga Portugal Betclic,32.0,Away,Famalicão,Benfica,Benfica,1015292,Richard Ríos,22,,miss,corner,head,0.087109982967377,0.0,high,8.0,49.1,0,886204.0,Lazar Carević,22.0
14288883,2026-05-02,Liga Portugal Betclic,32.0,Away,Famalicão,Famalicão,Opponent,583838,Gil Dias,25,,miss,assisted,right-foot,0.05668168887496,0.0,left,5.4,65.8,0,966616.0,Anatoliy Trubin,25.0
14288883,2026-05-02,Liga Portugal Betclic,32.0,Away,Famalicão,Benfica,Benfica,1100952,Andreas Schjelderup,31,,block,assisted,right-foot,0.085006296634674,0.0,low-centre,4.9,33.7,0,886204.0,Lazar Carević,31.0
14288883,2026-05-02,Liga Portugal Betclic,32.0,Away,Famalicão,Famalicão,Opponent,1563665,Gustavo Sá,37,,miss,corner,left-foot,0.28216806054115,0.0,high,2.7,54.0,0,966616.0,Anatoliy Trubin,37.0
14288883,2026-05-02,Liga Portugal Betclic,32.0,Away,Famalicão,Famalicão,Opponent,1105595,Sorriso,37,,miss,corner,head,0.049600090831518,0.0,right,5.4,40.7,0,966616.0,Anatoliy Trubin,37.0
14288883,2026-05-02,Liga Portugal Betclic,32.0,Away,Famalicão,Famalicão,Opponent,583838,Gil Dias,41,,save,corner,left-foot,0.015752628445625,0.026095759123564,low-centre,21.9,72.8,0,966616.0,Anatoliy Trubin,41.0
14288883,2026-05-02,Liga Portugal Betclic,32.0,Away,Famalicão,Benfica,Benfica,1103333,Franjo Ivanović,45,1.0,miss,assisted,right-foot,0.031304851174355,0.0,right,10.9,27.7,0,886204.0,Lazar Carević,46.0
14288883,2026-05-02,Liga Portugal Betclic,32.0,Away,Famalicão,Famalicão,Opponent,1563665,Gustavo Sá,58,,miss,assisted,head,0.42739203572273,0.0,close-right,4.3,52.6,0,966616.0,Anatoliy Trubin,58.0
14288883,2026-05-02,Liga Portugal Betclic,32.0,Away,Famalicão,Famalicão,Opponent,991924,Rodrigo Pinheiro,61,,save,assisted,head,0.045263394713402,0.30740121006966,low-left,11.0,55.7,0,966616.0,Anatoliy Trubin,61.0
14288883,2026-05-02,Liga Portugal Betclic,32.0,Away,Famalicão,Famalicão,Opponent,1511656,Mathias De Amorim,67,,goal,assisted,right-foot,0.034374091774225,0.25175029039383,low-left,10.1,29.9,0,966616.0,Anatoliy Trubin,67.0
14288883,2026-05-02,Liga Portugal Betclic,32.0,Away,Famalicão,Famalicão,Opponent,1049526,Simon Elisor,69,,block,assisted,head,0.023879902437329,0.0,low-centre,11.6,42.3,0,966616.0,Anatoliy Trubin,69.0
14288883,2026-05-02,Liga Portugal Betclic,32.0,Away,Famalicão,Famalicão,Opponent,977676,Léo Realpe,70,,save,corner,head,0.036181714385748,0.062512181699276,high-centre,10.2,49.7,0,966616.0,Anatoliy Trubin,70.0
14288883,2026-05-02,Liga Portugal Betclic,32.0,Away,Famalicão,Famalicão,Opponent,2194737,Umar Abubakar,78,,goal,corner,right-foot,0.36931243538857,0.56844329833984,low-centre,3.0,48.7,0,966616.0,Anatoliy Trubin,78.0
14288883,2026-05-02,Liga Portugal Betclic,32.0,Away,Famalicão,Famalicão,Opponent,836676,Tom Van De Looi,78,,block,assisted,right-foot,0.017263378947973,0.0,low-centre,27.2,30.3,0,966616.0,Anatoliy Trubin,78.0
14288883,2026-05-02,Liga Portugal Betclic,32.0,Away,Famalicão,Benfica,Benfica,252577,Rafa Silva,87,,block,corner,right-foot,0.019239684566855,0.0,low-centre,21.8,53.4,0,886204.0,Lazar Carević,87.0
14288883,2026-05-02,Liga Portugal Betclic,32.0,Away,Famalicão,Famalicão,Opponent,1511656,Mathias De Amorim,90,1.0,miss,assisted,left-foot,0.046883501112461,0.0,high-left,15.4,65.4,0,966616.0,Anatoliy Trubin,91.0
14288883,2026-05-02,Liga Portugal Betclic,32.0,Away,Famalicão,Benfica,Benfica,1015292,Richard Ríos,90,3.0,miss,throw-in-set-piece,right-foot,0.023715611547232,0.0,high-left,3.1,66.7,0,886204.0,Lazar Carević,93.0
14288883,2026-05-02,Liga Portugal Betclic,32.0,Away,Famalicão,Famalicão,Opponent,1105595,Sorriso,90,5.0,miss,assisted,head,0.13932222127914,0.0,right,7.9,47.7,0,966616.0,Anatoliy Trubin,95.0
14288883,2026-05-02,Liga Portugal Betclic,32.0,Away,Famalicão,Famalicão,Opponent,1195796,Romeo Beney,90,6.0,block,assisted,left-foot,0.017690062522888,0.0,low-left,18.2,77.1,0,966616.0,Anatoliy Trubin,96.0
14288883,2026-05-02,Liga Portugal Betclic,32.0,Away,Famalicão,Famalicão,Opponent,991924,Rodrigo Pinheiro,90,10.0,post,assisted,right-foot,0.020320042967796,0.0,right,24.6,65.0,0,966616.0,Anatoliy Trubin,100.0
14288898,2026-05-11,Liga Portugal Betclic,33.0,Home,Sporting Braga,Benfica,Benfica,1100952,Andreas Schjelderup,3,,miss,corner,right-foot,0.019402606412768,0.0,left,22.7,47.8,0,963744.0,Lukáš Horníček,3.0
14288898,2026-05-11,Liga Portugal Betclic,33.0,Home,Sporting Braga,Sporting Braga,Opponent,1120039,Jean-Baptiste Gorby,8,,block,assisted,left-foot,0.027054714038968,0.0,low-left,21.8,37.4,0,966616.0,Anatoliy Trubin,8.0
14288898,2026-05-11,Liga Portugal Betclic,33.0,Home,Sporting Braga,Sporting Braga,Opponent,1134430,Gabriel Martínez,15,,miss,assisted,right-foot,0.016236808151007,0.0,right,17.3,28.9,0,966616.0,Anatoliy Trubin,15.0
14288898,2026-05-11,Liga Portugal Betclic,33.0,Home,Sporting Braga,Benfica,Benfica,1103333,Franjo Ivanović,20,,miss,assisted,right-foot,0.031894400715828,0.0,right,10.7,32.7,0,963744.0,Lukáš Horníček,20.0
14288898,2026-05-11,Liga Portugal Betclic,33.0,Home,Sporting Braga,Benfica,Benfica,1100952,Andreas Schjelderup,25,,block,fast-break,right-foot,0.16398975253105,0.0,low-centre,14.2,41.9,0,963744.0,Lukáš Horníček,25.0
14288898,2026-05-11,Liga Portugal Betclic,33.0,Home,Sporting Braga,Sporting Braga,Opponent,1134430,Gabriel Martínez,30,,block,assisted,right-foot,0.018127106130123,0.0,low-centre,15.9,28.9,0,966616.0,Anatoliy Trubin,30.0
14288898,2026-05-11,Liga Portugal Betclic,33.0,Home,Sporting Braga,Benfica,Benfica,1103333,Franjo Ivanović,31,,block,assisted,left-foot,0.046356100589037,0.0,low-right,11.1,36.2,0,963744.0,Lukáš Horníček,31.0
14288898,2026-05-11,Liga Portugal Betclic,33.0,Home,Sporting Braga,Benfica,Benfica,1201395,Gianluca Prestianni,32,,block,corner,right-foot,0.017145888879895,0.0,low-right,21.3,61.3,0,963744.0,Lukáš Horníček,32.0
14288898,2026-05-11,Liga Portugal Betclic,33.0,Home,Sporting Braga,Benfica,Benfica,252577,Rafa Silva,34,,save,assisted,right-foot,0.050493594259024,0.17130564153194,low-right,15.7,42.7,0,963744.0,Lukáš Horníček,34.0
14288898,2026-05-11,Liga Portugal Betclic,33.0,Home,Sporting Braga,Benfica,Benfica,252577,Rafa Silva,46,,goal,regular,right-foot,0.26916629076004,0.892254114151,low-left,8.4,48.6,0,963744.0,Lukáš Horníček,46.0
14288898,2026-05-11,Liga Portugal Betclic,33.0,Home,Sporting Braga,Benfica,Benfica,906800,Leandro Barreiro,45,1.0,save,regular,head,0.13299950957298,0.22128538787365,low-centre,8.3,50.9,0,963744.0,Lukáš Horníček,46.0
14288898,2026-05-11,Liga Portugal Betclic,33.0,Home,Sporting Braga,Sporting Braga,Opponent,1031567,Pau Víctor,48,,goal,assisted,head,0.078036777675152,0.46673119068146,low-left,10.8,57.0,0,966616.0,Anatoliy Trubin,48.0
14288898,2026-05-11,Liga Portugal Betclic,33.0,Home,Sporting Braga,Benfica,Benfica,228364,Fredrik Aursnes,55,,save,assisted,right-foot,0.022600173950195,0.034141007810831,low-left,22.2,28.6,0,963744.0,Lukáš Horníček,55.0
14288898,2026-05-11,Liga Portugal Betclic,33.0,Home,Sporting Braga,Benfica,Benfica,1100952,Andreas Schjelderup,55,,block,assisted,right-foot,0.039195384830236,0.0,low-centre,8.8,32.1,0,963744.0,Lukáš Horníček,55.0
14288898,2026-05-11,Liga Portugal Betclic,33.0,Home,Sporting Braga,Benfica,Benfica,1201395,Gianluca Prestianni,58,,miss,set-piece,right-foot,0.037234336137772,0.0,high-right,16.7,50.1,0,963744.0,Lukáš Horníček,58.0
14288898,2026-05-11,Liga Portugal Betclic,33.0,Home,Sporting Braga,Benfica,Benfica,983542,Tomás Araújo,59,,miss,corner,head,0.084032669663429,0.0,close-right,7.6,53.3,0,963744.0,Lukáš Horníček,59.0
14288898,2026-05-11,Liga Portugal Betclic,33.0,Home,Sporting Braga,Benfica,Benfica,228364,Fredrik Aursnes,60,,block,assisted,right-foot,0.075864985585213,0.0,low-centre,19.1,49.0,0,963744.0,Lukáš Horníček,60.0
14288898,2026-05-11,Liga Portugal Betclic,33.0,Home,Sporting Braga,Benfica,Benfica,1100952,Andreas Schjelderup,62,,block,assisted,right-foot,0.055146057158709,0.0,low-left,12.0,37.4,0,963744.0,Lukáš Horníček,62.0
14288898,2026-05-11,Liga Portugal Betclic,33.0,Home,Sporting Braga,Benfica,Benfica,1006069,António Silva,69,,block,corner,head,0.14859572052956,0.0,low-left,4.1,45.7,0,963744.0,Lukáš Horníček,69.0
14288898,2026-05-11,Liga Portugal Betclic,33.0,Home,Sporting Braga,Benfica,Benfica,1201395,Gianluca Prestianni,71,,miss,assisted,left-foot,0.044145036488771,0.0,left,9.2,66.4,0,963744.0,Lukáš Horníček,71.0
14288898,2026-05-11,Liga Portugal Betclic,33.0,Home,Sporting Braga,Benfica,Benfica,795236,Vangelis Pavlidis,80,,save,corner,head,0.12921351194382,0.25497731566429,high-centre,6.5,46.6,0,963744.0,Lukáš Horníček,80.0
14288898,2026-05-11,Liga Portugal Betclic,33.0,Home,Sporting Braga,Benfica,Benfica,795236,Vangelis Pavlidis,81,,save,assisted,left-foot,0.033433899283409,0.030712604522705,low-centre,23.7,35.2,0,963744.0,Lukáš Horníček,81.0
14288898,2026-05-11,Liga Portugal Betclic,33.0,Home,Sporting Braga,Benfica,Benfica,1006069,António Silva,84,,miss,corner,head,0.50438976287842,0.0,close-high-left,3.9,50.3,0,963744.0,Lukáš Horníček,84.0
14288898,2026-05-11,Liga Portugal Betclic,33.0,Home,Sporting Braga,Benfica,Benfica,228364,Fredrik Aursnes,84,,miss,corner,head,0.093087233603001,0.0,left,4.3,58.3,0,963744.0,Lukáš Horníček,84.0
14288898,2026-05-11,Liga Portugal Betclic,33.0,Home,Sporting Braga,Sporting Braga,Opponent,1120039,Jean-Baptiste Gorby,88,,goal,assisted,right-foot,0.046951718628407,0.73048138618469,low-right,20.6,34.6,0,966616.0,Anatoliy Trubin,88.0
14288898,2026-05-11,Liga Portugal Betclic,33.0,Home,Sporting Braga,Benfica,Benfica,1201395,Gianluca Prestianni,89,,save,regular,right-foot,0.012588812969625,0.2488983720541,low-left,25.4,45.0,0,963744.0,Lukáš Horníček,89.0
14288898,2026-05-11,Liga Portugal Betclic,33.0,Home,Sporting Braga,Benfica,Benfica,795236,Vangelis Pavlidis,89,,block,assisted,left-foot,0.079918473958969,0.0,low-left,18.7,49.7,0,963744.0,Lukáš Horníček,89.0
14288898,2026-05-11,Liga Portugal Betclic,33.0,Home,Sporting Braga,Benfica,Benfica,1006069,António Silva,90,,miss,assisted,right-foot,0.027669597417116,0.0,high-right,27.5,50.5,0,963744.0,Lukáš Horníček,90.0
14288898,2026-05-11,Liga Portugal Betclic,33.0,Home,Sporting Braga,Benfica,Benfica,795236,Vangelis Pavlidis,90,5.0,goal,penalty,right-foot,0.7884,0.98702543973923,high-left,11.5,50.0,0,963744.0,Lukáš Horníček,95.0
14336198,2026-05-16,Liga Portugal Betclic,34.0,Away,Estoril Praia,Benfica,Benfica,850976,Alexander Bah,1,,miss,corner,head,0.060788959264755,0.0,close-right,7.4,40.1,0,93796.0,Joel Robles,1.0
14336198,2026-05-16,Liga Portugal Betclic,34.0,Away,Estoril Praia,Estoril Praia,Opponent,1087354,Gonçalo Costa,3,,miss,assisted,head,0.24252881109715,0.0,high,7.9,48.5,0,966616.0,Anatoliy Trubin,3.0
14336198,2026-05-16,Liga Portugal Betclic,34.0,Away,Estoril Praia,Benfica,Benfica,1015292,Richard Ríos,7,,goal,regular,right-foot,0.8614250421524,0.99511164426804,high-right,3.0,52.8,0,93796.0,Joel Robles,7.0
14336198,2026-05-16,Liga Portugal Betclic,34.0,Away,Estoril Praia,Benfica,Benfica,1201395,Gianluca Prestianni,10,,save,regular,right-foot,0.41273590922356,0.27771952748299,low-left,12.6,52.1,0,93796.0,Joel Robles,10.0
14336198,2026-05-16,Liga Portugal Betclic,34.0,Away,Estoril Praia,Benfica,Benfica,1100952,Andreas Schjelderup,12,,block,corner,left-foot,0.026185566559434,0.0,low-centre,19.5,34.2,0,93796.0,Joel Robles,12.0
14336198,2026-05-16,Liga Portugal Betclic,34.0,Away,Estoril Praia,Benfica,Benfica,983542,Tomás Araújo,14,,miss,corner,head,0.069959960877895,0.0,right,8.3,45.6,0,93796.0,Joel Robles,14.0
14336198,2026-05-16,Liga Portugal Betclic,34.0,Away,Estoril Praia,Benfica,Benfica,850976,Alexander Bah,15,,goal,corner,right-foot,0.54542726278305,0.33091121912003,low-centre,2.9,54.8,0,93796.0,Joel Robles,15.0
14336198,2026-05-16,Liga Portugal Betclic,34.0,Away,Estoril Praia,Benfica,Benfica,252577,Rafa Silva,16,,goal,assisted,left-foot,0.12735596299171,0.20043215155602,low-left,15.3,51.3,0,93796.0,Joel Robles,16.0
14336198,2026-05-16,Liga Portugal Betclic,34.0,Away,Estoril Praia,Benfica,Benfica,1100952,Andreas Schjelderup,24,,block,free-kick,right-foot,0.096031486988068,0.0,low-centre,18.9,63.0,0,93796.0,Joel Robles,24.0
14336198,2026-05-16,Liga Portugal Betclic,34.0,Away,Estoril Praia,Benfica,Benfica,1015292,Richard Ríos,27,,save,regular,right-foot,0.17976188659668,0.10218785703182,low-centre,9.7,52.8,0,93796.0,Joel Robles,27.0
14336198,2026-05-16,Liga Portugal Betclic,34.0,Away,Estoril Praia,Estoril Praia,Opponent,930246,Yanis Begraoui,33,,save,fast-break,right-foot,0.09958953410387,0.072373427450657,low-centre,15.0,62.6,0,966616.0,Anatoliy Trubin,33.0
14336198,2026-05-16,Liga Portugal Betclic,34.0,Away,Estoril Praia,Benfica,Benfica,252577,Rafa Silva,46,,save,assisted,head,0.25789725780487,0.2163981795311,low-centre,6.7,49.5,0,93796.0,Joel Robles,46.0
14336198,2026-05-16,Liga Portugal Betclic,34.0,Away,Estoril Praia,Estoril Praia,Opponent,1120679,André Lacximicant,49,,save,assisted,head,0.063620164990425,0.024521777406335,low-centre,12.6,49.1,0,966616.0,Anatoliy Trubin,49.0
14336198,2026-05-16,Liga Portugal Betclic,34.0,Away,Estoril Praia,Estoril Praia,Opponent,834247,Pedro Amaral,51,,save,assisted,left-foot,0.024759564548731,0.042255703359842,low-centre,10.9,24.9,0,966616.0,Anatoliy Trubin,51.0
14336198,2026-05-16,Liga Portugal Betclic,34.0,Away,Estoril Praia,Benfica,Benfica,1201395,Gianluca Prestianni,57,,miss,throw-in-set-piece,right-foot,0.39199939370155,0.0,left,9.8,61.7,0,93796.0,Joel Robles,57.0
14336198,2026-05-16,Liga Portugal Betclic,34.0,Away,Estoril Praia,Estoril Praia,Opponent,858705,Xeka,59,,miss,assisted,right-foot,0.015353715978563,0.0,high-right,27.5,23.1,0,966616.0,Anatoliy Trubin,59.0
14336198,2026-05-16,Liga Portugal Betclic,34.0,Away,Estoril Praia,Estoril Praia,Opponent,1120679,André Lacximicant,60,,save,fast-break,left-foot,0.04343843460083,0.16008153557777,low-right,12.8,29.7,0,966616.0,Anatoliy Trubin,60.0
14336198,2026-05-16,Liga Portugal Betclic,34.0,Away,Estoril Praia,Estoril Praia,Opponent,920684,Jordan Holsgrove,61,,miss,corner,left-foot,0.017279775813222,0.0,close-right,23.4,66.4,0,966616.0,Anatoliy Trubin,61.0
14336198,2026-05-16,Liga Portugal Betclic,34.0,Away,Estoril Praia,Estoril Praia,Opponent,1120679,André Lacximicant,65,,save,assisted,left-foot,0.099064879119396,0.19380763173103,low-right,8.5,57.9,0,966616.0,Anatoliy Trubin,65.0
14336198,2026-05-16,Liga Portugal Betclic,34.0,Away,Estoril Praia,Estoril Praia,Opponent,1513647,Peixinho,71,,miss,regular,right-foot,0.33638253808022,0.0,close-left,3.3,47.4,0,966616.0,Anatoliy Trubin,71.0
14336198,2026-05-16,Liga Portugal Betclic,34.0,Away,Estoril Praia,Estoril Praia,Opponent,1513647,Peixinho,71,,block,assisted,left-foot,0.12329768389463,0.0,low-centre,8.6,45.6,0,966616.0,Anatoliy Trubin,71.0
14336198,2026-05-16,Liga Portugal Betclic,34.0,Away,Estoril Praia,Benfica,Benfica,823631,Dodi Lukebakio,72,,save,assisted,left-foot,0.022778119891882,0.036634679883718,low-centre,21.3,67.7,0,93796.0,Joel Robles,72.0
14336198,2026-05-16,Liga Portugal Betclic,34.0,Away,Estoril Praia,Estoril Praia,Opponent,1513647,Peixinho,73,,miss,assisted,left-foot,0.27440890669823,0.0,high-right,8.5,52.8,0,966616.0,Anatoliy Trubin,73.0
14336198,2026-05-16,Liga Portugal Betclic,34.0,Away,Estoril Praia,Benfica,Benfica,823631,Dodi Lukebakio,74,,miss,regular,left-foot,0.044352311640978,0.0,left,17.9,66.7,0,93796.0,Joel Robles,74.0
14336198,2026-05-16,Liga Portugal Betclic,34.0,Away,Estoril Praia,Estoril Praia,Opponent,930246,Yanis Begraoui,79,,miss,assisted,right-foot,0.066647425293922,0.0,left,9.9,68.1,0,966616.0,Anatoliy Trubin,79.0
14336198,2026-05-16,Liga Portugal Betclic,34.0,Away,Estoril Praia,Benfica,Benfica,823631,Dodi Lukebakio,82,,block,fast-break,left-foot,0.13120764493942,0.0,low-centre,15.1,56.2,0,93796.0,Joel Robles,82.0
14336198,2026-05-16,Liga Portugal Betclic,34.0,Away,Estoril Praia,Benfica,Benfica,1015292,Richard Ríos,83,,miss,corner,right-foot,0.041333701461554,0.0,left,14.1,59.9,0,93796.0,Joel Robles,83.0
14336198,2026-05-16,Liga Portugal Betclic,34.0,Away,Estoril Praia,Benfica,Benfica,795236,Vangelis Pavlidis,83,,block,corner,right-foot,0.054688964039087,0.0,low-centre,5.1,38.5,0,93796.0,Joel Robles,83.0
14336198,2026-05-16,Liga Portugal Betclic,34.0,Away,Estoril Praia,Benfica,Benfica,983542,Tomás Araújo,84,,miss,corner,head,0.16499088704586,0.0,high,7.4,48.9,0,93796.0,Joel Robles,84.0
14336198,2026-05-16,Liga Portugal Betclic,34.0,Away,Estoril Praia,Benfica,Benfica,1015292,Richard Ríos,85,,save,regular,right-foot,0.54906243085861,0.0,low-centre,9.4,50.5,0,93796.0,Joel Robles,85.0
14336198,2026-05-16,Liga Portugal Betclic,34.0,Away,Estoril Praia,Estoril Praia,Opponent,1001313,Nodar Lominadze,87,,miss,regular,right-foot,0.020560881122947,0.0,high-right,26.8,45.2,0,966616.0,Anatoliy Trubin,87.0
14336198,2026-05-16,Liga Portugal Betclic,34.0,Away,Estoril Praia,Estoril Praia,Opponent,986726,Ricard Sánchez,89,,miss,assisted,right-foot,0.016484649851918,0.0,high-right,13.2,72.6,0,966616.0,Anatoliy Trubin,89.0
14336198,2026-05-16,Liga Portugal Betclic,34.0,Away,Estoril Praia,Estoril Praia,Opponent,920684,Jordan Holsgrove,90,,block,assisted,left-foot,0.014592606574297,0.0,low-centre,12.0,75.7,0,966616.0,Anatoliy Trubin,90.0
14336198,2026-05-16,Liga Portugal Betclic,34.0,Away,Estoril Praia,Estoril Praia,Opponent,1513647,Peixinho,90,1.0,goal,assisted,left-foot,0.05949529260397,0.39133900403976,high-left,20.6,53.8,0,966616.0,Anatoliy Trubin,91.0
14336198,2026-05-16,Liga Portugal Betclic,34.0,Away,Estoril Praia,Benfica,Benfica,906800,Leandro Barreiro,90,2.0,miss,assisted,right-foot,0.11010210216045,0.0,high,8.0,53.4,0,93796.0,Joel Robles,92.0
