event_id,date,competition,season,round,venue,opponent,player_id,player,position,shirt_number,starter,totalPass,accuratePass,totalLongBalls,accurateLongBalls,goalAssist,accurateOwnHalfPasses,totalOwnHalfPasses,accurateOppositionHalfPasses,totalOppositionHalfPasses,aerialWon,duelWon,totalClearance,ballRecovery,savedShotsFromInsideTheBox,penaltyFaced,saves,punches,totalKeeperSweeper,accurateKeeperSweeper,minutesPlayed,touches,rating,possessionLostCtrl,expectedAssists,totalBallCarriesDistance,ballCarriesCount,totalProgression,bestBallCarryProgression,keeperSaveValue,ratingVersions,totalShots,goalsPrevented,passValueNormalized,dribbleValueNormalized,defensiveValueNormalized,goalkeeperValueNormalized,statisticsType,totalCross,accurateCross,duelLost,dispossessed,totalContest,outfielderBlock,interceptionWon,totalTackle,wonTackle,unsuccessfulTouch,wasFouled,topSpeed,kilometersCovered,numberOfSprints,totalProgressiveBallCarriesDistance,progressiveBallCarriesCount,keyPass,metersCoveredRunningKm,metersCoveredHighSpeedRunningKm,metersCoveredSprintingKm,aerialLost,bigChanceMissed,shotOffTarget,onTargetScoringAttempt,fouls,expectedGoals,expectedGoalsOnTarget,shotValueNormalized,challengeLost,goals,bigChanceCreated,penaltyConceded,wonContest,errorLeadToAGoal,totalOffside,blockedScoringAttempt,errorLeadToAShot,clearanceOffLine,penaltyWon,goodHighClaim,hitWoodwork,metersCoveredWalkingKm,metersCoveredJoggingKm,lastManTackle,penaltyMiss,penaltySave,crossNotClaimed,ownGoals
14241230,2025-08-06,"UEFA Champions League, Qualification",UEFA Champions League 25/26,3.0,Away,Nice,1102791,Amar Dedić,D,17,True,58.0,51.0,1.0,1.0,0.0,27.0,30.0,24.0,28.0,2.0,7.0,2.0,3.0,,,,,,,90.0,79.0,7.5,11.0,,,,,,,"{'original': 7.5, 'alternative': 7.5}",0,,0.12,0.45,0.16,,"{'sportSlug': 'football', 'statisticsType': 'player'}",1.0,1.0,4.0,,5.0,,1.0,1.0,1.0,3.0,,,,,,,1.0,,,,,,,,3.0,,,,,,,,4.0,,,,,,,,,,,,,,,
14241230,2025-08-06,"UEFA Champions League, Qualification",UEFA Champions League 25/26,3.0,Away,Nice,966616,Anatoliy Trubin,G,1,True,34.0,24.0,15.0,5.0,0.0,22.0,24.0,2.0,10.0,,,,6.0,2.0,,2.0,,,,90.0,37.0,6.8,10.0,,,,,,0.0656,"{'original': 6.8, 'alternative': 7.1}",0,,0.04,0.01,0.23,0.08,"{'sportSlug': 'football', 'statisticsType': 'player'}",,,,,,,,,,,,,,,,,,,,,,,,,,,,,,,,,,,,,,,,,,,,,,,,
14241230,2025-08-06,"UEFA Champions League, Qualification",UEFA Champions League 25/26,3.0,Away,Nice,1100952,Andreas Schjelderup,M,21,True,25.0,23.0,2.0,2.0,0.0,6.0,6.0,17.0,19.0,,4.0,,3.0,,,,,,,66.0,32.0,7.8,3.0,,,,,,,"{'original': 7.8, 'alternative': 7.4}",2,,0.49,0.54,0.15,,"{'sportSlug': 'football', 'statisticsType': 'player'}",1.0,,2.0,,,,,2.0,2.0,,2.0,,,,,,2.0,,,,1.0,,,,1.0,,,-0.57,,,1.0,,,,1.0,2.0,,,,,,,,,,,,
14241230,2025-08-06,"UEFA Champions League, Qualification",UEFA Champions League 25/26,3.0,Away,Nice,1006069,António Silva,D,4,True,59.0,56.0,5.0,3.0,0.0,39.0,41.0,17.0,18.0,1.0,1.0,9.0,1.0,,,,,,,90.0,71.0,7.1,3.0,,,,,,,"{'original': 7.1, 'alternative': 7.1}",0,,0.21,0.11,0.33,,"{'sportSlug': 'football', 'statisticsType': 'player'}",,,4.0,,,2.0,,,,,,,,,,,,,,,2.0,,,,1.0,,,,1.0,,,,,,,,,,,,,,,,,,,
14241230,2025-08-06,"UEFA Champions League, Qualification",UEFA Champions League 25/26,3.0,Away,Nice,1087316,Enzo Barrenechea,M,5,True,55.0,49.0,4.0,2.0,0.0,20.0,22.0,29.0,33.0,1.0,7.0,2.0,4.0,,,,,,,77.0,72.0,7.6,10.0,,,,,,,"{'original': 7.6, 'alternative': 7.8}",1,,0.19,0.07,0.39,,"{'sportSlug': 'football', 'statisticsType': 'player'}",1.0,,1.0,,,,1.0,3.0,3.0,2.0,3.0,,,,,,2.0,,,,,,,,,,,-0.07,1.0,,1.0,,,,,1.0,,,,,,,,,,,,
14241230,2025-08-06,"UEFA Champions League, Qualification",UEFA Champions League 25/26,3.0,Away,Nice,1103333,Franjo Ivanović,F,9,True,26.0,19.0,1.0,,0.0,7.0,9.0,12.0,17.0,2.0,7.0,,2.0,,,,,,,77.0,44.0,8.0,13.0,,,,,,,"{'original': 8, 'alternative': 7.5}",4,,-0.51,0.47,0.18,,"{'sportSlug': 'football', 'statisticsType': 'player'}",,,4.0,2.0,2.0,,,3.0,3.0,2.0,1.0,,,,,,,,,,,1.0,2.0,2.0,1.0,,,0.39,,1.0,,,1.0,,1.0,,,,,,,,,,,,,
14241230,2025-08-06,"UEFA Champions League, Qualification",UEFA Champions League 25/26,3.0,Away,Nice,228364,Fredrik Aursnes,M,8,True,38.0,30.0,5.0,2.0,1.0,9.0,14.0,21.0,24.0,,3.0,1.0,4.0,,,,,,,90.0,50.0,6.9,9.0,,,,,,,"{'original': 6.9, 'alternative': 7.6}",0,,0.27,0.16,0.13,,"{'sportSlug': 'football', 'statisticsType': 'player'}",2.0,1.0,6.0,,,,3.0,3.0,3.0,,,,,,,,2.0,,,,3.0,,,,1.0,,,,2.0,,1.0,,,,,,,,,,,,,,,,,
14241230,2025-08-06,"UEFA Champions League, Qualification",UEFA Champions League 25/26,3.0,Away,Nice,74915,Nicolás Otamendi,D,30,True,60.0,53.0,10.0,4.0,0.0,40.0,40.0,13.0,20.0,3.0,5.0,11.0,5.0,,,,,,,90.0,80.0,7.4,11.0,,,,,,,"{'original': 7.4, 'alternative': 7.5}",1,,0.25,0.07,0.22,,"{'sportSlug': 'football', 'statisticsType': 'player'}",,,3.0,1.0,,,2.0,2.0,1.0,1.0,,,,,,,1.0,,,,,,,,,,,-0.12,2.0,,,,,,,1.0,,,,,,,,,,,,
14241230,2025-08-06,"UEFA Champions League, Qualification",UEFA Champions League 25/26,3.0,Away,Nice,1015292,Richard Ríos,M,20,True,68.0,62.0,5.0,3.0,0.0,42.0,44.0,20.0,24.0,,6.0,1.0,6.0,,,,,,,90.0,87.0,6.9,11.0,,,,,,,"{'original': 6.9, 'alternative': 7}",1,,-0.08,0.33,0.14,,"{'sportSlug': 'football', 'statisticsType': 'player'}",,,9.0,2.0,1.0,,2.0,5.0,3.0,2.0,1.0,,,,,,,,,,,,,1.0,4.0,,,0.01,2.0,,,,,,,,,,,,,,,,,,,
14241230,2025-08-06,"UEFA Champions League, Qualification",UEFA Champions League 25/26,3.0,Away,Nice,993101,Samuel Dahl,D,26,True,30.0,26.0,3.0,1.0,1.0,7.0,9.0,19.0,21.0,,4.0,1.0,3.0,,,,,,,90.0,54.0,7.2,11.0,,,,,,,"{'original': 7.2, 'alternative': 7.7}",0,,0.3,0.02,0.13,,"{'sportSlug': 'football', 'statisticsType': 'player'}",6.0,2.0,1.0,,1.0,,2.0,3.0,2.0,2.0,,,,,,,3.0,,,,,,,,,,,,1.0,,,,1.0,,,,,,,,,,,,,,,
14241230,2025-08-06,"UEFA Champions League, Qualification",UEFA Champions League 25/26,3.0,Away,Nice,795236,Vangelis Pavlidis,F,14,True,16.0,10.0,,,0.0,4.0,5.0,6.0,11.0,,1.0,1.0,2.0,,,,,,,77.0,23.0,5.3,9.0,,,,,,,"{'original': 5.3, 'alternative': 6.5}",2,,-0.36,0.05,-0.08,,"{'sportSlug': 'football', 'statisticsType': 'player'}",,,3.0,,1.0,,,,,3.0,,,,,,,1.0,,,,1.0,1.0,,2.0,,,,-1.0,2.0,,,,1.0,,1.0,,,,,,,,,,,,,
14241230,2025-08-06,"UEFA Champions League, Qualification",UEFA Champions League 25/26,3.0,Away,Nice,1489159,Diogo Ferreira,G,50,False,,,,,,,,,,,,,,,,,,,,,,,,,,,,,,,0,,,,,,"{'sportSlug': 'football', 'statisticsType': 'player'}",,,,,,,,,,,,,,,,,,,,,,,,,,,,,,,,,,,,,,,,,,,,,,,,
14241230,2025-08-06,"UEFA Champions League, Qualification",UEFA Champions League 25/26,3.0,Away,Nice,1146008,Diogo Prioste,M,86,False,,,,,,,,,,,,,,,,,,,,,,,,,,,,,,,0,,,,,,"{'sportSlug': 'football', 'statisticsType': 'player'}",,,,,,,,,,,,,,,,,,,,,,,,,,,,,,,,,,,,,,,,,,,,,,,,
14241230,2025-08-06,"UEFA Champions League, Qualification",UEFA Champions League 25/26,3.0,Away,Nice,855845,Florentino Luís,M,61,False,8.0,7.0,1.0,1.0,0.0,2.0,3.0,5.0,5.0,,1.0,,1.0,,,,,,,13.0,11.0,7.8,1.0,,,,,,,"{'original': 7.8, 'alternative': 7.5}",1,,0.03,0.02,-0.05,,"{'sportSlug': 'football', 'statisticsType': 'player'}",,,1.0,,,,1.0,1.0,1.0,,,,,,,,,,,,,,,1.0,1.0,,,0.58,,1.0,,,,,,,,,,,,,,,,,,
14241230,2025-08-06,"UEFA Champions League, Qualification",UEFA Champions League 25/26,3.0,Away,Nice,1201395,Gianluca Prestianni,M,25,False,6.0,5.0,1.0,,0.0,1.0,2.0,4.0,4.0,,1.0,,3.0,,,,,,,24.0,11.0,6.4,4.0,,,,,,,"{'original': 6.4, 'alternative': 6.4}",1,,-0.05,0.11,-0.04,,"{'sportSlug': 'football', 'statisticsType': 'player'}",,,4.0,2.0,,,,,,1.0,1.0,,,,,,,,,,,,1.0,,1.0,,,-0.16,1.0,,,,,,,,,,,,,,,,,,,
14241230,2025-08-06,"UEFA Champions League, Qualification",UEFA Champions League 25/26,3.0,Away,Nice,1432417,Gonçalo Oliveira,D,64,False,,,,,,,,,,,,,,,,,,,,,,,,,,,,,,,0,,,,,,"{'sportSlug': 'football', 'statisticsType': 'player'}",,,,,,,,,,,,,,,,,,,,,,,,,,,,,,,,,,,,,,,,,,,,,,,,
14241230,2025-08-06,"UEFA Champions League, Qualification",UEFA Champions League 25/26,3.0,Away,Nice,998870,Henrique Araújo,F,39,False,2.0,1.0,,,0.0,,,1.0,2.0,1.0,1.0,,,,,,,,,13.0,7.0,6.4,3.0,,,,,,,"{'original': 6.4, 'alternative': 6.4}",0,,-0.04,-0.33,0.14,,"{'sportSlug': 'football', 'statisticsType': 'player'}",,,3.0,1.0,1.0,1.0,,,,,,,,,,,,,,,,,,,1.0,,,,,,,,,,,,,,,,,,,,,,,
14241230,2025-08-06,"UEFA Champions League, Qualification",UEFA Champions League 25/26,3.0,Away,Nice,1215905,João Veloso,M,68,False,,,,,,,,,,,,,,,,,,,,,,,,,,,,,,,0,,,,,,"{'sportSlug': 'football', 'statisticsType': 'player'}",,,,,,,,,,,,,,,,,,,,,,,,,,,,,,,,,,,,,,,,,,,,,,,,
14241230,2025-08-06,"UEFA Champions League, Qualification",UEFA Champions League 25/26,3.0,Away,Nice,906800,Leandro Barreiro,M,18,False,3.0,3.0,,,0.0,1.0,1.0,2.0,2.0,,2.0,,1.0,,,,,,,13.0,6.0,6.7,,,,,,,,"{'original': 6.7, 'alternative': 6.7}",0,,-0.02,0.12,0.16,,"{'sportSlug': 'football', 'statisticsType': 'player'}",,,1.0,,1.0,,1.0,,,,1.0,,,,,,,,,,1.0,,,,,,,,,,,,1.0,,,,,,,,,,,,,,,
14241230,2025-08-06,"UEFA Champions League, Qualification",UEFA Champions League 25/26,3.0,Away,Nice,1489200,Leandro Santos,D,71,False,,,,,,,,,,,,,,,,,,,,,,,,,,,,,,,0,,,,,,"{'sportSlug': 'football', 'statisticsType': 'player'}",,,,,,,,,,,,,,,,,,,,,,,,,,,,,,,,,,,,,,,,,,,,,,,,
14241230,2025-08-06,"UEFA Champions League, Qualification",UEFA Champions League 25/26,3.0,Away,Nice,1142692,Rafael Obrador,M,3,False,,,,,,,,,,,,,,,,,,,,,,,,,,,,,,,0,,,,,,"{'sportSlug': 'football', 'statisticsType': 'player'}",,,,,,,,,,,,,,,,,,,,,,,,,,,,,,,,,,,,,,,,,,,,,,,,
14241230,2025-08-06,"UEFA Champions League, Qualification",UEFA Champions League 25/26,3.0,Away,Nice,983550,Samuel Soares,G,24,False,,,,,,,,,,,,,,,,,,,,,,,,,,,,,,,0,,,,,,"{'sportSlug': 'football', 'statisticsType': 'player'}",,,,,,,,,,,,,,,,,,,,,,,,,,,,,,,,,,,,,,,,,,,,,,,,
14241230,2025-08-06,"UEFA Champions League, Qualification",UEFA Champions League 25/26,3.0,Away,Nice,976410,Tiago Gouveia,F,47,False,,,,,,,,,,,,,,,,,,,,,,,,,,,,,,,0,,,,,,"{'sportSlug': 'football', 'statisticsType': 'player'}",,,,,,,,,,,,,,,,,,,,,,,,,,,,,,,,,,,,,,,,,,,,,,,,
14241253,2025-08-12,"UEFA Champions League, Qualification",UEFA Champions League 25/26,3.0,Home,Nice,1102791,Amar Dedić,D,17,True,47.0,41.0,,,0.0,26.0,29.0,15.0,18.0,2.0,3.0,2.0,6.0,,,,,,,90.0,65.0,7.0,10.0,,,,,,,"{'original': 7, 'alternative': 6.9}",2,,-0.14,0.56,-0.12,,"{'sportSlug': 'football', 'statisticsType': 'player'}",,,2.0,,1.0,,1.0,1.0,1.0,1.0,,,,,,,1.0,,,,,,,,1.0,,,-0.21,,,,,,,,2.0,1.0,,,,,,,,,,,
14241253,2025-08-12,"UEFA Champions League, Qualification",UEFA Champions League 25/26,3.0,Home,Nice,966616,Anatoliy Trubin,G,1,True,34.0,25.0,13.0,5.0,0.0,23.0,25.0,2.0,9.0,1.0,1.0,1.0,5.0,,,,1.0,,,90.0,41.0,6.7,9.0,,,,,,,"{'original': 6.7, 'alternative': 6.9}",0,,0.05,0.0,0.13,,"{'sportSlug': 'football', 'statisticsType': 'player'}",,,,,,,,,,,,,,,,,,,,,,,,,,,,,,,,,,,,,,,,2.0,,,,,,,,
14241253,2025-08-12,"UEFA Champions League, Qualification",UEFA Champions League 25/26,3.0,Home,Nice,1100952,Andreas Schjelderup,M,21,True,21.0,19.0,3.0,2.0,1.0,7.0,8.0,12.0,13.0,1.0,3.0,1.0,1.0,,,,,,,64.0,33.0,8.6,6.0,,,,,,,"{'original': 8.6, 'alternative': 8.2}",2,,0.31,0.08,0.14,,"{'sportSlug': 'football', 'statisticsType': 'player'}",3.0,1.0,2.0,,2.0,,,1.0,,,1.0,,,,,,3.0,,,,,1.0,1.0,1.0,,,,0.52,,1.0,1.0,,,,,,,,,,1.0,,,,,,,
14241253,2025-08-12,"UEFA Champions League, Qualification",UEFA Champions League 25/26,3.0,Home,Nice,1006069,António Silva,D,4,True,74.0,68.0,10.0,6.0,0.0,51.0,52.0,17.0,22.0,,2.0,6.0,2.0,,,,,,,90.0,89.0,7.8,7.0,,,,,,,"{'original': 7.8, 'alternative': 7.9}",2,,0.31,0.04,0.69,,"{'sportSlug': 'football', 'statisticsType': 'player'}",,,1.0,,,2.0,1.0,2.0,2.0,1.0,,,,,,,,,,,,,1.0,1.0,1.0,,,-0.28,,,,,,,,,,,,,,,,,,,,
14241253,2025-08-12,"UEFA Champions League, Qualification",UEFA Champions League 25/26,3.0,Home,Nice,1087316,Enzo Barrenechea,M,5,True,56.0,49.0,4.0,3.0,0.0,25.0,27.0,24.0,29.0,3.0,5.0,3.0,2.0,,,,,,,63.0,70.0,7.4,11.0,,,,,,,"{'original': 7.4, 'alternative': 7.2}",2,,0.36,0.06,0.21,,"{'sportSlug': 'football', 'statisticsType': 'player'}",,,1.0,1.0,1.0,,,,,2.0,1.0,,,,,,1.0,,,,,,2.0,,,,,-0.22,,,,,1.0,,,,,,,,,,,,,,,
14241253,2025-08-12,"UEFA Champions League, Qualification",UEFA Champions League 25/26,3.0,Home,Nice,1103333,Franjo Ivanović,F,9,True,15.0,13.0,,,0.0,6.0,6.0,7.0,9.0,,4.0,,3.0,,,,,,,63.0,26.0,6.7,6.0,,,,,,,"{'original': 6.7, 'alternative': 6.9}",2,,0.02,0.37,0.15,,"{'sportSlug': 'football', 'statisticsType': 'player'}",1.0,,3.0,1.0,1.0,,,2.0,,1.0,2.0,,,,,,,,,,1.0,,1.0,1.0,,,,-0.57,,,,,,,1.0,,,,,,,,,,,,,
14241253,2025-08-12,"UEFA Champions League, Qualification",UEFA Champions League 25/26,3.0,Home,Nice,228364,Fredrik Aursnes,M,8,True,34.0,32.0,,,1.0,11.0,11.0,21.0,23.0,2.0,4.0,2.0,2.0,,,,,,,84.0,45.0,8.6,4.0,,,,,,,"{'original': 8.6, 'alternative': 8.7}",1,,0.09,0.26,0.16,,"{'sportSlug': 'football', 'statisticsType': 'player'}",1.0,,2.0,,,,,2.0,1.0,1.0,,,,,,,4.0,,,,1.0,,,1.0,,,,0.51,1.0,1.0,,,,,,,,,,,,,,,,,,
14241253,2025-08-12,"UEFA Champions League, Qualification",UEFA Champions League 25/26,3.0,Home,Nice,74915,Nicolás Otamendi,D,30,True,76.0,71.0,9.0,7.0,0.0,54.0,56.0,17.0,20.0,2.0,4.0,11.0,4.0,,,,,,,90.0,95.0,8.4,5.0,,,,,,,"{'original': 8.4, 'alternative': 8.1}",1,,0.36,0.1,0.44,,"{'sportSlug': 'football', 'statisticsType': 'player'}",,,3.0,,,2.0,1.0,1.0,1.0,,1.0,,,,,,,,,,1.0,,,1.0,2.0,,,0.34,1.0,,,,,,,,,,,,,,,,,,,
14241253,2025-08-12,"UEFA Champions League, Qualification",UEFA Champions League 25/26,3.0,Home,Nice,1015292,Richard Ríos,M,20,True,63.0,58.0,6.0,4.0,0.0,35.0,36.0,23.0,27.0,1.0,8.0,1.0,5.0,,,,,,,90.0,83.0,7.5,8.0,,,,,,,"{'original': 7.5, 'alternative': 7.4}",2,,0.08,0.17,0.31,,"{'sportSlug': 'football', 'statisticsType': 'player'}",1.0,,4.0,1.0,1.0,1.0,1.0,2.0,2.0,1.0,4.0,,,,,,1.0,,,,1.0,,,,1.0,,,0.01,1.0,,,,1.0,,,2.0,,,,,,,,,,,,
14241253,2025-08-12,"UEFA Champions League, Qualification",UEFA Champions League 25/26,3.0,Home,Nice,993101,Samuel Dahl,D,26,True,46.0,35.0,7.0,4.0,0.0,14.0,17.0,21.0,29.0,1.0,3.0,,6.0,,,,,,,90.0,66.0,7.1,15.0,,,,,,,"{'original': 7.1, 'alternative': 7.5}",0,,-0.04,0.23,-0.01,,"{'sportSlug': 'football', 'statisticsType': 'player'}",2.0,2.0,2.0,,,,,2.0,2.0,1.0,,,,,,,3.0,,,,,,,,1.0,,,,1.0,,,,,,,,,,,,,,,,,,,
14241253,2025-08-12,"UEFA Champions League, Qualification",UEFA Champions League 25/26,3.0,Home,Nice,795236,Vangelis Pavlidis,F,14,True,16.0,12.0,1.0,,0.0,9.0,10.0,3.0,6.0,2.0,4.0,1.0,2.0,,,,,,,81.0,34.0,6.7,9.0,,,,,,,"{'original': 6.7, 'alternative': 7}",4,,0.25,0.7,0.14,,"{'sportSlug': 'football', 'statisticsType': 'player'}",2.0,1.0,4.0,,2.0,,1.0,,,2.0,2.0,,,,,,1.0,,,,1.0,,1.0,,1.0,,,-0.65,,,,,,,1.0,3.0,,,,,,,,,,,,
14241253,2025-08-12,"UEFA Champions League, Qualification",UEFA Champions League 25/26,3.0,Home,Nice,1146008,Diogo Prioste,M,86,False,,,,,,,,,,,,,,,,,,,,,,,,,,,,,,,0,,,,,,"{'sportSlug': 'football', 'statisticsType': 'player'}",,,,,,,,,,,,,,,,,,,,,,,,,,,,,,,,,,,,,,,,,,,,,,,,
14241253,2025-08-12,"UEFA Champions League, Qualification",UEFA Champions League 25/26,3.0,Home,Nice,855845,Florentino Luís,M,61,False,12.0,12.0,1.0,1.0,0.0,4.0,4.0,8.0,8.0,,2.0,2.0,1.0,,,,,,,27.0,23.0,6.8,3.0,,,,,,,"{'original': 6.8, 'alternative': 6.8}",0,,0.04,-0.05,0.26,,"{'sportSlug': 'football', 'statisticsType': 'player'}",,,4.0,3.0,,,2.0,2.0,1.0,,,,,,,,,,,,1.0,,,,,,,,,,,,,,,,,,,,,,,,,,,
14241253,2025-08-12,"UEFA Champions League, Qualification",UEFA Champions League 25/26,3.0,Home,Nice,1201395,Gianluca Prestianni,M,25,False,16.0,12.0,1.0,,0.0,3.0,5.0,9.0,11.0,1.0,4.0,,1.0,,,,,,,26.0,25.0,7.3,6.0,,,,,,,"{'original': 7.3, 'alternative': 7.1}",2,,0.43,0.36,0.13,,"{'sportSlug': 'football', 'statisticsType': 'player'}",,,3.0,1.0,2.0,,1.0,1.0,1.0,,1.0,,,,,,1.0,,,,,,2.0,,1.0,,,-0.26,,,,,1.0,,,,,,,,,,,,,,,
14241253,2025-08-12,"UEFA Champions League, Qualification",UEFA Champions League 25/26,3.0,Home,Nice,1432417,Gonçalo Oliveira,D,64,False,,,,,,,,,,,,,,,,,,,,,,,,,,,,,,,0,,,,,,"{'sportSlug': 'football', 'statisticsType': 'player'}",,,,,,,,,,,,,,,,,,,,,,,,,,,,,,,,,,,,,,,,,,,,,,,,
14241253,2025-08-12,"UEFA Champions League, Qualification",UEFA Champions League 25/26,3.0,Home,Nice,998870,Henrique Araújo,F,39,False,6.0,5.0,,,0.0,2.0,2.0,3.0,4.0,1.0,2.0,,1.0,,,,,,,9.0,12.0,6.4,4.0,,,,,,,"{'original': 6.4, 'alternative': 6.6}",1,,0.09,0.23,0.14,,"{'sportSlug': 'football', 'statisticsType': 'player'}",,,2.0,1.0,,,,,,1.0,1.0,,,,,,,,,,1.0,,,,,,,-0.56,,,,,,,,1.0,,,,,,,,,,,,
14241253,2025-08-12,"UEFA Champions League, Qualification",UEFA Champions League 25/26,3.0,Home,Nice,1215905,João Veloso,M,68,False,,,,,,,,,,,,,,,,,,,,,,,,,,,,,,,0,,,,,,"{'sportSlug': 'football', 'statisticsType': 'player'}",,,,,,,,,,,,,,,,,,,,,,,,,,,,,,,,,,,,,,,,,,,,,,,,
14241253,2025-08-12,"UEFA Champions League, Qualification",UEFA Champions League 25/26,3.0,Home,Nice,903324,Kerem Aktürkoğlu,F,7,False,6.0,4.0,,,0.0,1.0,2.0,3.0,4.0,,,,3.0,,,,,,,11.0,7.0,7.1,2.0,,,,,,,"{'original': 7.1, 'alternative': 6.9}",0,,0.42,0.26,0.0,,"{'sportSlug': 'football', 'statisticsType': 'player'}",1.0,1.0,,,,,,,,,,,,,,,2.0,,,,,,,,,,,,,,,,,,,,,,,,,,,,,,,
14241253,2025-08-12,"UEFA Champions League, Qualification",UEFA Champions League 25/26,3.0,Home,Nice,906800,Leandro Barreiro,M,18,False,14.0,13.0,1.0,1.0,0.0,8.0,8.0,5.0,6.0,,,,1.0,,,,,,,27.0,17.0,6.3,1.0,,,,,,,"{'original': 6.3, 'alternative': 6.7}",0,,-0.34,0.18,0.13,,"{'sportSlug': 'football', 'statisticsType': 'player'}",1.0,1.0,3.0,,,,,,,,,,,,,,1.0,,,,2.0,,,,1.0,,,,,,,,,,,,,,,,,,,,,,,
14241253,2025-08-12,"UEFA Champions League, Qualification",UEFA Champions League 25/26,3.0,Home,Nice,1489200,Leandro Santos,D,71,False,,,,,,,,,,,,,,,,,,,,,,,,,,,,,,,0,,,,,,"{'sportSlug': 'football', 'statisticsType': 'player'}",,,,,,,,,,,,,,,,,,,,,,,,,,,,,,,,,,,,,,,,,,,,,,,,
14241253,2025-08-12,"UEFA Champions League, Qualification",UEFA Champions League 25/26,3.0,Home,Nice,1142692,Rafael Obrador,M,3,False,,,,,,,,,,,,,,,,,,,,,,,,,,,,,,,0,,,,,,"{'sportSlug': 'football', 'statisticsType': 'player'}",,,,,,,,,,,,,,,,,,,,,,,,,,,,,,,,,,,,,,,,,,,,,,,,
14241253,2025-08-12,"UEFA Champions League, Qualification",UEFA Champions League 25/26,3.0,Home,Nice,983550,Samuel Soares,G,24,False,,,,,,,,,,,,,,,,,,,,,,,,,,,,,,,0,,,,,,"{'sportSlug': 'football', 'statisticsType': 'player'}",,,,,,,,,,,,,,,,,,,,,,,,,,,,,,,,,,,,,,,,,,,,,,,,
14241253,2025-08-12,"UEFA Champions League, Qualification",UEFA Champions League 25/26,3.0,Home,Nice,976410,Tiago Gouveia,F,47,False,,,,,,,,,,,,,,,,,,,,,,,,,,,,,,,0,,,,,,"{'sportSlug': 'football', 'statisticsType': 'player'}",,,,,,,,,,,,,,,,,,,,,,,,,,,,,,,,,,,,,,,,,,,,,,,,
14131876,2025-08-16,Liga Portugal Betclic,Liga Portugal 25/26,2.0,Away,CF Estrela Amadora,1102791,Amar Dedić,D,17,True,31.0,24.0,4.0,1.0,0.0,7.0,10.0,17.0,21.0,1.0,3.0,1.0,3.0,,,,,,,90.0,49.0,6.7,11.0,0.00986442,,,,,,"{'original': 6.7, 'alternative': 6.7}",0,,-0.11,0.13,0.14,,"{'sportSlug': 'football', 'statisticsType': 'player'}",,,4.0,1.0,1.0,,,1.0,1.0,1.0,1.0,30.81,9.59,14.0,,,,1.23,0.48,0.2,,,,,2.0,,,,,,,,,,,,,,,,,,,,,,,
14131876,2025-08-16,Liga Portugal Betclic,Liga Portugal 25/26,2.0,Away,CF Estrela Amadora,966616,Anatoliy Trubin,G,1,True,21.0,9.0,16.0,4.0,0.0,5.0,6.0,4.0,15.0,1.0,1.0,1.0,3.0,,,2.0,1.0,,,90.0,28.0,6.8,12.0,0.00163858,,,,,0.3575,"{'original': 6.8, 'alternative': 6.9}",0,0.3879,0.06,-0.01,-0.1,0.34,"{'sportSlug': 'football', 'statisticsType': 'player'}",,,,,,,,,,,,,,,,,,,,,,,,,,,,,,,,,,,,,1.0,,,1.0,,,,,,,,
14131876,2025-08-16,Liga Portugal Betclic,Liga Portugal 25/26,2.0,Away,CF Estrela Amadora,1100952,Andreas Schjelderup,M,21,True,12.0,8.0,1.0,,0.0,3.0,5.0,5.0,7.0,,1.0,,2.0,,,,,,,71.0,22.0,6.6,10.0,0.0165286,,,,,,"{'original': 6.6, 'alternative': 6.5}",1,,0.04,0.27,0.13,,"{'sportSlug': 'football', 'statisticsType': 'player'}",2.0,,2.0,,1.0,,,,,3.0,1.0,33.39,7.25,12.0,,,,1.04,0.56,0.21,,,,,1.0,0.1465,,-0.16,,,,,,,1.0,1.0,,,,,,,,,,,,
14131876,2025-08-16,Liga Portugal Betclic,Liga Portugal 25/26,2.0,Away,CF Estrela Amadora,1006069,António Silva,D,4,True,42.0,36.0,11.0,8.0,0.0,19.0,23.0,17.0,19.0,1.0,1.0,4.0,3.0,,,,,,,90.0,50.0,7.0,7.0,0.00780076,,,,,,"{'original': 7, 'alternative': 6.9}",0,,0.2,0.13,-0.12,,"{'sportSlug': 'football', 'statisticsType': 'player'}",,,4.0,1.0,,,1.0,,,,,31.53,8.35,8.0,,,,0.79,0.32,0.13,1.0,,,,,,,,2.0,,,,,,,,1.0,,,,,,,,,,,
14131876,2025-08-16,Liga Portugal Betclic,Liga Portugal 25/26,2.0,Away,CF Estrela Amadora,1087316,Enzo Barrenechea,M,5,True,55.0,48.0,8.0,7.0,0.0,22.0,24.0,26.0,31.0,6.0,10.0,2.0,6.0,,,,,,,87.0,66.0,7.3,8.0,0.0172419,,,,,,"{'original': 7.3, 'alternative': 7}",0,,0.19,0.22,-0.03,,"{'sportSlug': 'football', 'statisticsType': 'player'}",,,14.0,,1.0,1.0,1.0,3.0,2.0,,1.0,29.89,9.46,7.0,,,,1.8,0.42,0.09,3.0,,,,8.0,,,,2.0,,,,,,,,,,,,,,,,,,,
14131876,2025-08-16,Liga Portugal Betclic,Liga Portugal 25/26,2.0,Away,CF Estrela Amadora,1103333,Franjo Ivanović,F,9,True,16.0,12.0,,,0.0,3.0,5.0,9.0,11.0,,3.0,,3.0,,,,,,,87.0,33.0,6.5,13.0,0.0167276,,,,,,"{'original': 6.5, 'alternative': 7.1}",1,,-0.01,0.25,-0.04,,"{'sportSlug': 'football', 'statisticsType': 'player'}",1.0,,11.0,4.0,1.0,,,1.0,1.0,3.0,2.0,34.28,8.88,22.0,,,2.0,0.98,0.68,0.29,3.0,,,1.0,3.0,0.1136,0.6046,0.19,1.0,,,,,,,,,,1.0,,,,,,,,,
14131876,2025-08-16,Liga Portugal Betclic,Liga Portugal 25/26,2.0,Away,CF Estrela Amadora,228364,Fredrik Aursnes,M,8,True,25.0,18.0,2.0,,0.0,3.0,3.0,15.0,22.0,2.0,5.0,1.0,4.0,,,,,,,90.0,41.0,6.8,11.0,0.175061,,,,,,"{'original': 6.8, 'alternative': 7.5}",1,,-0.15,0.27,0.14,,"{'sportSlug': 'football', 'statisticsType': 'player'}",5.0,2.0,1.0,,,,1.0,2.0,1.0,1.0,1.0,33.22,10.05,19.0,,,3.0,1.52,0.68,0.24,1.0,,1.0,,,0.1305,,-0.15,,,1.0,,,,,,,,,,,,,,,,,
14131876,2025-08-16,Liga Portugal Betclic,Liga Portugal 25/26,2.0,Away,CF Estrela Amadora,74915,Nicolás Otamendi,D,30,True,55.0,49.0,11.0,7.0,0.0,28.0,29.0,21.0,26.0,4.0,5.0,7.0,2.0,,,,,,,90.0,68.0,7.4,6.0,0.0365567,,,,,,"{'original': 7.4, 'alternative': 7.5}",0,,0.2,0.13,0.41,,"{'sportSlug': 'football', 'statisticsType': 'player'}",,,5.0,,,2.0,,,,,1.0,30.81,8.95,8.0,,,1.0,1.08,0.4,0.12,5.0,,,,1.0,,,,,,,,,,,,,,,,,,,,,,,
14131876,2025-08-16,Liga Portugal Betclic,Liga Portugal 25/26,2.0,Away,CF Estrela Amadora,1015292,Richard Ríos,M,20,True,36.0,27.0,4.0,3.0,0.0,12.0,14.0,15.0,22.0,2.0,7.0,1.0,3.0,,,,,,,89.0,54.0,6.8,11.0,0.0254567,,,,,,"{'original': 6.8, 'alternative': 7}",3,,0.1,0.21,-0.01,,"{'sportSlug': 'football', 'statisticsType': 'player'}",,,9.0,,1.0,1.0,1.0,1.0,1.0,1.0,4.0,31.92,9.32,13.0,,,,1.62,0.61,0.14,2.0,,2.0,,5.0,0.1543,,-0.42,1.0,,,,,,,1.0,,,,,,,,,,,,
14131876,2025-08-16,Liga Portugal Betclic,Liga Portugal 25/26,2.0,Away,CF Estrela Amadora,993101,Samuel Dahl,D,26,True,42.0,36.0,2.0,,0.0,9.0,9.0,27.0,33.0,,3.0,,4.0,,,,,,,90.0,68.0,7.0,11.0,0.432727,,,,,,"{'original': 7, 'alternative': 7.1}",2,,0.33,0.09,-0.04,,"{'sportSlug': 'football', 'statisticsType': 'player'}",3.0,2.0,4.0,,3.0,,,1.0,1.0,,1.0,31.43,9.36,21.0,,,1.0,1.05,0.57,0.27,1.0,,2.0,,,0.0615,,-0.16,1.0,,,,1.0,,,,,,,,,,,,,,,
14131876,2025-08-16,Liga Portugal Betclic,Liga Portugal 25/26,2.0,Away,CF Estrela Amadora,795236,Vangelis Pavlidis,F,14,True,15.0,10.0,,,0.0,3.0,3.0,7.0,12.0,4.0,5.0,,1.0,,,,,,,89.0,22.0,7.0,6.0,0.0115544,,,,,,"{'original': 7, 'alternative': 6.9}",3,,-0.09,0.03,-0.01,,"{'sportSlug': 'football', 'statisticsType': 'player'}",,,7.0,1.0,,,,1.0,,,,30.85,9.41,14.0,,,,1.32,0.52,0.18,6.0,1.0,2.0,1.0,,1.5962,0.9702,0.29,,1.0,,,,,,,,,,,,,,,,,,
14131876,2025-08-16,Liga Portugal Betclic,Liga Portugal 25/26,2.0,Away,CF Estrela Amadora,855845,Florentino Luís,M,61,False,1.0,,1.0,,0.0,,,,1.0,1.0,1.0,1.0,1.0,,,,,,,11.0,2.0,6.6,1.0,,,,,,,"{'original': 6.6, 'alternative': 6.6}",0,,0.0,,0.13,,"{'sportSlug': 'football', 'statisticsType': 'player'}",,,,,,,,,,,,24.97,0.72,0.0,,,,0.13,0.06,0.0,,,,,,,,,,,,,,,,,,,,,,,,,,,,
14131876,2025-08-16,Liga Portugal Betclic,Liga Portugal 25/26,2.0,Away,CF Estrela Amadora,1201395,Gianluca Prestianni,M,25,False,12.0,10.0,1.0,,0.0,3.0,4.0,7.0,8.0,,,,,,,,,,,19.0,17.0,6.5,4.0,0.134108,,,,,,"{'original': 6.5, 'alternative': 6.8}",1,,0.04,-0.4,-0.01,,"{'sportSlug': 'football', 'statisticsType': 'player'}",,,,,,,,,,1.0,,31.72,2.44,6.0,,,3.0,0.37,0.2,0.08,,,,,,0.0442,,0.0,,,,,,,,1.0,,,,,,,,,,,,
14131876,2025-08-16,Liga Portugal Betclic,Liga Portugal 25/26,2.0,Away,CF Estrela Amadora,1432417,Gonçalo Oliveira,D,64,False,,,,,,,,,,,,,,,,,,,,,,,,,,,,,,,0,,,,,,"{'sportSlug': 'football', 'statisticsType': 'player'}",,,,,,,,,,,,,,,,,,,,,,,,,,,,,,,,,,,,,,,,,,,,,,,,
14131876,2025-08-16,Liga Portugal Betclic,Liga Portugal 25/26,2.0,Away,CF Estrela Amadora,998870,Henrique Araújo,F,39,False,,,,,0.0,,,,,,,,,,,,,,,1.0,2.0,,,,,,,,,,2,,,,,,"{'sportSlug': 'football', 'statisticsType': 'player'}",,,2.0,,,,,,,,,,,,,,,,,,1.0,,,1.0,1.0,0.1634,0.2011,,,,,,,,,1.0,,,,,,,,,,,,
14131876,2025-08-16,Liga Portugal Betclic,Liga Portugal 25/26,2.0,Away,CF Estrela Amadora,903324,Kerem Aktürkoğlu,F,7,False,,,,,,,,,,,,,,,,,,,,,,,,,,,,,,,0,,,,,,"{'sportSlug': 'football', 'statisticsType': 'player'}",,,,,,,,,,,,,,,,,,,,,,,,,,,,,,,,,,,,,,,,,,,,,,,,
14131876,2025-08-16,Liga Portugal Betclic,Liga Portugal 25/26,2.0,Away,CF Estrela Amadora,906800,Leandro Barreiro,M,18,False,1.0,,1.0,,0.0,,,,1.0,,,,,,,,,,,11.0,2.0,6.3,2.0,,,,,,,"{'original': 6.3, 'alternative': 6.2}",0,,0.0,,-0.1,,"{'sportSlug': 'football', 'statisticsType': 'player'}",,,3.0,,,,,,,1.0,,23.98,0.72,0.0,,,,0.1,0.04,0.0,,,,,2.0,,,,1.0,,,,,,,,,,,,,,,,,,,
14131876,2025-08-16,Liga Portugal Betclic,Liga Portugal 25/26,2.0,Away,CF Estrela Amadora,1142692,Rafael Obrador,M,3,False,,,,,,,,,,,,,,,,,,,,,,,,,,,,,,,0,,,,,,"{'sportSlug': 'football', 'statisticsType': 'player'}",,,,,,,,,,,,,,,,,,,,,,,,,,,,,,,,,,,,,,,,,,,,,,,,
14131876,2025-08-16,Liga Portugal Betclic,Liga Portugal 25/26,2.0,Away,CF Estrela Amadora,983550,Samuel Soares,G,24,False,,,,,,,,,,,,,,,,,,,,,,,,,,,,,,,0,,,,,,"{'sportSlug': 'football', 'statisticsType': 'player'}",,,,,,,,,,,,,,,,,,,,,,,,,,,,,,,,,,,,,,,,,,,,,,,,
14131876,2025-08-16,Liga Portugal Betclic,Liga Portugal 25/26,2.0,Away,CF Estrela Amadora,976410,Tiago Gouveia,F,47,False,1.0,,1.0,,0.0,,,,1.0,,,,,,,,,,,1.0,1.0,,1.0,,,,,,,,0,,,,,,"{'sportSlug': 'football', 'statisticsType': 'player'}",,,,,,,,,,,,,,,,,,,,,,,,,,,,,,,,,,,,,,,,,,,,,,,,
14348668,2025-08-20,"UEFA Champions League, Playoff Round",UEFA Champions League 25/26,636.0,Away,Fenerbahçe,1102791,Amar Dedić,D,17,True,42.0,37.0,3.0,2.0,0.0,19.0,19.0,18.0,23.0,,8.0,2.0,3.0,,,,,,,90.0,69.0,7.3,9.0,,,,,,,"{'original': 7.3, 'alternative': 7.4}",0,,-0.14,0.24,0.19,,"{'sportSlug': 'football', 'statisticsType': 'player'}",1.0,,4.0,,2.0,,,3.0,3.0,1.0,3.0,,,,,,,,,,2.0,,,,1.0,,,,1.0,,,,2.0,,,,,,,,,,,,,,,
14348668,2025-08-20,"UEFA Champions League, Playoff Round",UEFA Champions League 25/26,636.0,Away,Fenerbahçe,966616,Anatoliy Trubin,G,1,True,25.0,14.0,17.0,6.0,0.0,9.0,9.0,5.0,16.0,,,,7.0,2.0,,6.0,,1.0,1.0,90.0,38.0,7.8,11.0,,,,,,0.2119,"{'original': 7.8, 'alternative': 8.4}",0,,0.13,,0.25,0.25,"{'sportSlug': 'football', 'statisticsType': 'player'}",,,,,,,,,,,,,,,,,,,,,,,,,,,,,,,,,,,,,,,,2.0,,,,,,,,
14348668,2025-08-20,"UEFA Champions League, Playoff Round",UEFA Champions League 25/26,636.0,Away,Fenerbahçe,1006069,António Silva,D,4,True,37.0,31.0,6.0,3.0,0.0,16.0,16.0,15.0,21.0,4.0,4.0,6.0,3.0,,,,,,,90.0,47.0,7.2,6.0,,,,,,,"{'original': 7.2, 'alternative': 7.1}",0,,0.14,0.04,0.44,,"{'sportSlug': 'football', 'statisticsType': 'player'}",,,5.0,,,1.0,,,,,1.0,,,,,,,,,,3.0,,,,2.0,,,,,,,,,,,,,,,,,,,,,,,
14348668,2025-08-20,"UEFA Champions League, Playoff Round",UEFA Champions League 25/26,636.0,Away,Fenerbahçe,1087316,Enzo Barrenechea,M,5,True,37.0,33.0,3.0,1.0,0.0,14.0,14.0,19.0,23.0,1.0,4.0,2.0,5.0,,,,,,,64.0,50.0,6.7,6.0,,,,,,,"{'original': 6.7, 'alternative': 6.8}",1,,0.06,0.23,0.15,,"{'sportSlug': 'football', 'statisticsType': 'player'}",,,3.0,,2.0,,2.0,,,1.0,2.0,,,,,,,,,,1.0,,,,1.0,,,-0.2,,,,,1.0,,,1.0,,,,,,,,,,,,
14348668,2025-08-20,"UEFA Champions League, Playoff Round",UEFA Champions League 25/26,636.0,Away,Fenerbahçe,855845,Florentino Luís,M,61,True,42.0,37.0,1.0,1.0,0.0,19.0,21.0,18.0,21.0,1.0,2.0,2.0,,,,,,,,71.0,48.0,6.1,6.0,,,,,,,"{'original': 6.1, 'alternative': 6}",1,,0.18,0.07,0.16,,"{'sportSlug': 'football', 'statisticsType': 'player'}",,,7.0,,,,,,,1.0,1.0,,,,,,,,,,1.0,,1.0,,6.0,,,-0.07,,,,,,,,,,,,,,,,,,,,
14348668,2025-08-20,"UEFA Champions League, Playoff Round",UEFA Champions League 25/26,636.0,Away,Fenerbahçe,228364,Fredrik Aursnes,M,8,True,43.0,37.0,2.0,1.0,0.0,9.0,11.0,28.0,32.0,,,1.0,2.0,,,,,,,90.0,60.0,6.5,13.0,,,,,,,"{'original': 6.5, 'alternative': 7}",0,,0.34,-0.26,-0.02,,"{'sportSlug': 'football', 'statisticsType': 'player'}",5.0,3.0,6.0,1.0,2.0,,1.0,,,2.0,,,,,,,3.0,,,,1.0,,,,1.0,,,,1.0,,,,,,,,,,,,,,,,,,,
14348668,2025-08-20,"UEFA Champions League, Playoff Round",UEFA Champions League 25/26,636.0,Away,Fenerbahçe,903324,Kerem Aktürkoğlu,F,7,True,17.0,13.0,1.0,1.0,0.0,3.0,4.0,10.0,13.0,,4.0,,3.0,,,,,,,77.0,31.0,6.8,7.0,,,,,,,"{'original': 6.8, 'alternative': 7.2}",3,,0.07,0.26,0.14,,"{'sportSlug': 'football', 'statisticsType': 'player'}",1.0,,2.0,1.0,1.0,,1.0,1.0,,1.0,2.0,,,,,,1.0,,,,1.0,,1.0,1.0,,,,0.02,,,,,1.0,,,1.0,,,,,,,,,,,,
14348668,2025-08-20,"UEFA Champions League, Playoff Round",UEFA Champions League 25/26,636.0,Away,Fenerbahçe,74915,Nicolás Otamendi,D,30,True,38.0,32.0,5.0,1.0,0.0,21.0,23.0,11.0,15.0,2.0,2.0,6.0,4.0,,,,,,,90.0,47.0,7.0,6.0,,,,,,,"{'original': 7, 'alternative': 7.3}",1,,0.14,0.04,0.41,,"{'sportSlug': 'football', 'statisticsType': 'player'}",,,4.0,,,1.0,,,,,,,,,,,1.0,,,,1.0,,,1.0,2.0,,,-0.13,1.0,,,,,,,,,,,,,,,,,,,
14348668,2025-08-20,"UEFA Champions League, Playoff Round",UEFA Champions League 25/26,636.0,Away,Fenerbahçe,1015292,Richard Ríos,M,20,True,50.0,41.0,4.0,2.0,0.0,21.0,23.0,20.0,27.0,,6.0,2.0,9.0,,,,,,,90.0,70.0,6.8,11.0,,,,,,,"{'original': 6.8, 'alternative': 7.1}",2,,-0.18,0.07,0.26,,"{'sportSlug': 'football', 'statisticsType': 'player'}",,,6.0,,2.0,1.0,1.0,4.0,4.0,,2.0,,,,,,,,,,,,,1.0,3.0,,,-0.13,1.0,,,,,,,1.0,,,,,,,,,,,,
14348668,2025-08-20,"UEFA Champions League, Playoff Round",UEFA Champions League 25/26,636.0,Away,Fenerbahçe,993101,Samuel Dahl,D,26,True,34.0,28.0,3.0,2.0,0.0,10.0,15.0,18.0,19.0,,2.0,1.0,3.0,,,,,,,90.0,52.0,6.7,12.0,,,,,,,"{'original': 6.7, 'alternative': 6.7}",0,,0.05,-0.39,-0.03,,"{'sportSlug': 'football', 'statisticsType': 'player'}",3.0,,3.0,1.0,,,,1.0,,2.0,1.0,,,,,,,,,,,,,,1.0,,,,1.0,,,,,,,,,,,,,,,,,,,
14348668,2025-08-20,"UEFA Champions League, Playoff Round",UEFA Champions League 25/26,636.0,Away,Fenerbahçe,795236,Vangelis Pavlidis,F,14,True,26.0,20.0,1.0,1.0,0.0,5.0,6.0,15.0,20.0,3.0,5.0,,1.0,,,,,,,77.0,36.0,6.1,14.0,,,,,,,"{'original': 6.1, 'alternative': 6.5}",0,,-0.5,0.04,0.14,,"{'sportSlug': 'football', 'statisticsType': 'player'}",,,8.0,,6.0,,,,,3.0,1.0,,,,,,1.0,,,,3.0,,,,,,,,,,,,1.0,,,,,,,,,,,,,,,
14348668,2025-08-20,"UEFA Champions League, Playoff Round",UEFA Champions League 25/26,636.0,Away,Fenerbahçe,1100952,Andreas Schjelderup,M,21,False,,,,,,,,,,,,,,,,,,,,,,,,,,,,,,,0,,,,,,"{'sportSlug': 'football', 'statisticsType': 'player'}",,,,,,,,,,,,,,,,,,,,,,,,,,,,,,,,,,,,,,,,,,,,,,,,
14348668,2025-08-20,"UEFA Champions League, Playoff Round",UEFA Champions League 25/26,636.0,Away,Fenerbahçe,1146008,Diogo Prioste,M,86,False,,,,,,,,,,,,,,,,,,,,,,,,,,,,,,,0,,,,,,"{'sportSlug': 'football', 'statisticsType': 'player'}",,,,,,,,,,,,,,,,,,,,,,,,,,,,,,,,,,,,,,,,,,,,,,,,
14348668,2025-08-20,"UEFA Champions League, Playoff Round",UEFA Champions League 25/26,636.0,Away,Fenerbahçe,1103333,Franjo Ivanović,F,9,False,7.0,4.0,1.0,,0.0,1.0,3.0,3.0,4.0,1.0,5.0,,2.0,,,,,,,26.0,15.0,6.4,6.0,,,,,,,"{'original': 6.4, 'alternative': 6.5}",1,,-0.09,0.04,-0.01,,"{'sportSlug': 'football', 'statisticsType': 'player'}",,,6.0,2.0,2.0,,,3.0,1.0,,,,,,,,,,,,2.0,,1.0,,1.0,,,-0.33,,,,,1.0,,,,,,,,,,,,,,,
14348668,2025-08-20,"UEFA Champions League, Playoff Round",UEFA Champions League 25/26,636.0,Away,Fenerbahçe,1201395,Gianluca Prestianni,M,25,False,,,,,,,,,,,,,,,,,,,,,,,,,,,,,,,0,,,,,,"{'sportSlug': 'football', 'statisticsType': 'player'}",,,,,,,,,,,,,,,,,,,,,,,,,,,,,,,,,,,,,,,,,,,,,,,,
14348668,2025-08-20,"UEFA Champions League, Playoff Round",UEFA Champions League 25/26,636.0,Away,Fenerbahçe,1432417,Gonçalo Oliveira,D,64,False,,,,,,,,,,,,,,,,,,,,,,,,,,,,,,,0,,,,,,"{'sportSlug': 'football', 'statisticsType': 'player'}",,,,,,,,,,,,,,,,,,,,,,,,,,,,,,,,,,,,,,,,,,,,,,,,
14348668,2025-08-20,"UEFA Champions League, Playoff Round",UEFA Champions League 25/26,636.0,Away,Fenerbahçe,998870,Henrique Araújo,F,39,False,,,,,,,,,,,,,,,,,,,,,,,,,,,,,,,0,,,,,,"{'sportSlug': 'football', 'statisticsType': 'player'}",,,,,,,,,,,,,,,,,,,,,,,,,,,,,,,,,,,,,,,,,,,,,,,,
14348668,2025-08-20,"UEFA Champions League, Playoff Round",UEFA Champions League 25/26,636.0,Away,Fenerbahçe,1215905,João Veloso,M,68,False,,,,,,,,,,,,,,,,,,,,,,,,,,,,,,,0,,,,,,"{'sportSlug': 'football', 'statisticsType': 'player'}",,,,,,,,,,,,,,,,,,,,,,,,,,,,,,,,,,,,,,,,,,,,,,,,
14348668,2025-08-20,"UEFA Champions League, Playoff Round",UEFA Champions League 25/26,636.0,Away,Fenerbahçe,906800,Leandro Barreiro,M,18,False,4.0,2.0,,,0.0,2.0,3.0,,1.0,,3.0,2.0,,,,,,,,13.0,13.0,6.9,3.0,,,,,,,"{'original': 6.9, 'alternative': 6.9}",0,,0.0,0.0,0.26,,"{'sportSlug': 'football', 'statisticsType': 'player'}",,,,,,1.0,,1.0,1.0,1.0,2.0,,,,,,,,,,,,,,,,,,,,,,,,,,,,,,,,,,,,,
14348668,2025-08-20,"UEFA Champions League, Playoff Round",UEFA Champions League 25/26,636.0,Away,Fenerbahçe,1489200,Leandro Santos,D,71,False,,,,,,,,,,,,,,,,,,,,,,,,,,,,,,,0,,,,,,"{'sportSlug': 'football', 'statisticsType': 'player'}",,,,,,,,,,,,,,,,,,,,,,,,,,,,,,,,,,,,,,,,,,,,,,,,
14348668,2025-08-20,"UEFA Champions League, Playoff Round",UEFA Champions League 25/26,636.0,Away,Fenerbahçe,1142692,Rafael Obrador,M,3,False,,,,,,,,,,,,,,,,,,,,,,,,,,,,,,,0,,,,,,"{'sportSlug': 'football', 'statisticsType': 'player'}",,,,,,,,,,,,,,,,,,,,,,,,,,,,,,,,,,,,,,,,,,,,,,,,
14348668,2025-08-20,"UEFA Champions League, Playoff Round",UEFA Champions League 25/26,636.0,Away,Fenerbahçe,983550,Samuel Soares,G,24,False,,,,,,,,,,,,,,,,,,,,,,,,,,,,,,,0,,,,,,"{'sportSlug': 'football', 'statisticsType': 'player'}",,,,,,,,,,,,,,,,,,,,,,,,,,,,,,,,,,,,,,,,,,,,,,,,
14348668,2025-08-20,"UEFA Champions League, Playoff Round",UEFA Champions League 25/26,636.0,Away,Fenerbahçe,976410,Tiago Gouveia,F,47,False,1.0,,,,0.0,,,,1.0,,1.0,,,,,,,,,13.0,4.0,6.5,3.0,,,,,,,"{'original': 6.5, 'alternative': 6.5}",0,,0.01,-0.05,0.0,,"{'sportSlug': 'football', 'statisticsType': 'player'}",,,,,1.0,,,,,2.0,,,,,,,,,,,,,,,,,,,,,,,1.0,,,,,,,,,,,,,,,
14131880,2025-08-23,Liga Portugal Betclic,Liga Portugal 25/26,3.0,Home,Tondela,1102791,Amar Dedić,D,17,True,38.0,31.0,,,1.0,13.0,14.0,18.0,24.0,,6.0,1.0,3.0,,,,,,,68.0,59.0,8.2,12.0,0.718735,,,,,,"{'original': 8.2, 'alternative': 8.1}",0,,0.83,0.19,0.16,,"{'sportSlug': 'football', 'statisticsType': 'player'}",4.0,1.0,1.0,,7.0,,,,,,,,,,,,3.0,,,,,,,,,,,,,,2.0,,6.0,,,,,,,,,,,,,,,
14131880,2025-08-23,Liga Portugal Betclic,Liga Portugal 25/26,3.0,Home,Tondela,1100952,Andreas Schjelderup,M,21,True,21.0,19.0,,,1.0,2.0,2.0,17.0,19.0,,3.0,,,,,,,,,67.0,34.0,7.3,9.0,0.210051,,,,,,"{'original': 7.3, 'alternative': 7.3}",0,,0.37,0.29,-0.01,,"{'sportSlug': 'football', 'statisticsType': 'player'}",6.0,2.0,2.0,,1.0,,,2.0,2.0,2.0,1.0,,,,,,2.0,,,,,,,,,,,,1.0,,,,,,,,,,,,,,,,,,,
14131880,2025-08-23,Liga Portugal Betclic,Liga Portugal 25/26,3.0,Home,Tondela,1087316,Enzo Barrenechea,M,5,True,78.0,71.0,7.0,6.0,0.0,30.0,31.0,41.0,47.0,1.0,4.0,,5.0,,,,,,,83.0,86.0,7.5,8.0,0.0425943,,,,,,"{'original': 7.5, 'alternative': 7.3}",0,,0.33,0.16,-0.04,,"{'sportSlug': 'football', 'statisticsType': 'player'}",1.0,1.0,3.0,,,1.0,,,,1.0,3.0,,,,,,1.0,,,,,,,,2.0,,,,2.0,,,,,,,,,,,,,,,,,,,
14131880,2025-08-23,Liga Portugal Betclic,Liga Portugal 25/26,3.0,Home,Tondela,1103333,Franjo Ivanović,F,9,True,16.0,8.0,,,0.0,2.0,4.0,6.0,12.0,1.0,7.0,,,,,,,,,79.0,35.0,8.1,15.0,0.00948763,,,,,,"{'original': 8.1, 'alternative': 7.7}",3,,-0.16,0.28,-0.08,,"{'sportSlug': 'football', 'statisticsType': 'player'}",1.0,,5.0,1.0,5.0,,,1.0,,3.0,2.0,,,,,,,,,,1.0,,,3.0,,0.6978,1.1256,0.58,1.0,1.0,,,3.0,,,,,,,,,,,,,,,
14131880,2025-08-23,Liga Portugal Betclic,Liga Portugal 25/26,3.0,Home,Tondela,228364,Fredrik Aursnes,M,8,True,50.0,43.0,3.0,2.0,0.0,17.0,19.0,26.0,31.0,,1.0,1.0,4.0,,,,,,,90.0,65.0,8.7,11.0,0.211728,,,,,,"{'original': 8.7, 'alternative': 8.4}",2,,0.69,0.15,0.18,,"{'sportSlug': 'football', 'statisticsType': 'player'}",3.0,,1.0,,,,2.0,1.0,1.0,,,,,,,,3.0,,,,,,,1.0,1.0,0.1999,0.2996,0.5,,1.0,1.0,,,,,1.0,,,,,,,,,,,,
14131880,2025-08-23,Liga Portugal Betclic,Liga Portugal 25/26,3.0,Home,Tondela,74915,Nicolás Otamendi,D,30,True,70.0,68.0,4.0,2.0,0.0,51.0,52.0,17.0,18.0,4.0,7.0,10.0,2.0,,,,,,,90.0,94.0,7.5,4.0,0.0245106,,,,,,"{'original': 7.5, 'alternative': 8}",1,,0.28,0.14,0.22,,"{'sportSlug': 'football', 'statisticsType': 'player'}",,,5.0,,,1.0,3.0,2.0,1.0,2.0,1.0,,,,,,,,,,2.0,,,1.0,3.0,0.0223,,-0.07,,,,,,,,,1.0,,,,,,,,,,,
14131880,2025-08-23,Liga Portugal Betclic,Liga Portugal 25/26,3.0,Home,Tondela,1142692,Rafael Obrador,M,3,True,26.0,23.0,,,0.0,11.0,12.0,12.0,14.0,,3.0,,2.0,,,,,,,68.0,46.0,6.8,11.0,0.337122,,,,,,"{'original': 6.8, 'alternative': 7.5}",0,,0.37,0.05,-0.24,,"{'sportSlug': 'football', 'statisticsType': 'player'}",8.0,4.0,3.0,1.0,3.0,,2.0,,,3.0,,,,,,,3.0,,,,,,,,1.0,,,,1.0,,1.0,,3.0,,,,,,,,,,,,,,,
14131880,2025-08-23,Liga Portugal Betclic,Liga Portugal 25/26,3.0,Home,Tondela,1015292,Richard Ríos,M,20,True,72.0,66.0,5.0,2.0,0.0,36.0,36.0,30.0,36.0,2.0,12.0,2.0,4.0,,,,,,,90.0,95.0,7.5,10.0,0.10661,,,,,,"{'original': 7.5, 'alternative': 7.8}",5,,0.31,0.5,0.13,,"{'sportSlug': 'football', 'statisticsType': 'player'}",1.0,,5.0,2.0,4.0,,1.0,5.0,3.0,1.0,1.0,,,,,,1.0,,,,,1.0,2.0,2.0,2.0,0.3315,0.2781,-0.62,1.0,,,,4.0,,,1.0,,,,,,,,,,,,
14131880,2025-08-23,Liga Portugal Betclic,Liga Portugal 25/26,3.0,Home,Tondela,983550,Samuel Soares,G,24,True,22.0,16.0,8.0,2.0,0.0,16.0,18.0,,4.0,,,,10.0,3.0,,4.0,,1.0,1.0,90.0,33.0,7.4,6.0,3.611e-05,,,,,0.8628,"{'original': 7.4, 'alternative': 7.6}",0,0.9463,0.0,0.03,0.27,0.63,"{'sportSlug': 'football', 'statisticsType': 'player'}",,,,,,,,,,,,,,,,,,,,,,,,,,,,,,,,,,,,,,,,,,,,,,,,
14131880,2025-08-23,Liga Portugal Betclic,Liga Portugal 25/26,3.0,Home,Tondela,983542,Tomás Araújo,D,44,True,72.0,67.0,10.0,8.0,0.0,42.0,44.0,25.0,28.0,4.0,4.0,2.0,1.0,,,,,,,90.0,79.0,7.5,5.0,0.0210365,,,,,,"{'original': 7.5, 'alternative': 7.3}",0,,0.33,0.23,0.15,,"{'sportSlug': 'football', 'statisticsType': 'player'}",,,6.0,,,,3.0,,,,,,,,,,,,,,5.0,,,,,,,,1.0,,,,,,,,,,,,,,,,,,,
14131880,2025-08-23,Liga Portugal Betclic,Liga Portugal 25/26,3.0,Home,Tondela,795236,Vangelis Pavlidis,F,14,True,28.0,20.0,1.0,1.0,0.0,4.0,4.0,16.0,24.0,1.0,2.0,1.0,3.0,,,,,,,90.0,42.0,5.7,11.0,0.339084,,,,,,"{'original': 5.7, 'alternative': 6.8}",6,,0.26,0.25,0.14,,"{'sportSlug': 'football', 'statisticsType': 'player'}",,,4.0,1.0,,,,,,1.0,1.0,,,,,,3.0,,,,3.0,3.0,2.0,3.0,,1.1041,0.3088,-0.95,,,,,,,1.0,1.0,,,,,1.0,,,,,,,
14131880,2025-08-23,Liga Portugal Betclic,Liga Portugal 25/26,3.0,Home,Tondela,966616,Anatoliy Trubin,G,1,False,,,,,,,,,,,,,,,,,,,,,,,,,,,,,,,0,,,,,,"{'sportSlug': 'football', 'statisticsType': 'player'}",,,,,,,,,,,,,,,,,,,,,,,,,,,,,,,,,,,,,,,,,,,,,,,,
14131880,2025-08-23,Liga Portugal Betclic,Liga Portugal 25/26,3.0,Home,Tondela,1006069,António Silva,D,4,False,,,,,,,,,,,,,,,,,,,,,,,,,,,,,,,0,,,,,,"{'sportSlug': 'football', 'statisticsType': 'player'}",,,,,,,,,,,,,,,,,,,,,,,,,,,,,,,,,,,,,,,,,,,,,,,,
14131880,2025-08-23,Liga Portugal Betclic,Liga Portugal 25/26,3.0,Home,Tondela,855845,Florentino Luís,M,61,False,7.0,6.0,2.0,2.0,0.0,5.0,6.0,1.0,1.0,,1.0,,1.0,,,,,,,8.0,10.0,6.7,2.0,0.00349882,,,,,,"{'original': 6.7, 'alternative': 6.5}",0,,0.15,0.02,-0.01,,"{'sportSlug': 'football', 'statisticsType': 'player'}",,,2.0,,,,,1.0,,1.0,,,,,,,,,,,1.0,,,,1.0,,,,,,,,,,,,,,,,,,,,,,,
14131880,2025-08-23,Liga Portugal Betclic,Liga Portugal 25/26,3.0,Home,Tondela,1201395,Gianluca Prestianni,M,25,False,19.0,13.0,1.0,,0.0,4.0,6.0,9.0,13.0,,2.0,,3.0,,,,,,,22.0,28.0,7.9,8.0,0.0411923,,,,,,"{'original': 7.9, 'alternative': 7.5}",3,,0.21,0.47,-0.04,,"{'sportSlug': 'football', 'statisticsType': 'player'}",1.0,,3.0,,3.0,,,,,,,,,,,,,,,,1.0,,1.0,1.0,,0.5001,0.8568,0.47,1.0,1.0,,,2.0,,,1.0,,,,,,,,,,,,
14131880,2025-08-23,Liga Portugal Betclic,Liga Portugal 25/26,3.0,Home,Tondela,998870,Henrique Araújo,F,39,False,,,,,,,,,,,,,,,,,,,,,,,,,,,,,,,0,,,,,,"{'sportSlug': 'football', 'statisticsType': 'player'}",,,,,,,,,,,,,,,,,,,,,,,,,,,,,,,,,,,,,,,,,,,,,,,,
14131880,2025-08-23,Liga Portugal Betclic,Liga Portugal 25/26,3.0,Home,Tondela,903324,Kerem Aktürkoğlu,F,7,False,7.0,6.0,,,0.0,1.0,2.0,5.0,5.0,,1.0,,1.0,,,,,,,23.0,14.0,6.7,5.0,0.0789651,,,,,,"{'original': 6.7, 'alternative': 6.9}",1,,0.31,0.02,-0.01,,"{'sportSlug': 'football', 'statisticsType': 'player'}",3.0,1.0,,,,,,,,2.0,1.0,,,,,,1.0,,,,,,,1.0,,0.1027,0.1054,-0.39,,,,,,,,,,,,,,,,,,,,
14131880,2025-08-23,Liga Portugal Betclic,Liga Portugal 25/26,3.0,Home,Tondela,906800,Leandro Barreiro,M,18,False,2.0,2.0,,,0.0,1.0,1.0,1.0,1.0,,2.0,,,,,,,,,11.0,5.0,6.7,,0.00098908,,,,,,"{'original': 6.7, 'alternative': 6.6}",0,,0.01,-0.05,0.13,,"{'sportSlug': 'football', 'statisticsType': 'player'}",,,,,,,,1.0,,,1.0,,,,,,,,,,,,,,,,,,,,,,,,,,,,,,,,,,,,,
14131880,2025-08-23,Liga Portugal Betclic,Liga Portugal 25/26,3.0,Home,Tondela,993101,Samuel Dahl,D,26,False,19.0,18.0,,,0.0,11.0,11.0,7.0,8.0,,1.0,,5.0,,,,,,,22.0,22.0,7.2,2.0,0.159321,,,,,,"{'original': 7.2, 'alternative': 6.8}",0,,0.38,0.07,0.15,,"{'sportSlug': 'football', 'statisticsType': 'player'}",1.0,,,,1.0,,,,,,,,,,,,1.0,,,,,,,,,,,,,,,,1.0,,,,,,,,,,,,,,,
14131880,2025-08-23,Liga Portugal Betclic,Liga Portugal 25/26,3.0,Home,Tondela,976410,Tiago Gouveia,F,47,False,,,,,,,,,,,,,,,,,,,,,,,,,,,,,,,0,,,,,,"{'sportSlug': 'football', 'statisticsType': 'player'}",,,,,,,,,,,,,,,,,,,,,,,,,,,,,,,,,,,,,,,,,,,,,,,,
14348673,2025-08-27,"UEFA Champions League, Playoff Round",UEFA Champions League 25/26,636.0,Home,Fenerbahçe,1102791,Amar Dedić,D,17,True,44.0,41.0,2.0,1.0,0.0,17.0,18.0,24.0,26.0,,6.0,,5.0,,,,,,,90.0,69.0,7.4,11.0,,,,,,,"{'original': 7.4, 'alternative': 7.4}",0,,0.19,0.26,0.15,,"{'sportSlug': 'football', 'statisticsType': 'player'}",1.0,,3.0,,3.0,,,1.0,1.0,3.0,3.0,,,,,,2.0,,,,1.0,,,,,,,,1.0,,,,2.0,,,,,,,,,,,,,,,
14348673,2025-08-27,"UEFA Champions League, Playoff Round",UEFA Champions League 25/26,636.0,Home,Fenerbahçe,966616,Anatoliy Trubin,G,1,True,28.0,13.0,19.0,4.0,0.0,9.0,9.0,4.0,19.0,,,,4.0,,,,,,,90.0,30.0,6.4,15.0,,,,,,,"{'original': 6.4, 'alternative': 6.6}",0,,0.08,0.0,-0.02,,"{'sportSlug': 'football', 'statisticsType': 'player'}",,,,,,,,,,,,,,,,,,,,,,,,,,,,,,,,,,,,,,,,1.0,,,,,,,,
14348673,2025-08-27,"UEFA Champions League, Playoff Round",UEFA Champions League 25/26,636.0,Home,Fenerbahçe,1006069,António Silva,D,4,True,54.0,47.0,9.0,7.0,0.0,31.0,34.0,16.0,20.0,1.0,4.0,4.0,2.0,,,,,,,90.0,69.0,7.8,8.0,,,,,,,"{'original': 7.8, 'alternative': 7.5}",1,,0.18,0.07,0.27,,"{'sportSlug': 'football', 'statisticsType': 'player'}",,,4.0,,,1.0,4.0,2.0,,,1.0,,,,,,,,,,2.0,1.0,,1.0,2.0,,,0.32,,,,,,,,,,,,,,,,,,,,
14348673,2025-08-27,"UEFA Champions League, Playoff Round",UEFA Champions League 25/26,636.0,Home,Fenerbahçe,1087316,Enzo Barrenechea,M,5,True,55.0,49.0,3.0,3.0,0.0,32.0,32.0,17.0,23.0,1.0,4.0,1.0,1.0,,,,,,,90.0,68.0,7.0,9.0,,,,,,,"{'original': 7, 'alternative': 6.9}",0,,0.16,0.0,-0.02,,"{'sportSlug': 'football', 'statisticsType': 'player'}",2.0,1.0,4.0,,1.0,,2.0,,,1.0,3.0,,,,,,,,,,1.0,,,,1.0,,,,2.0,,,,1.0,,,,,,,,,,,,,,,
14348673,2025-08-27,"UEFA Champions League, Playoff Round",UEFA Champions League 25/26,636.0,Home,Fenerbahçe,228364,Fredrik Aursnes,M,8,True,43.0,36.0,1.0,1.0,0.0,12.0,14.0,24.0,29.0,1.0,5.0,,6.0,,,,,,,90.0,59.0,6.6,15.0,,,,,,,"{'original': 6.6, 'alternative': 6.5}",1,,0.27,0.03,-0.12,,"{'sportSlug': 'football', 'statisticsType': 'player'}",,,11.0,1.0,3.0,,1.0,4.0,2.0,3.0,,,,,,,,,,,4.0,,,,,,,-0.06,3.0,,,,,,,1.0,,,,,,,,,,,,
14348673,2025-08-27,"UEFA Champions League, Playoff Round",UEFA Champions League 25/26,636.0,Home,Fenerbahçe,903324,Kerem Aktürkoğlu,F,7,True,15.0,8.0,,,0.0,,1.0,8.0,14.0,,3.0,,3.0,,,,,,,76.0,35.0,7.7,15.0,,,,,,,"{'original': 7.7, 'alternative': 7.8}",4,,0.16,0.28,-0.06,,"{'sportSlug': 'football', 'statisticsType': 'player'}",5.0,3.0,4.0,,3.0,,,,,4.0,2.0,,,,,,3.0,,,,,,1.0,1.0,1.0,,,0.5,1.0,1.0,,,1.0,,,2.0,,,,,,,,,,,,
14348673,2025-08-27,"UEFA Champions League, Playoff Round",UEFA Champions League 25/26,636.0,Home,Fenerbahçe,906800,Leandro Barreiro,M,18,True,22.0,20.0,,,1.0,5.0,5.0,15.0,17.0,,4.0,,1.0,,,,,,,90.0,35.0,6.2,6.0,,,,,,,"{'original': 6.2, 'alternative': 6.5}",2,,0.35,0.22,0.15,,"{'sportSlug': 'football', 'statisticsType': 'player'}",,,9.0,3.0,1.0,,,,,1.0,3.0,,,,,,1.0,,,,2.0,2.0,1.0,1.0,5.0,,,-0.82,,,1.0,,1.0,,1.0,,,,,,,,,,,,,
14348673,2025-08-27,"UEFA Champions League, Playoff Round",UEFA Champions League 25/26,636.0,Home,Fenerbahçe,74915,Nicolás Otamendi,D,30,True,44.0,33.0,8.0,5.0,0.0,19.0,23.0,14.0,21.0,7.0,7.0,4.0,4.0,,,,,,,90.0,57.0,7.4,12.0,,,,,,,"{'original': 7.4, 'alternative': 7.7}",3,,0.07,0.15,0.21,,"{'sportSlug': 'football', 'statisticsType': 'player'}",,,,,,,2.0,,,,,,,,,,,,,,,,3.0,,,,,-0.52,,,,,,,,,,,,,,,,,,,,
14348673,2025-08-27,"UEFA Champions League, Playoff Round",UEFA Champions League 25/26,636.0,Home,Fenerbahçe,1015292,Richard Ríos,M,20,True,53.0,43.0,7.0,3.0,0.0,22.0,23.0,21.0,30.0,4.0,7.0,,6.0,,,,,,,90.0,67.0,7.4,16.0,,,,,,,"{'original': 7.4, 'alternative': 7}",2,,0.36,0.09,-0.03,,"{'sportSlug': 'football', 'statisticsType': 'player'}",2.0,,4.0,2.0,,,,,,2.0,4.0,,,,,,,,,,1.0,,1.0,,,,,-0.02,1.0,,,,,,,1.0,,,,,,,,,,,,
14348673,2025-08-27,"UEFA Champions League, Playoff Round",UEFA Champions League 25/26,636.0,Home,Fenerbahçe,993101,Samuel Dahl,D,26,True,32.0,27.0,4.0,,0.0,6.0,7.0,21.0,25.0,,1.0,,2.0,,,,,,,90.0,51.0,7.5,10.0,,,,,,,"{'original': 7.5, 'alternative': 7.3}",0,,0.84,0.07,0.16,,"{'sportSlug': 'football', 'statisticsType': 'player'}",2.0,2.0,5.0,2.0,,,,1.0,,2.0,,,,,,,3.0,,,,3.0,,,,,,,,,,2.0,,,,,,,,,,,,,,,,,
14348673,2025-08-27,"UEFA Champions League, Playoff Round",UEFA Champions League 25/26,636.0,Home,Fenerbahçe,795236,Vangelis Pavlidis,F,14,True,19.0,14.0,,,0.0,5.0,7.0,9.0,12.0,6.0,7.0,,3.0,,,,,,,76.0,40.0,6.6,14.0,,,,,,,"{'original': 6.6, 'alternative': 6.6}",1,,0.32,0.2,-0.03,,"{'sportSlug': 'football', 'statisticsType': 'player'}",,,15.0,3.0,5.0,1.0,,,,1.0,1.0,,,,,,2.0,,,,6.0,,,,,,,-0.18,1.0,,1.0,,,,2.0,1.0,,,,,,,,,,,,
14348673,2025-08-27,"UEFA Champions League, Playoff Round",UEFA Champions League 25/26,636.0,Home,Fenerbahçe,1100952,Andreas Schjelderup,M,21,False,6.0,5.0,,,0.0,,,5.0,6.0,,2.0,,1.0,,,,,,,14.0,11.0,6.8,3.0,,,,,,,"{'original': 6.8, 'alternative': 6.7}",0,,0.17,0.12,0.13,,"{'sportSlug': 'football', 'statisticsType': 'player'}",1.0,,1.0,,2.0,,,,,,1.0,,,,,,,,,,,,,,,,,,,,,,1.0,,,,,,,,,,,,,,,
14348673,2025-08-27,"UEFA Champions League, Playoff Round",UEFA Champions League 25/26,636.0,Home,Fenerbahçe,1146008,Diogo Prioste,M,86,False,,,,,,,,,,,,,,,,,,,,,,,,,,,,,,,0,,,,,,"{'sportSlug': 'football', 'statisticsType': 'player'}",,,,,,,,,,,,,,,,,,,,,,,,,,,,,,,,,,,,,,,,,,,,,,,,
14348673,2025-08-27,"UEFA Champions League, Playoff Round",UEFA Champions League 25/26,636.0,Home,Fenerbahçe,1103333,Franjo Ivanović,F,9,False,9.0,8.0,,,0.0,2.0,2.0,6.0,7.0,2.0,6.0,,1.0,,,,,,,14.0,18.0,6.6,4.0,,,,,,,"{'original': 6.6, 'alternative': 6.8}",1,,0.01,-0.04,0.0,,"{'sportSlug': 'football', 'statisticsType': 'player'}",,,6.0,2.0,2.0,,,,,1.0,2.0,,,,,,,,,,2.0,,,,2.0,,,0.0,,,,,2.0,,1.0,1.0,,,,,,,,,,,,
14348673,2025-08-27,"UEFA Champions League, Playoff Round",UEFA Champions League 25/26,636.0,Home,Fenerbahçe,1201395,Gianluca Prestianni,M,25,False,,,,,,,,,,,,,,,,,,,,,,,,,,,,,,,0,,,,,,"{'sportSlug': 'football', 'statisticsType': 'player'}",,,,,,,,,,,,,,,,,,,,,,,,,,,,,,,,,,,,,,,,,,,,,,,,
14348673,2025-08-27,"UEFA Champions League, Playoff Round",UEFA Champions League 25/26,636.0,Home,Fenerbahçe,1432417,Gonçalo Oliveira,D,64,False,,,,,,,,,,,,,,,,,,,,,,,,,,,,,,,0,,,,,,"{'sportSlug': 'football', 'statisticsType': 'player'}",,,,,,,,,,,,,,,,,,,,,,,,,,,,,,,,,,,,,,,,,,,,,,,,
14348673,2025-08-27,"UEFA Champions League, Playoff Round",UEFA Champions League 25/26,636.0,Home,Fenerbahçe,998870,Henrique Araújo,F,39,False,,,,,,,,,,,,,,,,,,,,,,,,,,,,,,,0,,,,,,"{'sportSlug': 'football', 'statisticsType': 'player'}",,,,,,,,,,,,,,,,,,,,,,,,,,,,,,,,,,,,,,,,,,,,,,,,
14348673,2025-08-27,"UEFA Champions League, Playoff Round",UEFA Champions League 25/26,636.0,Home,Fenerbahçe,1215905,João Veloso,M,68,False,,,,,,,,,,,,,,,,,,,,,,,,,,,,,,,0,,,,,,"{'sportSlug': 'football', 'statisticsType': 'player'}",,,,,,,,,,,,,,,,,,,,,,,,,,,,,,,,,,,,,,,,,,,,,,,,
14348673,2025-08-27,"UEFA Champions League, Playoff Round",UEFA Champions League 25/26,636.0,Home,Fenerbahçe,1489200,Leandro Santos,D,71,False,,,,,,,,,,,,,,,,,,,,,,,,,,,,,,,0,,,,,,"{'sportSlug': 'football', 'statisticsType': 'player'}",,,,,,,,,,,,,,,,,,,,,,,,,,,,,,,,,,,,,,,,,,,,,,,,
14348673,2025-08-27,"UEFA Champions League, Playoff Round",UEFA Champions League 25/26,636.0,Home,Fenerbahçe,1142692,Rafael Obrador,M,3,False,,,,,,,,,,,,,,,,,,,,,,,,,,,,,,,0,,,,,,"{'sportSlug': 'football', 'statisticsType': 'player'}",,,,,,,,,,,,,,,,,,,,,,,,,,,,,,,,,,,,,,,,,,,,,,,,
14348673,2025-08-27,"UEFA Champions League, Playoff Round",UEFA Champions League 25/26,636.0,Home,Fenerbahçe,983550,Samuel Soares,G,24,False,,,,,,,,,,,,,,,,,,,,,,,,,,,,,,,0,,,,,,"{'sportSlug': 'football', 'statisticsType': 'player'}",,,,,,,,,,,,,,,,,,,,,,,,,,,,,,,,,,,,,,,,,,,,,,,,
14348673,2025-08-27,"UEFA Champions League, Playoff Round",UEFA Champions League 25/26,636.0,Home,Fenerbahçe,976410,Tiago Gouveia,F,47,False,,,,,,,,,,,,,,,,,,,,,,,,,,,,,,,0,,,,,,"{'sportSlug': 'football', 'statisticsType': 'player'}",,,,,,,,,,,,,,,,,,,,,,,,,,,,,,,,,,,,,,,,,,,,,,,,
14348673,2025-08-27,"UEFA Champions League, Playoff Round",UEFA Champions League 25/26,636.0,Home,Fenerbahçe,983542,Tomás Araújo,D,44,False,,,,,,,,,,,,,,,,,,,,,,,,,,,,,,,0,,,,,,"{'sportSlug': 'football', 'statisticsType': 'player'}",,,,,,,,,,,,,,,,,,,,,,,,,,,,,,,,,,,,,,,,,,,,,,,,
14131888,2025-08-31,Liga Portugal Betclic,Liga Portugal 25/26,4.0,Away,FC Alverca,1102791,Amar Dedić,D,17,True,60.0,54.0,,,0.0,13.0,13.0,41.0,47.0,,5.0,,2.0,,,,,,,70.0,78.0,7.4,11.0,0.0565616,,,,,,"{'original': 7.4, 'alternative': 7.4}",1,,-0.34,0.41,-0.05,,"{'sportSlug': 'football', 'statisticsType': 'player'}",2.0,,5.0,1.0,2.0,,1.0,1.0,1.0,2.0,2.0,31.87,7.5,15.0,,,,0.97,0.42,0.19,,,,1.0,3.0,0.0992,0.608,0.51,1.0,1.0,,,2.0,,,,,,,,,,,,,,,
14131888,2025-08-31,Liga Portugal Betclic,Liga Portugal 25/26,4.0,Away,FC Alverca,1100952,Andreas Schjelderup,M,21,True,24.0,21.0,,,0.0,3.0,3.0,18.0,21.0,,2.0,,5.0,,,,,,,65.0,36.0,7.8,8.0,0.0729323,,,,,,"{'original': 7.8, 'alternative': 8}",2,,-0.01,0.24,0.13,,"{'sportSlug': 'football', 'statisticsType': 'player'}",2.0,,3.0,1.0,3.0,,,,,1.0,,32.19,7.26,9.0,,,2.0,1.09,0.29,0.11,1.0,,1.0,1.0,,0.6528,0.6541,0.5,,1.0,,,2.0,,,,,,,,1.0,,,,,,,
14131888,2025-08-31,Liga Portugal Betclic,Liga Portugal 25/26,4.0,Away,FC Alverca,1087316,Enzo Barrenechea,M,5,True,91.0,86.0,10.0,8.0,0.0,32.0,33.0,54.0,58.0,1.0,3.0,3.0,5.0,,,,,,,90.0,98.0,7.3,5.0,0.0514301,,,,,,"{'original': 7.3, 'alternative': 7.4}",0,,0.34,0.26,-0.05,,"{'sportSlug': 'football', 'statisticsType': 'player'}",,,5.0,,,,1.0,,,,2.0,30.38,11.03,5.0,,,,2.21,0.54,0.04,1.0,,,,2.0,,,,2.0,,,,,,,,,,,,,,,,,,,
14131888,2025-08-31,Liga Portugal Betclic,Liga Portugal 25/26,4.0,Away,FC Alverca,1103333,Franjo Ivanović,F,9,True,13.0,10.0,,,0.0,2.0,3.0,8.0,10.0,,,,1.0,,,,,,,65.0,18.0,5.7,5.0,0.021012,,,,,,"{'original': 5.7, 'alternative': 6.7}",1,,-0.52,0.0,-0.03,,"{'sportSlug': 'football', 'statisticsType': 'player'}",,,4.0,1.0,,,,,,1.0,,33.52,7.44,17.0,,,,0.88,0.38,0.19,1.0,,,,3.0,0.2334,,-0.51,,,,,,,,1.0,,,,,,,,,,,,
14131888,2025-08-31,Liga Portugal Betclic,Liga Portugal 25/26,4.0,Away,FC Alverca,228364,Fredrik Aursnes,M,8,True,49.0,46.0,1.0,1.0,0.0,6.0,6.0,40.0,43.0,1.0,4.0,3.0,4.0,,,,,,,90.0,63.0,6.9,7.0,0.401844,,,,,,"{'original': 6.9, 'alternative': 7}",0,,0.39,0.08,-0.09,,"{'sportSlug': 'football', 'statisticsType': 'player'}",2.0,1.0,7.0,1.0,2.0,,,2.0,1.0,1.0,,32.29,10.42,15.0,,,1.0,1.61,0.66,0.17,1.0,,,,2.0,,,,2.0,,,,1.0,,,,,,,,,,,,,,,
14131888,2025-08-31,Liga Portugal Betclic,Liga Portugal 25/26,4.0,Away,FC Alverca,906800,Leandro Barreiro,M,18,True,18.0,17.0,,,1.0,3.0,4.0,14.0,14.0,,4.0,2.0,2.0,,,,,,,79.0,28.0,6.8,4.0,0.0176466,,,,,,"{'original': 6.8, 'alternative': 7.1}",0,,0.07,0.05,0.0,,"{'sportSlug': 'football', 'statisticsType': 'player'}",1.0,,3.0,,1.0,,,2.0,2.0,2.0,1.0,32.58,9.01,15.0,,,1.0,1.51,0.53,0.19,1.0,,,,1.0,,,,1.0,,,,1.0,,,,,,,,,,,,,,,
14131888,2025-08-31,Liga Portugal Betclic,Liga Portugal 25/26,4.0,Away,FC Alverca,74915,Nicolás Otamendi,D,30,True,46.0,44.0,6.0,4.0,0.0,24.0,24.0,20.0,22.0,2.0,6.0,9.0,2.0,,,,,,,90.0,62.0,7.1,2.0,0.00651275,,,,,,"{'original': 7.1, 'alternative': 7}",0,,0.12,0.12,-0.43,,"{'sportSlug': 'football', 'statisticsType': 'player'}",,,2.0,,1.0,,1.0,1.0,,,2.0,32.59,8.85,14.0,,,,0.85,0.35,0.24,,,,,1.0,,,,1.0,,,,1.0,1.0,,,,,,,,,,,,,,
14131888,2025-08-31,Liga Portugal Betclic,Liga Portugal 25/26,4.0,Away,FC Alverca,1015292,Richard Ríos,M,20,True,56.0,51.0,4.0,1.0,0.0,21.0,21.0,30.0,35.0,,2.0,,2.0,,,,,,,65.0,68.0,6.1,11.0,0.081692,,,,,,"{'original': 6.1, 'alternative': 6.3}",2,,-0.22,0.29,-0.14,,"{'sportSlug': 'football', 'statisticsType': 'player'}",3.0,1.0,7.0,4.0,,,,1.0,,,1.0,30.39,7.19,10.0,,,,1.08,0.36,0.13,,,1.0,,4.0,0.0492,,-0.25,,,,,,,,1.0,,,,,,,,,,,,
14131888,2025-08-31,Liga Portugal Betclic,Liga Portugal 25/26,4.0,Away,FC Alverca,993101,Samuel Dahl,D,26,True,53.0,45.0,2.0,,0.0,15.0,16.0,30.0,37.0,,5.0,2.0,4.0,,,,,,,90.0,71.0,6.4,11.0,0.0407427,,,,,,"{'original': 6.4, 'alternative': 7}",0,,-0.06,-0.23,-0.19,,"{'sportSlug': 'football', 'statisticsType': 'player'}",2.0,1.0,4.0,,1.0,,1.0,4.0,2.0,1.0,1.0,32.85,9.89,17.0,,,,1.29,0.52,0.22,1.0,,,,,,,,2.0,,,,,,,,,,,,,,,,,,,
14131888,2025-08-31,Liga Portugal Betclic,Liga Portugal 25/26,4.0,Away,FC Alverca,983550,Samuel Soares,G,24,True,15.0,11.0,9.0,5.0,0.0,8.0,8.0,3.0,7.0,1.0,2.0,,5.0,5.0,,6.0,,,,90.0,28.0,7.6,4.0,0.00099446,,,,,1.2225,"{'original': 7.6, 'alternative': 8.1}",0,1.1297,0.11,0.01,0.14,0.84,"{'sportSlug': 'football', 'statisticsType': 'player'}",,,,,1.0,,,,,,,,,,,,,,,,,,,,,,,,,,,,1.0,,,,,,,1.0,,,,,,,,
14131888,2025-08-31,Liga Portugal Betclic,Liga Portugal 25/26,4.0,Away,FC Alverca,983542,Tomás Araújo,D,44,True,54.0,46.0,7.0,1.0,0.0,26.0,27.0,20.0,27.0,2.0,4.0,5.0,4.0,,,,,,,90.0,66.0,7.1,8.0,0.0219929,,,,,,"{'original': 7.1, 'alternative': 7.2}",0,,0.26,0.24,0.29,,"{'sportSlug': 'football', 'statisticsType': 'player'}",,,2.0,,,1.0,3.0,2.0,2.0,,,33.43,8.99,14.0,,,,0.8,0.3,0.17,1.0,,,,,,,,1.0,,,,,,,,,,,,,,,,,,,
14131888,2025-08-31,Liga Portugal Betclic,Liga Portugal 25/26,4.0,Away,FC Alverca,966616,Anatoliy Trubin,G,1,False,,,,,,,,,,,,,,,,,,,,,,,,,,,,,,,0,,,,,,"{'sportSlug': 'football', 'statisticsType': 'player'}",,,,,,,,,,,,,,,,,,,,,,,,,,,,,,,,,,,,,,,,,,,,,,,,
14131888,2025-08-31,Liga Portugal Betclic,Liga Portugal 25/26,4.0,Away,FC Alverca,1006069,António Silva,D,4,False,,,,,0.0,,,,,,1.0,2.0,,,,,,,,11.0,3.0,6.4,,,,,,,,"{'original': 6.4, 'alternative': 6.4}",0,,,,-0.15,,"{'sportSlug': 'football', 'statisticsType': 'player'}",,,,,,,,,,,1.0,23.27,1.6,0.0,,,,0.12,0.02,0.0,,,,,,,,,,,,,,,,,,,,,,,,,,,,
14131888,2025-08-31,Liga Portugal Betclic,Liga Portugal 25/26,4.0,Away,FC Alverca,855845,Florentino Luís,M,61,False,4.0,3.0,,,0.0,3.0,4.0,,,,2.0,1.0,1.0,,,,,,,25.0,10.0,6.4,2.0,4.648e-05,,,,,,"{'original': 6.4, 'alternative': 6.5}",0,,-0.04,0.02,-0.1,,"{'sportSlug': 'football', 'statisticsType': 'player'}",,,2.0,,,,1.0,2.0,1.0,1.0,,28.72,3.32,4.0,,,,0.73,0.27,0.05,,,,,1.0,,,,1.0,,,,,,,,,,,,,,,,,,,
14131888,2025-08-31,Liga Portugal Betclic,Liga Portugal 25/26,4.0,Away,FC Alverca,1201395,Gianluca Prestianni,M,25,False,5.0,3.0,,,0.0,1.0,2.0,2.0,3.0,1.0,3.0,,1.0,,,,,,,25.0,13.0,6.7,5.0,0.00228716,,,,,,"{'original': 6.7, 'alternative': 6.6}",0,,-0.2,0.28,-0.05,,"{'sportSlug': 'football', 'statisticsType': 'player'}",,,2.0,,2.0,,,,,2.0,1.0,,,,,,,,,,,,,,,,,,1.0,,,,1.0,,,,,,,,,,,,,,,
14131888,2025-08-31,Liga Portugal Betclic,Liga Portugal 25/26,4.0,Away,FC Alverca,998870,Henrique Araújo,F,39,False,,,,,,,,,,,,,,,,,,,,,,,,,,,,,,,0,,,,,,"{'sportSlug': 'football', 'statisticsType': 'player'}",,,,,,,,,,,,,,,,,,,,,,,,,,,,,,,,,,,,,,,,,,,,,,,,
14131888,2025-08-31,Liga Portugal Betclic,Liga Portugal 25/26,4.0,Away,FC Alverca,1215905,João Veloso,M,68,False,,,,,,,,,,,,,,,,,,,,,,,,,,,,,,,0,,,,,,"{'sportSlug': 'football', 'statisticsType': 'player'}",,,,,,,,,,,,,,,,,,,,,,,,,,,,,,,,,,,,,,,,,,,,,,,,
14131888,2025-08-31,Liga Portugal Betclic,Liga Portugal 25/26,4.0,Away,FC Alverca,1489200,Leandro Santos,D,71,False,,,,,,,,,,,,,,,,,,,,,,,,,,,,,,,0,,,,,,"{'sportSlug': 'football', 'statisticsType': 'player'}",,,,,,,,,,,,,,,,,,,,,,,,,,,,,,,,,,,,,,,,,,,,,,,,
14131888,2025-08-31,Liga Portugal Betclic,Liga Portugal 25/26,4.0,Away,FC Alverca,1142692,Rafael Obrador,M,3,False,,,,,,,,,,,,,,,,,,,,,,,,,,,,,,,0,,,,,,"{'sportSlug': 'football', 'statisticsType': 'player'}",,,,,,,,,,,,,,,,,,,,,,,,,,,,,,,,,,,,,,,,,,,,,,,,
14131888,2025-08-31,Liga Portugal Betclic,Liga Portugal 25/26,4.0,Away,FC Alverca,795236,Vangelis Pavlidis,F,14,False,5.0,4.0,,,0.0,2.0,2.0,2.0,3.0,1.0,2.0,,1.0,,,,,,,25.0,7.0,6.6,2.0,0.00439583,,,,,,"{'original': 6.6, 'alternative': 6.6}",0,,-0.06,0.01,0.0,,"{'sportSlug': 'football', 'statisticsType': 'player'}",,,1.0,,,,,,,1.0,1.0,29.83,3.19,6.0,,,,0.55,0.25,0.06,,,,,1.0,,,,,,,,,,,,,,,,,,,,,,,
14131901,2025-09-12,Liga Portugal Betclic,Liga Portugal 25/26,5.0,Home,Santa Clara,966616,Anatoliy Trubin,G,1,True,8.0,8.0,1.0,1.0,0.0,7.0,7.0,1.0,1.0,,,,6.0,2.0,,5.0,,1.0,1.0,90.0,17.0,6.6,,0.0001245,,,,,0.5612,"{'original': 6.6, 'alternative': 7.6}",0,-0.0678,0.01,-0.01,-0.03,0.32,"{'sportSlug': 'football', 'statisticsType': 'player'}",,,,,,,,,,,,,,,,,,,,,,,,,,,,,,,,,,,,,,,,,,,,,,,,
14131901,2025-09-12,Liga Portugal Betclic,Liga Portugal 25/26,5.0,Home,Santa Clara,1100952,Andreas Schjelderup,M,21,True,46.0,36.0,2.0,,0.0,3.0,6.0,33.0,40.0,,,1.0,2.0,,,,,,,72.0,57.0,6.6,18.0,0.154764,,,,,,"{'original': 6.6, 'alternative': 6.9}",0,,0.1,0.32,-0.06,,"{'sportSlug': 'football', 'statisticsType': 'player'}",6.0,,2.0,,1.0,,,,,1.0,,30.8,6.99,5.0,,,3.0,0.76,0.17,0.05,,,,,,,,,1.0,,,,,,,,,,,,,,,,,,,
14131901,2025-09-12,Liga Portugal Betclic,Liga Portugal 25/26,5.0,Home,Santa Clara,1006069,António Silva,D,4,True,87.0,76.0,8.0,4.0,0.0,20.0,25.0,56.0,62.0,5.0,6.0,3.0,5.0,,,,,,,90.0,99.0,7.2,13.0,0.149116,,,,,,"{'original': 7.2, 'alternative': 7.5}",0,,0.35,0.41,-0.14,,"{'sportSlug': 'football', 'statisticsType': 'player'}",3.0,1.0,6.0,,,1.0,1.0,1.0,1.0,,,33.06,8.71,7.0,,,1.0,0.67,0.18,0.1,4.0,,,,1.0,,,,1.0,,,,,,,,,,,,,,,,,,,
14131901,2025-09-12,Liga Portugal Betclic,Liga Portugal 25/26,5.0,Home,Santa Clara,1087316,Enzo Barrenechea,M,5,True,151.0,143.0,16.0,14.0,0.0,28.0,29.0,115.0,122.0,1.0,3.0,,5.0,,,,,,,90.0,164.0,8.3,10.0,0.194788,,,,,,"{'original': 8.3, 'alternative': 7.9}",0,,0.71,0.52,-0.03,,"{'sportSlug': 'football', 'statisticsType': 'player'}",1.0,1.0,4.0,1.0,,1.0,,2.0,1.0,1.0,,28.76,9.28,5.0,,,,0.93,0.25,0.03,1.0,,,,1.0,,,,1.0,,,,,,,,,,,,,,,,,,,
14131901,2025-09-12,Liga Portugal Betclic,Liga Portugal 25/26,5.0,Home,Santa Clara,1103333,Franjo Ivanović,F,9,True,17.0,15.0,,,0.0,1.0,1.0,14.0,16.0,1.0,6.0,,4.0,,,,,,,72.0,41.0,6.3,10.0,0.0206317,,,,,,"{'original': 6.3, 'alternative': 7.2}",4,,-0.12,-0.04,0.13,,"{'sportSlug': 'football', 'statisticsType': 'player'}",,,6.0,,4.0,,1.0,2.0,1.0,5.0,1.0,29.23,6.62,7.0,,,1.0,0.57,0.2,0.08,4.0,1.0,2.0,2.0,,0.3816,0.3314,-0.58,,,,,2.0,,,,,,,,,,,,,,,
14131901,2025-09-12,Liga Portugal Betclic,Liga Portugal 25/26,5.0,Home,Santa Clara,228364,Fredrik Aursnes,M,8,True,69.0,62.0,5.0,4.0,0.0,14.0,15.0,48.0,54.0,1.0,6.0,,5.0,,,,,,,90.0,96.0,7.2,19.0,0.169771,,,,,,"{'original': 7.2, 'alternative': 7.6}",0,,0.37,-0.06,-0.06,,"{'sportSlug': 'football', 'statisticsType': 'player'}",9.0,2.0,3.0,,1.0,,,4.0,3.0,2.0,1.0,30.38,10.45,8.0,,,3.0,1.39,0.42,0.08,,,,,1.0,,,,1.0,,,,,,,,,,,,,,,,,,,
14131901,2025-09-12,Liga Portugal Betclic,Liga Portugal 25/26,5.0,Home,Santa Clara,74915,Nicolás Otamendi,D,30,True,97.0,86.0,6.0,2.0,0.0,28.0,29.0,58.0,68.0,10.0,13.0,4.0,4.0,,,,,,,90.0,114.0,6.7,13.0,0.0962191,,,,,,"{'original': 6.7, 'alternative': 7.1}",3,,0.35,0.3,-0.42,,"{'sportSlug': 'football', 'statisticsType': 'player'}",,,7.0,1.0,2.0,,,,,1.0,2.0,33.49,8.46,2.0,,,1.0,0.98,0.21,0.03,5.0,,2.0,1.0,,0.0818,0.0607,-0.21,1.0,,,,2.0,1.0,,,,,,,,,,,,,,
14131901,2025-09-12,Liga Portugal Betclic,Liga Portugal 25/26,5.0,Home,Santa Clara,1015292,Richard Ríos,M,20,True,60.0,54.0,4.0,2.0,0.0,9.0,10.0,45.0,50.0,3.0,7.0,,4.0,,,,,,,72.0,76.0,7.3,11.0,0.387239,,,,,,"{'original': 7.3, 'alternative': 7.7}",5,,0.41,0.34,0.17,,"{'sportSlug': 'football', 'statisticsType': 'player'}",3.0,,5.0,,,,,2.0,2.0,2.0,2.0,29.6,7.18,6.0,,,2.0,0.89,0.22,0.06,2.0,,1.0,2.0,3.0,0.1492,0.2017,-0.25,,,1.0,,,,,2.0,,,,,,,,,,,,
14131901,2025-09-12,Liga Portugal Betclic,Liga Portugal 25/26,5.0,Home,Santa Clara,993101,Samuel Dahl,D,26,True,70.0,66.0,1.0,1.0,0.0,15.0,16.0,51.0,54.0,,4.0,1.0,5.0,,,,,,,90.0,101.0,6.9,10.0,0.235176,,,,,,"{'original': 6.9, 'alternative': 7.6}",0,,0.51,-0.14,-0.15,,"{'sportSlug': 'football', 'statisticsType': 'player'}",6.0,3.0,5.0,,,,1.0,4.0,4.0,3.0,,29.38,9.96,10.0,,,3.0,1.16,0.37,0.09,3.0,,,,1.0,,,,1.0,,,,,,,,,,,,,,,,,,,
14131901,2025-09-12,Liga Portugal Betclic,Liga Portugal 25/26,5.0,Home,Santa Clara,983542,Tomás Araújo,D,44,True,37.0,34.0,,,0.0,8.0,8.0,26.0,29.0,1.0,3.0,2.0,1.0,,,,,,,45.0,45.0,6.9,4.0,0.109291,,,,,,"{'original': 6.9, 'alternative': 6.7}",0,,0.29,0.02,-0.08,,"{'sportSlug': 'football', 'statisticsType': 'player'}",3.0,2.0,,,,,,1.0,,,1.0,30.78,4.66,7.0,,,1.0,0.57,0.22,0.07,,,,,,,,,,,,,,,,,1.0,,,,,,,,,,,
14131901,2025-09-12,Liga Portugal Betclic,Liga Portugal 25/26,5.0,Home,Santa Clara,795236,Vangelis Pavlidis,F,14,True,17.0,12.0,,,0.0,2.0,4.0,10.0,13.0,2.0,3.0,,1.0,,,,,,,90.0,29.0,6.7,9.0,0.0521674,,,,,,"{'original': 6.7, 'alternative': 7.5}",5,,-0.26,0.26,-0.02,,"{'sportSlug': 'football', 'statisticsType': 'player'}",1.0,,3.0,2.0,,,,,,,1.0,30.4,9.2,8.0,,,,0.9,0.22,0.06,1.0,,1.0,2.0,1.0,0.9754,1.2005,0.31,,1.0,,,,,1.0,2.0,,,,,,,,,,,,
14131901,2025-09-12,Liga Portugal Betclic,Liga Portugal 25/26,5.0,Home,Santa Clara,1146008,Diogo Prioste,M,86,False,,,,,,,,,,,,,,,,,,,,,,,,,,,,,,,0,,,,,,"{'sportSlug': 'football', 'statisticsType': 'player'}",,,,,,,,,,,,,,,,,,,,,,,,,,,,,,,,,,,,,,,,,,,,,,,,
14131901,2025-09-12,Liga Portugal Betclic,Liga Portugal 25/26,5.0,Home,Santa Clara,1123925,Georgiy Sudakov,M,10,False,21.0,20.0,2.0,2.0,0.0,2.0,2.0,18.0,19.0,,1.0,,,,,,,,,18.0,25.0,6.8,4.0,0.140744,,,,,,"{'original': 6.8, 'alternative': 6.9}",0,,0.31,0.1,-0.05,,"{'sportSlug': 'football', 'statisticsType': 'player'}",2.0,,2.0,1.0,,,,1.0,1.0,,,28.52,2.42,2.0,,,,0.38,0.1,0.03,1.0,,,,,,,,,,,,,,,,,,,,,,,,,,,
14131901,2025-09-12,Liga Portugal Betclic,Liga Portugal 25/26,5.0,Home,Santa Clara,1201395,Gianluca Prestianni,M,25,False,27.0,24.0,1.0,1.0,0.0,1.0,1.0,23.0,26.0,,5.0,,,,,,,,,45.0,45.0,6.7,11.0,0.108891,,,,,,"{'original': 6.7, 'alternative': 7}",1,,-0.01,0.1,-0.01,,"{'sportSlug': 'football', 'statisticsType': 'player'}",6.0,2.0,4.0,,6.0,,,,,1.0,2.0,30.2,4.74,4.0,,,,0.58,0.19,0.05,1.0,,,,,0.0132,,-0.03,,,,,3.0,,,1.0,,,,,,,,,,,,
14131901,2025-09-12,Liga Portugal Betclic,Liga Portugal 25/26,5.0,Home,Santa Clara,1432417,Gonçalo Oliveira,D,64,False,,,,,,,,,,,,,,,,,,,,,,,,,,,,,,,0,,,,,,"{'sportSlug': 'football', 'statisticsType': 'player'}",,,,,,,,,,,,,,,,,,,,,,,,,,,,,,,,,,,,,,,,,,,,,,,,
14131901,2025-09-12,Liga Portugal Betclic,Liga Portugal 25/26,5.0,Home,Santa Clara,998870,Henrique Araújo,F,39,False,2.0,2.0,,,0.0,2.0,2.0,,,,1.0,,1.0,,,,,,,18.0,4.0,6.5,1.0,4.055e-05,,,,,,"{'original': 6.5, 'alternative': 6.6}",0,,0.01,,0.0,,"{'sportSlug': 'football', 'statisticsType': 'player'}",,,,,,,,,,1.0,1.0,31.34,2.27,3.0,,,,0.24,0.05,0.05,,,,,,,,,,,,,,,,,,,,,,,,,,,,
14131901,2025-09-12,Liga Portugal Betclic,Liga Portugal 25/26,5.0,Home,Santa Clara,906800,Leandro Barreiro,M,18,False,18.0,15.0,,,0.0,4.0,6.0,11.0,12.0,1.0,2.0,,1.0,,,,,,,18.0,23.0,6.8,4.0,0.110632,,,,,,"{'original': 6.8, 'alternative': 6.9}",1,,0.24,0.29,-0.06,,"{'sportSlug': 'football', 'statisticsType': 'player'}",,,,,1.0,,,,,1.0,,26.8,2.47,4.0,,,1.0,0.27,0.09,0.03,,,1.0,,,0.0327,,-0.23,,,,,1.0,,1.0,,,,,,,,,,,,,
14131901,2025-09-12,Liga Portugal Betclic,Liga Portugal 25/26,5.0,Home,Santa Clara,1489200,Leandro Santos,D,71,False,,,,,,,,,,,,,,,,,,,,,,,,,,,,,,,0,,,,,,"{'sportSlug': 'football', 'statisticsType': 'player'}",,,,,,,,,,,,,,,,,,,,,,,,,,,,,,,,,,,,,,,,,,,,,,,,
14131901,2025-09-12,Liga Portugal Betclic,Liga Portugal 25/26,5.0,Home,Santa Clara,1142692,Rafael Obrador,M,3,False,,,,,,,,,,,,,,,,,,,,,,,,,,,,,,,0,,,,,,"{'sportSlug': 'football', 'statisticsType': 'player'}",,,,,,,,,,,,,,,,,,,,,,,,,,,,,,,,,,,,,,,,,,,,,,,,
14131901,2025-09-12,Liga Portugal Betclic,Liga Portugal 25/26,5.0,Home,Santa Clara,983550,Samuel Soares,G,24,False,,,,,,,,,,,,,,,,,,,,,,,,,,,,,,,0,,,,,,"{'sportSlug': 'football', 'statisticsType': 'player'}",,,,,,,,,,,,,,,,,,,,,,,,,,,,,,,,,,,,,,,,,,,,,,,,
14566738,2025-09-16,UEFA Champions League,UEFA Champions League 25/26,1.0,Home,Qarabağ FK,1102791,Amar Dedić,D,17,True,50.0,43.0,2.0,,0.0,19.0,21.0,24.0,29.0,,6.0,3.0,8.0,,,,,,,90.0,76.0,6.6,11.0,0.0596541,,,,,,"{'original': 6.6, 'alternative': 6.9}",1,,0.18,0.53,-0.46,,"{'sportSlug': 'football', 'statisticsType': 'player'}",,,1.0,,3.0,,1.0,4.0,2.0,3.0,,31.284,10.97253,18.0,,,1.0,1.45,0.62,0.43,,,1.0,,,0.0265,,-0.28,,,,,2.0,,,,,,,,,2.8,5.67,,,,,
14566738,2025-09-16,UEFA Champions League,UEFA Champions League 25/26,1.0,Home,Qarabağ FK,966616,Anatoliy Trubin,G,1,True,22.0,20.0,6.0,4.0,0.0,19.0,20.0,1.0,2.0,,,,6.0,2.0,,2.0,,1.0,1.0,90.0,28.0,7.2,2.0,0.00022095,,,,,0.7996,"{'original': 7.2, 'alternative': 6.3}",0,-0.2692,0.03,-0.02,-0.27,0.42,"{'sportSlug': 'football', 'statisticsType': 'player'}",,,,,,,,,,,,20.664,4.83118,0.0,,,,0.13,0.03,0.0,,,,,,,,,,,,,,,,,,,,,,3.28,1.39,,,,,
14566738,2025-09-16,UEFA Champions League,UEFA Champions League 25/26,1.0,Home,Qarabağ FK,1100952,Andreas Schjelderup,M,21,True,27.0,24.0,2.0,1.0,0.0,5.0,5.0,19.0,22.0,,3.0,,6.0,,,,,,,70.0,38.0,6.8,8.0,0.128113,,,,,,"{'original': 6.8, 'alternative': 6.6}",1,,0.31,0.44,-0.09,,"{'sportSlug': 'football', 'statisticsType': 'player'}",1.0,,7.0,1.0,3.0,,,1.0,,1.0,1.0,29.484,7.90277,8.0,,,2.0,1.23,0.57,0.18,,,,,4.0,0.02,,-0.07,,,,,1.0,,,1.0,,,,,,2.32,3.6,,,,,
14566738,2025-09-16,UEFA Champions League,UEFA Champions League 25/26,1.0,Home,Qarabağ FK,1006069,António Silva,D,4,True,42.0,36.0,8.0,4.0,0.0,22.0,24.0,14.0,18.0,3.0,6.0,6.0,2.0,,,,,,,90.0,53.0,6.7,6.0,0.0750299,,,,,,"{'original': 6.7, 'alternative': 6.5}",0,,0.39,0.13,-0.59,,"{'sportSlug': 'football', 'statisticsType': 'player'}",,,1.0,,,,1.0,3.0,1.0,,,30.06,10.37136,8.0,,,1.0,1.21,0.45,0.18,,,,,,,,,1.0,,,,,,,,1.0,,,,,2.9,5.63,,,,,
14566738,2025-09-16,UEFA Champions League,UEFA Champions League 25/26,1.0,Home,Qarabağ FK,1087316,Enzo Barrenechea,M,5,True,74.0,67.0,5.0,4.0,0.0,36.0,41.0,31.0,33.0,2.0,8.0,,10.0,,,,,,,90.0,93.0,8.3,10.0,0.0375335,,,,,,"{'original': 8.3, 'alternative': 7.7}",1,,0.36,0.12,-0.02,,"{'sportSlug': 'football', 'statisticsType': 'player'}",,,6.0,2.0,2.0,,3.0,4.0,2.0,,1.0,26.388,12.60024,5.0,,,,2.58,0.7,0.08,3.0,,,1.0,,0.1313,0.7078,0.47,,1.0,,,1.0,,,,,,,,,2.43,6.82,,,,,
14566738,2025-09-16,UEFA Champions League,UEFA Champions League 25/26,1.0,Home,Qarabağ FK,228364,Fredrik Aursnes,M,8,True,28.0,18.0,4.0,2.0,0.0,3.0,6.0,15.0,22.0,,1.0,,4.0,,,,,,,70.0,39.0,6.2,13.0,0.121526,,,,,,"{'original': 6.2, 'alternative': 6.6}",1,,0.01,0.02,-0.15,,"{'sportSlug': 'football', 'statisticsType': 'player'}",,,2.0,,,,1.0,1.0,1.0,3.0,,27.324,8.99377,4.0,,,,1.65,0.56,0.1,1.0,,,,,0.0589,,-0.14,1.0,,,,,,1.0,1.0,,,,,,2.0,4.69,,,,,
14566738,2025-09-16,UEFA Champions League,UEFA Champions League 25/26,1.0,Home,Qarabağ FK,1123925,Georgiy Sudakov,M,10,True,51.0,45.0,7.0,5.0,1.0,6.0,6.0,39.0,45.0,,2.0,,5.0,,,,,,,90.0,71.0,7.2,16.0,0.270785,,,,,,"{'original': 7.2, 'alternative': 7.8}",2,,0.58,0.44,-0.18,,"{'sportSlug': 'football', 'statisticsType': 'player'}",6.0,1.0,2.0,,1.0,,,1.0,1.0,4.0,1.0,27.432,12.21283,4.0,,,2.0,2.26,0.55,0.08,,,,1.0,1.0,0.0847,0.362,0.12,,,1.0,,,,,1.0,,,,,,2.81,6.51,,,,,
14566738,2025-09-16,UEFA Champions League,UEFA Champions League 25/26,1.0,Home,Qarabağ FK,74915,Nicolás Otamendi,D,30,True,60.0,55.0,8.0,7.0,0.0,37.0,39.0,18.0,21.0,4.0,5.0,3.0,4.0,,,,,,,90.0,72.0,6.8,7.0,0.0128667,,,,,,"{'original': 6.8, 'alternative': 6.8}",0,,0.2,0.27,-0.26,,"{'sportSlug': 'football', 'statisticsType': 'player'}",,,6.0,,,2.0,1.0,1.0,1.0,1.0,1.0,28.764,10.01101,7.0,,,,1.38,0.57,0.14,2.0,,,,3.0,,,,1.0,,,,,,,,,,,,,3.14,4.78,,,,,
14566738,2025-09-16,UEFA Champions League,UEFA Champions League 25/26,1.0,Home,Qarabağ FK,1015292,Richard Ríos,M,20,True,37.0,31.0,4.0,4.0,0.0,11.0,12.0,20.0,25.0,,4.0,2.0,4.0,,,,,,,79.0,56.0,6.5,10.0,0.0291159,,,,,,"{'original': 6.5, 'alternative': 6.8}",3,,0.17,0.3,-0.22,,"{'sportSlug': 'football', 'statisticsType': 'player'}",,,8.0,2.0,2.0,,,2.0,,1.0,1.0,30.06,9.59996,9.0,,,1.0,1.61,0.58,0.21,1.0,,2.0,,1.0,0.1874,,-0.41,3.0,,,,1.0,,,1.0,,,,,1.0,2.4,4.81,,,,,
14566738,2025-09-16,UEFA Champions League,UEFA Champions League 25/26,1.0,Home,Qarabağ FK,993101,Samuel Dahl,D,26,True,37.0,33.0,1.0,,0.0,10.0,12.0,23.0,25.0,,,,3.0,,,,,,,90.0,55.0,5.4,15.0,0.02755,,,,,,"{'original': 5.4, 'alternative': 6.2}",0,,0.02,0.07,-0.54,,"{'sportSlug': 'football', 'statisticsType': 'player'}",6.0,,5.0,1.0,1.0,,2.0,,,2.0,,29.88,11.13083,22.0,,,,1.61,0.9,0.44,1.0,,,,2.0,,,,,,,,,,,,,,,,,2.77,5.41,,,,,
14566738,2025-09-16,UEFA Champions League,UEFA Champions League 25/26,1.0,Home,Qarabağ FK,795236,Vangelis Pavlidis,F,14,True,15.0,11.0,1.0,,0.0,4.0,4.0,7.0,11.0,,3.0,,2.0,,,,,,,79.0,26.0,7.6,6.0,0.0283714,,,,,,"{'original': 7.6, 'alternative': 7.4}",2,,-0.12,0.08,-0.04,,"{'sportSlug': 'football', 'statisticsType': 'player'}",,,2.0,,3.0,,,1.0,,1.0,,29.268,9.70403,11.0,,,2.0,1.57,0.72,0.24,,,1.0,1.0,,0.6208,0.2959,0.5,1.0,1.0,,,2.0,,,,,,,,,2.46,4.72,,,,,
14566738,2025-09-16,UEFA Champions League,UEFA Champions League 25/26,1.0,Home,Qarabağ FK,1146008,Diogo Prioste,M,86,False,,,,,,,,,,,,,,,,,,,,,,,,,,,,,,,0,,,,,,"{'sportSlug': 'football', 'statisticsType': 'player'}",,,,,,,,,,,,,,,,,,,,,,,,,,,,,,,,,,,,,,,,,,,,,,,,
14566738,2025-09-16,UEFA Champions League,UEFA Champions League 25/26,1.0,Home,Qarabağ FK,1103333,Franjo Ivanović,F,9,False,10.0,7.0,,,0.0,1.0,1.0,6.0,9.0,,2.0,,2.0,,,,,,,20.0,13.0,6.5,3.0,0.0218145,,,,,,"{'original': 6.5, 'alternative': 6.9}",0,,-0.31,0.31,0.13,,"{'sportSlug': 'football', 'statisticsType': 'player'}",,,1.0,,1.0,,,,,,1.0,31.032,3.39742,6.0,,,1.0,0.58,0.28,0.14,1.0,,,,,,,,,,,,1.0,,,,,,,,,0.73,1.66,,,,,
14566738,2025-09-16,UEFA Champions League,UEFA Champions League 25/26,1.0,Home,Qarabağ FK,1201395,Gianluca Prestianni,M,25,False,15.0,11.0,1.0,1.0,0.0,2.0,2.0,9.0,13.0,1.0,3.0,,5.0,,,,,,,20.0,27.0,7.3,9.0,0.104327,,,,,,"{'original': 7.3, 'alternative': 7.2}",2,,0.4,0.36,0.16,,"{'sportSlug': 'football', 'statisticsType': 'player'}",3.0,,1.0,,2.0,,,1.0,1.0,1.0,,30.708,3.0549,5.0,,,1.0,0.48,0.23,0.13,,,1.0,,,0.0647,,-0.27,,,,,1.0,,,1.0,,,,,,0.8,1.42,,,,,
14566738,2025-09-16,UEFA Champions League,UEFA Champions League 25/26,1.0,Home,Qarabağ FK,1432417,Gonçalo Oliveira,D,64,False,,,,,,,,,,,,,,,,,,,,,,,,,,,,,,,0,,,,,,"{'sportSlug': 'football', 'statisticsType': 'player'}",,,,,,,,,,,,,,,,,,,,,,,,,,,,,,,,,,,,,,,,,,,,,,,,
14566738,2025-09-16,UEFA Champions League,UEFA Champions League 25/26,1.0,Home,Qarabağ FK,998870,Henrique Araújo,F,39,False,3.0,2.0,,,0.0,1.0,1.0,1.0,2.0,,,,,,,,,,,11.0,5.0,6.2,2.0,0.00037747,,,,,,"{'original': 6.2, 'alternative': 6.4}",1,,-0.1,0.03,0.0,,"{'sportSlug': 'football', 'statisticsType': 'player'}",,,1.0,1.0,,,,,,,,32.004,2.44936,5.0,,,,0.39,0.22,0.14,,,,,,0.1888,,-0.27,,,,,,,,1.0,,,,,,0.48,1.21,,,,,
14566738,2025-09-16,UEFA Champions League,UEFA Champions League 25/26,1.0,Home,Qarabağ FK,1158353,João Rêgo,F,84,False,,,,,,,,,,,,,,,,,,,,,,,,,,,,,,,0,,,,,,"{'sportSlug': 'football', 'statisticsType': 'player'}",,,,,,,,,,,,,,,,,,,,,,,,,,,,,,,,,,,,,,,,,,,,,,,,
14566738,2025-09-16,UEFA Champions League,UEFA Champions League 25/26,1.0,Home,Qarabağ FK,1215905,João Veloso,M,68,False,,,,,,,,,,,,,,,,,,,,,,,,,,,,,,,0,,,,,,"{'sportSlug': 'football', 'statisticsType': 'player'}",,,,,,,,,,,,,,,,,,,,,,,,,,,,,,,,,,,,,,,,,,,,,,,,
14566738,2025-09-16,UEFA Champions League,UEFA Champions League 25/26,1.0,Home,Qarabağ FK,906800,Leandro Barreiro,M,18,False,6.0,5.0,,,0.0,2.0,2.0,3.0,4.0,,,,,,,,,,,11.0,7.0,6.3,1.0,0.00136937,,,,,,"{'original': 6.3, 'alternative': 6.4}",0,,-0.02,,-0.05,,"{'sportSlug': 'football', 'statisticsType': 'player'}",,,1.0,,,,,,,,,27.612,2.63748,2.0,,,,0.7,0.26,0.05,1.0,,,,,,,,,,,,,,,,,,,,,0.45,1.18,,,,,
14566738,2025-09-16,UEFA Champions League,UEFA Champions League 25/26,1.0,Home,Qarabağ FK,1489200,Leandro Santos,D,71,False,,,,,,,,,,,,,,,,,,,,,,,,,,,,,,,0,,,,,,"{'sportSlug': 'football', 'statisticsType': 'player'}",,,,,,,,,,,,,,,,,,,,,,,,,,,,,,,,,,,,,,,,,,,,,,,,
14566738,2025-09-16,UEFA Champions League,UEFA Champions League 25/26,1.0,Home,Qarabağ FK,1142692,Rafael Obrador,M,3,False,,,,,,,,,,,,,,,,,,,,,,,,,,,,,,,0,,,,,,"{'sportSlug': 'football', 'statisticsType': 'player'}",,,,,,,,,,,,,,,,,,,,,,,,,,,,,,,,,,,,,,,,,,,,,,,,
14566738,2025-09-16,UEFA Champions League,UEFA Champions League 25/26,1.0,Home,Qarabağ FK,983550,Samuel Soares,G,24,False,,,,,,,,,,,,,,,,,,,,,,,,,,,,,,,0,,,,,,"{'sportSlug': 'football', 'statisticsType': 'player'}",,,,,,,,,,,,,,,,,,,,,,,,,,,,,,,,,,,,,,,,,,,,,,,,
14566738,2025-09-16,UEFA Champions League,UEFA Champions League 25/26,1.0,Home,Qarabağ FK,983542,Tomás Araújo,D,44,False,,,,,,,,,,,,,,,,,,,,,,,,,,,,,,,0,,,,,,"{'sportSlug': 'football', 'statisticsType': 'player'}",,,,,,,,,,,,,,,,,,,,,,,,,,,,,,,,,,,,,,,,,,,,,,,,
14131904,2025-09-20,Liga Portugal Betclic,Liga Portugal 25/26,6.0,Away,AVS - Futebol SAD,1102791,Amar Dedić,D,17,True,41.0,35.0,3.0,1.0,0.0,13.0,15.0,22.0,26.0,1.0,9.0,4.0,4.0,,,,,,,81.0,70.0,7.0,10.0,0.0684493,,,,,,"{'original': 7, 'alternative': 7.7}",0,,-0.45,0.28,0.17,,"{'sportSlug': 'football', 'statisticsType': 'player'}",1.0,,5.0,1.0,5.0,,2.0,3.0,1.0,1.0,1.0,33.16,5.73,8.0,,,2.0,0.69,0.34,0.18,3.0,,,,,,,,,,,,4.0,,,,,,,,,,,,,,,
14131904,2025-09-20,Liga Portugal Betclic,Liga Portugal 25/26,6.0,Away,AVS - Futebol SAD,966616,Anatoliy Trubin,G,1,True,23.0,21.0,6.0,4.0,0.0,19.0,19.0,2.0,4.0,,,1.0,5.0,1.0,,1.0,1.0,,,90.0,29.0,7.7,2.0,0.00051603,,,,,0.0767,"{'original': 7.7, 'alternative': 7.1}",0,0.0979,0.11,0.0,0.21,0.09,"{'sportSlug': 'football', 'statisticsType': 'player'}",,,,,,,,,,,,,,,,,,,,,,,,,,,,,,,,,,,,,,,,,,,,,,,,
14131904,2025-09-20,Liga Portugal Betclic,Liga Portugal 25/26,6.0,Away,AVS - Futebol SAD,1006069,António Silva,D,4,True,72.0,64.0,12.0,7.0,0.0,35.0,36.0,29.0,36.0,2.0,8.0,4.0,5.0,,,,,,,90.0,83.0,8.0,8.0,0.0227084,,,,,,"{'original': 8, 'alternative': 7.4}",0,,0.38,0.19,0.3,,"{'sportSlug': 'football', 'statisticsType': 'player'}",,,2.0,,,,,3.0,1.0,,3.0,32.81,7.6,13.0,,,,0.89,0.36,0.2,1.0,,,,1.0,,,,,,,,,,,,,,,,,,,,,,,
14131904,2025-09-20,Liga Portugal Betclic,Liga Portugal 25/26,6.0,Away,AVS - Futebol SAD,1087316,Enzo Barrenechea,M,5,True,63.0,58.0,8.0,5.0,0.0,29.0,30.0,29.0,33.0,,1.0,1.0,4.0,,,,,,,71.0,70.0,6.8,6.0,0.0258922,,,,,,"{'original': 6.8, 'alternative': 6.8}",0,,0.12,0.19,-0.03,,"{'sportSlug': 'football', 'statisticsType': 'player'}",,,6.0,1.0,,,,1.0,,,,29.59,5.09,5.0,,,,0.71,0.2,0.03,4.0,,,,,,,,1.0,,,,,,,,,,,,,,,,,,,
14131904,2025-09-20,Liga Portugal Betclic,Liga Portugal 25/26,6.0,Away,AVS - Futebol SAD,1103333,Franjo Ivanović,F,9,True,19.0,13.0,,,0.0,4.0,6.0,9.0,13.0,2.0,6.0,1.0,4.0,,,,,,,71.0,34.0,7.7,9.0,0.0180361,,,,,,"{'original': 7.7, 'alternative': 7.1}",5,,-0.29,0.32,-0.12,,"{'sportSlug': 'football', 'statisticsType': 'player'}",1.0,,7.0,,2.0,,,,,1.0,3.0,33.89,6.83,15.0,,,,0.85,0.35,0.17,1.0,2.0,2.0,3.0,2.0,0.8427,0.3693,0.44,3.0,1.0,,,1.0,,,,,,,,,,,,,,,
14131904,2025-09-20,Liga Portugal Betclic,Liga Portugal 25/26,6.0,Away,AVS - Futebol SAD,228364,Fredrik Aursnes,M,8,True,33.0,29.0,2.0,1.0,0.0,6.0,6.0,23.0,27.0,1.0,8.0,,3.0,,,,,,,86.0,51.0,7.2,8.0,0.421271,,,,,,"{'original': 7.2, 'alternative': 7.9}",2,,0.3,0.16,-0.08,,"{'sportSlug': 'football', 'statisticsType': 'player'}",3.0,1.0,5.0,1.0,1.0,,,5.0,2.0,,2.0,34.13,5.95,15.0,,,3.0,0.91,0.44,0.22,1.0,,1.0,,,0.1264,,-0.26,2.0,,1.0,,,,,1.0,,,,,,,,,,,,
14131904,2025-09-20,Liga Portugal Betclic,Liga Portugal 25/26,6.0,Away,AVS - Futebol SAD,1123925,Georgiy Sudakov,M,10,True,50.0,47.0,3.0,2.0,0.0,21.0,22.0,26.0,28.0,,1.0,1.0,3.0,,,,,,,86.0,64.0,7.6,8.0,0.0268077,,,,,,"{'original': 7.6, 'alternative': 7.4}",4,,-0.02,0.0,-0.07,,"{'sportSlug': 'football', 'statisticsType': 'player'}",1.0,,6.0,2.0,1.0,,,,,,1.0,,,,,,1.0,,,,,,,2.0,1.0,0.4299,0.9366,0.51,2.0,1.0,,,,,1.0,2.0,,,,,,,,,,,,
14131904,2025-09-20,Liga Portugal Betclic,Liga Portugal 25/26,6.0,Away,AVS - Futebol SAD,74915,Nicolás Otamendi,D,30,True,90.0,86.0,7.0,4.0,0.0,53.0,55.0,33.0,35.0,11.0,13.0,12.0,4.0,,,,,,,90.0,115.0,9.0,7.0,0.0134466,,,,,,"{'original': 9, 'alternative': 8.9}",2,,0.33,0.2,0.55,,"{'sportSlug': 'football', 'statisticsType': 'player'}",,,3.0,1.0,,2.0,2.0,,,,2.0,30.76,7.67,5.0,,,,0.89,0.21,0.07,2.0,,1.0,,,0.0832,,-0.35,,,,,,,,1.0,,,1.0,,,,,,,,,
14131904,2025-09-20,Liga Portugal Betclic,Liga Portugal 25/26,6.0,Away,AVS - Futebol SAD,1015292,Richard Ríos,M,20,True,43.0,37.0,5.0,3.0,0.0,13.0,13.0,24.0,30.0,,5.0,1.0,6.0,,,,,,,90.0,67.0,7.1,12.0,0.0818382,,,,,,"{'original': 7.1, 'alternative': 7.2}",2,,0.12,0.35,0.29,,"{'sportSlug': 'football', 'statisticsType': 'player'}",1.0,1.0,6.0,2.0,,,3.0,2.0,1.0,3.0,3.0,30.45,7.4,10.0,,,1.0,0.93,0.44,0.11,3.0,,2.0,,1.0,0.063,,-0.22,1.0,,,,,,,,,,,,,,,,,,,
14131904,2025-09-20,Liga Portugal Betclic,Liga Portugal 25/26,6.0,Away,AVS - Futebol SAD,993101,Samuel Dahl,D,26,True,48.0,42.0,3.0,2.0,0.0,14.0,17.0,28.0,31.0,1.0,5.0,2.0,4.0,,,,,,,90.0,67.0,7.2,9.0,0.105824,,,,,,"{'original': 7.2, 'alternative': 7.2}",1,,0.16,0.29,-0.07,,"{'sportSlug': 'football', 'statisticsType': 'player'}",2.0,1.0,4.0,,,,1.0,4.0,1.0,1.0,,,,,,,,,,,,,,,2.0,0.0273,,0.0,2.0,,,,,,1.0,1.0,,,,,,,,,,,,
14131904,2025-09-20,Liga Portugal Betclic,Liga Portugal 25/26,6.0,Away,AVS - Futebol SAD,795236,Vangelis Pavlidis,F,14,True,19.0,13.0,1.0,,2.0,4.0,7.0,9.0,12.0,4.0,6.0,1.0,1.0,,,,,,,90.0,42.0,7.4,18.0,0.219586,,,,,,"{'original': 7.4, 'alternative': 8.1}",2,,0.45,-0.53,-0.02,,"{'sportSlug': 'football', 'statisticsType': 'player'}",1.0,1.0,16.0,2.0,9.0,,,,,2.0,1.0,32.82,7.53,9.0,,,5.0,0.85,0.44,0.13,5.0,,,1.0,,0.8063,0.9873,0.31,1.0,1.0,2.0,,1.0,,1.0,1.0,,,,,,,,,,,,
14131904,2025-09-20,Liga Portugal Betclic,Liga Portugal 25/26,6.0,Away,AVS - Futebol SAD,1100952,Andreas Schjelderup,M,21,False,3.0,3.0,,,0.0,,,3.0,3.0,,,,,,,,,,,19.0,3.0,6.3,,0.0056968,,,,,,"{'original': 6.3, 'alternative': 6.5}",0,,-0.11,0.13,-0.05,,"{'sportSlug': 'football', 'statisticsType': 'player'}",,,3.0,,,,,,,,,,,,,,1.0,,,,,,,,2.0,,,,1.0,,,,,,,,,,,,,,,,,,,
14131904,2025-09-20,Liga Portugal Betclic,Liga Portugal 25/26,6.0,Away,AVS - Futebol SAD,1201395,Gianluca Prestianni,M,25,False,1.0,1.0,,,0.0,,,1.0,1.0,,,,,,,,,,,9.0,3.0,6.5,2.0,0.00096512,,,,,,"{'original': 6.5, 'alternative': 6.5}",0,,-0.02,,-0.01,,"{'sportSlug': 'football', 'statisticsType': 'player'}",,,,,,,,,,2.0,,,,,,,,,,,,,,,,,,,,,,,,,,,,,,,,,,,,,,
14131904,2025-09-20,Liga Portugal Betclic,Liga Portugal 25/26,6.0,Away,AVS - Futebol SAD,998870,Henrique Araújo,F,39,False,,,,,,,,,,,,,,,,,,,,,,,,,,,,,,,0,,,,,,"{'sportSlug': 'football', 'statisticsType': 'player'}",,,,,,,,,,,,,,,,,,,,,,,,,,,,,,,,,,,,,,,,,,,,,,,,
14131904,2025-09-20,Liga Portugal Betclic,Liga Portugal 25/26,6.0,Away,AVS - Futebol SAD,1158353,João Rêgo,F,84,False,1.0,1.0,,,0.0,,,1.0,1.0,1.0,2.0,,,,,,,,,9.0,4.0,6.6,2.0,0.00020174,,,,,,"{'original': 6.6, 'alternative': 6.4}",0,,0.01,0.05,-0.04,,"{'sportSlug': 'football', 'statisticsType': 'player'}",,,3.0,2.0,,,,,,,1.0,,,,,,,,,,,,,,1.0,,,,1.0,,,,,,,,,,,,,,,,,,,
14131904,2025-09-20,Liga Portugal Betclic,Liga Portugal 25/26,6.0,Away,AVS - Futebol SAD,1215905,João Veloso,M,68,False,,,,,,,,,,,,,,,,,,,,,,,,,,,,,,,0,,,,,,"{'sportSlug': 'football', 'statisticsType': 'player'}",,,,,,,,,,,,,,,,,,,,,,,,,,,,,,,,,,,,,,,,,,,,,,,,
14131904,2025-09-20,Liga Portugal Betclic,Liga Portugal 25/26,6.0,Away,AVS - Futebol SAD,906800,Leandro Barreiro,M,18,False,17.0,17.0,,,0.0,10.0,10.0,7.0,7.0,,2.0,,2.0,,,,,,,19.0,23.0,6.5,1.0,0.00135216,,,,,,"{'original': 6.5, 'alternative': 6.5}",1,,-0.02,0.03,-0.06,,"{'sportSlug': 'football', 'statisticsType': 'player'}",,,2.0,,1.0,,1.0,2.0,,,,27.04,3.09,2.0,,,,0.63,0.16,0.01,,,,,1.0,0.0179,,-0.03,,,,,,,,1.0,,,,,,,,,,,,
14131904,2025-09-20,Liga Portugal Betclic,Liga Portugal 25/26,6.0,Away,AVS - Futebol SAD,1142692,Rafael Obrador,M,3,False,,,,,,,,,,,,,,,,,,,,,,,,,,,,,,,0,,,,,,"{'sportSlug': 'football', 'statisticsType': 'player'}",,,,,,,,,,,,,,,,,,,,,,,,,,,,,,,,,,,,,,,,,,,,,,,,
14131904,2025-09-20,Liga Portugal Betclic,Liga Portugal 25/26,6.0,Away,AVS - Futebol SAD,983550,Samuel Soares,G,24,False,,,,,,,,,,,,,,,,,,,,,,,,,,,,,,,0,,,,,,"{'sportSlug': 'football', 'statisticsType': 'player'}",,,,,,,,,,,,,,,,,,,,,,,,,,,,,,,,,,,,,,,,,,,,,,,,
14131904,2025-09-20,Liga Portugal Betclic,Liga Portugal 25/26,6.0,Away,AVS - Futebol SAD,983542,Tomás Araújo,D,44,False,7.0,6.0,2.0,2.0,0.0,4.0,4.0,2.0,3.0,,,1.0,4.0,,,,,,,9.0,13.0,6.8,2.0,0.00485368,,,,,,"{'original': 6.8, 'alternative': 6.7}",0,,0.14,0.06,-0.04,,"{'sportSlug': 'football', 'statisticsType': 'player'}",,,1.0,,,,1.0,,,,,29.3,1.56,3.0,,,,0.17,0.09,0.04,,,,,,,,,1.0,,,,,,,,,,,,,,,,,,,
14131859,2025-09-23,Liga Portugal Betclic,Liga Portugal 25/26,1.0,Home,Rio Ave,1102791,Amar Dedić,D,17,True,55.0,49.0,2.0,2.0,0.0,17.0,18.0,32.0,37.0,,10.0,,6.0,,,,,,,90.0,85.0,7.1,14.0,0.101797,,,,,,"{'original': 7.1, 'alternative': 7.1}",0,,0.3,0.38,-0.2,,"{'sportSlug': 'football', 'statisticsType': 'player'}",2.0,,6.0,1.0,3.0,,1.0,6.0,3.0,3.0,3.0,33.24,9.99,13.0,,,3.0,1.08,0.35,0.17,,,,,2.0,,,,1.0,,,,1.0,,,,,,,,,,,,,,,
14131859,2025-09-23,Liga Portugal Betclic,Liga Portugal 25/26,1.0,Home,Rio Ave,966616,Anatoliy Trubin,G,1,True,12.0,11.0,1.0,,0.0,11.0,11.0,,1.0,,,,3.0,1.0,,1.0,,1.0,1.0,90.0,15.0,6.5,1.0,9.34e-05,,,,,0.2473,"{'original': 6.5, 'alternative': 6.4}",0,-0.1112,0.01,0.0,-0.06,0.16,"{'sportSlug': 'football', 'statisticsType': 'player'}",,,,,,,,,,,,,,,,,,,,,,,,,,,,,,,,,,,,,,,,,,,,,,,,
14131859,2025-09-23,Liga Portugal Betclic,Liga Portugal 25/26,1.0,Home,Rio Ave,1006069,António Silva,D,4,True,77.0,73.0,8.0,6.0,0.0,26.0,26.0,47.0,51.0,2.0,7.0,3.0,5.0,,,,,,,90.0,91.0,8.1,5.0,0.121806,,,,,,"{'original': 8.1, 'alternative': 8}",0,,0.6,0.28,0.0,,"{'sportSlug': 'football', 'statisticsType': 'player'}",1.0,1.0,3.0,,1.0,1.0,1.0,1.0,1.0,1.0,3.0,30.37,9.16,6.0,,,2.0,0.95,0.35,0.07,2.0,,,,2.0,,,,,,,,1.0,,,,,,,,,,,,,,,
14131859,2025-09-23,Liga Portugal Betclic,Liga Portugal 25/26,1.0,Home,Rio Ave,1087316,Enzo Barrenechea,M,5,True,76.0,68.0,3.0,3.0,0.0,25.0,26.0,43.0,50.0,1.0,7.0,1.0,11.0,,,,,,,90.0,89.0,7.1,10.0,0.201004,,,,,,"{'original': 7.1, 'alternative': 7.7}",0,,0.25,0.14,-0.07,,"{'sportSlug': 'football', 'statisticsType': 'player'}",,,6.0,,2.0,,2.0,3.0,,,2.0,29.23,10.4,6.0,,,1.0,1.44,0.36,0.06,1.0,,,,3.0,,,,1.0,,1.0,,1.0,,,,,,,,,,,,,,,
14131859,2025-09-23,Liga Portugal Betclic,Liga Portugal 25/26,1.0,Home,Rio Ave,1103333,Franjo Ivanović,F,9,True,18.0,13.0,1.0,1.0,0.0,2.0,3.0,11.0,15.0,1.0,7.0,,3.0,,,,,,,65.0,39.0,6.1,17.0,0.010232,,,,,,"{'original': 6.1, 'alternative': 6.4}",1,,-0.22,0.19,-0.07,,"{'sportSlug': 'football', 'statisticsType': 'player'}",2.0,,10.0,4.0,7.0,,,,,3.0,2.0,33.16,6.11,8.0,,,,0.69,0.19,0.09,,,,,3.0,0.0514,,-0.15,1.0,,,,4.0,,,1.0,,,,,,,,,,,,
14131859,2025-09-23,Liga Portugal Betclic,Liga Portugal 25/26,1.0,Home,Rio Ave,228364,Fredrik Aursnes,M,8,True,39.0,31.0,2.0,,0.0,9.0,9.0,22.0,30.0,,5.0,1.0,6.0,,,,,,,90.0,66.0,6.6,18.0,0.0555078,,,,,,"{'original': 6.6, 'alternative': 7.1}",1,,0.03,0.14,0.15,,"{'sportSlug': 'football', 'statisticsType': 'player'}",6.0,1.0,8.0,2.0,1.0,,1.0,4.0,1.0,2.0,,32.36,10.78,15.0,,,1.0,1.66,0.55,0.14,4.0,,1.0,,1.0,0.0355,,-0.08,1.0,,,,1.0,,,,,,,,,,,,,,,
14131859,2025-09-23,Liga Portugal Betclic,Liga Portugal 25/26,1.0,Home,Rio Ave,1123925,Georgiy Sudakov,M,10,True,53.0,46.0,1.0,,0.0,13.0,13.0,33.0,40.0,,3.0,,4.0,,,,,,,89.0,75.0,8.7,16.0,0.338908,,,,,,"{'original': 8.7, 'alternative': 8.3}",2,,0.74,0.28,-0.01,,"{'sportSlug': 'football', 'statisticsType': 'player'}",12.0,5.0,2.0,1.0,2.0,,,,,1.0,1.0,29.46,9.13,12.0,,,2.0,1.26,0.35,0.1,1.0,,,1.0,,0.3953,0.5385,0.49,,1.0,,,2.0,,,1.0,,,,,,,,,,,,
14131859,2025-09-23,Liga Portugal Betclic,Liga Portugal 25/26,1.0,Home,Rio Ave,74915,Nicolás Otamendi,D,30,True,90.0,84.0,9.0,8.0,0.0,32.0,35.0,52.0,55.0,5.0,15.0,,3.0,,,,,,,90.0,108.0,8.4,8.0,0.0765086,,,,,,"{'original': 8.4, 'alternative': 8}",0,,0.42,0.36,0.22,,"{'sportSlug': 'football', 'statisticsType': 'player'}",,,4.0,1.0,,,4.0,8.0,6.0,1.0,2.0,31.11,8.79,6.0,,,1.0,0.96,0.24,0.07,2.0,,,,1.0,,,,,,,,,,,,,,,,,,,,,,,
14131859,2025-09-23,Liga Portugal Betclic,Liga Portugal 25/26,1.0,Home,Rio Ave,1015292,Richard Ríos,M,20,True,40.0,34.0,2.0,2.0,0.0,13.0,14.0,21.0,26.0,2.0,4.0,,3.0,,,,,,,89.0,52.0,6.0,9.0,0.0624813,,,,,,"{'original': 6, 'alternative': 6.9}",4,,-0.06,0.05,-0.11,,"{'sportSlug': 'football', 'statisticsType': 'player'}",,,6.0,,,,,1.0,1.0,3.0,1.0,31.97,9.19,13.0,,,,1.4,0.41,0.16,3.0,1.0,3.0,1.0,3.0,0.8931,0.0333,-0.69,1.0,,,,,,,,,,,,,,,,,,,
14131859,2025-09-23,Liga Portugal Betclic,Liga Portugal 25/26,1.0,Home,Rio Ave,993101,Samuel Dahl,D,26,True,49.0,42.0,1.0,1.0,0.0,13.0,14.0,29.0,35.0,,2.0,1.0,3.0,,,,,,,65.0,79.0,6.6,16.0,0.0833989,,,,,,"{'original': 6.6, 'alternative': 6.5}",0,,0.33,0.18,-0.12,,"{'sportSlug': 'football', 'statisticsType': 'player'}",4.0,,8.0,,2.0,,,2.0,2.0,2.0,,29.68,6.32,19.0,,,1.0,0.85,0.29,0.17,2.0,,,,1.0,,,,3.0,,,,,,,,,,,,,,,,,,,
14131859,2025-09-23,Liga Portugal Betclic,Liga Portugal 25/26,1.0,Home,Rio Ave,795236,Vangelis Pavlidis,F,14,True,18.0,9.0,,,0.0,3.0,3.0,6.0,15.0,2.0,2.0,1.0,1.0,,,,,,,90.0,36.0,6.2,17.0,0.0197071,,,,,,"{'original': 6.2, 'alternative': 6.9}",7,,0.04,0.23,0.14,,"{'sportSlug': 'football', 'statisticsType': 'player'}",1.0,,5.0,4.0,,,,,,3.0,,29.78,9.56,8.0,,,,1.35,0.54,0.07,1.0,1.0,1.0,4.0,,0.7493,1.0571,0.01,,,,,,,,2.0,,,,,,,,,,,,
14131859,2025-09-23,Liga Portugal Betclic,Liga Portugal 25/26,1.0,Home,Rio Ave,1100952,Andreas Schjelderup,M,21,False,11.0,9.0,,,0.0,,,9.0,11.0,,1.0,1.0,1.0,,,,,,,25.0,19.0,7.3,6.0,0.0689288,,,,,,"{'original': 7.3, 'alternative': 6.7}",1,,0.56,0.28,-0.03,,"{'sportSlug': 'football', 'statisticsType': 'player'}",2.0,,3.0,,2.0,,,,,1.0,,27.95,3.59,5.0,,,1.0,0.52,0.23,0.05,1.0,,,,,0.028,,-0.03,1.0,,,,1.0,,1.0,1.0,,,,,,,,,,,,
14131859,2025-09-23,Liga Portugal Betclic,Liga Portugal 25/26,1.0,Home,Rio Ave,823631,Dodi Lukebakio,M,11,False,9.0,8.0,2.0,1.0,1.0,,,8.0,9.0,,1.0,,,,,,,,,25.0,25.0,7.8,10.0,0.539215,,,,,,"{'original': 7.8, 'alternative': 7.2}",3,,0.67,0.52,0.0,,"{'sportSlug': 'football', 'statisticsType': 'player'}",8.0,1.0,2.0,1.0,1.0,,,,,,1.0,31.85,3.11,6.0,,,2.0,0.42,0.13,0.06,,1.0,1.0,1.0,,0.4186,0.6457,0.19,,,2.0,,,,1.0,1.0,,,,,,,,,,,,
14131859,2025-09-23,Liga Portugal Betclic,Liga Portugal 25/26,1.0,Home,Rio Ave,1201395,Gianluca Prestianni,M,25,False,,,,,,,,,,,,,,,,,,,,,,,,,,,,,,,0,,,,,,"{'sportSlug': 'football', 'statisticsType': 'player'}",,,,,,,,,,,,,,,,,,,,,,,,,,,,,,,,,,,,,,,,,,,,,,,,
14131859,2025-09-23,Liga Portugal Betclic,Liga Portugal 25/26,1.0,Home,Rio Ave,998870,Henrique Araújo,F,39,False,,,,,0.0,,,,,,,,,,,,,,,8.0,,6.4,,,,,,,,"{'original': 6.4, 'alternative': 6.4}",0,,,,,,"{'sportSlug': 'football', 'statisticsType': 'player'}",,,,,,,,,,,,,,,,,,,,,,,,,,,,,,,,,,,,,,,,,,,,,,,,
14131859,2025-09-23,Liga Portugal Betclic,Liga Portugal 25/26,1.0,Home,Rio Ave,1215905,João Veloso,M,68,False,,,,,,,,,,,,,,,,,,,,,,,,,,,,,,,0,,,,,,"{'sportSlug': 'football', 'statisticsType': 'player'}",,,,,,,,,,,,,,,,,,,,,,,,,,,,,,,,,,,,,,,,,,,,,,,,
14131859,2025-09-23,Liga Portugal Betclic,Liga Portugal 25/26,1.0,Home,Rio Ave,906800,Leandro Barreiro,M,18,False,5.0,3.0,,,0.0,3.0,4.0,,1.0,,1.0,,,,,,,,,11.0,7.0,6.4,2.0,6.838e-05,,,,,,"{'original': 6.4, 'alternative': 6.6}",0,,-0.04,-0.23,-0.06,,"{'sportSlug': 'football', 'statisticsType': 'player'}",,,,,,,,,,,1.0,,,,,,,,,,,,,,,,,,,,,,,,,,,,,,,,,,,,,
14131859,2025-09-23,Liga Portugal Betclic,Liga Portugal 25/26,1.0,Home,Rio Ave,1142692,Rafael Obrador,M,3,False,,,,,,,,,,,,,,,,,,,,,,,,,,,,,,,0,,,,,,"{'sportSlug': 'football', 'statisticsType': 'player'}",,,,,,,,,,,,,,,,,,,,,,,,,,,,,,,,,,,,,,,,,,,,,,,,
14131859,2025-09-23,Liga Portugal Betclic,Liga Portugal 25/26,1.0,Home,Rio Ave,983550,Samuel Soares,G,24,False,,,,,,,,,,,,,,,,,,,,,,,,,,,,,,,0,,,,,,"{'sportSlug': 'football', 'statisticsType': 'player'}",,,,,,,,,,,,,,,,,,,,,,,,,,,,,,,,,,,,,,,,,,,,,,,,
14131859,2025-09-23,Liga Portugal Betclic,Liga Portugal 25/26,1.0,Home,Rio Ave,983542,Tomás Araújo,D,44,False,,,,,,,,,,,,,,,,,,,,,,,,,,,,,,,0,,,,,,"{'sportSlug': 'football', 'statisticsType': 'player'}",,,,,,,,,,,,,,,,,,,,,,,,,,,,,,,,,,,,,,,,,,,,,,,,
14131920,2025-09-26,Liga Portugal Betclic,Liga Portugal 25/26,7.0,Home,Gil Vicente,1102791,Amar Dedić,D,17,True,18.0,14.0,2.0,,0.0,7.0,8.0,7.0,10.0,1.0,6.0,3.0,4.0,,,,,,,90.0,48.0,6.3,12.0,0.0054047,,,,,,"{'original': 6.3, 'alternative': 6}",0,,-0.01,0.22,-0.22,,"{'sportSlug': 'football', 'statisticsType': 'player'}",,,14.0,4.0,4.0,1.0,1.0,2.0,1.0,,2.0,,,,,,,,,,1.0,,,,2.0,,,,4.0,,,,1.0,,,,,,,,,,,,,,,
14131920,2025-09-26,Liga Portugal Betclic,Liga Portugal 25/26,7.0,Home,Gil Vicente,966616,Anatoliy Trubin,G,1,True,34.0,23.0,15.0,4.0,0.0,19.0,20.0,4.0,14.0,,,1.0,7.0,4.0,,6.0,,,,90.0,45.0,8.3,11.0,0.00115422,,,,,1.0175,"{'original': 8.3, 'alternative': 8}",0,0.5854,0.06,-0.02,-0.01,0.6,"{'sportSlug': 'football', 'statisticsType': 'player'}",,,,,,,,,,,,,,,,,,,,,,,,,,,,,,,,,,,,,,,,,,,,,,,,
14131920,2025-09-26,Liga Portugal Betclic,Liga Portugal 25/26,7.0,Home,Gil Vicente,1100952,Andreas Schjelderup,M,21,True,14.0,11.0,1.0,,0.0,6.0,7.0,5.0,7.0,1.0,3.0,,4.0,,,,,,,68.0,20.0,6.6,6.0,0.0239026,,,,,,"{'original': 6.6, 'alternative': 6.9}",0,,-0.1,0.38,-0.05,,"{'sportSlug': 'football', 'statisticsType': 'player'}",2.0,,3.0,,1.0,,,,,1.0,1.0,,,,,,1.0,,,,1.0,,,,1.0,,,,1.0,,,,1.0,,,,,,,,,,,,,,,
14131920,2025-09-26,Liga Portugal Betclic,Liga Portugal 25/26,7.0,Home,Gil Vicente,1006069,António Silva,D,4,True,50.0,41.0,13.0,7.0,0.0,31.0,31.0,10.0,19.0,5.0,8.0,7.0,2.0,,,,,,,90.0,65.0,6.7,11.0,0.00421096,,,,,,"{'original': 6.7, 'alternative': 6.6}",0,,0.25,0.12,-0.22,,"{'sportSlug': 'football', 'statisticsType': 'player'}",,,6.0,1.0,1.0,,,1.0,,,2.0,,,,,,,,,,1.0,,,,3.0,,,,1.0,,,,,,,,,,,,,,,,,,,
14131920,2025-09-26,Liga Portugal Betclic,Liga Portugal 25/26,7.0,Home,Gil Vicente,823631,Dodi Lukebakio,M,11,True,15.0,12.0,1.0,1.0,0.0,4.0,5.0,8.0,10.0,1.0,8.0,1.0,5.0,,,,,,,68.0,40.0,7.6,12.0,0.00563062,,,,,,"{'original': 7.6, 'alternative': 7.9}",5,,-0.13,0.89,-0.11,,"{'sportSlug': 'football', 'statisticsType': 'player'}",4.0,,6.0,2.0,7.0,,,1.0,1.0,1.0,1.0,,,,,,,,,,1.0,,3.0,2.0,,0.3014,0.0978,-0.61,1.0,,,,5.0,,,,,,1.0,,,,,,,,,
14131920,2025-09-26,Liga Portugal Betclic,Liga Portugal 25/26,7.0,Home,Gil Vicente,228364,Fredrik Aursnes,M,8,True,28.0,22.0,3.0,2.0,0.0,12.0,14.0,10.0,14.0,1.0,3.0,2.0,1.0,,,,,,,90.0,36.0,7.3,7.0,0.0227482,,,,,,"{'original': 7.3, 'alternative': 6.9}",0,,0.3,0.03,0.43,,"{'sportSlug': 'football', 'statisticsType': 'player'}",,,3.0,,3.0,1.0,,,,,,,,,,,1.0,,,,1.0,,,,1.0,,,,,,,,2.0,,,,,,,,,,,,,,,
14131920,2025-09-26,Liga Portugal Betclic,Liga Portugal 25/26,7.0,Home,Gil Vicente,1123925,Georgiy Sudakov,M,10,True,27.0,21.0,2.0,1.0,0.0,6.0,6.0,15.0,21.0,3.0,4.0,3.0,5.0,,,,,,,80.0,38.0,6.8,9.0,0.029677,,,,,,"{'original': 6.8, 'alternative': 6.8}",1,,0.16,0.26,0.16,,"{'sportSlug': 'football', 'statisticsType': 'player'}",,,5.0,1.0,1.0,,1.0,1.0,,1.0,1.0,,,,,,2.0,,,,,,1.0,,3.0,0.0405,,0.0,,,,,,,,,,,,,,,,,,,,
14131920,2025-09-26,Liga Portugal Betclic,Liga Portugal 25/26,7.0,Home,Gil Vicente,74915,Nicolás Otamendi,D,30,True,56.0,47.0,10.0,6.0,0.0,38.0,42.0,9.0,14.0,6.0,8.0,7.0,3.0,,,,,,,90.0,66.0,7.2,9.0,0.0138962,,,,,,"{'original': 7.2, 'alternative': 7.1}",0,,0.24,0.13,-0.12,,"{'sportSlug': 'football', 'statisticsType': 'player'}",,,1.0,,,,,,,,2.0,,,,,,,,,,1.0,,,,,,,,,,,,,,,,,,,,,,,,,,,
14131920,2025-09-26,Liga Portugal Betclic,Liga Portugal 25/26,7.0,Home,Gil Vicente,1015292,Richard Ríos,M,20,True,30.0,23.0,1.0,,0.0,10.0,12.0,13.0,18.0,4.0,11.0,3.0,4.0,,,,,,,90.0,58.0,6.8,15.0,0.0145931,,,,,,"{'original': 6.8, 'alternative': 7.1}",1,,-0.09,-0.53,0.24,,"{'sportSlug': 'football', 'statisticsType': 'player'}",2.0,,12.0,1.0,3.0,1.0,2.0,3.0,2.0,3.0,2.0,,,,,,1.0,,,,4.0,,1.0,,2.0,0.0352,,0.01,4.0,,,,2.0,,,,,,,,,,,,,,,
14131920,2025-09-26,Liga Portugal Betclic,Liga Portugal 25/26,7.0,Home,Gil Vicente,993101,Samuel Dahl,D,26,True,33.0,28.0,3.0,1.0,0.0,19.0,20.0,9.0,13.0,1.0,7.0,1.0,4.0,,,,,,,80.0,51.0,7.0,9.0,0.0157686,,,,,,"{'original': 7, 'alternative': 6.9}",0,,0.15,0.05,-0.14,,"{'sportSlug': 'football', 'statisticsType': 'player'}",1.0,,3.0,,1.0,,,4.0,1.0,1.0,1.0,,,,,,,,,,,,,,1.0,,,,2.0,,,,1.0,,,,,,,,,,,,,,,
14131920,2025-09-26,Liga Portugal Betclic,Liga Portugal 25/26,7.0,Home,Gil Vicente,795236,Vangelis Pavlidis,F,14,True,27.0,17.0,1.0,1.0,0.0,3.0,3.0,14.0,24.0,5.0,10.0,1.0,3.0,,,,,,,89.0,39.0,9.2,13.0,0.0364392,,,,,,"{'original': 9.2, 'alternative': 8.5}",2,,0.15,0.03,0.28,,"{'sportSlug': 'football', 'statisticsType': 'player'}",,,4.0,1.0,2.0,,,1.0,1.0,1.0,3.0,,,,,,,,,,2.0,,,2.0,,0.8733,1.0746,0.7,,2.0,,,1.0,,,,,,,,,,,,,,,
14131920,2025-09-26,Liga Portugal Betclic,Liga Portugal 25/26,7.0,Home,Gil Vicente,1103333,Franjo Ivanović,F,9,False,12.0,8.0,1.0,,0.0,3.0,5.0,5.0,7.0,2.0,5.0,1.0,2.0,,,,,,,22.0,25.0,6.5,11.0,0.0116163,,,,,,"{'original': 6.5, 'alternative': 6.6}",1,,-0.16,0.07,0.14,,"{'sportSlug': 'football', 'statisticsType': 'player'}",,,5.0,4.0,3.0,,,,,2.0,1.0,,,,,,,,,,,,1.0,,,0.0238,,-0.27,,,,,2.0,,,,,,,,,,,,,,,
14131920,2025-09-26,Liga Portugal Betclic,Liga Portugal 25/26,7.0,Home,Gil Vicente,1201395,Gianluca Prestianni,M,25,False,,,,,,,,,,,,,,,,,,,,,,,,,,,,,,,0,,,,,,"{'sportSlug': 'football', 'statisticsType': 'player'}",,,,,,,,,,,,,,,,,,,,,,,,,,,,,,,,,,,,,,,,,,,,,,,,
14131920,2025-09-26,Liga Portugal Betclic,Liga Portugal 25/26,7.0,Home,Gil Vicente,1410195,Gonçalo Moreira,M,77,False,,,,,,,,,,,,,,,,,,,,,,,,,,,,,,,0,,,,,,"{'sportSlug': 'football', 'statisticsType': 'player'}",,,,,,,,,,,,,,,,,,,,,,,,,,,,,,,,,,,,,,,,,,,,,,,,
14131920,2025-09-26,Liga Portugal Betclic,Liga Portugal 25/26,7.0,Home,Gil Vicente,998870,Henrique Araújo,F,39,False,,,,,,,,,,,,,,,,,,,,,,,,,,,,,,,0,,,,,,"{'sportSlug': 'football', 'statisticsType': 'player'}",,,,,,,,,,,,,,,,,,,,,,,,,,,,,,,,,,,,,,,,,,,,,,,,
14131920,2025-09-26,Liga Portugal Betclic,Liga Portugal 25/26,7.0,Home,Gil Vicente,1158353,João Rêgo,F,84,False,6.0,3.0,,,0.0,2.0,4.0,1.0,2.0,1.0,4.0,,1.0,,,,,,,10.0,15.0,6.5,8.0,0.00243886,,,,,,"{'original': 6.5, 'alternative': 6.2}",0,,0.1,-0.26,,,"{'sportSlug': 'football', 'statisticsType': 'player'}",,,4.0,2.0,3.0,,,1.0,1.0,,1.0,,,,,,,,,,,,,,,,,,,,,,1.0,,,,,,,,,,,,,,,
14131920,2025-09-26,Liga Portugal Betclic,Liga Portugal 25/26,7.0,Home,Gil Vicente,1215905,João Veloso,M,68,False,,,,,0.0,,,,,,,,,,,,,,,1.0,,,,,,,,,,,0,,,,,,"{'sportSlug': 'football', 'statisticsType': 'player'}",,,,,,,,,,,,,,,,,,,,,,,,,,,,,,,,,,,,,,,,,,,,,,,,
14131920,2025-09-26,Liga Portugal Betclic,Liga Portugal 25/26,7.0,Home,Gil Vicente,906800,Leandro Barreiro,M,18,False,9.0,8.0,,,0.0,4.0,4.0,4.0,5.0,1.0,4.0,2.0,2.0,,,,,,,22.0,17.0,6.9,1.0,0.00370754,,,,,,"{'original': 6.9, 'alternative': 7.1}",0,,0.06,-0.06,0.15,,"{'sportSlug': 'football', 'statisticsType': 'player'}",,,1.0,,,,3.0,,,,3.0,,,,,,,,,,,,,,1.0,,,,,,,,,,,,,,,,,,,,,,,
14131920,2025-09-26,Liga Portugal Betclic,Liga Portugal 25/26,7.0,Home,Gil Vicente,983550,Samuel Soares,G,24,False,,,,,,,,,,,,,,,,,,,,,,,,,,,,,,,0,,,,,,"{'sportSlug': 'football', 'statisticsType': 'player'}",,,,,,,,,,,,,,,,,,,,,,,,,,,,,,,,,,,,,,,,,,,,,,,,
14131920,2025-09-26,Liga Portugal Betclic,Liga Portugal 25/26,7.0,Home,Gil Vicente,983542,Tomás Araújo,D,44,False,3.0,2.0,,,0.0,,,2.0,3.0,,2.0,,1.0,,,,,,,10.0,10.0,6.7,3.0,0.00572387,,,,,,"{'original': 6.7, 'alternative': 6.7}",0,,0.04,0.02,0.13,,"{'sportSlug': 'football', 'statisticsType': 'player'}",,,2.0,,1.0,,,1.0,1.0,,,,,,,,,,,,2.0,,,,,,,,,,,,1.0,,,,,,,,,,,,,,,
14566581,2025-09-30,UEFA Champions League,UEFA Champions League 25/26,2.0,Away,Chelsea,1102791,Amar Dedić,D,17,True,46.0,34.0,5.0,2.0,0.0,22.0,30.0,12.0,16.0,1.0,5.0,3.0,7.0,,,,,,,90.0,67.0,6.4,15.0,0.00795434,,,,,,"{'original': 6.4, 'alternative': 6.7}",0,,-0.38,0.27,-0.12,,"{'sportSlug': 'football', 'statisticsType': 'player'}",,,5.0,1.0,2.0,,1.0,3.0,2.0,1.0,,29.088,10.40607,11.0,,,,1.3,0.58,0.24,1.0,,,,1.0,,,,1.0,,,,1.0,,,,,,,,,2.88,5.4,,,,,
14566581,2025-09-30,UEFA Champions League,UEFA Champions League 25/26,2.0,Away,Chelsea,966616,Anatoliy Trubin,G,1,True,29.0,19.0,11.0,1.0,0.0,19.0,20.0,,9.0,,,2.0,5.0,3.0,,3.0,,,,90.0,38.0,7.0,10.0,5.548e-05,,,,,0.6965,"{'original': 7, 'alternative': 6.5}",0,0.1736,0.03,-0.06,0.16,0.53,"{'sportSlug': 'football', 'statisticsType': 'player'}",,,,,,,,,,,,18.468,4.72501,0.0,,,,0.07,0.01,0.0,,,,,,,,,,,,,,,,,,,,,,3.32,1.31,,,,1.0,
14566581,2025-09-30,UEFA Champions League,UEFA Champions League 25/26,2.0,Away,Chelsea,1006069,António Silva,D,4,True,39.0,34.0,3.0,2.0,0.0,27.0,28.0,7.0,11.0,,1.0,1.0,,,,,,,,73.0,42.0,6.3,5.0,0.0023758,,,,,,"{'original': 6.3, 'alternative': 6.3}",0,,0.03,0.04,-0.27,,"{'sportSlug': 'football', 'statisticsType': 'player'}",,,1.0,,,,,1.0,1.0,,,26.928,7.29471,3.0,,,,0.85,0.34,0.06,,,,,1.0,,,,,,,,,,,,1.0,,,,,2.22,3.83,,,,,
14566581,2025-09-30,UEFA Champions League,UEFA Champions League 25/26,2.0,Away,Chelsea,823631,Dodi Lukebakio,M,11,True,19.0,15.0,1.0,,0.0,10.0,11.0,5.0,8.0,,4.0,1.0,4.0,,,,,,,77.0,42.0,6.4,17.0,0.0832009,,,,,,"{'original': 6.4, 'alternative': 6.7}",1,,0.07,0.34,0.21,,"{'sportSlug': 'football', 'statisticsType': 'player'}",2.0,1.0,12.0,6.0,4.0,,,2.0,2.0,3.0,1.0,30.096,7.74255,13.0,,,1.0,0.89,0.47,0.29,1.0,,,1.0,2.0,0.1509,0.2828,0.09,,,,,1.0,,,,,,,,1.0,2.75,3.35,,,,,
14566581,2025-09-30,UEFA Champions League,UEFA Champions League 25/26,2.0,Away,Chelsea,1087316,Enzo Barrenechea,M,5,True,39.0,37.0,2.0,1.0,0.0,24.0,25.0,13.0,14.0,2.0,5.0,3.0,5.0,,,,,,,90.0,53.0,6.7,3.0,0.0187081,,,,,,"{'original': 6.7, 'alternative': 6.5}",1,,0.25,0.03,-0.04,,"{'sportSlug': 'football', 'statisticsType': 'player'}",,,5.0,1.0,1.0,,2.0,1.0,1.0,,2.0,26.784,12.52748,6.0,,,,2.48,0.83,0.12,1.0,1.0,1.0,,1.0,0.2038,,-0.32,2.0,,,,1.0,,,,,,,,,2.63,6.47,,,,,
14566581,2025-09-30,UEFA Champions League,UEFA Champions League 25/26,2.0,Away,Chelsea,228364,Fredrik Aursnes,M,8,True,41.0,37.0,1.0,1.0,0.0,23.0,24.0,14.0,17.0,,3.0,,8.0,,,,,,,89.0,53.0,6.3,8.0,0.0154044,,,,,,"{'original': 6.3, 'alternative': 6.5}",1,,0.0,-0.06,0.22,,"{'sportSlug': 'football', 'statisticsType': 'player'}",1.0,,8.0,3.0,2.0,1.0,1.0,,,,1.0,29.16,11.27512,11.0,,,,2.17,0.91,0.24,,,,,5.0,0.0472,,-0.17,,,,,2.0,,2.0,1.0,,,,,,2.51,5.44,,,,,
14566581,2025-09-30,UEFA Champions League,UEFA Champions League 25/26,2.0,Away,Chelsea,1123925,Georgiy Sudakov,M,10,True,20.0,19.0,,,0.0,10.0,10.0,9.0,10.0,,5.0,1.0,5.0,,,,,,,77.0,39.0,6.6,11.0,0.111347,,,,,,"{'original': 6.6, 'alternative': 6.6}",1,,-0.14,0.12,-0.02,,"{'sportSlug': 'football', 'statisticsType': 'player'}",3.0,1.0,8.0,4.0,3.0,,1.0,1.0,1.0,1.0,3.0,28.476,8.67993,7.0,,,1.0,1.45,0.58,0.16,,,1.0,,,0.0213,,-0.06,2.0,,,,1.0,,,,,,,,,2.46,4.03,,,,,
14566581,2025-09-30,UEFA Champions League,UEFA Champions League 25/26,2.0,Away,Chelsea,74915,Nicolás Otamendi,D,30,True,50.0,40.0,5.0,,0.0,27.0,32.0,13.0,18.0,1.0,4.0,3.0,2.0,,,,,,,90.0,66.0,6.4,14.0,0.103539,,,,,,"{'original': 6.4, 'alternative': 7}",1,,0.06,0.09,-0.14,,"{'sportSlug': 'football', 'statisticsType': 'player'}",2.0,,3.0,,,,2.0,2.0,2.0,2.0,1.0,26.928,9.98567,5.0,,,,1.34,0.55,0.1,2.0,,,1.0,1.0,0.0795,0.048,0.01,,,,,,,,,,,,,,3.06,4.94,,,,,
14566581,2025-09-30,UEFA Champions League,UEFA Champions League 25/26,2.0,Away,Chelsea,1015292,Richard Ríos,M,20,True,21.0,18.0,1.0,,0.0,14.0,15.0,4.0,6.0,1.0,4.0,3.0,4.0,,,,,,,77.0,38.0,5.9,7.0,0.00238412,,,,,,"{'original': 5.9, 'alternative': 6.7}",1,,-0.1,0.29,-0.59,,"{'sportSlug': 'football', 'statisticsType': 'player'}",,,3.0,1.0,2.0,,2.0,,,2.0,1.0,28.512,9.07859,10.0,,,,1.42,0.63,0.19,,,,1.0,2.0,0.1598,0.232,-0.51,,,,,2.0,,,,,,,,,2.33,4.51,,,,,1.0
14566581,2025-09-30,UEFA Champions League,UEFA Champions League 25/26,2.0,Away,Chelsea,993101,Samuel Dahl,D,26,True,25.0,20.0,1.0,,0.0,12.0,14.0,8.0,11.0,1.0,4.0,2.0,4.0,,,,,,,90.0,48.0,6.7,12.0,0.193274,,,,,,"{'original': 6.7, 'alternative': 7}",0,,0.28,0.09,-0.19,,"{'sportSlug': 'football', 'statisticsType': 'player'}",2.0,1.0,4.0,1.0,1.0,,1.0,2.0,1.0,3.0,,30.312,10.66574,16.0,,,3.0,1.55,0.74,0.35,1.0,,,,1.0,,,,1.0,,1.0,,1.0,,,,,,,,,2.87,5.15,,,,,
14566581,2025-09-30,UEFA Champions League,UEFA Champions League 25/26,2.0,Away,Chelsea,795236,Vangelis Pavlidis,F,14,True,22.0,16.0,2.0,1.0,0.0,3.0,3.0,13.0,19.0,1.0,4.0,,1.0,,,,,,,90.0,33.0,6.5,9.0,0.0936282,,,,,,"{'original': 6.5, 'alternative': 7}",1,,-0.12,0.16,0.13,,"{'sportSlug': 'football', 'statisticsType': 'player'}",,,5.0,2.0,2.0,,,1.0,1.0,,1.0,29.304,11.58854,10.0,,,2.0,1.94,0.76,0.22,2.0,,1.0,,,0.1385,,-0.31,,,,,1.0,,,,,,,,,2.77,5.89,,,,,
14566581,2025-09-30,UEFA Champions League,UEFA Champions League 25/26,2.0,Away,Chelsea,1100952,Andreas Schjelderup,M,21,False,13.0,11.0,,,0.0,2.0,3.0,9.0,10.0,1.0,2.0,,1.0,,,,,,,13.0,15.0,6.7,3.0,0.0343115,,,,,,"{'original': 6.7, 'alternative': 6.8}",0,,-0.09,0.26,0.14,,"{'sportSlug': 'football', 'statisticsType': 'player'}",,,,,,,,1.0,,1.0,,27.828,2.67742,3.0,,,,0.55,0.26,0.06,,,,,,,,,,,,,,,,,,,,,,0.6,1.2,,,,,
14566581,2025-09-30,UEFA Champions League,UEFA Champions League 25/26,2.0,Away,Chelsea,1489159,Diogo Ferreira,G,50,False,,,,,,,,,,,,,,,,,,,,,,,,,,,,,,,0,,,,,,"{'sportSlug': 'football', 'statisticsType': 'player'}",,,,,,,,,,,,,,,,,,,,,,,,,,,,,,,,,,,,,,,,,,,,,,,,
14566581,2025-09-30,UEFA Champions League,UEFA Champions League 25/26,2.0,Away,Chelsea,1146008,Diogo Prioste,M,86,False,,,,,,,,,,,,,,,,,,,,,,,,,,,,,,,0,,,,,,"{'sportSlug': 'football', 'statisticsType': 'player'}",,,,,,,,,,,,,,,,,,,,,,,,,,,,,,,,,,,,,,,,,,,,,,,,
14566581,2025-09-30,UEFA Champions League,UEFA Champions League 25/26,2.0,Away,Chelsea,1103333,Franjo Ivanović,F,9,False,10.0,6.0,,,0.0,,2.0,6.0,8.0,,5.0,,3.0,,,,,,,13.0,23.0,6.7,9.0,0.0084371,,,,,,"{'original': 6.7, 'alternative': 7}",2,,-0.08,0.07,-0.07,,"{'sportSlug': 'football', 'statisticsType': 'player'}",1.0,,3.0,,6.0,,,1.0,1.0,2.0,,30.636,2.52781,3.0,,,,0.41,0.2,0.09,,,1.0,,,0.054,,-0.39,1.0,,,,4.0,,,1.0,,,,,,0.65,1.18,,,,,
14566581,2025-09-30,UEFA Champions League,UEFA Champions League 25/26,2.0,Away,Chelsea,1432417,Gonçalo Oliveira,D,64,False,,,,,,,,,,,,,,,,,,,,,,,,,,,,,,,0,,,,,,"{'sportSlug': 'football', 'statisticsType': 'player'}",,,,,,,,,,,,,,,,,,,,,,,,,,,,,,,,,,,,,,,,,,,,,,,,
14566581,2025-09-30,UEFA Champions League,UEFA Champions League 25/26,2.0,Away,Chelsea,998870,Henrique Araújo,F,39,False,2.0,1.0,,,0.0,,,1.0,2.0,,,,,,,,,,,8.0,4.0,6.3,2.0,0.00016595,,,,,,"{'original': 6.3, 'alternative': 6.4}",0,,-0.25,,0.0,,"{'sportSlug': 'football', 'statisticsType': 'player'}",,,1.0,1.0,,,,,,,,30.204,1.12696,3.0,,,,0.19,0.12,0.07,,,,,,,,,,,,,,,,,,,,,,0.24,0.5,,,,,
14566581,2025-09-30,UEFA Champions League,UEFA Champions League 25/26,2.0,Away,Chelsea,1158353,João Rêgo,F,84,False,,,,,,,,,,,,,,,,,,,,,,,,,,,,,,,0,,,,,,"{'sportSlug': 'football', 'statisticsType': 'player'}",,,,,,,,,,,,,,,,,,,,,,,,,,,,,,,,,,,,,,,,,,,,,,,,
14566581,2025-09-30,UEFA Champions League,UEFA Champions League 25/26,2.0,Away,Chelsea,1215905,João Veloso,M,68,False,,,,,,,,,,,,,,,,,,,,,,,,,,,,,,,0,,,,,,"{'sportSlug': 'football', 'statisticsType': 'player'}",,,,,,,,,,,,,,,,,,,,,,,,,,,,,,,,,,,,,,,,,,,,,,,,
14566581,2025-09-30,UEFA Champions League,UEFA Champions League 25/26,2.0,Away,Chelsea,906800,Leandro Barreiro,M,18,False,9.0,8.0,1.0,1.0,0.0,4.0,5.0,4.0,4.0,1.0,5.0,,1.0,,,,,,,13.0,15.0,7.1,2.0,0.00166028,,,,,,"{'original': 7.1, 'alternative': 6.9}",0,,-0.01,0.14,0.19,,"{'sportSlug': 'football', 'statisticsType': 'player'}",,,,,,,,2.0,1.0,1.0,2.0,28.548,2.82448,3.0,,,,0.69,0.28,0.07,,,,,,,,,,,,,,,,,,,,,,0.55,1.23,,,,,
14566581,2025-09-30,UEFA Champions League,UEFA Champions League 25/26,2.0,Away,Chelsea,1142692,Rafael Obrador,M,3,False,,,,,,,,,,,,,,,,,,,,,,,,,,,,,,,0,,,,,,"{'sportSlug': 'football', 'statisticsType': 'player'}",,,,,,,,,,,,,,,,,,,,,,,,,,,,,,,,,,,,,,,,,,,,,,,,
14566581,2025-09-30,UEFA Champions League,UEFA Champions League 25/26,2.0,Away,Chelsea,983550,Samuel Soares,G,24,False,,,,,,,,,,,,,,,,,,,,,,,,,,,,,,,0,,,,,,"{'sportSlug': 'football', 'statisticsType': 'player'}",,,,,,,,,,,,,,,,,,,,,,,,,,,,,,,,,,,,,,,,,,,,,,,,
14566581,2025-09-30,UEFA Champions League,UEFA Champions League 25/26,2.0,Away,Chelsea,983542,Tomás Araújo,D,44,False,17.0,16.0,1.0,1.0,0.0,9.0,9.0,7.0,8.0,1.0,2.0,3.0,1.0,,,,,,,17.0,22.0,7.1,1.0,0.00236762,,,,,,"{'original': 7.1, 'alternative': 6.8}",0,,0.04,0.03,0.27,,"{'sportSlug': 'football', 'statisticsType': 'player'}",,,,,,,1.0,,,,1.0,26.424,2.59157,1.0,,,,0.39,0.14,0.03,,,,,,,,,,,,,,,,,,,,,,0.8,1.24,,,,,
14131931,2025-10-05,Liga Portugal Betclic,Liga Portugal 25/26,8.0,Away,FC Porto,1102791,Amar Dedić,D,17,True,37.0,25.0,3.0,,0.0,12.0,18.0,13.0,19.0,1.0,3.0,6.0,2.0,,,,,,,90.0,60.0,6.5,20.0,0.037355,,,,,,"{'original': 6.5, 'alternative': 6.6}",0,,-0.04,0.29,-0.01,,"{'sportSlug': 'football', 'statisticsType': 'player'}",,,5.0,1.0,5.0,,,,,2.0,,32.19,9.86,17.0,,,,1.08,0.57,0.31,,,,,1.0,,,,,,,,2.0,,,,,,,,,,,,,,,
14131931,2025-10-05,Liga Portugal Betclic,Liga Portugal 25/26,8.0,Away,FC Porto,966616,Anatoliy Trubin,G,1,True,29.0,13.0,20.0,4.0,0.0,11.0,13.0,2.0,16.0,,,,9.0,1.0,,2.0,,,,90.0,35.0,7.0,17.0,0.00111756,,,,,0.468,"{'original': 7, 'alternative': 7}",0,0.6098,0.03,-0.05,0.18,0.4,"{'sportSlug': 'football', 'statisticsType': 'player'}",,,,,,,,,,,,,,,,,,,,,,,,,,,,,,,,,,,,,,,,,,,,,,,,
14131931,2025-10-05,Liga Portugal Betclic,Liga Portugal 25/26,8.0,Away,FC Porto,1006069,António Silva,D,4,True,39.0,33.0,5.0,1.0,0.0,28.0,31.0,5.0,8.0,,2.0,5.0,3.0,,,,,,,90.0,51.0,7.4,6.0,0.00136059,,,,,,"{'original': 7.4, 'alternative': 7.3}",0,,0.08,0.0,0.95,,"{'sportSlug': 'football', 'statisticsType': 'player'}",,,1.0,,,1.0,2.0,1.0,1.0,,1.0,32.6,9.13,7.0,,,,0.88,0.42,0.15,1.0,,,,,,,,,,,,,,,,,,,,,,,1.0,,,,
14131931,2025-10-05,Liga Portugal Betclic,Liga Portugal 25/26,8.0,Away,FC Porto,823631,Dodi Lukebakio,M,11,True,23.0,20.0,,,0.0,6.0,6.0,14.0,17.0,,7.0,2.0,,,,,,,,80.0,42.0,7.0,10.0,0.0231156,,,,,,"{'original': 7, 'alternative': 7.3}",0,,-0.26,0.13,-0.07,,"{'sportSlug': 'football', 'statisticsType': 'player'}",3.0,,,,3.0,,1.0,1.0,1.0,4.0,3.0,34.76,7.19,11.0,,,1.0,0.74,0.35,0.21,,,,,,,,,,,,,3.0,,,,1.0,,,,,,,,,,,
14131931,2025-10-05,Liga Portugal Betclic,Liga Portugal 25/26,8.0,Away,FC Porto,1087316,Enzo Barrenechea,M,5,True,71.0,64.0,12.0,9.0,0.0,35.0,38.0,29.0,33.0,2.0,6.0,3.0,6.0,,,,,,,90.0,83.0,7.6,8.0,0.0158948,,,,,,"{'original': 7.6, 'alternative': 7.4}",0,,0.05,0.11,0.28,,"{'sportSlug': 'football', 'statisticsType': 'player'}",,,1.0,,,,2.0,3.0,2.0,1.0,1.0,28.9,10.89,10.0,,,,1.84,0.77,0.1,,,,,,,,,1.0,,,,,,,,,,,,1.0,,,,,,,
14131931,2025-10-05,Liga Portugal Betclic,Liga Portugal 25/26,8.0,Away,FC Porto,228364,Fredrik Aursnes,M,8,True,31.0,26.0,2.0,,0.0,16.0,18.0,10.0,13.0,1.0,2.0,1.0,3.0,,,,,,,90.0,40.0,6.6,7.0,0.00503311,,,,,,"{'original': 6.6, 'alternative': 6.7}",0,,-0.12,0.02,0.13,,"{'sportSlug': 'football', 'statisticsType': 'player'}",1.0,,1.0,,,,,1.0,1.0,1.0,,33.38,11.09,13.0,,,,1.84,0.77,0.21,,,,,1.0,,,,,,,,,,,,,,,,,,,,,,,
14131931,2025-10-05,Liga Portugal Betclic,Liga Portugal 25/26,8.0,Away,FC Porto,1123925,Georgiy Sudakov,M,10,True,31.0,27.0,,,0.0,11.0,13.0,16.0,18.0,,10.0,,3.0,,,,,,,89.0,50.0,7.4,10.0,0.0319739,,,,,,"{'original': 7.4, 'alternative': 7.3}",1,,-0.08,0.01,0.15,,"{'sportSlug': 'football', 'statisticsType': 'player'}",4.0,1.0,2.0,2.0,2.0,,,4.0,3.0,1.0,4.0,30.73,10.21,8.0,,,,1.82,0.44,0.09,,,,1.0,,0.048,0.3295,0.14,,,,,2.0,,,,,,,,,,,,,,,
14131931,2025-10-05,Liga Portugal Betclic,Liga Portugal 25/26,8.0,Away,FC Porto,74915,Nicolás Otamendi,D,30,True,58.0,52.0,8.0,4.0,0.0,34.0,35.0,18.0,23.0,2.0,4.0,7.0,2.0,,,,,,,90.0,72.0,6.9,7.0,0.0055475,,,,,,"{'original': 6.9, 'alternative': 6.9}",0,,0.13,0.07,-0.03,,"{'sportSlug': 'football', 'statisticsType': 'player'}",,,5.0,,,,2.0,2.0,1.0,1.0,,30.72,8.65,11.0,,,,0.9,0.5,0.1,2.0,,,,1.0,,,,2.0,,,,,,,,1.0,,,,,,,,,,,
14131931,2025-10-05,Liga Portugal Betclic,Liga Portugal 25/26,8.0,Away,FC Porto,1015292,Richard Ríos,M,20,True,27.0,24.0,2.0,1.0,0.0,13.0,14.0,11.0,13.0,,7.0,1.0,4.0,,,,,,,90.0,43.0,6.9,7.0,0.0187895,,,,,,"{'original': 6.9, 'alternative': 6.9}",1,,0.03,0.1,-0.04,,"{'sportSlug': 'football', 'statisticsType': 'player'}",,,5.0,,4.0,,,2.0,2.0,3.0,2.0,30.56,10.04,15.0,,,,1.52,0.67,0.18,1.0,,1.0,,1.0,0.0415,,-0.03,2.0,,,,3.0,,,,,,,,,,,,,,,
14131931,2025-10-05,Liga Portugal Betclic,Liga Portugal 25/26,8.0,Away,FC Porto,993101,Samuel Dahl,D,26,True,43.0,34.0,6.0,4.0,0.0,21.0,26.0,13.0,17.0,,4.0,3.0,7.0,,,,,,,89.0,67.0,6.9,13.0,0.00694344,,,,,,"{'original': 6.9, 'alternative': 7.4}",1,,0.04,0.04,0.23,,"{'sportSlug': 'football', 'statisticsType': 'player'}",,,3.0,,3.0,1.0,,2.0,,1.0,1.0,31.49,9.82,12.0,,,1.0,1.3,0.55,0.15,1.0,,1.0,,,0.0096,,-0.03,,,,,1.0,,,,,,,,,,,,,,,
14131931,2025-10-05,Liga Portugal Betclic,Liga Portugal 25/26,8.0,Away,FC Porto,795236,Vangelis Pavlidis,F,14,True,22.0,12.0,1.0,,0.0,7.0,13.0,5.0,9.0,1.0,4.0,,2.0,,,,,,,90.0,32.0,6.1,13.0,0.00098779,,,,,,"{'original': 6.1, 'alternative': 6.6}",1,,0.07,0.14,0.3,,"{'sportSlug': 'football', 'statisticsType': 'player'}",1.0,,10.0,1.0,1.0,,,2.0,1.0,,2.0,31.91,10.48,8.0,,,,1.54,0.55,0.1,6.0,,,,2.0,0.0223,,-0.12,,,,,,,,1.0,,,,,,,,,,,,
14131931,2025-10-05,Liga Portugal Betclic,Liga Portugal 25/26,8.0,Away,FC Porto,1100952,Andreas Schjelderup,M,21,False,,,,,,,,,,,,,,,,,,,,,,,,,,,,,,,0,,,,,,"{'sportSlug': 'football', 'statisticsType': 'player'}",,,,,,,,,,,,,,,,,,,,,,,,,,,,,,,,,,,,,,,,,,,,,,,,
14131931,2025-10-05,Liga Portugal Betclic,Liga Portugal 25/26,8.0,Away,FC Porto,1103333,Franjo Ivanović,F,9,False,,,,,,,,,,,,,,,,,,,,,,,,,,,,,,,0,,,,,,"{'sportSlug': 'football', 'statisticsType': 'player'}",,,,,,,,,,,,,,,,,,,,,,,,,,,,,,,,,,,,,,,,,,,,,,,,
14131931,2025-10-05,Liga Portugal Betclic,Liga Portugal 25/26,8.0,Away,FC Porto,1432417,Gonçalo Oliveira,D,64,False,,,,,,,,,,,,,,,,,,,,,,,,,,,,,,,0,,,,,,"{'sportSlug': 'football', 'statisticsType': 'player'}",,,,,,,,,,,,,,,,,,,,,,,,,,,,,,,,,,,,,,,,,,,,,,,,
14131931,2025-10-05,Liga Portugal Betclic,Liga Portugal 25/26,8.0,Away,FC Porto,998870,Henrique Araújo,F,39,False,,,,,,,,,,,,,,,,,,,,,,,,,,,,,,,0,,,,,,"{'sportSlug': 'football', 'statisticsType': 'player'}",,,,,,,,,,,,,,,,,,,,,,,,,,,,,,,,,,,,,,,,,,,,,,,,
14131931,2025-10-05,Liga Portugal Betclic,Liga Portugal 25/26,8.0,Away,FC Porto,1158181,Ivan Lima,F,90,False,,,,,,,,,,,,,,,,,,,,,,,,,,,,,,,0,,,,,,"{'sportSlug': 'football', 'statisticsType': 'player'}",,,,,,,,,,,,,,,,,,,,,,,,,,,,,,,,,,,,,,,,,,,,,,,,
14131931,2025-10-05,Liga Portugal Betclic,Liga Portugal 25/26,8.0,Away,FC Porto,1158353,João Rêgo,F,84,False,,,,,0.0,,,,,,,,,,,,,,,1.0,,,,,,,,,,,0,,,,,,"{'sportSlug': 'football', 'statisticsType': 'player'}",,,,,,,,,,,,22.74,0.21,0.0,,,,0.03,0.01,0.0,,,,,,,,,,,,,,,,,,,,,,,,,,,,
14131931,2025-10-05,Liga Portugal Betclic,Liga Portugal 25/26,8.0,Away,FC Porto,906800,Leandro Barreiro,M,18,False,5.0,3.0,,,0.0,2.0,2.0,1.0,3.0,,1.0,,,,,,,,,10.0,8.0,6.6,3.0,0.00045579,,,,,,"{'original': 6.6, 'alternative': 6.6}",0,,-0.09,,0.0,,"{'sportSlug': 'football', 'statisticsType': 'player'}",1.0,,,,,,,,,,1.0,28.59,2.1,4.0,,,,0.44,0.2,0.05,,,,,,,,,,,,,,,,,,,,,,,,,,,,
14131931,2025-10-05,Liga Portugal Betclic,Liga Portugal 25/26,8.0,Away,FC Porto,983550,Samuel Soares,G,24,False,,,,,,,,,,,,,,,,,,,,,,,,,,,,,,,0,,,,,,"{'sportSlug': 'football', 'statisticsType': 'player'}",,,,,,,,,,,,,,,,,,,,,,,,,,,,,,,,,,,,,,,,,,,,,,,,
14131931,2025-10-05,Liga Portugal Betclic,Liga Portugal 25/26,8.0,Away,FC Porto,983542,Tomás Araújo,D,44,False,1.0,1.0,1.0,1.0,0.0,1.0,1.0,,,,,,,,,,,,,1.0,1.0,,,0.00011638,,,,,,,0,,,,,,"{'sportSlug': 'football', 'statisticsType': 'player'}",,,,,,,,,,,,26.3,0.55,1.0,,,,0.06,0.05,0.0,,,,,,,,,,,,,,,,,,,,,,,,,,,,
14773643,2025-10-17,Taça de Portugal,Taca de Portugal 25/26,3.0,Away,Chaves,1102791,Amar Dedić,D,17,True,62.0,57.0,4.0,3.0,0.0,27.0,29.0,30.0,33.0,1.0,1.0,,5.0,,,,,,,90.0,77.0,7.1,9.0,,,,,,,"{'original': 7.1, 'alternative': 6.7}",0,,0.25,0.24,0.19,,"{'sportSlug': 'football', 'statisticsType': 'player'}",,,5.0,1.0,2.0,,,,,1.0,,,,,,,,,,,1.0,,,,1.0,,,,,,,,,,,,,,,,,,,,,,,
14773643,2025-10-17,Taça de Portugal,Taca de Portugal 25/26,3.0,Away,Chaves,1006069,António Silva,D,4,True,69.0,67.0,7.0,5.0,0.0,47.0,48.0,20.0,21.0,2.0,2.0,8.0,2.0,,,,,,,90.0,81.0,7.5,2.0,,,,,,,"{'original': 7.5, 'alternative': 7.3}",0,,0.28,0.17,0.31,,"{'sportSlug': 'football', 'statisticsType': 'player'}",,,1.0,,,,1.0,,,,,,,,,,,,,,,,,,1.0,,,,,,,,,,,,,,,,,,,,,,,
14773643,2025-10-17,Taça de Portugal,Taca de Portugal 25/26,3.0,Away,Chaves,823631,Dodi Lukebakio,M,11,True,30.0,27.0,3.0,2.0,0.0,11.0,13.0,16.0,17.0,2.0,7.0,,2.0,,,,,,,76.0,46.0,6.6,9.0,,,,,,,"{'original': 6.6, 'alternative': 7}",2,,-0.28,-0.09,-0.03,,"{'sportSlug': 'football', 'statisticsType': 'player'}",2.0,,3.0,2.0,,,,1.0,1.0,2.0,4.0,,,,,,1.0,,,,,1.0,,2.0,1.0,,,0.04,,,,,,,,,,,,,,,,,,,,
14773643,2025-10-17,Taça de Portugal,Taca de Portugal 25/26,3.0,Away,Chaves,1087316,Enzo Barrenechea,M,5,True,91.0,81.0,10.0,5.0,0.0,36.0,39.0,45.0,52.0,1.0,6.0,1.0,3.0,,,,,,,90.0,102.0,7.1,11.0,,,,,,,"{'original': 7.1, 'alternative': 7}",2,,0.27,0.09,0.15,,"{'sportSlug': 'football', 'statisticsType': 'player'}",,,5.0,,,,,3.0,1.0,1.0,2.0,,,,,,,,,,1.0,1.0,,2.0,4.0,,,-0.35,,,,,,,,,,,,,,,,,,,,
14773643,2025-10-17,Taça de Portugal,Taca de Portugal 25/26,3.0,Away,Chaves,228364,Fredrik Aursnes,M,8,True,58.0,47.0,3.0,1.0,0.0,20.0,20.0,27.0,38.0,,2.0,,6.0,,,,,,,89.0,72.0,6.1,15.0,,,,,,,"{'original': 6.1, 'alternative': 7}",0,,-0.22,0.09,-0.01,,"{'sportSlug': 'football', 'statisticsType': 'player'}",1.0,1.0,7.0,,3.0,,,,,1.0,2.0,,,,,,2.0,,,,3.0,,,,1.0,,,,,,1.0,,,,,,,,,,,,,,,,,
14773643,2025-10-17,Taça de Portugal,Taca de Portugal 25/26,3.0,Away,Chaves,1123925,Georgiy Sudakov,M,10,True,55.0,49.0,4.0,4.0,1.0,9.0,10.0,40.0,45.0,1.0,4.0,,3.0,,,,,,,89.0,75.0,7.5,16.0,,,,,,,"{'original': 7.5, 'alternative': 7.5}",0,,0.51,0.28,-0.01,,"{'sportSlug': 'football', 'statisticsType': 'player'}",4.0,2.0,7.0,4.0,1.0,1.0,2.0,2.0,2.0,2.0,1.0,,,,,,3.0,,,,,,,,1.0,,,,1.0,,,,,,,,,,,,,,,,,,,
14773643,2025-10-17,Taça de Portugal,Taca de Portugal 25/26,3.0,Away,Chaves,1158353,João Rêgo,F,84,True,11.0,8.0,,,0.0,,,8.0,11.0,2.0,4.0,1.0,2.0,,,,,,,45.0,17.0,6.4,5.0,,,,,,,"{'original': 6.4, 'alternative': 6.6}",1,,-0.16,0.14,0.13,,"{'sportSlug': 'football', 'statisticsType': 'player'}",1.0,,4.0,,,,,,,1.0,2.0,,,,,,,,,,2.0,,,,3.0,,,-0.13,,,,,,,,1.0,,,,,,,,,,,,
14773643,2025-10-17,Taça de Portugal,Taca de Portugal 25/26,3.0,Away,Chaves,993101,Samuel Dahl,D,26,True,49.0,44.0,3.0,,0.0,23.0,23.0,21.0,26.0,,4.0,2.0,3.0,,,,,,,90.0,62.0,7.1,5.0,,,,,,,"{'original': 7.1, 'alternative': 7.4}",0,,-0.19,0.09,0.23,,"{'sportSlug': 'football', 'statisticsType': 'player'}",,,1.0,,,2.0,,2.0,,,2.0,,,,,,,,,,,,,,,,,,1.0,,,,,,,,,,,,,,,,,,,
14773643,2025-10-17,Taça de Portugal,Taca de Portugal 25/26,3.0,Away,Chaves,983550,Samuel Soares,G,24,True,19.0,13.0,11.0,5.0,0.0,12.0,13.0,1.0,6.0,2.0,2.0,1.0,3.0,2.0,,3.0,,,,90.0,29.0,7.5,6.0,,,,,,0.3516,"{'original': 7.5, 'alternative': 7.1}",0,,0.05,0.0,-0.05,0.33,"{'sportSlug': 'football', 'statisticsType': 'player'}",,,,,,,,,,,1.0,,,,,,,,,,,,,,,,,,,,,,,,,,1.0,,,,,,,,,,,
14773643,2025-10-17,Taça de Portugal,Taca de Portugal 25/26,3.0,Away,Chaves,983542,Tomás Araújo,D,44,True,83.0,79.0,11.0,9.0,0.0,47.0,48.0,32.0,35.0,1.0,2.0,4.0,3.0,,,,,,,90.0,90.0,8.1,4.0,,,,,,,"{'original': 8.1, 'alternative': 7.6}",0,,0.44,0.21,0.42,,"{'sportSlug': 'football', 'statisticsType': 'player'}",,,1.0,,,1.0,,1.0,1.0,,,,,,,,,,,,1.0,,,,,,,,,,,,,,,,,,,,,,,,,,,
14773643,2025-10-17,Taça de Portugal,Taca de Portugal 25/26,3.0,Away,Chaves,795236,Vangelis Pavlidis,F,14,True,20.0,14.0,1.0,1.0,0.0,6.0,6.0,8.0,14.0,2.0,4.0,,3.0,,,,,,,82.0,36.0,8.5,12.0,,,,,,,"{'original': 8.5, 'alternative': 8.6}",4,,-0.31,0.12,0.14,,"{'sportSlug': 'football', 'statisticsType': 'player'}",1.0,,8.0,3.0,2.0,,,,,1.0,2.0,,,,,,,,,,3.0,,1.0,3.0,1.0,,,0.84,,2.0,,,1.0,,,,,,,,,,,,,,,
14773643,2025-10-17,Taça de Portugal,Taca de Portugal 25/26,3.0,Away,Chaves,966616,Anatoliy Trubin,G,1,False,,,,,,,,,,,,,,,,,,,,,,,,,,,,,,,0,,,,,,"{'sportSlug': 'football', 'statisticsType': 'player'}",,,,,,,,,,,,,,,,,,,,,,,,,,,,,,,,,,,,,,,,,,,,,,,,
14773643,2025-10-17,Taça de Portugal,Taca de Portugal 25/26,3.0,Away,Chaves,1100952,Andreas Schjelderup,M,21,False,16.0,11.0,,,0.0,4.0,5.0,7.0,11.0,,3.0,1.0,,,,,,,,45.0,28.0,6.4,7.0,,,,,,,"{'original': 6.4, 'alternative': 6.7}",0,,-0.18,0.05,-0.04,,"{'sportSlug': 'football', 'statisticsType': 'player'}",1.0,,5.0,,2.0,,,,,,2.0,,,,,,1.0,,,,,,,,2.0,,,,2.0,,,,1.0,,,,,,,,,,,,,,,
14773643,2025-10-17,Taça de Portugal,Taca de Portugal 25/26,3.0,Away,Chaves,1103333,Franjo Ivanović,F,9,False,1.0,1.0,,,0.0,,,1.0,1.0,,,,1.0,,,,,,,8.0,2.0,6.5,,,,,,,,"{'original': 6.5, 'alternative': 6.6}",1,,-0.02,,0.0,,"{'sportSlug': 'football', 'statisticsType': 'player'}",,,,,,,,,,,,,,,,,,,,,,,,,,,,0.01,,,,,,,,1.0,,,,,,,,,,,,
14773643,2025-10-17,Taça de Portugal,Taca de Portugal 25/26,3.0,Away,Chaves,998870,Henrique Araújo,F,39,False,,,,,,,,,,,,,,,,,,,,,,,,,,,,,,,0,,,,,,"{'sportSlug': 'football', 'statisticsType': 'player'}",,,,,,,,,,,,,,,,,,,,,,,,,,,,,,,,,,,,,,,,,,,,,,,,
14773643,2025-10-17,Taça de Portugal,Taca de Portugal 25/26,3.0,Away,Chaves,1158181,Ivan Lima,F,90,False,,,,,0.0,,,,,,1.0,,1.0,,,,,,,1.0,1.0,,,,,,,,,,0,,,,,,"{'sportSlug': 'football', 'statisticsType': 'player'}",,,,,,,,,,,1.0,,,,,,,,,,,,,,,,,,,,,,,,,,,,,,,,,,,,,
14773643,2025-10-17,Taça de Portugal,Taca de Portugal 25/26,3.0,Away,Chaves,1215905,João Veloso,M,68,False,3.0,3.0,,,0.0,2.0,2.0,1.0,1.0,,,,,,,,,,,1.0,3.0,,,,,,,,,,0,,,,,,"{'sportSlug': 'football', 'statisticsType': 'player'}",,,,,,,,,,,,,,,,,,,,,,,,,,,,,,,,,,,,,,,,,,,,,,,,
14773643,2025-10-17,Taça de Portugal,Taca de Portugal 25/26,3.0,Away,Chaves,906800,Leandro Barreiro,M,18,False,3.0,3.0,,,0.0,,,3.0,3.0,,1.0,,,,,,,,,14.0,4.0,6.7,,,,,,,,"{'original': 6.7, 'alternative': 6.7}",0,,0.04,0.04,0.13,,"{'sportSlug': 'football', 'statisticsType': 'player'}",,,,,,,,1.0,1.0,,,,,,,,,,,,,,,,,,,,,,,,,,,,,,,,,,,,,,,
14773643,2025-10-17,Taça de Portugal,Taca de Portugal 25/26,3.0,Away,Chaves,1489200,Leandro Santos,D,71,False,,,,,,,,,,,,,,,,,,,,,,,,,,,,,,,0,,,,,,"{'sportSlug': 'football', 'statisticsType': 'player'}",,,,,,,,,,,,,,,,,,,,,,,,,,,,,,,,,,,,,,,,,,,,,,,,
14773643,2025-10-17,Taça de Portugal,Taca de Portugal 25/26,3.0,Away,Chaves,74915,Nicolás Otamendi,D,30,False,,,,,,,,,,,,,,,,,,,,,,,,,,,,,,,0,,,,,,"{'sportSlug': 'football', 'statisticsType': 'player'}",,,,,,,,,,,,,,,,,,,,,,,,,,,,,,,,,,,,,,,,,,,,,,,,
14566956,2025-10-21,UEFA Champions League,UEFA Champions League 25/26,3.0,Away,Newcastle United,1102791,Amar Dedić,D,17,True,18.0,14.0,1.0,,0.0,9.0,11.0,5.0,7.0,1.0,4.0,,1.0,,,,,,,63.0,32.0,6.2,8.0,0.00111443,,,,,,"{'original': 6.2, 'alternative': 6.3}",0,,-0.11,0.12,-0.19,,"{'sportSlug': 'football', 'statisticsType': 'player'}",,,5.0,1.0,2.0,,,1.0,1.0,2.0,1.0,31.428,7.08885,11.0,,,,0.9,0.5,0.26,1.0,,,,2.0,,,,,,,,1.0,,,,,,,,,2.03,3.39,,,,,
14566956,2025-10-21,UEFA Champions League,UEFA Champions League 25/26,3.0,Away,Newcastle United,966616,Anatoliy Trubin,G,1,True,23.0,11.0,13.0,2.0,0.0,9.0,14.0,2.0,9.0,2.0,4.0,2.0,7.0,4.0,,7.0,1.0,,,90.0,39.0,8.9,12.0,0.00025289,,,,,1.3057,"{'original': 8.9, 'alternative': 7.8}",0,0.1642,-0.06,-0.01,-0.14,0.64,"{'sportSlug': 'football', 'statisticsType': 'player'}",,,,,,,,,,,2.0,18.468,4.56172,0.0,,,,0.07,0.01,0.0,,,,,,,,,,,,,,,,,,,,1.0,,3.28,1.19,,,,,
14566956,2025-10-21,UEFA Champions League,UEFA Champions League 25/26,3.0,Away,Newcastle United,1006069,António Silva,D,4,True,45.0,35.0,11.0,4.0,0.0,28.0,31.0,7.0,14.0,1.0,1.0,7.0,1.0,,,,,,,90.0,57.0,6.2,11.0,0.00885767,,,,,,"{'original': 6.2, 'alternative': 6.6}",0,,0.01,0.1,-0.23,,"{'sportSlug': 'football', 'statisticsType': 'player'}",,,2.0,,,1.0,2.0,,,,,27.792,9.57574,7.0,,,,1.22,0.51,0.13,2.0,,,,,,,,,,,,,,,,,,,,,2.82,4.91,,,,,
14566956,2025-10-21,UEFA Champions League,UEFA Champions League 25/26,3.0,Away,Newcastle United,823631,Dodi Lukebakio,M,11,True,26.0,23.0,1.0,,0.0,12.0,14.0,11.0,12.0,1.0,8.0,,3.0,,,,,,,90.0,52.0,6.7,16.0,0.0485785,,,,,,"{'original': 6.7, 'alternative': 6.6}",4,,-0.35,0.41,-0.05,,"{'sportSlug': 'football', 'statisticsType': 'player'}",7.0,1.0,5.0,1.0,4.0,,,2.0,1.0,4.0,3.0,31.896,9.49694,9.0,,,1.0,1.15,0.49,0.24,,1.0,1.0,2.0,1.0,0.254,0.1974,-0.17,1.0,,,,2.0,,,1.0,,,,,1.0,3.24,4.38,,,,,
14566956,2025-10-21,UEFA Champions League,UEFA Champions League 25/26,3.0,Away,Newcastle United,1087316,Enzo Barrenechea,M,5,True,66.0,59.0,7.0,4.0,0.0,38.0,39.0,21.0,27.0,,9.0,3.0,8.0,,,,,,,90.0,85.0,7.1,8.0,0.0163683,,,,,,"{'original': 7.1, 'alternative': 7.6}",1,,0.04,0.09,-0.14,,"{'sportSlug': 'football', 'statisticsType': 'player'}",,,3.0,,,,1.0,6.0,5.0,1.0,3.0,27.936,11.649,7.0,,,1.0,2.45,0.9,0.13,1.0,,1.0,,2.0,0.0305,,-0.15,,,1.0,,,,,,,,,,,2.51,5.65,,,,,
14566956,2025-10-21,UEFA Champions League,UEFA Champions League 25/26,3.0,Away,Newcastle United,228364,Fredrik Aursnes,M,8,True,29.0,23.0,2.0,,0.0,14.0,16.0,9.0,13.0,,1.0,1.0,1.0,,,,,,,90.0,52.0,6.3,12.0,0.00515719,,,,,,"{'original': 6.3, 'alternative': 6.5}",0,,-0.14,-0.22,0.18,,"{'sportSlug': 'football', 'statisticsType': 'player'}",1.0,,3.0,,1.0,1.0,2.0,1.0,1.0,4.0,,29.52,11.14559,11.0,,,,2.15,0.82,0.22,2.0,,,,,,,,,,,,,,,,,,,,,2.8,5.15,,,,,
14566956,2025-10-21,UEFA Champions League,UEFA Champions League 25/26,3.0,Away,Newcastle United,1123925,Georgiy Sudakov,M,10,True,35.0,32.0,2.0,2.0,0.0,15.0,16.0,17.0,19.0,,2.0,,4.0,,,,,,,90.0,49.0,6.5,10.0,0.0764772,,,,,,"{'original': 6.5, 'alternative': 6.7}",1,,0.01,0.09,-0.06,,"{'sportSlug': 'football', 'statisticsType': 'player'}",5.0,,5.0,,1.0,,1.0,,,1.0,2.0,27.792,11.50867,6.0,,,1.0,2.09,0.66,0.14,3.0,,,,,0.0156,,0.0,1.0,,,,,,,1.0,,,,,,2.39,6.22,,,,,
14566956,2025-10-21,UEFA Champions League,UEFA Champions League 25/26,3.0,Away,Newcastle United,74915,Nicolás Otamendi,D,30,True,55.0,47.0,7.0,5.0,0.0,35.0,38.0,12.0,17.0,3.0,4.0,4.0,4.0,,,,,,,90.0,63.0,6.6,8.0,0.0111694,,,,,,"{'original': 6.6, 'alternative': 6.8}",0,,0.15,0.08,-0.29,,"{'sportSlug': 'football', 'statisticsType': 'player'}",,,2.0,,,2.0,1.0,1.0,,,,27.18,9.12806,6.0,,,1.0,1.12,0.52,0.11,2.0,,,,,,,,,,,,,,,,,,,,,3.0,4.38,,,,,
14566956,2025-10-21,UEFA Champions League,UEFA Champions League 25/26,3.0,Away,Newcastle United,1015292,Richard Ríos,M,20,True,37.0,31.0,,,0.0,16.0,20.0,15.0,17.0,,5.0,,10.0,,,,,,,90.0,51.0,6.2,11.0,0.00891629,,,,,,"{'original': 6.2, 'alternative': 6.4}",0,,-0.15,0.15,-0.17,,"{'sportSlug': 'football', 'statisticsType': 'player'}",1.0,,8.0,4.0,1.0,,,2.0,1.0,,2.0,28.296,10.4096,11.0,,,1.0,1.63,0.87,0.23,2.0,,,,1.0,,,,1.0,,,,1.0,,,,,,,,,2.98,4.7,,,,,
14566956,2025-10-21,UEFA Champions League,UEFA Champions League 25/26,3.0,Away,Newcastle United,983542,Tomás Araújo,D,44,True,31.0,24.0,8.0,3.0,0.0,15.0,21.0,9.0,10.0,,2.0,1.0,5.0,,,,,,,90.0,45.0,6.1,7.0,0.00341136,,,,,,"{'original': 6.1, 'alternative': 6.3}",0,,0.08,0.07,-0.52,,"{'sportSlug': 'football', 'statisticsType': 'player'}",,,2.0,,1.0,,3.0,1.0,1.0,,,29.124,10.08314,12.0,,,,1.35,0.68,0.24,,,,,,,,,2.0,,,,1.0,,,,,,,,,3.03,4.78,,,,,
14566956,2025-10-21,UEFA Champions League,UEFA Champions League 25/26,3.0,Away,Newcastle United,795236,Vangelis Pavlidis,F,14,True,20.0,14.0,1.0,,0.0,11.0,12.0,3.0,8.0,3.0,8.0,,3.0,,,,,,,90.0,39.0,6.5,14.0,0.0150137,,,,,,"{'original': 6.5, 'alternative': 6.9}",1,,-0.37,0.19,0.13,,"{'sportSlug': 'football', 'statisticsType': 'player'}",1.0,,7.0,1.0,2.0,,,2.0,2.0,5.0,2.0,27.612,10.96952,7.0,,,1.0,1.85,0.72,0.16,3.0,,1.0,,1.0,0.0274,,0.0,1.0,,,,1.0,,,,,,,,,2.54,5.69,,,,,
14566956,2025-10-21,UEFA Champions League,UEFA Champions League 25/26,3.0,Away,Newcastle United,1100952,Andreas Schjelderup,M,21,False,,,,,,,,,,,,,,,,,,,,,,,,,,,,,,,0,,,,,,"{'sportSlug': 'football', 'statisticsType': 'player'}",,,,,,,,,,,,,,,,,,,,,,,,,,,,,,,,,,,,,,,,,,,,,,,,
14566956,2025-10-21,UEFA Champions League,UEFA Champions League 25/26,3.0,Away,Newcastle United,1146008,Diogo Prioste,M,86,False,,,,,,,,,,,,,,,,,,,,,,,,,,,,,,,0,,,,,,"{'sportSlug': 'football', 'statisticsType': 'player'}",,,,,,,,,,,,,,,,,,,,,,,,,,,,,,,,,,,,,,,,,,,,,,,,
14566956,2025-10-21,UEFA Champions League,UEFA Champions League 25/26,3.0,Away,Newcastle United,1103333,Franjo Ivanović,F,9,False,3.0,2.0,,,0.0,2.0,2.0,,1.0,,2.0,,,,,,,,,27.0,11.0,6.5,5.0,0.00011072,,,,,,"{'original': 6.5, 'alternative': 6.5}",0,,-0.07,0.07,-0.04,,"{'sportSlug': 'football', 'statisticsType': 'player'}",1.0,,2.0,1.0,1.0,,,,,2.0,1.0,29.736,3.10158,4.0,,,,0.45,0.22,0.1,,,,,,,,,1.0,,,,1.0,,1.0,,,,,,,0.89,1.45,,,,,
14566956,2025-10-21,UEFA Champions League,UEFA Champions League 25/26,3.0,Away,Newcastle United,998870,Henrique Araújo,F,39,False,,,,,,,,,,,,,,,,,,,,,,,,,,,,,,,0,,,,,,"{'sportSlug': 'football', 'statisticsType': 'player'}",,,,,,,,,,,,,,,,,,,,,,,,,,,,,,,,,,,,,,,,,,,,,,,,
14566956,2025-10-21,UEFA Champions League,UEFA Champions League 25/26,3.0,Away,Newcastle United,1158181,Ivan Lima,F,90,False,,,,,,,,,,,,,,,,,,,,,,,,,,,,,,,0,,,,,,"{'sportSlug': 'football', 'statisticsType': 'player'}",,,,,,,,,,,,,,,,,,,,,,,,,,,,,,,,,,,,,,,,,,,,,,,,
14566956,2025-10-21,UEFA Champions League,UEFA Champions League 25/26,3.0,Away,Newcastle United,1118146,Joshua Wynder,D,66,False,,,,,,,,,,,,,,,,,,,,,,,,,,,,,,,0,,,,,,"{'sportSlug': 'football', 'statisticsType': 'player'}",,,,,,,,,,,,,,,,,,,,,,,,,,,,,,,,,,,,,,,,,,,,,,,,
14566956,2025-10-21,UEFA Champions League,UEFA Champions League 25/26,3.0,Away,Newcastle United,1158353,João Rêgo,F,84,False,,,,,,,,,,,,,,,,,,,,,,,,,,,,,,,0,,,,,,"{'sportSlug': 'football', 'statisticsType': 'player'}",,,,,,,,,,,,,,,,,,,,,,,,,,,,,,,,,,,,,,,,,,,,,,,,
14566956,2025-10-21,UEFA Champions League,UEFA Champions League 25/26,3.0,Away,Newcastle United,1215905,João Veloso,M,68,False,,,,,,,,,,,,,,,,,,,,,,,,,,,,,,,0,,,,,,"{'sportSlug': 'football', 'statisticsType': 'player'}",,,,,,,,,,,,,,,,,,,,,,,,,,,,,,,,,,,,,,,,,,,,,,,,
14566956,2025-10-21,UEFA Champions League,UEFA Champions League 25/26,3.0,Away,Newcastle United,906800,Leandro Barreiro,M,18,False,,,,,,,,,,,,,,,,,,,,,,,,,,,,,,,0,,,,,,"{'sportSlug': 'football', 'statisticsType': 'player'}",,,,,,,,,,,,,,,,,,,,,,,,,,,,,,,,,,,,,,,,,,,,,,,,
14566956,2025-10-21,UEFA Champions League,UEFA Champions League 25/26,3.0,Away,Newcastle United,1142692,Rafael Obrador,M,3,False,,,,,,,,,,,,,,,,,,,,,,,,,,,,,,,0,,,,,,"{'sportSlug': 'football', 'statisticsType': 'player'}",,,,,,,,,,,,,,,,,,,,,,,,,,,,,,,,,,,,,,,,,,,,,,,,
14566956,2025-10-21,UEFA Champions League,UEFA Champions League 25/26,3.0,Away,Newcastle United,993101,Samuel Dahl,D,26,False,,,,,,,,,,,,,,,,,,,,,,,,,,,,,,,0,,,,,,"{'sportSlug': 'football', 'statisticsType': 'player'}",,,,,,,,,,,,,,,,,,,,,,,,,,,,,,,,,,,,,,,,,,,,,,,,
14566956,2025-10-21,UEFA Champions League,UEFA Champions League 25/26,3.0,Away,Newcastle United,983550,Samuel Soares,G,24,False,,,,,,,,,,,,,,,,,,,,,,,,,,,,,,,0,,,,,,"{'sportSlug': 'football', 'statisticsType': 'player'}",,,,,,,,,,,,,,,,,,,,,,,,,,,,,,,,,,,,,,,,,,,,,,,,
14131939,2025-10-25,Liga Portugal Betclic,Liga Portugal 25/26,9.0,Home,FC Arouca,966616,Anatoliy Trubin,G,1,True,22.0,20.0,4.0,2.0,0.0,19.0,19.0,1.0,3.0,,,,4.0,,,,,,,90.0,24.0,6.6,2.0,0.0011975,,,,,,"{'original': 6.6, 'alternative': 6.7}",0,,0.04,0.0,0.15,,"{'sportSlug': 'football', 'statisticsType': 'player'}",,,,,,,,,,,,,,,,,,,,,,,,,,,,,,,,,,,,,,,,,,,,,,,,
14131939,2025-10-25,Liga Portugal Betclic,Liga Portugal 25/26,9.0,Home,FC Arouca,823631,Dodi Lukebakio,M,11,True,29.0,21.0,6.0,4.0,1.0,10.0,13.0,11.0,16.0,,3.0,1.0,8.0,,,,,,,77.0,49.0,7.4,17.0,0.381543,,,,,,"{'original': 7.4, 'alternative': 7.5}",2,,0.56,0.45,0.17,,"{'sportSlug': 'football', 'statisticsType': 'player'}",4.0,2.0,6.0,1.0,3.0,,,2.0,1.0,4.0,,,,,,,4.0,,,,,,1.0,,3.0,0.067,,-0.46,,,1.0,,1.0,,,1.0,,,,,,,,,,,,
14131939,2025-10-25,Liga Portugal Betclic,Liga Portugal 25/26,9.0,Home,FC Arouca,1087316,Enzo Barrenechea,M,5,True,72.0,66.0,7.0,6.0,0.0,37.0,38.0,29.0,34.0,,2.0,,11.0,,,,,,,90.0,83.0,7.1,9.0,0.0383787,,,,,,"{'original': 7.1, 'alternative': 7.2}",1,,0.39,0.05,-0.08,,"{'sportSlug': 'football', 'statisticsType': 'player'}",,,8.0,2.0,,,3.0,1.0,1.0,1.0,1.0,,,,,,,,,,2.0,,1.0,,1.0,0.0366,,0.0,3.0,,,,,,,,,,,,,,,,,,,
14131939,2025-10-25,Liga Portugal Betclic,Liga Portugal 25/26,9.0,Home,FC Arouca,228364,Fredrik Aursnes,M,8,True,46.0,38.0,9.0,4.0,0.0,21.0,22.0,17.0,24.0,1.0,4.0,1.0,7.0,,,,,,,90.0,64.0,7.2,13.0,0.0511153,,,,,,"{'original': 7.2, 'alternative': 7.3}",0,,0.32,0.01,0.14,,"{'sportSlug': 'football', 'statisticsType': 'player'}",4.0,1.0,3.0,1.0,,,3.0,2.0,1.0,1.0,1.0,,,,,,2.0,,,,,,,,2.0,,,,,,,,,,,,,,,,,,,,,,,
14131939,2025-10-25,Liga Portugal Betclic,Liga Portugal 25/26,9.0,Home,FC Arouca,1123925,Georgiy Sudakov,M,10,True,29.0,20.0,1.0,1.0,0.0,4.0,6.0,16.0,23.0,,5.0,,,,,,,,,63.0,44.0,6.5,16.0,0.104091,,,,,,"{'original': 6.5, 'alternative': 6.8}",0,,0.01,0.12,-0.18,,"{'sportSlug': 'football', 'statisticsType': 'player'}",5.0,1.0,2.0,1.0,,,,,,2.0,5.0,,,,,,2.0,,,,,,,,1.0,,,,,,,,,,,,1.0,,,,,,,,,,,
14131939,2025-10-25,Liga Portugal Betclic,Liga Portugal 25/26,9.0,Home,FC Arouca,1201395,Gianluca Prestianni,M,25,True,20.0,17.0,1.0,1.0,1.0,3.0,4.0,14.0,16.0,2.0,7.0,,2.0,,,,,,,63.0,38.0,8.0,10.0,0.0305468,,,,,,"{'original': 8, 'alternative': 7.8}",1,,0.38,0.51,0.0,,"{'sportSlug': 'football', 'statisticsType': 'player'}",,,4.0,1.0,4.0,,,,,3.0,3.0,,,,,,1.0,,,,,,,1.0,1.0,0.0805,0.2454,-0.51,,,,,2.0,,,,,,1.0,,,,,,,,,
14131939,2025-10-25,Liga Portugal Betclic,Liga Portugal 25/26,9.0,Home,FC Arouca,74915,Nicolás Otamendi,D,30,True,67.0,59.0,9.0,7.0,0.0,44.0,47.0,15.0,20.0,7.0,9.0,3.0,4.0,,,,,,,90.0,80.0,9.0,9.0,0.0122441,,,,,,"{'original': 9, 'alternative': 8.6}",2,,0.31,0.14,0.26,,"{'sportSlug': 'football', 'statisticsType': 'player'}",,,1.0,,1.0,1.0,1.0,1.0,1.0,1.0,,,,,,,1.0,,,,,,1.0,1.0,1.0,0.3212,0.915,0.42,,1.0,,,1.0,,,,,,,,,,,,,,,
14131939,2025-10-25,Liga Portugal Betclic,Liga Portugal 25/26,9.0,Home,FC Arouca,1015292,Richard Ríos,M,20,True,32.0,28.0,2.0,2.0,0.0,14.0,14.0,14.0,18.0,1.0,3.0,2.0,4.0,,,,,,,67.0,49.0,6.5,11.0,0.0386321,,,,,,"{'original': 6.5, 'alternative': 6.8}",1,,0.23,0.06,0.13,,"{'sportSlug': 'football', 'statisticsType': 'player'}",1.0,,5.0,2.0,1.0,,,,,4.0,1.0,,,,,,1.0,,,,,,1.0,,3.0,0.1601,,-0.75,,,1.0,,1.0,,,,,,,,,,,,,,,
14131939,2025-10-25,Liga Portugal Betclic,Liga Portugal 25/26,9.0,Home,FC Arouca,993101,Samuel Dahl,D,26,True,43.0,37.0,2.0,1.0,0.0,22.0,22.0,15.0,21.0,,5.0,1.0,3.0,,,,,,,90.0,59.0,7.7,8.0,0.483831,,,,,,"{'original': 7.7, 'alternative': 8.1}",0,,0.61,0.08,-0.02,,"{'sportSlug': 'football', 'statisticsType': 'player'}",1.0,,1.0,,1.0,,2.0,3.0,3.0,,1.0,,,,,,1.0,,,,,,,,,,,,1.0,,,,1.0,,,,,,,,,,,,,,,
14131939,2025-10-25,Liga Portugal Betclic,Liga Portugal 25/26,9.0,Home,FC Arouca,983542,Tomás Araújo,D,44,True,54.0,48.0,10.0,9.0,0.0,36.0,38.0,12.0,16.0,2.0,4.0,1.0,3.0,,,,,,,90.0,62.0,7.9,7.0,0.0255691,,,,,,"{'original': 7.9, 'alternative': 7.5}",1,,0.42,0.11,0.3,,"{'sportSlug': 'football', 'statisticsType': 'player'}",,,1.0,,,,2.0,2.0,2.0,,,,,,,,,,,,1.0,,1.0,,,0.048,,-0.2,,,,,,,,,,,,,,,,,,,,
14131939,2025-10-25,Liga Portugal Betclic,Liga Portugal 25/26,9.0,Home,FC Arouca,795236,Vangelis Pavlidis,F,14,True,12.0,9.0,1.0,1.0,0.0,3.0,3.0,6.0,9.0,,5.0,,5.0,,,,,,,77.0,28.0,9.5,5.0,0.0105851,,,,,,"{'original': 9.5, 'alternative': 9.2}",5,,0.07,0.45,-0.04,,"{'sportSlug': 'football', 'statisticsType': 'player'}",,,3.0,,4.0,,,2.0,2.0,,1.0,,,,,,,,,,,1.0,1.0,3.0,,2.1452,2.2252,0.88,1.0,3.0,,,2.0,,1.0,1.0,,,,,1.0,,,,,,,
14131939,2025-10-25,Liga Portugal Betclic,Liga Portugal 25/26,9.0,Home,FC Arouca,1100952,Andreas Schjelderup,M,21,False,10.0,6.0,,,0.0,3.0,3.0,3.0,7.0,,2.0,,2.0,,,,,,,27.0,16.0,6.6,5.0,0.0102213,,,,,,"{'original': 6.6, 'alternative': 6.9}",1,,0.02,0.39,0.13,,"{'sportSlug': 'football', 'statisticsType': 'player'}",1.0,,1.0,,2.0,,,,,,,,,,,,,,,,1.0,,1.0,,,0.1201,,-0.38,,,,,2.0,,1.0,,,,,,1.0,,,,,,,
14131939,2025-10-25,Liga Portugal Betclic,Liga Portugal 25/26,9.0,Home,FC Arouca,1006069,António Silva,D,4,False,,,,,,,,,,,,,,,,,,,,,,,,,,,,,,,0,,,,,,"{'sportSlug': 'football', 'statisticsType': 'player'}",,,,,,,,,,,,,,,,,,,,,,,,,,,,,,,,,,,,,,,,,,,,,,,,
14131939,2025-10-25,Liga Portugal Betclic,Liga Portugal 25/26,9.0,Home,FC Arouca,1103333,Franjo Ivanović,F,9,False,1.0,1.0,,,0.0,,,1.0,1.0,,1.0,,,,,,,,,13.0,6.0,7.1,2.0,0.00099075,,,,,,"{'original': 7.1, 'alternative': 7.4}",2,,-0.01,0.34,0.0,,"{'sportSlug': 'football', 'statisticsType': 'player'}",,,,,,,,,,2.0,1.0,,,,,,,,,,,,,2.0,,0.8457,1.1302,0.36,,1.0,,,,,,,,,,,,,,,,,,
14131939,2025-10-25,Liga Portugal Betclic,Liga Portugal 25/26,9.0,Home,FC Arouca,998870,Henrique Araújo,F,39,False,,,,,,,,,,,,,,,,,,,,,,,,,,,,,,,0,,,,,,"{'sportSlug': 'football', 'statisticsType': 'player'}",,,,,,,,,,,,,,,,,,,,,,,,,,,,,,,,,,,,,,,,,,,,,,,,
14131939,2025-10-25,Liga Portugal Betclic,Liga Portugal 25/26,9.0,Home,FC Arouca,1158181,Ivan Lima,F,90,False,3.0,2.0,,,0.0,,,2.0,3.0,,1.0,,1.0,,,,,,,13.0,8.0,6.5,4.0,0.00190438,,,,,,"{'original': 6.5, 'alternative': 6.5}",0,,-0.03,0.05,0.0,,"{'sportSlug': 'football', 'statisticsType': 'player'}",2.0,,1.0,,2.0,,,,,,,,,,,,,,,,,,,,,,,,,,,,1.0,,,,,,,,,,,,,,,
14131939,2025-10-25,Liga Portugal Betclic,Liga Portugal 25/26,9.0,Home,FC Arouca,1158353,João Rêgo,F,84,False,7.0,7.0,,,0.0,,,7.0,7.0,,4.0,,2.0,,,,,,,23.0,15.0,7.2,2.0,0.0256194,,,,,,"{'original': 7.2, 'alternative': 7.3}",1,,-0.05,0.34,-0.05,,"{'sportSlug': 'football', 'statisticsType': 'player'}",,,2.0,,1.0,,,,,1.0,3.0,,,,,,,,,,,,,1.0,1.0,0.0168,0.0343,-0.03,1.0,,,,1.0,,2.0,,,,1.0,,,,,,,,,
14131939,2025-10-25,Liga Portugal Betclic,Liga Portugal 25/26,9.0,Home,FC Arouca,906800,Leandro Barreiro,M,18,False,19.0,19.0,,,0.0,13.0,13.0,6.0,6.0,,,,2.0,,,,,,,27.0,23.0,6.5,1.0,0.00289321,,,,,,"{'original': 6.5, 'alternative': 6.6}",0,,-0.02,0.03,0.0,,"{'sportSlug': 'football', 'statisticsType': 'player'}",,,1.0,1.0,,,1.0,,,,,,,,,,,,,,,,,,,,,,,,,,,,,,,,,,,,,,,,,
14131939,2025-10-25,Liga Portugal Betclic,Liga Portugal 25/26,9.0,Home,FC Arouca,1142692,Rafael Obrador,M,3,False,,,,,,,,,,,,,,,,,,,,,,,,,,,,,,,0,,,,,,"{'sportSlug': 'football', 'statisticsType': 'player'}",,,,,,,,,,,,,,,,,,,,,,,,,,,,,,,,,,,,,,,,,,,,,,,,
14131939,2025-10-25,Liga Portugal Betclic,Liga Portugal 25/26,9.0,Home,FC Arouca,983550,Samuel Soares,G,24,False,,,,,,,,,,,,,,,,,,,,,,,,,,,,,,,0,,,,,,"{'sportSlug': 'football', 'statisticsType': 'player'}",,,,,,,,,,,,,,,,,,,,,,,,,,,,,,,,,,,,,,,,,,,,,,,,
14886529,2025-10-29,Taca da Liga,League Cup 25/26,27.0,Home,Tondela,1100952,Andreas Schjelderup,M,21,True,22.0,17.0,1.0,1.0,0.0,9.0,9.0,8.0,13.0,1.0,5.0,2.0,3.0,,,,,,,64.0,33.0,7.1,6.0,,,,,,,"{'original': 7.1, 'alternative': 7.4}",0,,-0.15,0.23,0.22,,"{'sportSlug': 'football', 'statisticsType': 'player'}",1.0,1.0,1.0,,3.0,1.0,,1.0,,1.0,,,,,,,2.0,,,,,,,,1.0,,,,,,,,3.0,,,,,,,,,,,,,,,
14886529,2025-10-29,Taca da Liga,League Cup 25/26,27.0,Home,Tondela,1006069,António Silva,D,4,True,66.0,62.0,4.0,3.0,0.0,40.0,42.0,22.0,24.0,3.0,5.0,5.0,4.0,,,,,,,90.0,79.0,7.3,4.0,,,,,,,"{'original': 7.3, 'alternative': 7.6}",1,,0.26,0.1,0.19,,"{'sportSlug': 'football', 'statisticsType': 'player'}",,,4.0,,,,1.0,1.0,1.0,,1.0,,,,,,1.0,,,,4.0,,1.0,,,,,-0.24,,,1.0,,,,,,,,,,,,,,,,,
14886529,2025-10-29,Taca da Liga,League Cup 25/26,27.0,Home,Tondela,823631,Dodi Lukebakio,M,11,True,29.0,26.0,3.0,1.0,0.0,5.0,7.0,21.0,22.0,,6.0,,4.0,,,,,,,85.0,52.0,7.3,15.0,,,,,,,"{'original': 7.3, 'alternative': 7.8}",2,,0.37,0.36,-0.01,,"{'sportSlug': 'football', 'statisticsType': 'player'}",4.0,,6.0,3.0,6.0,,,,,3.0,2.0,,,,,,,,,,,,,2.0,1.0,,,-0.04,,1.0,,,4.0,,1.0,,,,,,,,,,,,,
14886529,2025-10-29,Taca da Liga,League Cup 25/26,27.0,Home,Tondela,1087316,Enzo Barrenechea,M,5,True,64.0,54.0,4.0,,0.0,26.0,29.0,28.0,35.0,1.0,6.0,2.0,4.0,,,,,,,90.0,78.0,6.6,11.0,,,,,,,"{'original': 6.6, 'alternative': 6.7}",0,,0.07,0.13,-0.19,,"{'sportSlug': 'football', 'statisticsType': 'player'}",,,4.0,,,1.0,2.0,2.0,2.0,1.0,3.0,,,,,,,,,,3.0,,,,1.0,,,,,,,,,,,,2.0,,,,,,,,,,,
14886529,2025-10-29,Taca da Liga,League Cup 25/26,27.0,Home,Tondela,1103333,Franjo Ivanović,F,9,True,13.0,11.0,1.0,1.0,0.0,5.0,6.0,6.0,7.0,1.0,2.0,,5.0,,,,,,,64.0,23.0,6.2,9.0,,,,,,,"{'original': 6.2, 'alternative': 6.7}",2,,-0.03,0.14,0.15,,"{'sportSlug': 'football', 'statisticsType': 'player'}",,,6.0,2.0,2.0,,,1.0,1.0,3.0,,,,,,,1.0,,,,2.0,,1.0,1.0,,,,-0.12,,,,,,,,,,,,,,,,,,,,
14886529,2025-10-29,Taca da Liga,League Cup 25/26,27.0,Home,Tondela,228364,Fredrik Aursnes,M,8,True,43.0,36.0,2.0,1.0,0.0,12.0,14.0,24.0,29.0,,,1.0,2.0,,,,,,,85.0,55.0,6.9,10.0,,,,,,,"{'original': 6.9, 'alternative': 7}",0,,0.44,0.12,0.13,,"{'sportSlug': 'football', 'statisticsType': 'player'}",1.0,1.0,3.0,,,,1.0,,,3.0,,,,,,,1.0,,,,1.0,,,,2.0,,,,,,,,,,,,,,,,,,,,,,,
14886529,2025-10-29,Taca da Liga,League Cup 25/26,27.0,Home,Tondela,1123925,Georgiy Sudakov,M,10,True,37.0,25.0,4.0,1.0,0.0,8.0,9.0,17.0,28.0,,5.0,1.0,3.0,,,,,,,77.0,51.0,7.6,18.0,,,,,,,"{'original': 7.6, 'alternative': 7.1}",1,,0.12,0.04,0.13,,"{'sportSlug': 'football', 'statisticsType': 'player'}",5.0,1.0,4.0,,1.0,,,2.0,1.0,1.0,3.0,,,,,,,,,,1.0,,,,2.0,,,0.51,,,,,,,,1.0,,,,,,,,,,,,
14886529,2025-10-29,Taca da Liga,League Cup 25/26,27.0,Home,Tondela,906800,Leandro Barreiro,M,18,True,47.0,41.0,3.0,2.0,1.0,19.0,23.0,22.0,24.0,1.0,7.0,1.0,6.0,,,,,,,90.0,63.0,7.2,10.0,,,,,,,"{'original': 7.2, 'alternative': 7.4}",0,,0.3,0.1,-0.02,,"{'sportSlug': 'football', 'statisticsType': 'player'}",,,5.0,1.0,,,1.0,2.0,2.0,2.0,4.0,,,,,,1.0,,,,,,,,4.0,,,,,,,,,,,,,,,,,,,,,,,
14886529,2025-10-29,Taca da Liga,League Cup 25/26,27.0,Home,Tondela,74915,Nicolás Otamendi,D,30,True,70.0,57.0,11.0,5.0,0.0,35.0,38.0,22.0,32.0,2.0,3.0,1.0,1.0,,,,,,,90.0,84.0,7.7,14.0,,,,,,,"{'original': 7.7, 'alternative': 8}",2,,0.27,0.1,0.34,,"{'sportSlug': 'football', 'statisticsType': 'player'}",,,2.0,,,1.0,4.0,1.0,1.0,1.0,,,,,,,,,,,2.0,1.0,1.0,1.0,,,,0.29,,1.0,,,,,,,,,,,,,,,,,,
14886529,2025-10-29,Taca da Liga,League Cup 25/26,27.0,Home,Tondela,993101,Samuel Dahl,D,26,True,37.0,29.0,3.0,1.0,0.0,15.0,18.0,14.0,19.0,,4.0,1.0,6.0,,,,,,,90.0,69.0,6.9,19.0,,,,,,,"{'original': 6.9, 'alternative': 7.1}",0,,0.13,0.08,-0.04,,"{'sportSlug': 'football', 'statisticsType': 'player'}",2.0,,4.0,1.0,2.0,1.0,2.0,1.0,,2.0,2.0,,,,,,,,,,,,,,1.0,,,,1.0,,,,1.0,,,,,,,,,,,,,,,
14886529,2025-10-29,Taca da Liga,League Cup 25/26,27.0,Home,Tondela,983550,Samuel Soares,G,24,True,34.0,29.0,12.0,7.0,0.0,24.0,24.0,5.0,10.0,,1.0,2.0,4.0,1.0,,1.0,1.0,,,90.0,41.0,6.9,5.0,,,,,,,"{'original': 6.9, 'alternative': 7.3}",0,,0.0,-0.01,-0.03,,"{'sportSlug': 'football', 'statisticsType': 'player'}",,,,,1.0,,,,,,,,,,,,,,,,,,,,,,,,,,,,1.0,,,,,,,,,,,,,,,
14886529,2025-10-29,Taca da Liga,League Cup 25/26,27.0,Home,Tondela,966616,Anatoliy Trubin,G,1,False,,,,,,,,,,,,,,,,,,,,,,,,,,,,,,,0,,,,,,"{'sportSlug': 'football', 'statisticsType': 'player'}",,,,,,,,,,,,,,,,,,,,,,,,,,,,,,,,,,,,,,,,,,,,,,,,
14886529,2025-10-29,Taca da Liga,League Cup 25/26,27.0,Home,Tondela,1201395,Gianluca Prestianni,M,25,False,12.0,9.0,1.0,1.0,0.0,2.0,2.0,7.0,10.0,,1.0,,3.0,,,,,,,26.0,22.0,6.4,10.0,,,,,,,"{'original': 6.4, 'alternative': 6.4}",1,,,,,,"{'sportSlug': 'football', 'statisticsType': 'player'}",,,6.0,3.0,4.0,,1.0,,,1.0,,,,,,,,,,,,,1.0,,,,,,,,,,1.0,,,,,,,,,,,,,,,
14886529,2025-10-29,Taca da Liga,League Cup 25/26,27.0,Home,Tondela,998870,Henrique Araújo,F,39,False,,,,,,,,,,,,,,,,,,,,,,,,,,,,,,,0,,,,,,"{'sportSlug': 'football', 'statisticsType': 'player'}",,,,,,,,,,,,,,,,,,,,,,,,,,,,,,,,,,,,,,,,,,,,,,,,
14886529,2025-10-29,Taca da Liga,League Cup 25/26,27.0,Home,Tondela,1158353,João Rêgo,F,84,False,1.0,,,,0.0,,1.0,,,,1.0,,2.0,,,,,,,11.0,3.0,6.5,2.0,,,,,,,"{'original': 6.5, 'alternative': 6.5}",0,,,,,,"{'sportSlug': 'football', 'statisticsType': 'player'}",,,3.0,,,,,1.0,1.0,,,,,,,,,,,,1.0,,,,1.0,,,,1.0,,,,,,,,,,,,,,,,,,,
14886529,2025-10-29,Taca da Liga,League Cup 25/26,27.0,Home,Tondela,1215905,João Veloso,M,68,False,,,,,,,,,,,,,,,,,,,,,,,,,,,,,,,0,,,,,,"{'sportSlug': 'football', 'statisticsType': 'player'}",,,,,,,,,,,,,,,,,,,,,,,,,,,,,,,,,,,,,,,,,,,,,,,,
14886529,2025-10-29,Taca da Liga,League Cup 25/26,27.0,Home,Tondela,1142692,Rafael Obrador,M,3,False,,,,,,,,,,,,,,,,,,,,,,,,,,,,,,,0,,,,,,"{'sportSlug': 'football', 'statisticsType': 'player'}",,,,,,,,,,,,,,,,,,,,,,,,,,,,,,,,,,,,,,,,,,,,,,,,
14886529,2025-10-29,Taca da Liga,League Cup 25/26,27.0,Home,Tondela,1015292,Richard Ríos,M,20,False,7.0,7.0,1.0,1.0,1.0,5.0,5.0,2.0,2.0,,1.0,1.0,3.0,,,,,,,13.0,11.0,7.5,1.0,,,,,,,"{'original': 7.5, 'alternative': 7.5}",1,,,,,,"{'sportSlug': 'football', 'statisticsType': 'player'}",,,2.0,1.0,1.0,,,,,,,,,,,,1.0,,,,,,,1.0,1.0,,,,,,1.0,,1.0,,,,,,,,,,,,,,,
14886529,2025-10-29,Taca da Liga,League Cup 25/26,27.0,Home,Tondela,983542,Tomás Araújo,D,44,False,5.0,4.0,,,0.0,3.0,4.0,1.0,1.0,,1.0,1.0,,,,,,,,11.0,8.0,6.7,1.0,,,,,,,"{'original': 6.7, 'alternative': 6.7}",0,,,,,,"{'sportSlug': 'football', 'statisticsType': 'player'}",,,,,,,,1.0,1.0,,,,,,,,,,,,,,,,,,,,,,,,,,,,,,,,,,,,,,,
14886529,2025-10-29,Taca da Liga,League Cup 25/26,27.0,Home,Tondela,795236,Vangelis Pavlidis,F,14,False,13.0,12.0,1.0,1.0,0.0,6.0,6.0,6.0,7.0,3.0,4.0,,,,,,,,,26.0,16.0,7.4,2.0,,,,,,,"{'original': 7.4, 'alternative': 7.4}",1,,,,,,"{'sportSlug': 'football', 'statisticsType': 'player'}",,,1.0,,,,,,,1.0,1.0,,,,,,,,,,1.0,,,1.0,,,,,,1.0,,,,,,,,,,,,,,,,,,
14131949,2025-11-01,Liga Portugal Betclic,Liga Portugal 25/26,10.0,Away,Vitória SC,966616,Anatoliy Trubin,G,1,True,21.0,21.0,2.0,2.0,0.0,20.0,20.0,1.0,1.0,,,,5.0,,,3.0,,,,90.0,29.0,7.0,1.0,0.00026299,,,,,0.0313,"{'original': 7, 'alternative': 7.2}",0,0.0687,0.05,0.0,0.0,0.04,"{'sportSlug': 'football', 'statisticsType': 'player'}",,,,,,,,,,1.0,,,,,,,,,,,,,,,,,,,,,,,,,,,,,,,,,,,,,,
14131949,2025-11-01,Liga Portugal Betclic,Liga Portugal 25/26,10.0,Away,Vitória SC,823631,Dodi Lukebakio,M,11,True,37.0,34.0,6.0,5.0,1.0,11.0,12.0,23.0,25.0,,6.0,1.0,3.0,,,,,,,83.0,61.0,8.3,12.0,0.816949,,,,,,"{'original': 8.3, 'alternative': 8.5}",3,,0.82,0.42,0.15,,"{'sportSlug': 'football', 'statisticsType': 'player'}",6.0,3.0,6.0,2.0,7.0,,,,,2.0,1.0,29.87,7.97,7.0,,,3.0,0.92,0.46,0.05,,,1.0,2.0,2.0,0.1312,0.4653,0.14,,,3.0,,5.0,,,,,,,,,,,,,,,
14131949,2025-11-01,Liga Portugal Betclic,Liga Portugal 25/26,10.0,Away,Vitória SC,1087316,Enzo Barrenechea,M,5,True,74.0,73.0,5.0,4.0,0.0,29.0,30.0,44.0,44.0,1.0,3.0,,5.0,,,,,,,90.0,81.0,7.3,2.0,0.131275,,,,,,"{'original': 7.3, 'alternative': 7.7}",2,,0.33,0.08,-0.05,,"{'sportSlug': 'football', 'statisticsType': 'player'}",,,2.0,,1.0,,2.0,1.0,1.0,,1.0,28.32,11.05,12.0,,,1.0,2.22,0.77,0.09,,,,2.0,,0.1284,0.4854,0.04,1.0,,,,,,,,,,,,,,,,,,,
14131949,2025-11-01,Liga Portugal Betclic,Liga Portugal 25/26,10.0,Away,Vitória SC,228364,Fredrik Aursnes,M,8,True,48.0,44.0,3.0,1.0,0.0,18.0,19.0,26.0,29.0,1.0,1.0,1.0,7.0,,,,,,,90.0,62.0,6.8,5.0,0.270177,,,,,,"{'original': 6.8, 'alternative': 7.3}",2,,0.07,0.08,0.17,,"{'sportSlug': 'football', 'statisticsType': 'player'}",1.0,1.0,,,,,1.0,,,1.0,,32.5,10.24,18.0,,,1.0,1.55,0.65,0.24,,,2.0,,,0.1231,,-0.36,,,,,,,,,,,,,,,,,,,,
14131949,2025-11-01,Liga Portugal Betclic,Liga Portugal 25/26,10.0,Away,Vitória SC,1123925,Georgiy Sudakov,M,10,True,26.0,18.0,3.0,2.0,0.0,4.0,5.0,14.0,21.0,,2.0,,2.0,,,,,,,45.0,35.0,6.6,11.0,0.011011,,,,,,"{'original': 6.6, 'alternative': 7.1}",1,,-0.04,0.12,0.0,,"{'sportSlug': 'football', 'statisticsType': 'player'}",1.0,,1.0,,1.0,,1.0,,,2.0,1.0,29.1,5.86,6.0,,,2.0,1.03,0.32,0.06,,,1.0,,1.0,0.0399,,-0.48,,,,,1.0,,,,,,,,,,,,,,,
14131949,2025-11-01,Liga Portugal Betclic,Liga Portugal 25/26,10.0,Away,Vitória SC,1201395,Gianluca Prestianni,M,25,True,18.0,14.0,,,0.0,1.0,1.0,13.0,17.0,,5.0,,3.0,,,,,,,45.0,36.0,6.5,11.0,0.0190111,,,,,,"{'original': 6.5, 'alternative': 6.9}",3,,-0.14,0.19,-0.06,,"{'sportSlug': 'football', 'statisticsType': 'player'}",3.0,,2.0,,5.0,,,,,3.0,1.0,31.38,5.13,8.0,,,1.0,0.62,0.29,0.12,,,1.0,1.0,,0.0943,0.027,-0.25,1.0,,,,4.0,,,1.0,,,,,,,,,,,,
14131949,2025-11-01,Liga Portugal Betclic,Liga Portugal 25/26,10.0,Away,Vitória SC,74915,Nicolás Otamendi,D,30,True,93.0,83.0,10.0,5.0,0.0,49.0,52.0,34.0,41.0,5.0,8.0,5.0,3.0,,,,,,,90.0,108.0,8.1,12.0,0.0288631,,,,,,"{'original': 8.1, 'alternative': 7.7}",1,,0.38,0.2,0.32,,"{'sportSlug': 'football', 'statisticsType': 'player'}",1.0,,,,1.0,,2.0,1.0,1.0,1.0,1.0,32.68,8.66,9.0,,,,0.97,0.4,0.13,,,,,,0.0047,,-0.03,,,,,1.0,,,1.0,,,,,,,,,,,,
14131949,2025-11-01,Liga Portugal Betclic,Liga Portugal 25/26,10.0,Away,Vitória SC,1015292,Richard Ríos,M,20,True,57.0,51.0,5.0,2.0,0.0,20.0,21.0,31.0,36.0,,3.0,,3.0,,,,,,,89.0,66.0,6.6,7.0,0.0326734,,,,,,"{'original': 6.6, 'alternative': 6.7}",3,,0.06,0.29,-0.07,,"{'sportSlug': 'football', 'statisticsType': 'player'}",,,4.0,,1.0,,1.0,,,1.0,2.0,31.17,9.32,13.0,,,1.0,1.46,0.43,0.19,1.0,1.0,1.0,,2.0,0.2765,,-0.55,1.0,,,,1.0,,,2.0,,,,,,,,,,,,
14131949,2025-11-01,Liga Portugal Betclic,Liga Portugal 25/26,10.0,Away,Vitória SC,993101,Samuel Dahl,D,26,True,55.0,51.0,4.0,2.0,0.0,16.0,18.0,35.0,37.0,1.0,4.0,1.0,2.0,,,,,,,90.0,78.0,7.8,8.0,0.0875226,,,,,,"{'original': 7.8, 'alternative': 7.8}",1,,0.19,0.01,-0.08,,"{'sportSlug': 'football', 'statisticsType': 'player'}",1.0,,8.0,,2.0,,,1.0,1.0,1.0,2.0,31.22,9.55,21.0,,,2.0,1.27,0.55,0.22,2.0,,,1.0,2.0,0.0477,0.186,0.51,2.0,1.0,,,,,,,,,,,,,,,,,,
14131949,2025-11-01,Liga Portugal Betclic,Liga Portugal 25/26,10.0,Away,Vitória SC,983542,Tomás Araújo,D,44,True,73.0,68.0,9.0,4.0,0.0,40.0,41.0,28.0,32.0,,2.0,1.0,3.0,,,,,,,90.0,82.0,8.3,6.0,0.0148489,,,,,,"{'original': 8.3, 'alternative': 8.1}",1,,0.37,0.1,0.28,,"{'sportSlug': 'football', 'statisticsType': 'player'}",,,3.0,,1.0,3.0,,1.0,,1.0,,31.93,8.52,6.0,,,1.0,0.73,0.18,0.11,3.0,,,1.0,,0.1764,0.2692,0.48,,1.0,,,1.0,,,,1.0,,,,,,,,,,,
14131949,2025-11-01,Liga Portugal Betclic,Liga Portugal 25/26,10.0,Away,Vitória SC,795236,Vangelis Pavlidis,F,14,True,17.0,11.0,2.0,2.0,0.0,3.0,4.0,8.0,13.0,1.0,4.0,,2.0,,,,,,,89.0,29.0,6.0,13.0,0.0269211,,,,,,"{'original': 6, 'alternative': 6.6}",1,,-0.35,0.1,-0.04,,"{'sportSlug': 'football', 'statisticsType': 'player'}",,,8.0,3.0,1.0,,,3.0,,3.0,,34.04,10.25,12.0,,,,1.65,0.64,0.13,2.0,1.0,1.0,,2.0,0.0869,,-0.04,,,,,,,,,,,,,,,,,,,,
14131949,2025-11-01,Liga Portugal Betclic,Liga Portugal 25/26,10.0,Away,Vitória SC,1100952,Andreas Schjelderup,M,21,False,20.0,18.0,1.0,1.0,0.0,2.0,2.0,16.0,18.0,,6.0,1.0,3.0,,,,,,,45.0,40.0,7.6,10.0,0.580771,,,,,,"{'original': 7.6, 'alternative': 7.7}",1,,0.57,0.28,0.15,,"{'sportSlug': 'football', 'statisticsType': 'player'}",4.0,2.0,6.0,,5.0,,1.0,2.0,1.0,2.0,2.0,28.79,4.61,8.0,,,4.0,0.69,0.28,0.08,1.0,,,,2.0,0.0622,,-0.01,,,1.0,,2.0,,,1.0,,,,,,,,,,,,
14131949,2025-11-01,Liga Portugal Betclic,Liga Portugal 25/26,10.0,Away,Vitória SC,1006069,António Silva,D,4,False,,,,,,,,,,,,,,,,,,,,,,,,,,,,,,,0,,,,,,"{'sportSlug': 'football', 'statisticsType': 'player'}",,,,,,,,,,,,,,,,,,,,,,,,,,,,,,,,,,,,,,,,,,,,,,,,
14131949,2025-11-01,Liga Portugal Betclic,Liga Portugal 25/26,10.0,Away,Vitória SC,1103333,Franjo Ivanović,F,9,False,,,,,,,,,,,,,,,,,,,,,,,,,,,,,,,0,,,,,,"{'sportSlug': 'football', 'statisticsType': 'player'}",,,,,,,,,,,,,,,,,,,,,,,,,,,,,,,,,,,,,,,,,,,,,,,,
14131949,2025-11-01,Liga Portugal Betclic,Liga Portugal 25/26,10.0,Away,Vitória SC,998870,Henrique Araújo,F,39,False,1.0,1.0,,,0.0,,,1.0,1.0,1.0,1.0,,,,,,,,,1.0,1.0,,,0.00105536,,,,,,,0,,,,,,"{'sportSlug': 'football', 'statisticsType': 'player'}",,,,,,,,,,,,24.6,0.51,0.0,,,,0.14,0.03,0.0,,,,,,,,,,,,,,,,,,,,,,,,,,,,
14131949,2025-11-01,Liga Portugal Betclic,Liga Portugal 25/26,10.0,Away,Vitória SC,1158353,João Rêgo,F,84,False,1.0,1.0,,,0.0,,,1.0,1.0,,,,,,,,,,,12.0,2.0,7.1,,0.00061723,,,,,,"{'original': 7.1, 'alternative': 7.3}",1,,-0.01,,-0.04,,"{'sportSlug': 'football', 'statisticsType': 'player'}",,,1.0,,,,,,,,,26.34,1.29,2.0,,,,0.25,0.07,0.01,,,,1.0,,0.4421,0.471,0.32,1.0,1.0,,,,,,,,,,,,,,,,,,
14131949,2025-11-01,Liga Portugal Betclic,Liga Portugal 25/26,10.0,Away,Vitória SC,1215905,João Veloso,M,68,False,4.0,4.0,,,0.0,1.0,1.0,3.0,3.0,,,,,,,,,,,1.0,4.0,,,0.00132793,,,,,,,0,,,,,,"{'sportSlug': 'football', 'statisticsType': 'player'}",,,,,,,,,,,,30.98,0.61,1.0,,,,0.17,0.04,0.01,,,,,,,,,,,,,,,,,,,,,,,,,,,,
14131949,2025-11-01,Liga Portugal Betclic,Liga Portugal 25/26,10.0,Away,Vitória SC,906800,Leandro Barreiro,M,18,False,7.0,6.0,,,1.0,1.0,2.0,5.0,5.0,1.0,2.0,,1.0,,,,,,,45.0,13.0,6.6,1.0,0.183726,,,,,,"{'original': 6.6, 'alternative': 6.6}",4,,0.25,0.01,0.0,,"{'sportSlug': 'football', 'statisticsType': 'player'}",,,1.0,,,,,,,,1.0,31.69,4.85,5.0,,,1.0,0.81,0.26,0.07,1.0,2.0,1.0,2.0,,0.5618,0.6124,-0.63,,,,,,,,1.0,,,,,,,,,,,,
14131949,2025-11-01,Liga Portugal Betclic,Liga Portugal 25/26,10.0,Away,Vitória SC,1142692,Rafael Obrador,M,3,False,,,,,,,,,,,,,,,,,,,,,,,,,,,,,,,0,,,,,,"{'sportSlug': 'football', 'statisticsType': 'player'}",,,,,,,,,,,,,,,,,,,,,,,,,,,,,,,,,,,,,,,,,,,,,,,,
14131949,2025-11-01,Liga Portugal Betclic,Liga Portugal 25/26,10.0,Away,Vitória SC,983550,Samuel Soares,G,24,False,,,,,,,,,,,,,,,,,,,,,,,,,,,,,,,0,,,,,,"{'sportSlug': 'football', 'statisticsType': 'player'}",,,,,,,,,,,,,,,,,,,,,,,,,,,,,,,,,,,,,,,,,,,,,,,,
14566736,2025-11-05,UEFA Champions League,UEFA Champions League 25/26,4.0,Home,Bayer 04 Leverkusen,966616,Anatoliy Trubin,G,1,True,27.0,24.0,7.0,4.0,0.0,21.0,22.0,3.0,5.0,,,,5.0,2.0,,2.0,,,,90.0,32.0,6.9,3.0,0.00192197,,,,,0.5003,"{'original': 6.9, 'alternative': 6.8}",0,-0.6253,0.04,0.01,-0.09,0.25,"{'sportSlug': 'football', 'statisticsType': 'player'}",,,,,,,,,,,,20.016,4.79945,0.0,,,,0.09,0.02,0.0,,,,,,,,,,,,,,,,,,,,,,3.29,1.39,,,,,
14566736,2025-11-05,UEFA Champions League,UEFA Champions League 25/26,4.0,Home,Bayer 04 Leverkusen,823631,Dodi Lukebakio,M,11,True,38.0,32.0,5.0,5.0,0.0,6.0,6.0,26.0,32.0,1.0,3.0,,5.0,,,,,,,90.0,61.0,7.5,13.0,0.279241,,,,,,"{'original': 7.5, 'alternative': 7.8}",8,,0.43,0.73,-0.12,,"{'sportSlug': 'football', 'statisticsType': 'player'}",3.0,1.0,4.0,1.0,3.0,,,,,3.0,,31.5,9.73831,10.0,,,3.0,1.09,0.43,0.24,,2.0,3.0,3.0,1.0,0.819,0.5951,-0.31,1.0,,,,2.0,,,2.0,,,,,1.0,3.57,4.41,,,,,
14566736,2025-11-05,UEFA Champions League,UEFA Champions League 25/26,4.0,Home,Bayer 04 Leverkusen,1087316,Enzo Barrenechea,M,5,True,75.0,72.0,3.0,1.0,0.0,27.0,28.0,45.0,47.0,2.0,7.0,,7.0,,,,,,,90.0,83.0,7.2,4.0,0.0993135,,,,,,"{'original': 7.2, 'alternative': 6.9}",0,,0.39,0.1,-0.01,,"{'sportSlug': 'football', 'statisticsType': 'player'}",,,2.0,,3.0,,1.0,1.0,1.0,,2.0,27.576,13.0603,10.0,,,,2.65,0.93,0.18,,,,,,,,,1.0,,,,2.0,,,,,,,,,2.52,6.78,,,,,
14566736,2025-11-05,UEFA Champions League,UEFA Champions League 25/26,4.0,Home,Bayer 04 Leverkusen,228364,Fredrik Aursnes,M,8,True,56.0,46.0,5.0,3.0,0.0,16.0,18.0,30.0,38.0,1.0,4.0,1.0,5.0,,,,,,,90.0,77.0,6.8,17.0,0.363708,,,,,,"{'original': 6.8, 'alternative': 7}",1,,0.47,0.05,-0.3,,"{'sportSlug': 'football', 'statisticsType': 'player'}",6.0,1.0,5.0,,2.0,,2.0,3.0,2.0,,,29.7,12.04556,15.0,,,1.0,2.28,0.96,0.33,,,1.0,,,0.0682,,-0.14,3.0,,1.0,,,,,,,,,,,2.75,5.73,,,,,
14566736,2025-11-05,UEFA Champions League,UEFA Champions League 25/26,4.0,Home,Bayer 04 Leverkusen,1123925,Georgiy Sudakov,M,10,True,35.0,32.0,5.0,3.0,0.0,15.0,15.0,17.0,20.0,,4.0,,7.0,,,,,,,69.0,50.0,7.2,10.0,0.553313,,,,,,"{'original': 7.2, 'alternative': 7.6}",1,,0.52,0.18,-0.12,,"{'sportSlug': 'football', 'statisticsType': 'player'}",5.0,2.0,4.0,1.0,1.0,,,2.0,2.0,3.0,1.0,27.792,8.6624,5.0,,,4.0,1.46,0.54,0.1,,,,,1.0,0.0406,,-0.14,2.0,,1.0,,1.0,,,1.0,,,,,,2.1,4.46,,,,,
14566736,2025-11-05,UEFA Champions League,UEFA Champions League 25/26,4.0,Home,Bayer 04 Leverkusen,906800,Leandro Barreiro,M,18,True,14.0,11.0,1.0,1.0,0.0,6.0,6.0,5.0,8.0,1.0,4.0,1.0,2.0,,,,,,,69.0,32.0,6.7,10.0,0.0651756,,,,,,"{'original': 6.7, 'alternative': 6.7}",2,,0.17,0.12,0.17,,"{'sportSlug': 'football', 'statisticsType': 'player'}",2.0,,4.0,1.0,3.0,1.0,,1.0,,1.0,2.0,27.576,9.59437,7.0,,,1.0,1.93,0.79,0.12,,,1.0,,,0.0821,,-0.34,,,,,,,,1.0,,,,,,1.88,4.87,,,,,
14566736,2025-11-05,UEFA Champions League,UEFA Champions League 25/26,4.0,Home,Bayer 04 Leverkusen,74915,Nicolás Otamendi,D,30,True,83.0,79.0,8.0,5.0,0.0,41.0,41.0,38.0,42.0,4.0,6.0,1.0,6.0,,,,,,,90.0,96.0,6.6,4.0,0.0344024,,,,,,"{'original': 6.6, 'alternative': 7.7}",3,,0.27,0.22,-0.38,,"{'sportSlug': 'football', 'statisticsType': 'player'}",,,6.0,,,,4.0,1.0,1.0,,1.0,30.132,10.54351,13.0,,,1.0,1.4,0.68,0.27,3.0,,2.0,1.0,4.0,0.216,0.0833,-0.53,,,,,,,,,,,,,1.0,3.07,5.13,,,,,
14566736,2025-11-05,UEFA Champions League,UEFA Champions League 25/26,4.0,Home,Bayer 04 Leverkusen,1015292,Richard Ríos,M,20,True,57.0,51.0,3.0,3.0,0.0,21.0,23.0,30.0,34.0,2.0,5.0,,7.0,,,,,,,90.0,79.0,7.1,13.0,0.0263365,,,,,,"{'original': 7.1, 'alternative': 7.8}",2,,0.17,0.37,-0.1,,"{'sportSlug': 'football', 'statisticsType': 'player'}",2.0,,5.0,2.0,3.0,,3.0,1.0,,1.0,,29.736,11.61468,15.0,,,5.0,1.92,0.94,0.3,1.0,,,1.0,,0.0526,0.0323,-0.14,1.0,,1.0,,2.0,,,1.0,,,,,,3.28,5.17,,,,,
14566736,2025-11-05,UEFA Champions League,UEFA Champions League 25/26,4.0,Home,Bayer 04 Leverkusen,993101,Samuel Dahl,D,26,True,29.0,27.0,2.0,1.0,0.0,11.0,11.0,16.0,18.0,,6.0,2.0,3.0,,,,,,,69.0,46.0,6.4,4.0,0.0294983,,,,,,"{'original': 6.4, 'alternative': 6.7}",1,,0.17,0.01,-0.44,,"{'sportSlug': 'football', 'statisticsType': 'player'}",,,2.0,,,,,5.0,4.0,2.0,1.0,29.952,8.51602,15.0,,,,1.38,0.67,0.31,2.0,,1.0,,,0.0224,,0.0,,,,,,1.0,,,,,,,,2.13,4.03,,,,,
14566736,2025-11-05,UEFA Champions League,UEFA Champions League 25/26,4.0,Home,Bayer 04 Leverkusen,983542,Tomás Araújo,D,44,True,61.0,53.0,4.0,2.0,0.0,31.0,35.0,22.0,26.0,2.0,5.0,3.0,4.0,,,,,,,90.0,77.0,7.1,11.0,0.014841,,,,,,"{'original': 7.1, 'alternative': 7.4}",0,,0.17,0.08,0.51,,"{'sportSlug': 'football', 'statisticsType': 'player'}",1.0,,2.0,,1.0,,4.0,3.0,2.0,1.0,,29.34,10.61749,10.0,,,1.0,1.31,0.69,0.23,1.0,,,,,,,,,,,,,,,,,,,,,3.02,5.37,1.0,,,,
14566736,2025-11-05,UEFA Champions League,UEFA Champions League 25/26,4.0,Home,Bayer 04 Leverkusen,795236,Vangelis Pavlidis,F,14,True,19.0,14.0,,,0.0,8.0,8.0,6.0,11.0,,1.0,,1.0,,,,,,,90.0,27.0,5.9,8.0,0.0667954,,,,,,"{'original': 5.9, 'alternative': 6.3}",2,,-0.02,-0.14,-0.01,,"{'sportSlug': 'football', 'statisticsType': 'player'}",,,6.0,1.0,2.0,,,,,,1.0,29.916,12.60856,14.0,,,1.0,2.19,0.93,0.28,2.0,1.0,1.0,1.0,1.0,0.2623,,-0.51,,,,,,,,,,,,,,2.61,6.6,,,,,
14566736,2025-11-05,UEFA Champions League,UEFA Champions League 25/26,4.0,Home,Bayer 04 Leverkusen,1102791,Amar Dedić,D,17,False,13.0,12.0,1.0,,0.0,3.0,3.0,9.0,10.0,,,2.0,1.0,,,,,,,21.0,21.0,6.6,3.0,0.0387355,,,,,,"{'original': 6.6, 'alternative': 6.7}",0,,0.04,0.03,0.13,,"{'sportSlug': 'football', 'statisticsType': 'player'}",1.0,,1.0,,,,,,,1.0,,30.24,3.39629,8.0,,,,0.55,0.33,0.18,1.0,,,,,,,,,,,,,,,,,,,,,0.84,1.5,,,,,
14566736,2025-11-05,UEFA Champions League,UEFA Champions League 25/26,4.0,Home,Bayer 04 Leverkusen,1100952,Andreas Schjelderup,M,21,False,14.0,14.0,,,0.0,,,14.0,14.0,,1.0,,,,,,,,,21.0,23.0,6.7,4.0,0.103011,,,,,,"{'original': 6.7, 'alternative': 6.8}",1,,0.24,0.17,0.0,,"{'sportSlug': 'football', 'statisticsType': 'player'}",4.0,2.0,2.0,1.0,1.0,,,1.0,,,,26.604,3.32539,2.0,,,1.0,0.56,0.21,0.04,,,,,,0.0534,,-0.08,,,,,,,,1.0,,,,,,0.83,1.68,,,,,
14566736,2025-11-05,UEFA Champions League,UEFA Champions League 25/26,4.0,Home,Bayer 04 Leverkusen,1006069,António Silva,D,4,False,,,,,,,,,,,,,,,,,,,,,,,,,,,,,,,0,,,,,,"{'sportSlug': 'football', 'statisticsType': 'player'}",,,,,,,,,,,,,,,,,,,,,,,,,,,,,,,,,,,,,,,,,,,,,,,,
14566736,2025-11-05,UEFA Champions League,UEFA Champions League 25/26,4.0,Home,Bayer 04 Leverkusen,1146008,Diogo Prioste,M,86,False,,,,,,,,,,,,,,,,,,,,,,,,,,,,,,,0,,,,,,"{'sportSlug': 'football', 'statisticsType': 'player'}",,,,,,,,,,,,,,,,,,,,,,,,,,,,,,,,,,,,,,,,,,,,,,,,
14566736,2025-11-05,UEFA Champions League,UEFA Champions League 25/26,4.0,Home,Bayer 04 Leverkusen,1103333,Franjo Ivanović,F,9,False,,,,,,,,,,,,,,,,,,,,,,,,,,,,,,,0,,,,,,"{'sportSlug': 'football', 'statisticsType': 'player'}",,,,,,,,,,,,,,,,,,,,,,,,,,,,,,,,,,,,,,,,,,,,,,,,
14566736,2025-11-05,UEFA Champions League,UEFA Champions League 25/26,4.0,Home,Bayer 04 Leverkusen,1201395,Gianluca Prestianni,M,25,False,9.0,7.0,2.0,2.0,0.0,,,7.0,9.0,,1.0,,1.0,,,,,,,21.0,17.0,6.8,8.0,0.261905,,,,,,"{'original': 6.8, 'alternative': 6.7}",0,,0.3,0.06,-0.01,,"{'sportSlug': 'football', 'statisticsType': 'player'}",2.0,1.0,1.0,,1.0,,,,,4.0,1.0,27.036,3.45234,3.0,,,1.0,0.55,0.21,0.05,,,,,,,,,,,,,,,,,,,,,,0.81,1.84,,,,,
14566736,2025-11-05,UEFA Champions League,UEFA Champions League 25/26,4.0,Home,Bayer 04 Leverkusen,998870,Henrique Araújo,F,39,False,,,,,,,,,,,,,,,,,,,,,,,,,,,,,,,0,,,,,,"{'sportSlug': 'football', 'statisticsType': 'player'}",,,,,,,,,,,,,,,,,,,,,,,,,,,,,,,,,,,,,,,,,,,,,,,,
14566736,2025-11-05,UEFA Champions League,UEFA Champions League 25/26,4.0,Home,Bayer 04 Leverkusen,1118146,Joshua Wynder,D,66,False,,,,,,,,,,,,,,,,,,,,,,,,,,,,,,,0,,,,,,"{'sportSlug': 'football', 'statisticsType': 'player'}",,,,,,,,,,,,,,,,,,,,,,,,,,,,,,,,,,,,,,,,,,,,,,,,
14566736,2025-11-05,UEFA Champions League,UEFA Champions League 25/26,4.0,Home,Bayer 04 Leverkusen,1158353,João Rêgo,F,84,False,,,,,,,,,,,,,,,,,,,,,,,,,,,,,,,0,,,,,,"{'sportSlug': 'football', 'statisticsType': 'player'}",,,,,,,,,,,,,,,,,,,,,,,,,,,,,,,,,,,,,,,,,,,,,,,,
14566736,2025-11-05,UEFA Champions League,UEFA Champions League 25/26,4.0,Home,Bayer 04 Leverkusen,1215905,João Veloso,M,68,False,,,,,,,,,,,,,,,,,,,,,,,,,,,,,,,0,,,,,,"{'sportSlug': 'football', 'statisticsType': 'player'}",,,,,,,,,,,,,,,,,,,,,,,,,,,,,,,,,,,,,,,,,,,,,,,,
14566736,2025-11-05,UEFA Champions League,UEFA Champions League 25/26,4.0,Home,Bayer 04 Leverkusen,1142692,Rafael Obrador,M,3,False,,,,,,,,,,,,,,,,,,,,,,,,,,,,,,,0,,,,,,"{'sportSlug': 'football', 'statisticsType': 'player'}",,,,,,,,,,,,,,,,,,,,,,,,,,,,,,,,,,,,,,,,,,,,,,,,
14566736,2025-11-05,UEFA Champions League,UEFA Champions League 25/26,4.0,Home,Bayer 04 Leverkusen,983550,Samuel Soares,G,24,False,,,,,,,,,,,,,,,,,,,,,,,,,,,,,,,0,,,,,,"{'sportSlug': 'football', 'statisticsType': 'player'}",,,,,,,,,,,,,,,,,,,,,,,,,,,,,,,,,,,,,,,,,,,,,,,,
14131956,2025-11-09,Liga Portugal Betclic,Liga Portugal 25/26,11.0,Home,Casa Pia,1102791,Amar Dedić,D,17,True,55.0,46.0,1.0,,0.0,13.0,13.0,33.0,42.0,,2.0,1.0,3.0,,,,,,,90.0,80.0,6.1,17.0,0.15145,,,,,,"{'original': 6.1, 'alternative': 6.6}",1,,0.25,0.25,-0.35,,"{'sportSlug': 'football', 'statisticsType': 'player'}",4.0,1.0,5.0,,5.0,,1.0,1.0,,,,,,,,,1.0,,,,1.0,,1.0,,,0.0531,,0.02,,,,,1.0,,,,,,,,,,,,,,,
14131956,2025-11-09,Liga Portugal Betclic,Liga Portugal 25/26,11.0,Home,Casa Pia,966616,Anatoliy Trubin,G,1,True,14.0,10.0,7.0,3.0,0.0,7.0,9.0,3.0,5.0,,,1.0,8.0,2.0,1.0,3.0,,,,90.0,22.0,6.4,4.0,0.00063111,,,,,0.5989,"{'original': 6.4, 'alternative': 6.7}",0,-0.3296,0.04,-0.04,-0.45,0.48,"{'sportSlug': 'football', 'statisticsType': 'player'}",,,,,,,,,,,,,,,,,,,,,,,,,,,,,,,,,,1.0,,,,,,,,,,,,1.0,,
14131956,2025-11-09,Liga Portugal Betclic,Liga Portugal 25/26,11.0,Home,Casa Pia,1006069,António Silva,D,4,True,64.0,58.0,8.0,6.0,0.0,30.0,31.0,28.0,33.0,5.0,8.0,3.0,6.0,,,,,,,90.0,75.0,7.1,7.0,0.0529366,,,,,,"{'original': 7.1, 'alternative': 6.8}",1,,0.36,0.31,-0.29,,"{'sportSlug': 'football', 'statisticsType': 'player'}",,,9.0,,2.0,1.0,1.0,1.0,1.0,1.0,,,,,,,,,,,7.0,,,,4.0,0.0404,,-0.15,,,,1.0,2.0,,,1.0,,,,,,,,,,,,
14131956,2025-11-09,Liga Portugal Betclic,Liga Portugal 25/26,11.0,Home,Casa Pia,823631,Dodi Lukebakio,M,11,True,44.0,33.0,3.0,2.0,0.0,5.0,7.0,28.0,37.0,1.0,2.0,,1.0,,,,,,,89.0,63.0,7.3,22.0,0.412352,,,,,,"{'original': 7.3, 'alternative': 7}",3,,0.52,0.38,-0.11,,"{'sportSlug': 'football', 'statisticsType': 'player'}",6.0,1.0,5.0,1.0,2.0,,,,,2.0,,,,,,,3.0,,,,1.0,1.0,1.0,2.0,1.0,0.3185,0.5122,0.1,1.0,,,,1.0,,1.0,,,,,,,,,,,,,
14131956,2025-11-09,Liga Portugal Betclic,Liga Portugal 25/26,11.0,Home,Casa Pia,1087316,Enzo Barrenechea,M,5,True,58.0,55.0,4.0,3.0,0.0,14.0,14.0,41.0,44.0,,,,4.0,,,,,,,45.0,61.0,7.2,4.0,0.0428805,,,,,,"{'original': 7.2, 'alternative': 7.1}",1,,0.34,0.17,-0.03,,"{'sportSlug': 'football', 'statisticsType': 'player'}",,,1.0,,,,,,,1.0,,,,,,,1.0,,,,,,,,,0.0152,,-0.03,1.0,,,,,,,1.0,,,,,1.0,,,,,,,
14131956,2025-11-09,Liga Portugal Betclic,Liga Portugal 25/26,11.0,Home,Casa Pia,228364,Fredrik Aursnes,M,8,True,64.0,57.0,6.0,4.0,0.0,17.0,19.0,40.0,45.0,1.0,9.0,1.0,7.0,,,,,,,90.0,86.0,7.2,10.0,0.0659488,,,,,,"{'original': 7.2, 'alternative': 7.7}",0,,0.2,0.2,-0.07,,"{'sportSlug': 'football', 'statisticsType': 'player'}",,,4.0,,3.0,,3.0,5.0,4.0,2.0,1.0,,,,,,,,,,2.0,,,,1.0,,,,1.0,,,,2.0,,1.0,,,,,,,,,,,,,
14131956,2025-11-09,Liga Portugal Betclic,Liga Portugal 25/26,11.0,Home,Casa Pia,1123925,Georgiy Sudakov,M,10,True,33.0,26.0,1.0,,0.0,5.0,5.0,21.0,28.0,,1.0,,2.0,,,,,,,79.0,49.0,7.5,14.0,0.097263,,,,,,"{'original': 7.5, 'alternative': 7.8}",3,,0.25,0.22,-0.06,,"{'sportSlug': 'football', 'statisticsType': 'player'}",4.0,1.0,3.0,2.0,,,,,,2.0,1.0,,,,,,2.0,,,,,,1.0,2.0,1.0,0.2469,1.0266,0.49,,1.0,,,,,,,,,,,,,,,,,,
14131956,2025-11-09,Liga Portugal Betclic,Liga Portugal 25/26,11.0,Home,Casa Pia,1015292,Richard Ríos,M,20,True,64.0,59.0,4.0,3.0,0.0,15.0,15.0,44.0,49.0,2.0,8.0,,2.0,,,,,,,89.0,81.0,6.6,9.0,0.0555287,,,,,,"{'original': 6.6, 'alternative': 7.1}",5,,0.14,0.99,-0.57,,"{'sportSlug': 'football', 'statisticsType': 'player'}",1.0,,6.0,2.0,1.0,,,3.0,,,2.0,,,,,,1.0,,,,1.0,,2.0,1.0,,0.5403,0.0935,-0.65,3.0,,,,1.0,1.0,,2.0,,,,,,,,,,,,
14131956,2025-11-09,Liga Portugal Betclic,Liga Portugal 25/26,11.0,Home,Casa Pia,993101,Samuel Dahl,D,26,True,55.0,52.0,2.0,2.0,0.0,14.0,15.0,38.0,40.0,,2.0,,6.0,,,,,,,90.0,72.0,6.6,9.0,0.0689287,,,,,,"{'original': 6.6, 'alternative': 6.7}",0,,0.32,0.23,-0.38,,"{'sportSlug': 'football', 'statisticsType': 'player'}",2.0,,2.0,,,,1.0,2.0,2.0,1.0,,,,,,,,,,,,,,,1.0,,,,1.0,,,,,,,,,,,,,,,,,,,
14131956,2025-11-09,Liga Portugal Betclic,Liga Portugal 25/26,11.0,Home,Casa Pia,983542,Tomás Araújo,D,44,True,80.0,72.0,10.0,6.0,0.0,27.0,29.0,45.0,51.0,1.0,2.0,1.0,4.0,,,,,,,90.0,91.0,6.5,12.0,0.040444,,,,,,"{'original': 6.5, 'alternative': 7}",1,,0.48,0.31,-0.87,,"{'sportSlug': 'football', 'statisticsType': 'player'}",,,1.0,,1.0,1.0,,1.0,,1.0,,,,,,,2.0,,,,,,,,,0.0203,,0.0,,,1.0,,,,,1.0,,,,,,,,,,,,1.0
14131956,2025-11-09,Liga Portugal Betclic,Liga Portugal 25/26,11.0,Home,Casa Pia,795236,Vangelis Pavlidis,F,14,True,17.0,12.0,,,1.0,2.0,3.0,10.0,14.0,,1.0,1.0,3.0,,,,,,,89.0,22.0,7.1,5.0,0.102778,,,,,,"{'original': 7.1, 'alternative': 8}",2,,0.26,-0.05,0.14,,"{'sportSlug': 'football', 'statisticsType': 'player'}",,,1.0,,,,,,,,1.0,,,,,,1.0,,,,1.0,,,1.0,,0.9024,0.9636,0.29,,1.0,1.0,,,,2.0,1.0,,,,,,,,,,,,
14131956,2025-11-09,Liga Portugal Betclic,Liga Portugal 25/26,11.0,Home,Casa Pia,1100952,Andreas Schjelderup,M,21,False,,,,,,,,,,,,,,,,,,,,,,,,,,,,,,,0,,,,,,"{'sportSlug': 'football', 'statisticsType': 'player'}",,,,,,,,,,,,,,,,,,,,,,,,,,,,,,,,,,,,,,,,,,,,,,,,
14131956,2025-11-09,Liga Portugal Betclic,Liga Portugal 25/26,11.0,Home,Casa Pia,1103333,Franjo Ivanović,F,9,False,2.0,,1.0,,0.0,,,,2.0,1.0,1.0,,,,,,,,,10.0,3.0,6.5,3.0,,,,,,,"{'original': 6.5, 'alternative': 6.5}",0,,-0.05,,0.0,,"{'sportSlug': 'football', 'statisticsType': 'player'}",,,,,,,,,,1.0,,,,,,,,,,,,,,,,,,,,,,,,,,,,,,,,,,,,,,
14131956,2025-11-09,Liga Portugal Betclic,Liga Portugal 25/26,11.0,Home,Casa Pia,1201395,Gianluca Prestianni,M,25,False,7.0,7.0,,,0.0,2.0,2.0,5.0,5.0,,2.0,,1.0,,,,,,,45.0,17.0,6.5,4.0,0.0167548,,,,,,"{'original': 6.5, 'alternative': 6.5}",2,,0.06,-0.14,0.0,,"{'sportSlug': 'football', 'statisticsType': 'player'}",1.0,,3.0,1.0,2.0,,,1.0,,,1.0,,,,,,1.0,,,,,,2.0,,,0.0823,,-0.25,,,,,,,,,,,,,,,,,,,,
14131956,2025-11-09,Liga Portugal Betclic,Liga Portugal 25/26,11.0,Home,Casa Pia,998870,Henrique Araújo,F,39,False,1.0,,,,0.0,,,,1.0,,,,,,,,,,,1.0,1.0,,1.0,,,,,,,,0,,,,,,"{'sportSlug': 'football', 'statisticsType': 'player'}",,,,,,,,,,,,,,,,,,,,,,,,,,,,,,,,,,,,,,,,,,,,,,,,
14131956,2025-11-09,Liga Portugal Betclic,Liga Portugal 25/26,11.0,Home,Casa Pia,1118146,Joshua Wynder,D,66,False,,,,,,,,,,,,,,,,,,,,,,,,,,,,,,,0,,,,,,"{'sportSlug': 'football', 'statisticsType': 'player'}",,,,,,,,,,,,,,,,,,,,,,,,,,,,,,,,,,,,,,,,,,,,,,,,
14131956,2025-11-09,Liga Portugal Betclic,Liga Portugal 25/26,11.0,Home,Casa Pia,1158353,João Rêgo,F,84,False,1.0,,,,0.0,,,,1.0,,,,,,,,,,,10.0,1.0,6.4,1.0,,,,,,,"{'original': 6.4, 'alternative': 6.4}",0,,-0.02,,-0.06,,"{'sportSlug': 'football', 'statisticsType': 'player'}",,,,,,,,,,,,,,,,,,,,,,,,,,,,,,,,,,,,,,,,,,,,,,,,
14131956,2025-11-09,Liga Portugal Betclic,Liga Portugal 25/26,11.0,Home,Casa Pia,906800,Leandro Barreiro,M,18,False,3.0,2.0,1.0,,0.0,1.0,1.0,1.0,2.0,1.0,1.0,,,,,,,,,11.0,4.0,6.5,1.0,0.00223938,,,,,,"{'original': 6.5, 'alternative': 6.4}",0,,0.05,,-0.06,,"{'sportSlug': 'football', 'statisticsType': 'player'}",,,,,,,,,,,,,,,,,,,,,,,,,,,,,,,,,,,1.0,,,,,,,,,,,,,
14131956,2025-11-09,Liga Portugal Betclic,Liga Portugal 25/26,11.0,Home,Casa Pia,1142692,Rafael Obrador,M,3,False,,,,,,,,,,,,,,,,,,,,,,,,,,,,,,,0,,,,,,"{'sportSlug': 'football', 'statisticsType': 'player'}",,,,,,,,,,,,,,,,,,,,,,,,,,,,,,,,,,,,,,,,,,,,,,,,
14131956,2025-11-09,Liga Portugal Betclic,Liga Portugal 25/26,11.0,Home,Casa Pia,983550,Samuel Soares,G,24,False,,,,,,,,,,,,,,,,,,,,,,,,,,,,,,,0,,,,,,"{'sportSlug': 'football', 'statisticsType': 'player'}",,,,,,,,,,,,,,,,,,,,,,,,,,,,,,,,,,,,,,,,,,,,,,,,
14917422,2025-11-21,Taça de Portugal,Taca de Portugal 25/26,4.0,Away,Atletico CP,1102791,Amar Dedić,D,17,True,60.0,49.0,3.0,3.0,0.0,18.0,20.0,31.0,40.0,1.0,2.0,1.0,3.0,,,,,,,90.0,80.0,6.8,18.0,,270.23128290136,26.0,-130.83,19.215,,"{'original': 6.8, 'alternative': 7.1}",1,,0.19,0.28,-0.06,,"{'sportSlug': 'football', 'statisticsType': 'player'}",2.0,,5.0,,2.0,,,,,2.0,,,,,,,1.0,,,,2.0,,,1.0,2.0,,,-0.08,1.0,,,,1.0,,,,,,,,,,,,,,,
14917422,2025-11-21,Taça de Portugal,Taca de Portugal 25/26,4.0,Away,Atletico CP,1006069,António Silva,D,4,True,74.0,67.0,5.0,4.0,0.0,42.0,44.0,25.0,30.0,1.0,2.0,2.0,4.0,,,,,,,90.0,86.0,7.3,9.0,,286.97495028667,30.0,-134.82,9.03,,"{'original': 7.3, 'alternative': 8.1}",1,,0.07,0.13,0.26,,"{'sportSlug': 'football', 'statisticsType': 'player'}",1.0,,6.0,,,2.0,1.0,,,1.0,1.0,,,,,,3.0,,,,3.0,1.0,1.0,,2.0,,,-0.11,1.0,,1.0,,,,,,,,1.0,,,,,,,,,
14917422,2025-11-21,Taça de Portugal,Taca de Portugal 25/26,4.0,Away,Atletico CP,1087316,Enzo Barrenechea,M,5,True,33.0,28.0,1.0,1.0,0.0,15.0,15.0,13.0,18.0,2.0,4.0,2.0,3.0,,,,,,,45.0,48.0,6.7,8.0,,8.96876582492,2.0,5.355,5.565,,"{'original': 6.7, 'alternative': 7}",3,,-0.02,0.0,-0.04,,"{'sportSlug': 'football', 'statisticsType': 'player'}",,,2.0,2.0,,1.0,,1.0,,1.0,1.0,,,,,,1.0,,,,,,2.0,,,,,-0.17,,,1.0,,,,,1.0,1.0,,,,,,,,,,,
14917422,2025-11-21,Taça de Portugal,Taca de Portugal 25/26,4.0,Away,Atletico CP,1103333,Franjo Ivanović,F,9,True,15.0,14.0,2.0,2.0,0.0,6.0,7.0,8.0,8.0,,3.0,,1.0,,,,,,,45.0,28.0,6.8,7.0,,160.61197067352,16.0,-39.69,17.01,,"{'original': 6.8, 'alternative': 6.4}",2,,-0.12,0.28,0.0,,"{'sportSlug': 'football', 'statisticsType': 'player'}",1.0,,5.0,2.0,2.0,,1.0,,,1.0,3.0,,,,,,,,,,1.0,1.0,2.0,,1.0,,,-0.28,,,,,,,,,,,,,,,,,,,,
14917422,2025-11-21,Taça de Portugal,Taca de Portugal 25/26,4.0,Away,Atletico CP,228364,Fredrik Aursnes,M,8,True,65.0,54.0,6.0,4.0,1.0,16.0,19.0,38.0,46.0,,2.0,1.0,6.0,,,,,,,90.0,88.0,7.3,22.0,,195.30410952987,22.0,-53.025,16.695,,"{'original': 7.3, 'alternative': 7.8}",1,,0.37,0.12,-0.04,,"{'sportSlug': 'football', 'statisticsType': 'player'}",15.0,5.0,2.0,1.0,,,,2.0,1.0,,,,,,,,5.0,,,,,,,,,,,0.0,1.0,,,,,,,1.0,,,,,,,,,,,,
14917422,2025-11-21,Taça de Portugal,Taca de Portugal 25/26,4.0,Away,Atletico CP,1158353,João Rêgo,F,84,True,25.0,23.0,1.0,1.0,0.0,6.0,6.0,17.0,19.0,,,,2.0,,,,,,,45.0,31.0,6.2,5.0,,149.52213252508,14.0,-72.975,5.565,,"{'original': 6.2, 'alternative': 6.5}",1,,-0.05,0.06,-0.04,,"{'sportSlug': 'football', 'statisticsType': 'player'}",,,6.0,2.0,,,,,,1.0,,,,,,,,,,,3.0,,,,,,,-0.09,1.0,,,,,,,1.0,,,,,,,,,,,,
14917422,2025-11-21,Taça de Portugal,Taca de Portugal 25/26,4.0,Away,Atletico CP,74915,Nicolás Otamendi,D,30,True,64.0,62.0,3.0,3.0,0.0,40.0,40.0,22.0,24.0,6.0,10.0,7.0,5.0,,,,,,,90.0,79.0,7.4,2.0,,343.078400402,40.0,-156.87,8.925,,"{'original': 7.4, 'alternative': 7.7}",2,,0.15,0.23,0.42,,"{'sportSlug': 'football', 'statisticsType': 'player'}",,,1.0,,,,1.0,3.0,3.0,,1.0,,,,,,,,,,1.0,1.0,1.0,1.0,,,,-0.88,,,,,,,,,,,,,,,,,1.0,,,
14917422,2025-11-21,Taça de Portugal,Taca de Portugal 25/26,4.0,Away,Atletico CP,1184329,Rodrigo Rego,F,67,True,41.0,35.0,,,0.0,10.0,12.0,25.0,29.0,,3.0,1.0,3.0,,,,,,,90.0,66.0,6.5,16.0,,264.0078977706,23.0,-96.705,38.535,,"{'original': 6.5, 'alternative': 6.9}",5,,-0.35,0.43,-0.07,,"{'sportSlug': 'football', 'statisticsType': 'player'}",5.0,1.0,5.0,2.0,3.0,,,1.0,1.0,2.0,,,,,,,,,,,,,1.0,,,,,-0.45,2.0,,,,2.0,,,4.0,,,,,,,,,,,,
14917422,2025-11-21,Taça de Portugal,Taca de Portugal 25/26,4.0,Away,Atletico CP,983550,Samuel Soares,G,24,True,25.0,15.0,14.0,4.0,0.0,14.0,17.0,1.0,8.0,,1.0,1.0,6.0,2.0,,2.0,,1.0,1.0,90.0,34.0,8.0,10.0,,49.141188781843,6.0,-21.945,-0.73500000000001,0.7644,"{'original': 8, 'alternative': 7.1}",0,,0.04,-0.02,0.24,0.57,"{'sportSlug': 'football', 'statisticsType': 'player'}",,,,,,,,,,,1.0,,,,,,,,,,,,,,,,,,,,,,,,,,,,,,,,,,,,,
14917422,2025-11-21,Taça de Portugal,Taca de Portugal 25/26,4.0,Away,Atletico CP,983542,Tomás Araújo,D,44,True,35.0,27.0,1.0,,0.0,13.0,16.0,14.0,19.0,1.0,1.0,2.0,2.0,,,,,,,45.0,43.0,6.5,11.0,,59.55317270538,9.0,-33.6,5.46,,"{'original': 6.5, 'alternative': 6.6}",0,,0.02,0.03,0.18,,"{'sportSlug': 'football', 'statisticsType': 'player'}",,,4.0,2.0,1.0,,,,,,,,,,,,1.0,,,,1.0,,,,,,,,,,,,,,,,,,,,,,,,,,,
14917422,2025-11-21,Taça de Portugal,Taca de Portugal 25/26,4.0,Away,Atletico CP,795236,Vangelis Pavlidis,F,14,True,26.0,21.0,1.0,1.0,0.0,5.0,5.0,16.0,21.0,1.0,2.0,,1.0,,,,,,,79.0,38.0,6.9,11.0,,70.743536971127,8.0,-28.35,-0.21000000000001,,"{'original': 6.9, 'alternative': 7.5}",2,,-0.19,0.11,0.15,,"{'sportSlug': 'football', 'statisticsType': 'player'}",,,4.0,2.0,2.0,,,,,2.0,,,,,,,2.0,,,,1.0,,,2.0,,,,0.32,,1.0,,,1.0,,,,,,,,,,,,,,,
14917422,2025-11-21,Taça de Portugal,Taca de Portugal 25/26,4.0,Away,Atletico CP,966616,Anatoliy Trubin,G,1,False,,,,,,,,,,,,,,,,,,,,,,,,,,,,,,,0,,,,,,"{'sportSlug': 'football', 'statisticsType': 'player'}",,,,,,,,,,,,,,,,,,,,,,,,,,,,,,,,,,,,,,,,,,,,,,,,
14917422,2025-11-21,Taça de Portugal,Taca de Portugal 25/26,4.0,Away,Atletico CP,1100952,Andreas Schjelderup,M,21,False,20.0,17.0,2.0,2.0,0.0,5.0,5.0,12.0,15.0,,,,6.0,,,,,,,45.0,29.0,6.7,9.0,,193.82063267839,17.0,-100.59,9.345,,"{'original': 6.7, 'alternative': 6.8}",3,,-0.21,0.66,0.0,,"{'sportSlug': 'football', 'statisticsType': 'player'}",2.0,,2.0,,2.0,,,,,2.0,,,,,,,,,,,,,,1.0,,,,-0.53,,,,,,,,2.0,,,,,,,,,,,,
14917422,2025-11-21,Taça de Portugal,Taca de Portugal 25/26,4.0,Away,Atletico CP,1123925,Georgiy Sudakov,M,10,False,,,,,,,,,,,,,,,,,,,,,,,,,,,,,,,0,,,,,,"{'sportSlug': 'football', 'statisticsType': 'player'}",,,,,,,,,,,,,,,,,,,,,,,,,,,,,,,,,,,,,,,,,,,,,,,,
14917422,2025-11-21,Taça de Portugal,Taca de Portugal 25/26,4.0,Away,Atletico CP,1201395,Gianluca Prestianni,M,25,False,,,,,,,,,,,,,,,,,,,,,,,,,,,,,,,0,,,,,,"{'sportSlug': 'football', 'statisticsType': 'player'}",,,,,,,,,,,,,,,,,,,,,,,,,,,,,,,,,,,,,,,,,,,,,,,,
14917422,2025-11-21,Taça de Portugal,Taca de Portugal 25/26,4.0,Away,Atletico CP,998870,Henrique Araújo,F,39,False,3.0,3.0,,,0.0,1.0,1.0,2.0,2.0,,,,,,,,,,,11.0,3.0,6.4,,,,,,,,"{'original': 6.4, 'alternative': 6.5}",0,,0.03,,0.13,,"{'sportSlug': 'football', 'statisticsType': 'player'}",,,2.0,,,,,,,,,,,,,,,,,,1.0,,,,1.0,,,,,,,,,,,,,,,,,,,,,,,
14917422,2025-11-21,Taça de Portugal,Taca de Portugal 25/26,4.0,Away,Atletico CP,1118146,Joshua Wynder,D,66,False,,,,,,,,,,,,,,,,,,,,,,,,,,,,,,,0,,,,,,"{'sportSlug': 'football', 'statisticsType': 'player'}",,,,,,,,,,,,,,,,,,,,,,,,,,,,,,,,,,,,,,,,,,,,,,,,
14917422,2025-11-21,Taça de Portugal,Taca de Portugal 25/26,4.0,Away,Atletico CP,906800,Leandro Barreiro,M,18,False,15.0,13.0,,,0.0,1.0,1.0,12.0,14.0,,3.0,,3.0,,,,,,,45.0,29.0,7.0,5.0,,84.257135397008,10.0,-47.145,0.20999999999999,,"{'original': 7, 'alternative': 7.1}",1,,0.1,0.12,-0.05,,"{'sportSlug': 'football', 'statisticsType': 'player'}",,,5.0,,2.0,,,1.0,1.0,1.0,2.0,,,,,,3.0,,,,1.0,,,,,,,0.0,2.0,,,,,,,1.0,,,1.0,,,,,,,,,
14917422,2025-11-21,Taça de Portugal,Taca de Portugal 25/26,4.0,Away,Atletico CP,1015292,Richard Ríos,M,20,False,21.0,18.0,1.0,,0.0,8.0,9.0,10.0,12.0,,5.0,,3.0,,,,,,,45.0,29.0,8.1,3.0,,57.651207482759,8.0,-16.065,1.365,,"{'original': 8.1, 'alternative': 7.6}",3,,-0.04,0.12,0.14,,"{'sportSlug': 'football', 'statisticsType': 'player'}",,,,,,,,1.0,1.0,,4.0,,,,,,,,,,,,1.0,1.0,,,,0.5,,1.0,,,,,,1.0,,,,,,,,,,,,
14917422,2025-11-21,Taça de Portugal,Taca de Portugal 25/26,4.0,Away,Atletico CP,993101,Samuel Dahl,D,26,False,36.0,32.0,2.0,1.0,0.0,17.0,17.0,15.0,19.0,,2.0,,1.0,,,,,,,45.0,46.0,6.6,7.0,,86.398762090852,12.0,-15.54,5.355,,"{'original': 6.6, 'alternative': 6.8}",1,,-0.2,0.05,-0.03,,"{'sportSlug': 'football', 'statisticsType': 'player'}",2.0,,1.0,,1.0,,1.0,1.0,,1.0,,,,,,,,,,,1.0,,,,1.0,,,-0.04,,,,,1.0,,,1.0,,,,,,,,,,,,
14566874,2025-11-25,UEFA Champions League,UEFA Champions League 25/26,5.0,Away,AFC Ajax,1102791,Amar Dedić,D,17,True,35.0,30.0,4.0,1.0,0.0,15.0,17.0,15.0,18.0,,7.0,2.0,2.0,,,,,,,90.0,71.0,7.0,11.0,0.0217579,157.38647762541,18.0,-58.905,7.77,,"{'original': 7, 'alternative': 7.5}",1,,-0.28,0.44,0.13,,"{'sportSlug': 'football', 'statisticsType': 'player'}",1.0,,3.0,,5.0,,1.0,2.0,2.0,2.0,2.0,32.544,10.37629,9.0,,,1.0,1.47,0.47,0.23,,,,1.0,1.0,0.1204,0.1632,-0.33,,,,,3.0,,,,,,,,,3.17,5.04,,,,,
14566874,2025-11-25,UEFA Champions League,UEFA Champions League 25/26,5.0,Away,AFC Ajax,966616,Anatoliy Trubin,G,1,True,21.0,11.0,14.0,4.0,0.0,8.0,9.0,3.0,12.0,,,,9.0,3.0,,4.0,,,,90.0,33.0,7.0,10.0,0.00019497,20.116943492801,5.0,4.095,5.25,0.4487,"{'original': 7, 'alternative': 7.7}",0,0.4114,0.05,-0.04,0.25,0.39,"{'sportSlug': 'football', 'statisticsType': 'player'}",,,,,,,,,,,,20.088,4.62935,0.0,,,,0.06,0.0,0.0,,,,,,,,,,,,,,,,,,,,3.0,,3.37,1.19,,,,,
14566874,2025-11-25,UEFA Champions League,UEFA Champions League 25/26,5.0,Away,AFC Ajax,1006069,António Silva,D,4,True,50.0,46.0,6.0,3.0,0.0,27.0,30.0,19.0,20.0,4.0,6.0,9.0,1.0,,,,,,,90.0,63.0,7.6,4.0,0.0211357,214.44437667319,25.0,-22.785,8.715,,"{'original': 7.6, 'alternative': 7.3}",0,,0.28,0.09,0.29,,"{'sportSlug': 'football', 'statisticsType': 'player'}",,,2.0,,,,,1.0,1.0,,1.0,28.8,9.83711,4.0,,,,1.08,0.31,0.07,1.0,,,,,,,,1.0,,,,,,,,,,,,,3.17,5.22,,,,,
14566874,2025-11-25,UEFA Champions League,UEFA Champions League 25/26,5.0,Away,AFC Ajax,1087316,Enzo Barrenechea,M,5,True,57.0,53.0,5.0,3.0,0.0,28.0,29.0,25.0,28.0,,2.0,2.0,3.0,,,,,,,90.0,69.0,6.9,5.0,0.0233107,120.73545784977,23.0,21.525,7.035,,"{'original': 6.9, 'alternative': 7}",1,,0.02,0.1,0.18,,"{'sportSlug': 'football', 'statisticsType': 'player'}",,,2.0,1.0,,,1.0,,,,2.0,29.196,12.96782,3.0,,,,2.62,0.64,0.09,,,1.0,,,0.0328,,-0.2,1.0,,,,,,,,,,,,,2.46,7.16,,,,,
14566874,2025-11-25,UEFA Champions League,UEFA Champions League 25/26,5.0,Away,AFC Ajax,228364,Fredrik Aursnes,M,8,True,36.0,26.0,,,1.0,10.0,12.0,16.0,24.0,5.0,6.0,3.0,3.0,,,,,,,90.0,50.0,6.8,14.0,0.329105,65.470700498002,11.0,-21.105,5.145,,"{'original': 6.8, 'alternative': 7.3}",0,,0.13,0.13,-0.06,,"{'sportSlug': 'football', 'statisticsType': 'player'}",2.0,1.0,6.0,,2.0,,1.0,1.0,,1.0,,29.124,12.56231,9.0,,,3.0,2.18,0.89,0.17,2.0,,,,,,,,2.0,,1.0,,,,,,,,,,,2.67,6.66,,,,,
14566874,2025-11-25,UEFA Champions League,UEFA Champions League 25/26,5.0,Away,AFC Ajax,1123925,Georgiy Sudakov,M,10,True,29.0,23.0,6.0,4.0,0.0,11.0,12.0,12.0,17.0,,3.0,1.0,3.0,,,,,,,81.0,50.0,7.0,15.0,0.128115,136.3839070903,12.0,1.05,15.96,,"{'original': 7, 'alternative': 7.2}",1,,0.09,0.29,-0.05,,"{'sportSlug': 'football', 'statisticsType': 'player'}",6.0,2.0,3.0,1.0,1.0,,1.0,2.0,1.0,3.0,1.0,28.8,10.64238,4.0,,,2.0,1.76,0.57,0.08,,,,,,0.0588,,0.01,1.0,,1.0,,,,,1.0,,,,,,2.45,5.78,,,,,
14566874,2025-11-25,UEFA Champions League,UEFA Champions League 25/26,5.0,Away,AFC Ajax,906800,Leandro Barreiro,M,18,True,24.0,16.0,,,0.0,7.0,9.0,9.0,15.0,1.0,4.0,,6.0,,,,,,,89.0,34.0,7.6,11.0,0.0784269,72.471571502705,10.0,-52.395,3.045,,"{'original': 7.6, 'alternative': 7.1}",2,,0.06,0.51,-0.1,,"{'sportSlug': 'football', 'statisticsType': 'player'}",,,10.0,1.0,,,,1.0,1.0,2.0,2.0,29.016,12.22398,6.0,,,1.0,2.18,0.87,0.12,2.0,,,1.0,5.0,0.572,0.7964,0.48,3.0,1.0,,,,,,1.0,,,,,,2.62,6.44,,,,,
14566874,2025-11-25,UEFA Champions League,UEFA Champions League 25/26,5.0,Away,AFC Ajax,74915,Nicolás Otamendi,D,30,True,46.0,38.0,4.0,1.0,0.0,21.0,22.0,17.0,24.0,4.0,9.0,7.0,,,,,,,,90.0,64.0,7.6,8.0,0.00736147,230.33548020728,24.0,-110.145,4.62,,"{'original': 7.6, 'alternative': 7.6}",0,,-0.07,0.15,0.48,,"{'sportSlug': 'football', 'statisticsType': 'player'}",,,1.0,,,1.0,1.0,3.0,2.0,,2.0,28.476,9.61543,3.0,,,,1.15,0.32,0.07,1.0,,,,,,,,,,,,,,,,,,,,,3.26,4.82,,,,,
14566874,2025-11-25,UEFA Champions League,UEFA Champions League 25/26,5.0,Away,AFC Ajax,1015292,Richard Ríos,M,20,True,39.0,35.0,2.0,1.0,0.0,16.0,19.0,19.0,20.0,1.0,4.0,2.0,6.0,,,,,,,90.0,55.0,6.8,9.0,0.011058,222.21507306737,19.0,-141.54,5.985,,"{'original': 6.8, 'alternative': 6.5}",1,,0.03,0.32,-0.16,,"{'sportSlug': 'football', 'statisticsType': 'player'}",,,7.0,1.0,2.0,,3.0,,,3.0,2.0,31.356,11.5273,15.0,,,,2.11,0.69,0.31,,1.0,,1.0,1.0,0.0723,0.2828,0.09,4.0,,,,1.0,,,,,,,,,2.88,5.54,,,,,
14566874,2025-11-25,UEFA Champions League,UEFA Champions League 25/26,5.0,Away,AFC Ajax,993101,Samuel Dahl,D,26,True,33.0,26.0,1.0,,0.0,10.0,12.0,16.0,21.0,,7.0,3.0,2.0,,,,,,,90.0,52.0,7.6,11.0,0.119285,85.299733499834,10.0,-48.615,7.14,,"{'original': 7.6, 'alternative': 7.8}",1,,0.03,0.09,0.0,,"{'sportSlug': 'football', 'statisticsType': 'player'}",2.0,1.0,3.0,1.0,1.0,,,5.0,3.0,2.0,1.0,31.104,10.95871,13.0,,,,1.56,0.76,0.25,,,,1.0,1.0,0.0667,0.6383,0.32,1.0,1.0,,,1.0,,,,,,,,,2.95,5.45,,,,,
14566874,2025-11-25,UEFA Champions League,UEFA Champions League 25/26,5.0,Away,AFC Ajax,795236,Vangelis Pavlidis,F,14,True,25.0,19.0,2.0,,0.0,4.0,6.0,15.0,19.0,4.0,5.0,,3.0,,,,,,,89.0,39.0,6.1,12.0,0.0587409,103.68420135977,13.0,-64.68,1.89,,"{'original': 6.1, 'alternative': 6.9}",4,,-0.45,0.4,-0.03,,"{'sportSlug': 'football', 'statisticsType': 'player'}",,,9.0,2.0,2.0,,,,,2.0,1.0,30.492,11.75267,8.0,,,1.0,1.94,0.58,0.19,4.0,,3.0,,,0.2475,,-0.55,1.0,,,,,,,1.0,,,,,,2.79,6.26,,,,,
14566874,2025-11-25,UEFA Champions League,UEFA Champions League 25/26,5.0,Away,AFC Ajax,1100952,Andreas Schjelderup,M,21,False,,,,,,,,,,,,,,,,,,,,,,,,,,,,,,,0,,,,,,"{'sportSlug': 'football', 'statisticsType': 'player'}",,,,,,,,,,,,,,,,,,,,,,,,,,,,,,,,,,,,,,,,,,,,,,,,
14566874,2025-11-25,UEFA Champions League,UEFA Champions League 25/26,5.0,Away,AFC Ajax,1103333,Franjo Ivanović,F,9,False,,,,,,,,,,,,,,,,,,,,,,,,,,,,,,,0,,,,,,"{'sportSlug': 'football', 'statisticsType': 'player'}",,,,,,,,,,,,,,,,,,,,,,,,,,,,,,,,,,,,,,,,,,,,,,,,
14566874,2025-11-25,UEFA Champions League,UEFA Champions League 25/26,5.0,Away,AFC Ajax,1201395,Gianluca Prestianni,M,25,False,,,,,,,,,,,,,,,,,,,,,,,,,,,,,,,0,,,,,,"{'sportSlug': 'football', 'statisticsType': 'player'}",,,,,,,,,,,,,,,,,,,,,,,,,,,,,,,,,,,,,,,,,,,,,,,,
14566874,2025-11-25,UEFA Champions League,UEFA Champions League 25/26,5.0,Away,AFC Ajax,998870,Henrique Araújo,F,39,False,,,,,,,,,,,,,,,,,,,,,,,,,,,,,,,0,,,,,,"{'sportSlug': 'football', 'statisticsType': 'player'}",,,,,,,,,,,,,,,,,,,,,,,,,,,,,,,,,,,,,,,,,,,,,,,,
14566874,2025-11-25,UEFA Champions League,UEFA Champions League 25/26,5.0,Away,AFC Ajax,1118146,Joshua Wynder,D,66,False,,,,,,,,,,,,,,,,,,,,,,,,,,,,,,,0,,,,,,"{'sportSlug': 'football', 'statisticsType': 'player'}",,,,,,,,,,,,,,,,,,,,,,,,,,,,,,,,,,,,,,,,,,,,,,,,
14566874,2025-11-25,UEFA Champions League,UEFA Champions League 25/26,5.0,Away,AFC Ajax,1158353,João Rêgo,F,84,False,,,,,,,,,,,,,,,,,,,,,,,,,,,,,,,0,,,,,,"{'sportSlug': 'football', 'statisticsType': 'player'}",,,,,,,,,,,,,,,,,,,,,,,,,,,,,,,,,,,,,,,,,,,,,,,,
14566874,2025-11-25,UEFA Champions League,UEFA Champions League 25/26,5.0,Away,AFC Ajax,1215905,João Veloso,M,68,False,,,,,,,,,,,,,,,,,,,,,,,,,,,,,,,0,,,,,,"{'sportSlug': 'football', 'statisticsType': 'player'}",,,,,,,,,,,,,,,,,,,,,,,,,,,,,,,,,,,,,,,,,,,,,,,,
14566874,2025-11-25,UEFA Champions League,UEFA Champions League 25/26,5.0,Away,AFC Ajax,1085740,Manu Silva,M,16,False,3.0,2.0,,,0.0,2.0,3.0,,,,,,1.0,,,,,,,1.0,3.0,,1.0,4.384e-05,,,,,,,0,,,,,,"{'sportSlug': 'football', 'statisticsType': 'player'}",,,,,,,,,,,,22.68,0.42806,0.0,,,,0.11,0.03,0.0,,,,,,,,,,,,,,,,,,,,,,0.11,0.18,,,,,
14566874,2025-11-25,UEFA Champions League,UEFA Champions League 25/26,5.0,Away,AFC Ajax,1142692,Rafael Obrador,M,3,False,,,,,,,,,,,,,,,,,,,,,,,,,,,,,,,0,,,,,,"{'sportSlug': 'football', 'statisticsType': 'player'}",,,,,,,,,,,,,,,,,,,,,,,,,,,,,,,,,,,,,,,,,,,,,,,,
14566874,2025-11-25,UEFA Champions League,UEFA Champions League 25/26,5.0,Away,AFC Ajax,1184329,Rodrigo Rego,F,67,False,,,,,0.0,,,,,,,1.0,,,,,,,,1.0,1.0,,,,4.0003344860149,1.0,2.73,2.73,,,0,,,,,,"{'sportSlug': 'football', 'statisticsType': 'player'}",,,1.0,,,,,,,,,25.308,0.35709,1.0,,,,0.06,0.07,0.01,1.0,,,,,,,,,,,,,,,,,,,,,0.09,0.12,,,,,
14566874,2025-11-25,UEFA Champions League,UEFA Champions League 25/26,5.0,Away,AFC Ajax,983550,Samuel Soares,G,24,False,,,,,,,,,,,,,,,,,,,,,,,,,,,,,,,0,,,,,,"{'sportSlug': 'football', 'statisticsType': 'player'}",,,,,,,,,,,,,,,,,,,,,,,,,,,,,,,,,,,,,,,,,,,,,,,,
14566874,2025-11-25,UEFA Champions League,UEFA Champions League 25/26,5.0,Away,AFC Ajax,983542,Tomás Araújo,D,44,False,7.0,7.0,2.0,2.0,0.0,2.0,2.0,5.0,5.0,,,1.0,,,,,,,,9.0,8.0,6.8,,0.00181711,10.832260965097,2.0,-0.73499999999999,3.465,,"{'original': 6.8, 'alternative': 6.6}",0,,0.07,0.02,-0.04,,"{'sportSlug': 'football', 'statisticsType': 'player'}",,,1.0,,,,,,,,,24.876,1.37506,0.0,,,,0.14,0.05,0.0,,,,,,,,,1.0,,,,,,,,,,,,,0.45,0.73,,,,,
14131968,2025-11-29,Liga Portugal Betclic,Liga Portugal 25/26,12.0,Away,CD Nacional,1102791,Amar Dedić,D,17,True,55.0,46.0,5.0,2.0,1.0,15.0,19.0,31.0,36.0,1.0,1.0,,3.0,,,,,,,90.0,77.0,6.5,13.0,0.053073,318.848292574,29.0,-194.04,8.925,,"{'original': 6.5, 'alternative': 7.1}",3,,-0.01,0.42,-0.19,,"{'sportSlug': 'football', 'statisticsType': 'player'}",3.0,,1.0,,,,,,,1.0,,33.19,11.73,19.0,,,1.0,1.27,0.65,0.31,,,1.0,,,0.1803,,-0.31,1.0,,,,,,,2.0,,,,,,,,,,,,
14131968,2025-11-29,Liga Portugal Betclic,Liga Portugal 25/26,12.0,Away,CD Nacional,966616,Anatoliy Trubin,G,1,True,15.0,14.0,3.0,2.0,0.0,13.0,13.0,1.0,2.0,,,,6.0,,,1.0,,,,90.0,20.0,6.4,1.0,0.0003162,15.231392225826,3.0,-5.775,3.57,0.1149,"{'original': 6.4, 'alternative': 6.7}",0,-0.0459,0.05,-0.01,-0.1,0.13,"{'sportSlug': 'football', 'statisticsType': 'player'}",,,,,,,,,,,,,,,,,,,,,,,,,,,,,,,,,,,,,,,,,,,,,,,,
14131968,2025-11-29,Liga Portugal Betclic,Liga Portugal 25/26,12.0,Away,CD Nacional,1006069,António Silva,D,4,True,72.0,64.0,3.0,3.0,0.0,28.0,33.0,36.0,39.0,7.0,10.0,4.0,1.0,,,,,,,90.0,88.0,7.0,9.0,0.0340882,302.3539094102,34.0,-165.9,12.705,,"{'original': 7, 'alternative': 7.4}",3,,0.17,0.3,-0.15,,"{'sportSlug': 'football', 'statisticsType': 'player'}",,,5.0,,1.0,,2.0,3.0,1.0,,,28.74,10.5,6.0,,,1.0,0.99,0.5,0.05,2.0,1.0,2.0,,1.0,0.3909,,-0.54,1.0,,,,,,,1.0,,,,,,,,,,,,
14131968,2025-11-29,Liga Portugal Betclic,Liga Portugal 25/26,12.0,Away,CD Nacional,1087316,Enzo Barrenechea,M,5,True,68.0,60.0,7.0,5.0,0.0,14.0,16.0,46.0,52.0,2.0,3.0,,3.0,,,,,,,64.0,74.0,6.9,9.0,0.0422709,175.32640204034,26.0,-82.215,9.87,,"{'original': 6.9, 'alternative': 7.1}",2,,0.3,0.15,-0.13,,"{'sportSlug': 'football', 'statisticsType': 'player'}",,,2.0,,,,1.0,1.0,,1.0,,29.5,8.31,9.0,,,2.0,1.43,0.46,0.09,1.0,,2.0,,1.0,0.1154,,-0.52,1.0,,,,,,,,,,,,,,,,,,,
14131968,2025-11-29,Liga Portugal Betclic,Liga Portugal 25/26,12.0,Away,CD Nacional,228364,Fredrik Aursnes,M,8,True,98.0,86.0,7.0,2.0,0.0,21.0,22.0,65.0,76.0,3.0,6.0,1.0,4.0,,,,,,,90.0,118.0,6.9,14.0,0.144883,230.66962835517,28.0,-120.54,6.51,,"{'original': 6.9, 'alternative': 7.7}",5,,0.14,0.27,-0.15,,"{'sportSlug': 'football', 'statisticsType': 'player'}",1.0,,4.0,,1.0,,2.0,1.0,1.0,1.0,1.0,30.13,11.92,9.0,,,2.0,1.87,0.63,0.08,2.0,,3.0,,,0.1863,,-0.37,2.0,,,,1.0,,,2.0,,,,,,,,,,,,
14131968,2025-11-29,Liga Portugal Betclic,Liga Portugal 25/26,12.0,Away,CD Nacional,1123925,Georgiy Sudakov,M,10,True,66.0,47.0,4.0,,0.0,7.0,9.0,40.0,57.0,1.0,10.0,1.0,4.0,,,,,,,90.0,95.0,8.7,26.0,1.27168,343.40224200246,32.0,-87.045,20.265,,"{'original': 8.7, 'alternative': 9}",3,,0.47,0.46,-0.06,,"{'sportSlug': 'football', 'statisticsType': 'player'}",11.0,6.0,3.0,,8.0,,,,,2.0,1.0,29.88,11.84,10.0,,,7.0,1.81,0.6,0.1,2.0,,1.0,1.0,1.0,0.0806,0.0237,-0.27,,,2.0,,8.0,,,1.0,,,,,,,,,,,,
14131968,2025-11-29,Liga Portugal Betclic,Liga Portugal 25/26,12.0,Away,CD Nacional,906800,Leandro Barreiro,M,18,True,26.0,21.0,,,0.0,3.0,3.0,18.0,23.0,,3.0,,2.0,,,,,,,77.0,38.0,4.9,10.0,0.0548148,99.658079424018,12.0,-33.6,6.93,,"{'original': 4.9, 'alternative': 6.9}",2,,-0.42,0.15,-0.03,,"{'sportSlug': 'football', 'statisticsType': 'player'}",,,5.0,1.0,,,,1.0,1.0,4.0,2.0,28.86,10.22,14.0,,,2.0,1.85,0.77,0.09,4.0,1.0,,2.0,1.0,0.1334,0.4941,-0.6,,,,,,,,,,,,,,,,,,,,
14131968,2025-11-29,Liga Portugal Betclic,Liga Portugal 25/26,12.0,Away,CD Nacional,74915,Nicolás Otamendi,D,30,True,69.0,62.0,7.0,4.0,0.0,20.0,22.0,42.0,47.0,4.0,8.0,5.0,3.0,,,,,,,90.0,83.0,6.7,9.0,0.0739098,321.764236747,34.0,-185.325,4.83,,"{'original': 6.7, 'alternative': 6.9}",1,,0.26,0.2,-0.41,,"{'sportSlug': 'football', 'statisticsType': 'player'}",,,3.0,1.0,1.0,1.0,,1.0,,1.0,2.0,31.62,10.57,20.0,,,1.0,1.15,0.54,0.21,2.0,,,,,0.0232,,0.01,,,,,1.0,1.0,,1.0,,,,,,,,,,,,
14131968,2025-11-29,Liga Portugal Betclic,Liga Portugal 25/26,12.0,Away,CD Nacional,1184329,Rodrigo Rego,F,67,True,18.0,15.0,,,0.0,3.0,4.0,12.0,14.0,,3.0,,4.0,,,,,,,58.0,42.0,6.4,13.0,0.177423,163.56459127715,17.0,-58.485,10.815,,"{'original': 6.4, 'alternative': 6.8}",4,,0.25,0.19,-0.1,,"{'sportSlug': 'football', 'statisticsType': 'player'}",6.0,2.0,9.0,1.0,4.0,,,1.0,1.0,2.0,,29.4,7.95,7.0,,,2.0,1.41,0.47,0.06,2.0,,1.0,,2.0,0.1954,,-0.26,2.0,,,,2.0,,,3.0,,,,,,,,,,,,
14131968,2025-11-29,Liga Portugal Betclic,Liga Portugal 25/26,12.0,Away,CD Nacional,993101,Samuel Dahl,D,26,True,66.0,59.0,3.0,1.0,0.0,16.0,17.0,43.0,49.0,,3.0,1.0,9.0,,,,,,,90.0,94.0,6.9,17.0,0.682601,273.35461272656,24.0,-225.855,2.1,,"{'original': 6.9, 'alternative': 7.2}",0,,0.39,0.35,-0.15,,"{'sportSlug': 'football', 'statisticsType': 'player'}",8.0,1.0,2.0,1.0,2.0,,1.0,2.0,,,,35.35,11.82,17.0,,,3.0,1.8,0.77,0.2,,,,,,,,,,,,,1.0,,,,,,,,,,,,,,,
14131968,2025-11-29,Liga Portugal Betclic,Liga Portugal 25/26,12.0,Away,CD Nacional,795236,Vangelis Pavlidis,F,14,True,20.0,11.0,,,0.0,6.0,6.0,5.0,14.0,4.0,8.0,2.0,6.0,,,,,,,90.0,44.0,7.6,12.0,0.0340462,52.965492227878,8.0,-28.875,2.625,,"{'original': 7.6, 'alternative': 8.5}",5,,-0.51,0.57,0.16,,"{'sportSlug': 'football', 'statisticsType': 'player'}",1.0,,6.0,1.0,3.0,,,,,,2.0,31.28,11.67,8.0,,,3.0,1.67,0.63,0.13,4.0,,2.0,3.0,,0.8634,1.07,0.35,,1.0,,,2.0,,1.0,,,,,,,,,,,,,
14131968,2025-11-29,Liga Portugal Betclic,Liga Portugal 25/26,12.0,Away,CD Nacional,1100952,Andreas Schjelderup,M,21,False,7.0,6.0,,,1.0,,,6.0,7.0,1.0,5.0,,,,,,,,,13.0,16.0,7.6,3.0,0.756176,41.096388465923,4.0,-17.955,0.0,,"{'original': 7.6, 'alternative': 7.6}",0,,0.56,0.35,-0.01,,"{'sportSlug': 'football', 'statisticsType': 'player'}",2.0,1.0,2.0,,1.0,,,2.0,2.0,1.0,1.0,27.17,2.22,5.0,,,1.0,0.31,0.19,0.06,,,,,1.0,,,,1.0,,1.0,,1.0,,,,,,,,,,,,,,,
14131968,2025-11-29,Liga Portugal Betclic,Liga Portugal 25/26,12.0,Away,CD Nacional,1103333,Franjo Ivanović,F,9,False,5.0,3.0,1.0,,0.0,,1.0,3.0,4.0,,2.0,,1.0,,,,,,,26.0,13.0,6.1,6.0,0.0453377,25.203897922026,3.0,-15.96,3.99,,"{'original': 6.1, 'alternative': 6.8}",1,,-0.15,0.06,-0.01,,"{'sportSlug': 'football', 'statisticsType': 'player'}",2.0,,2.0,1.0,1.0,,,,,1.0,1.0,34.21,3.25,6.0,,,,0.31,0.19,0.07,,,,1.0,1.0,0.2034,0.5722,0.21,,,,,1.0,,,,,,,,,,,,,,,
14131968,2025-11-29,Liga Portugal Betclic,Liga Portugal 25/26,12.0,Away,CD Nacional,1201395,Gianluca Prestianni,M,25,False,10.0,9.0,,,0.0,1.0,1.0,8.0,9.0,,1.0,,,,,,,,,32.0,18.0,7.6,5.0,0.081851,56.165686912193,8.0,-28.77,3.255,,"{'original': 7.6, 'alternative': 7.3}",1,,0.0,0.1,0.0,,"{'sportSlug': 'football', 'statisticsType': 'player'}",2.0,,3.0,1.0,2.0,,,,,,,32.53,4.22,5.0,,,1.0,0.61,0.18,0.06,1.0,,,1.0,,0.0285,0.4551,0.51,,1.0,,,1.0,,,,,,,,,,,,,,,
14131968,2025-11-29,Liga Portugal Betclic,Liga Portugal 25/26,12.0,Away,CD Nacional,1118146,Joshua Wynder,D,66,False,,,,,,,,,,,,,,,,,,,,,,,,,,,,,,,0,,,,,,"{'sportSlug': 'football', 'statisticsType': 'player'}",,,,,,,,,,,,,,,,,,,,,,,,,,,,,,,,,,,,,,,,,,,,,,,,
14131968,2025-11-29,Liga Portugal Betclic,Liga Portugal 25/26,12.0,Away,CD Nacional,1158353,João Rêgo,F,84,False,,,,,,,,,,,,,,,,,,,,,,,,,,,,,,,0,,,,,,"{'sportSlug': 'football', 'statisticsType': 'player'}",,,,,,,,,,,,,,,,,,,,,,,,,,,,,,,,,,,,,,,,,,,,,,,,
14131968,2025-11-29,Liga Portugal Betclic,Liga Portugal 25/26,12.0,Away,CD Nacional,1215905,João Veloso,M,68,False,,,,,,,,,,,,,,,,,,,,,,,,,,,,,,,0,,,,,,"{'sportSlug': 'football', 'statisticsType': 'player'}",,,,,,,,,,,,,,,,,,,,,,,,,,,,,,,,,,,,,,,,,,,,,,,,
14131968,2025-11-29,Liga Portugal Betclic,Liga Portugal 25/26,12.0,Away,CD Nacional,1085740,Manu Silva,M,16,False,,,,,,,,,,,,,,,,,,,,,,,,,,,,,,,0,,,,,,"{'sportSlug': 'football', 'statisticsType': 'player'}",,,,,,,,,,,,,,,,,,,,,,,,,,,,,,,,,,,,,,,,,,,,,,,,
14131968,2025-11-29,Liga Portugal Betclic,Liga Portugal 25/26,12.0,Away,CD Nacional,983550,Samuel Soares,G,24,False,,,,,,,,,,,,,,,,,,,,,,,,,,,,,,,0,,,,,,"{'sportSlug': 'football', 'statisticsType': 'player'}",,,,,,,,,,,,,,,,,,,,,,,,,,,,,,,,,,,,,,,,,,,,,,,,
14131968,2025-11-29,Liga Portugal Betclic,Liga Portugal 25/26,12.0,Away,CD Nacional,983542,Tomás Araújo,D,44,False,,,,,,,,,,,,,,,,,,,,,,,,,,,,,,,0,,,,,,"{'sportSlug': 'football', 'statisticsType': 'player'}",,,,,,,,,,,,,,,,,,,,,,,,,,,,,,,,,,,,,,,,,,,,,,,,
14131973,2025-12-05,Liga Portugal Betclic,Liga Portugal 25/26,13.0,Home,Sporting CP,1102791,Amar Dedić,D,17,True,28.0,24.0,1.0,1.0,1.0,14.0,14.0,10.0,14.0,1.0,5.0,1.0,4.0,,,,,,,90.0,51.0,6.5,11.0,0.217958,134.15414257044,14.0,65.415,24.57,,"{'original': 6.5, 'alternative': 7.1}",2,,0.47,0.2,-0.19,,"{'sportSlug': 'football', 'statisticsType': 'player'}",2.0,1.0,4.0,1.0,5.0,,,1.0,1.0,2.0,,32.67,8.47,11.0,,,1.0,0.88,0.28,0.11,,,2.0,,,0.1215,,-0.11,1.0,,1.0,,3.0,,,,,,,,,,,,,,,
14131973,2025-12-05,Liga Portugal Betclic,Liga Portugal 25/26,13.0,Home,Sporting CP,966616,Anatoliy Trubin,G,1,True,21.0,14.0,8.0,1.0,0.0,13.0,14.0,1.0,7.0,1.0,1.0,2.0,4.0,1.0,,1.0,2.0,,,90.0,24.0,6.2,7.0,0.00027672,13.202960878141,3.0,-4.2,2.415,0.0996,"{'original': 6.2, 'alternative': 6.6}",0,-0.3751,-0.01,0.0,-0.14,-0.34,"{'sportSlug': 'football', 'statisticsType': 'player'}",,,,,,,,,,,,26.32,2.66,1.0,,,,0.01,0.01,0.01,,,,,,,,,,,,,,,,,,,,,,,,,,,,
14131973,2025-12-05,Liga Portugal Betclic,Liga Portugal 25/26,13.0,Home,Sporting CP,1006069,António Silva,D,4,True,54.0,46.0,8.0,4.0,0.0,38.0,39.0,8.0,15.0,1.0,6.0,3.0,1.0,,,,,,,90.0,69.0,6.9,8.0,0.00488346,187.0117450261,18.0,76.125,17.955,,"{'original': 6.9, 'alternative': 7.1}",0,,0.22,0.05,-0.08,,"{'sportSlug': 'football', 'statisticsType': 'player'}",,,1.0,,,,4.0,4.0,2.0,,1.0,28.9,7.42,8.0,,,,0.59,0.17,0.07,,,,,1.0,,,,,,,,,,,,,,,,,,,,,,,
14131973,2025-12-05,Liga Portugal Betclic,Liga Portugal 25/26,13.0,Home,Sporting CP,1087316,Enzo Barrenechea,M,5,True,48.0,40.0,2.0,,0.0,23.0,25.0,17.0,23.0,2.0,9.0,,4.0,,,,,,,88.0,65.0,6.5,11.0,0.0261424,88.464026351033,13.0,32.445,14.595,,"{'original': 6.5, 'alternative': 6.7}",1,,0.07,0.13,-0.46,,"{'sportSlug': 'football', 'statisticsType': 'player'}",1.0,,4.0,,,,3.0,5.0,4.0,1.0,2.0,28.92,7.87,8.0,,,,1.24,0.36,0.07,1.0,,1.0,,1.0,0.0306,,-0.17,2.0,,,,,1.0,,,,,,,,,,,,,,
14131973,2025-12-05,Liga Portugal Betclic,Liga Portugal 25/26,13.0,Home,Sporting CP,228364,Fredrik Aursnes,M,8,True,27.0,24.0,1.0,1.0,0.0,6.0,7.0,18.0,20.0,,4.0,,3.0,,,,,,,90.0,46.0,6.5,12.0,0.131902,80.247860976778,12.0,19.005,13.02,,"{'original': 6.5, 'alternative': 6.5}",1,,0.31,0.01,-0.29,,"{'sportSlug': 'football', 'statisticsType': 'player'}",4.0,1.0,10.0,2.0,2.0,,,2.0,2.0,1.0,2.0,33.36,8.77,10.0,,,1.0,1.21,0.48,0.1,,,,1.0,3.0,0.0188,0.013,-0.1,3.0,,,,,,,,1.0,,,,,,,,,,,
14131973,2025-12-05,Liga Portugal Betclic,Liga Portugal 25/26,13.0,Home,Sporting CP,1123925,Georgiy Sudakov,M,10,True,34.0,29.0,1.0,,0.0,12.0,14.0,17.0,20.0,,3.0,1.0,5.0,,,,,,,81.0,51.0,7.5,12.0,0.0832516,186.23739680231,20.0,-35.385,8.82,,"{'original': 7.5, 'alternative': 7.6}",3,,0.18,-1.0,-0.02,,"{'sportSlug': 'football', 'statisticsType': 'player'}",5.0,1.0,4.0,1.0,,,,,,2.0,3.0,32.2,7.4,9.0,,,1.0,0.93,0.35,0.08,3.0,,1.0,2.0,,0.5904,1.4275,0.59,,1.0,,,,,,,,,,,,,,,,,,
14131973,2025-12-05,Liga Portugal Betclic,Liga Portugal 25/26,13.0,Home,Sporting CP,906800,Leandro Barreiro,M,18,True,18.0,16.0,,,0.0,7.0,8.0,9.0,10.0,1.0,7.0,,4.0,,,,,,,90.0,38.0,6.4,6.0,0.0390022,49.016909347389,4.0,47.25,22.155,,"{'original': 6.4, 'alternative': 6.6}",1,,0.16,0.05,-0.06,,"{'sportSlug': 'football', 'statisticsType': 'player'}",,,11.0,1.0,2.0,,1.0,3.0,1.0,,3.0,30.6,9.2,13.0,,,1.0,1.4,0.35,0.11,3.0,,,,5.0,0.0744,,-0.13,,,,,,,,1.0,,,,,,,,,,,,
14131973,2025-12-05,Liga Portugal Betclic,Liga Portugal 25/26,13.0,Home,Sporting CP,74915,Nicolás Otamendi,D,30,True,50.0,45.0,4.0,3.0,0.0,39.0,41.0,6.0,9.0,2.0,5.0,3.0,3.0,,,,,,,90.0,64.0,6.9,7.0,0.00546442,131.83153410232,22.0,41.265,15.225,,"{'original': 6.9, 'alternative': 7}",0,,0.06,0.04,-0.13,,"{'sportSlug': 'football', 'statisticsType': 'player'}",,,1.0,1.0,,,1.0,1.0,1.0,1.0,2.0,31.37,7.59,7.0,,,,0.74,0.18,0.07,,,,,,,,,,,,,,,,,,,,,,,,,,,,
14131973,2025-12-05,Liga Portugal Betclic,Liga Portugal 25/26,13.0,Home,Sporting CP,1015292,Richard Ríos,M,20,True,32.0,24.0,4.0,2.0,0.0,10.0,11.0,14.0,21.0,1.0,8.0,1.0,5.0,,,,,,,90.0,55.0,6.7,15.0,0.0315251,157.58358313489,19.0,73.185,16.275,,"{'original': 6.7, 'alternative': 6.8}",1,,0.1,0.17,-0.1,,"{'sportSlug': 'football', 'statisticsType': 'player'}",1.0,,6.0,1.0,3.0,,1.0,2.0,,1.0,5.0,32.39,8.78,8.0,,,1.0,1.11,0.43,0.07,,,1.0,,1.0,0.0384,,-0.19,1.0,,,,,,,,,,,,,,,,,,,
14131973,2025-12-05,Liga Portugal Betclic,Liga Portugal 25/26,13.0,Home,Sporting CP,993101,Samuel Dahl,D,26,True,26.0,21.0,1.0,,0.0,8.0,9.0,13.0,17.0,,5.0,3.0,4.0,,,,,,,90.0,45.0,6.7,10.0,0.0236904,41.495276048165,2.0,32.76,30.765,,"{'original': 6.7, 'alternative': 6.9}",0,,0.16,0.03,-0.19,,"{'sportSlug': 'football', 'statisticsType': 'player'}",,,4.0,,2.0,1.0,,3.0,2.0,2.0,1.0,29.69,8.35,7.0,,,,0.9,0.27,0.07,,,,,1.0,,,,2.0,,,,1.0,,,,,,,,,,,,,,,
14131973,2025-12-05,Liga Portugal Betclic,Liga Portugal 25/26,13.0,Home,Sporting CP,795236,Vangelis Pavlidis,F,14,True,13.0,10.0,,,0.0,6.0,7.0,4.0,6.0,5.0,5.0,,3.0,,,,,,,86.0,20.0,6.8,8.0,0.0409809,44.90263644651,5.0,34.65,12.81,,"{'original': 6.8, 'alternative': 6.7}",1,,-0.03,0.3,-0.02,,"{'sportSlug': 'football', 'statisticsType': 'player'}",,,5.0,2.0,,,,,,3.0,,27.18,8.24,5.0,,,2.0,1.02,0.41,0.03,1.0,,,1.0,2.0,0.0496,0.0958,-0.18,,,,,,,1.0,,,,,,,,,,,,,
14131973,2025-12-05,Liga Portugal Betclic,Liga Portugal 25/26,13.0,Home,Sporting CP,1100952,Andreas Schjelderup,M,21,False,,,,,,,,,,,,,,,,,,,,,,,,,,,,,,,0,,,,,,"{'sportSlug': 'football', 'statisticsType': 'player'}",,,,,,,,,,,,,,,,,,,,,,,,,,,,,,,,,,,,,,,,,,,,,,,,
14131973,2025-12-05,Liga Portugal Betclic,Liga Portugal 25/26,13.0,Home,Sporting CP,1103333,Franjo Ivanović,F,9,False,3.0,2.0,1.0,,0.0,,1.0,2.0,2.0,,3.0,,2.0,,,,,,,12.0,7.0,6.8,1.0,0.0007626,16.459545515353,3.0,-0.315,0.315,,"{'original': 6.8, 'alternative': 6.9}",0,,-0.01,0.05,0.21,,"{'sportSlug': 'football', 'statisticsType': 'player'}",,,1.0,,,,1.0,3.0,2.0,,,23.1,1.05,0.0,,,,0.14,0.03,0.0,1.0,,,,,,,,,,,,,,,,,,,,,,,,,,,
14131973,2025-12-05,Liga Portugal Betclic,Liga Portugal 25/26,13.0,Home,Sporting CP,1201395,Gianluca Prestianni,M,25,False,,,,,0.0,,,,,,,,,,,,,,,11.0,,5.8,,,,,,,,"{'original': 5.8, 'alternative': 5.5}",0,,,,0.0,,"{'sportSlug': 'football', 'statisticsType': 'player'}",,,1.0,,,,,,,,,26.59,0.61,1.0,,,,0.05,0.04,0.01,,,,,1.0,,,,,,,,,,1.0,,,,,,,,,,,,,
14131973,2025-12-05,Liga Portugal Betclic,Liga Portugal 25/26,13.0,Home,Sporting CP,1432417,Gonçalo Oliveira,D,64,False,,,,,,,,,,,,,,,,,,,,,,,,,,,,,,,0,,,,,,"{'sportSlug': 'football', 'statisticsType': 'player'}",,,,,,,,,,,,,,,,,,,,,,,,,,,,,,,,,,,,,,,,,,,,,,,,
14131973,2025-12-05,Liga Portugal Betclic,Liga Portugal 25/26,13.0,Home,Sporting CP,1158353,João Rêgo,F,84,False,,,,,,,,,,,,,,,,,,,,,,,,,,,,,,,0,,,,,,"{'sportSlug': 'football', 'statisticsType': 'player'}",,,,,,,,,,,,,,,,,,,,,,,,,,,,,,,,,,,,,,,,,,,,,,,,
14131973,2025-12-05,Liga Portugal Betclic,Liga Portugal 25/26,13.0,Home,Sporting CP,1085740,Manu Silva,M,16,False,1.0,,,,0.0,,,,1.0,,1.0,,,,,,,,,10.0,3.0,6.6,2.0,,,,,,,"{'original': 6.6, 'alternative': 6.5}",0,,-0.01,,-0.01,,"{'sportSlug': 'football', 'statisticsType': 'player'}",,,,,,,,1.0,,1.0,,20.48,0.73,0.0,,,,0.12,0.01,0.0,,,,,,,,,,,,,,,,,,,,,,,,,,,,
14131973,2025-12-05,Liga Portugal Betclic,Liga Portugal 25/26,13.0,Home,Sporting CP,1184329,Rodrigo Rego,F,67,False,,,,,,,,,,,,,,,,,,,,,,,,,,,,,,,0,,,,,,"{'sportSlug': 'football', 'statisticsType': 'player'}",,,,,,,,,,,,,,,,,,,,,,,,,,,,,,,,,,,,,,,,,,,,,,,,
14131973,2025-12-05,Liga Portugal Betclic,Liga Portugal 25/26,13.0,Home,Sporting CP,983550,Samuel Soares,G,24,False,,,,,,,,,,,,,,,,,,,,,,,,,,,,,,,0,,,,,,"{'sportSlug': 'football', 'statisticsType': 'player'}",,,,,,,,,,,,,,,,,,,,,,,,,,,,,,,,,,,,,,,,,,,,,,,,
14131973,2025-12-05,Liga Portugal Betclic,Liga Portugal 25/26,13.0,Home,Sporting CP,983542,Tomás Araújo,D,44,False,,,,,,,,,,,,,,,,,,,,,,,,,,,,,,,0,,,,,,"{'sportSlug': 'football', 'statisticsType': 'player'}",,,,,,,,,,,,,,,,,,,,,,,,,,,,,,,,,,,,,,,,,,,,,,,,
14566737,2025-12-10,UEFA Champions League,UEFA Champions League 25/26,6.0,Home,SSC Napoli,1102791,Amar Dedić,D,17,True,36.0,29.0,2.0,,0.0,22.0,25.0,7.0,11.0,,5.0,2.0,3.0,,,,,,,90.0,58.0,7.1,10.0,0.0177798,164.25887864116,16.0,94.29,52.29,,"{'original': 7.1, 'alternative': 7}",0,,-0.09,0.2,0.35,,"{'sportSlug': 'football', 'statisticsType': 'player'}",,,4.0,,3.0,,1.0,3.0,2.0,1.0,1.0,,10.4256,9.0,,,,1.41,0.56,0.19,,,,,2.0,,,,,,,,1.0,,1.0,,,,,,,3.22,5.05,,,,,
14566737,2025-12-10,UEFA Champions League,UEFA Champions League 25/26,6.0,Home,SSC Napoli,966616,Anatoliy Trubin,G,1,True,30.0,11.0,23.0,5.0,0.0,6.0,7.0,5.0,23.0,1.0,1.0,1.0,8.0,1.0,,2.0,1.0,,,90.0,37.0,6.7,20.0,0.00122748,15.865521369644,3.0,12.075,4.41,0.1474,"{'original': 6.7, 'alternative': 7}",0,0.1799,0.04,0.01,0.22,0.17,"{'sportSlug': 'football', 'statisticsType': 'player'}",,,,,,,,,,,1.0,,4.91473,0.0,,,,0.07,0.01,0.0,,,,,,,,,,,,,,,,,,,,1.0,,3.71,1.12,,,,,
14566737,2025-12-10,UEFA Champions League,UEFA Champions League 25/26,6.0,Home,SSC Napoli,1087316,Enzo Barrenechea,M,5,True,56.0,49.0,3.0,1.0,0.0,32.0,35.0,17.0,21.0,3.0,7.0,3.0,9.0,,,,,,,90.0,70.0,7.6,7.0,0.01665,119.71125012034,11.0,67.41,33.285,,"{'original': 7.6, 'alternative': 7.6}",1,,0.18,0.22,0.36,,"{'sportSlug': 'football', 'statisticsType': 'player'}",,,1.0,,1.0,,3.0,2.0,1.0,,1.0,,11.88533,5.0,,,1.0,2.47,0.61,0.11,,,1.0,,1.0,0.0564,,,,,,,1.0,,,,,,,,,2.87,5.83,,,,,
14566737,2025-12-10,UEFA Champions League,UEFA Champions League 25/26,6.0,Home,SSC Napoli,1103333,Franjo Ivanović,F,9,True,15.0,9.0,1.0,1.0,0.0,3.0,3.0,6.0,12.0,5.0,10.0,,3.0,,,,,,,76.0,32.0,7.1,11.0,0.0954342,121.38653647961,11.0,81.69,27.09,,"{'original': 7.1, 'alternative': 6.6}",2,,0.21,0.51,-0.04,,"{'sportSlug': 'football', 'statisticsType': 'player'}",,,15.0,1.0,1.0,,,,,3.0,5.0,31.212,8.53085,15.0,,,2.0,0.99,0.57,0.29,9.0,1.0,,1.0,3.0,0.564,0.6105,0.2,1.0,,,,,,3.0,1.0,,,,,,2.52,4.16,,,,,
14566737,2025-12-10,UEFA Champions League,UEFA Champions League 25/26,6.0,Home,SSC Napoli,228364,Fredrik Aursnes,M,8,True,27.0,22.0,2.0,1.0,0.0,12.0,14.0,10.0,13.0,,1.0,3.0,3.0,,,,,,,89.0,40.0,6.2,7.0,0.0130171,40.327990065813,7.0,7.35,7.35,,"{'original': 6.2, 'alternative': 6.7}",3,,-0.13,0.07,0.22,,"{'sportSlug': 'football', 'statisticsType': 'player'}",1.0,,6.0,1.0,,,1.0,,,,1.0,30.6,11.23919,11.0,,,1.0,1.95,0.62,0.21,3.0,1.0,2.0,,2.0,0.5323,,-0.53,,,1.0,,,,,1.0,,,,,,2.9,5.56,,,,,
14566737,2025-12-10,UEFA Champions League,UEFA Champions League 25/26,6.0,Home,SSC Napoli,1123925,Georgiy Sudakov,M,10,True,21.0,15.0,3.0,1.0,0.0,4.0,5.0,11.0,16.0,,2.0,,5.0,,,,,,,76.0,32.0,6.7,12.0,0.145983,89.803475452974,10.0,-15.015,3.99,,"{'original': 6.7, 'alternative': 6.6}",0,,0.25,0.08,0.0,,"{'sportSlug': 'football', 'statisticsType': 'player'}",2.0,1.0,3.0,2.0,1.0,,,,,3.0,1.0,28.908,9.05993,3.0,,,1.0,1.48,0.46,0.05,,,,,1.0,,,,,,,,1.0,,,,,,,,,2.42,4.65,,,,,
14566737,2025-12-10,UEFA Champions League,UEFA Champions League 25/26,6.0,Home,SSC Napoli,906800,Leandro Barreiro,M,18,True,22.0,17.0,1.0,,0.0,10.0,10.0,7.0,12.0,1.0,3.0,1.0,2.0,,,,,,,89.0,33.0,7.4,11.0,0.185871,68.21587502178,10.0,-7.98,8.925,,"{'original': 7.4, 'alternative': 7.2}",1,,0.1,-0.34,0.16,,"{'sportSlug': 'football', 'statisticsType': 'player'}",,,6.0,,3.0,,,,,3.0,2.0,28.548,11.70173,6.0,,,1.0,2.27,0.62,0.11,3.0,,,1.0,1.0,0.1366,0.322,0.43,,1.0,,,,,,,,,,,,2.86,5.84,,,,,
14566737,2025-12-10,UEFA Champions League,UEFA Champions League 25/26,6.0,Home,SSC Napoli,74915,Nicolás Otamendi,D,30,True,40.0,37.0,6.0,4.0,0.0,33.0,34.0,4.0,6.0,3.0,4.0,12.0,1.0,,,,,,,90.0,60.0,7.3,6.0,0.00103061,35.922783725626,8.0,0.20999999999998,3.78,,"{'original': 7.3, 'alternative': 7.5}",3,,0.02,-0.04,0.4,,"{'sportSlug': 'football', 'statisticsType': 'player'}",,,2.0,,1.0,,,1.0,1.0,,,28.188,9.61748,4.0,,,,1.12,0.35,0.07,1.0,,2.0,,,0.1812,,-0.32,,,,,,,,1.0,,,,,,3.24,4.84,,,,,
14566737,2025-12-10,UEFA Champions League,UEFA Champions League 25/26,6.0,Home,SSC Napoli,1015292,Richard Ríos,M,20,True,36.0,28.0,6.0,2.0,1.0,14.0,18.0,14.0,18.0,2.0,9.0,2.0,6.0,,,,,,,90.0,53.0,9.2,12.0,0.280915,155.66670313375,13.0,75.915,51.87,,"{'original': 9.2, 'alternative': 8.1}",1,,0.54,0.33,0.28,,"{'sportSlug': 'football', 'statisticsType': 'player'}",,,7.0,2.0,,,1.0,2.0,2.0,1.0,5.0,30.924,11.23557,9.0,,,1.0,1.89,0.63,0.21,3.0,,,1.0,1.0,0.6387,0.8901,0.51,2.0,1.0,,,,,,,,,,,,3.1,5.4,,,,,
14566737,2025-12-10,UEFA Champions League,UEFA Champions League 25/26,6.0,Home,SSC Napoli,993101,Samuel Dahl,D,26,True,26.0,21.0,1.0,,0.0,16.0,19.0,5.0,7.0,,6.0,5.0,4.0,,,,,,,90.0,54.0,7.3,10.0,0.00290952,78.653426068161,8.0,47.565,21.105,,"{'original': 7.3, 'alternative': 7.4}",0,,-0.04,0.12,0.32,,"{'sportSlug': 'football', 'statisticsType': 'player'}",1.0,,2.0,,,,2.0,5.0,3.0,2.0,1.0,,10.55183,13.0,,,,1.44,0.66,0.25,1.0,,,,,,,,1.0,,,,,,,,,,,,,3.12,5.08,,,,,
14566737,2025-12-10,UEFA Champions League,UEFA Champions League 25/26,6.0,Home,SSC Napoli,983542,Tomás Araújo,D,44,True,46.0,34.0,12.0,4.0,0.0,27.0,29.0,7.0,17.0,2.0,2.0,10.0,2.0,,,,,,,90.0,62.0,7.4,12.0,0.00168011,46.417906302307,7.0,15.75,11.445,,"{'original': 7.4, 'alternative': 7.5}",0,,0.08,0.02,0.69,,"{'sportSlug': 'football', 'statisticsType': 'player'}",,,1.0,,,2.0,3.0,,,,,29.376,9.74726,4.0,,,,1.18,0.27,0.09,1.0,,,,,,,,,,,,,,,,,,,,,3.13,5.08,,,,,
14566737,2025-12-10,UEFA Champions League,UEFA Champions League 25/26,6.0,Home,SSC Napoli,1100952,Andreas Schjelderup,M,21,False,,,,,,,,,,,,,,,,,,,,,,,,,,,,,,,0,,,,,,"{'sportSlug': 'football', 'statisticsType': 'player'}",,,,,,,,,,,,,,,,,,,,,,,,,,,,,,,,,,,,,,,,,,,,,,,,
14566737,2025-12-10,UEFA Champions League,UEFA Champions League 25/26,6.0,Home,SSC Napoli,1006069,António Silva,D,4,False,1.0,1.0,1.0,1.0,0.0,,,1.0,1.0,,,2.0,,,,,,,,14.0,3.0,6.8,,0.00024824,,,,,,"{'original': 6.8, 'alternative': 6.6}",0,,0.03,,0.16,,"{'sportSlug': 'football', 'statisticsType': 'player'}",,,,,,,,,,,,25.92,2.34389,1.0,,,,0.28,0.09,0.01,,,,,,,,,,,,,,,,,,,,,,0.72,1.24,,,,,
14566737,2025-12-10,UEFA Champions League,UEFA Champions League 25/26,6.0,Home,SSC Napoli,1201395,Gianluca Prestianni,M,25,False,,,,,,,,,,,,,,,,,,,,,,,,,,,,,,,0,,,,,,"{'sportSlug': 'football', 'statisticsType': 'player'}",,,,,,,,,,,,,,,,,,,,,,,,,,,,,,,,,,,,,,,,,,,,,,,,
14566737,2025-12-10,UEFA Champions League,UEFA Champions League 25/26,6.0,Home,SSC Napoli,1118146,Joshua Wynder,D,66,False,,,,,,,,,,,,,,,,,,,,,,,,,,,,,,,0,,,,,,"{'sportSlug': 'football', 'statisticsType': 'player'}",,,,,,,,,,,,,,,,,,,,,,,,,,,,,,,,,,,,,,,,,,,,,,,,
14566737,2025-12-10,UEFA Champions League,UEFA Champions League 25/26,6.0,Home,SSC Napoli,1961117,José Neto,D,62,False,,,,,0.0,,,,,,,,,,,,,,,1.0,1.0,,1.0,,,,,,,,0,,,,,,"{'sportSlug': 'football', 'statisticsType': 'player'}",,,1.0,1.0,,,,,,,,28.8,0.5634,2.0,,,,0.1,0.04,0.04,,,,,,,,,,,,,,,,,,,,,,0.12,0.27,,,,,
14566737,2025-12-10,UEFA Champions League,UEFA Champions League 25/26,6.0,Home,SSC Napoli,1158353,João Rêgo,F,84,False,,,,,,,,,,,,,,,,,,,,,,,,,,,,,,,0,,,,,,"{'sportSlug': 'football', 'statisticsType': 'player'}",,,,,,,,,,,,,,,,,,,,,,,,,,,,,,,,,,,,,,,,,,,,,,,,
14566737,2025-12-10,UEFA Champions League,UEFA Champions League 25/26,6.0,Home,SSC Napoli,1215905,João Veloso,M,68,False,,,,,,,,,,,,,,,,,,,,,,,,,,,,,,,0,,,,,,"{'sportSlug': 'football', 'statisticsType': 'player'}",,,,,,,,,,,,,,,,,,,,,,,,,,,,,,,,,,,,,,,,,,,,,,,,
14566737,2025-12-10,UEFA Champions League,UEFA Champions League 25/26,6.0,Home,SSC Napoli,1085740,Manu Silva,M,16,False,,,,,,,,,,,,,,,,,,,,,,,,,,,,,,,0,,,,,,"{'sportSlug': 'football', 'statisticsType': 'player'}",,,,,,,,,,,,,,,,,,,,,,,,,,,,,,,,,,,,,,,,,,,,,,,,
14566737,2025-12-10,UEFA Champions League,UEFA Champions League 25/26,6.0,Home,SSC Napoli,1184329,Rodrigo Rego,F,67,False,,,,,,,,,,,,,,,,,,,,,,,,,,,,,,,0,,,,,,"{'sportSlug': 'football', 'statisticsType': 'player'}",,,,,,,,,,,,,,,,,,,,,,,,,,,,,,,,,,,,,,,,,,,,,,,,
14566737,2025-12-10,UEFA Champions League,UEFA Champions League 25/26,6.0,Home,SSC Napoli,983550,Samuel Soares,G,24,False,,,,,,,,,,,,,,,,,,,,,,,,,,,,,,,0,,,,,,"{'sportSlug': 'football', 'statisticsType': 'player'}",,,,,,,,,,,,,,,,,,,,,,,,,,,,,,,,,,,,,,,,,,,,,,,,
14566737,2025-12-10,UEFA Champions League,UEFA Champions League 25/26,6.0,Home,SSC Napoli,1410243,Tiago Freitas,M,88,False,,,,,0.0,,,,,,,,1.0,,,,,,,1.0,1.0,,1.0,,34.660802991275,1.0,-27.72,-27.72,,,0,,,,,,"{'sportSlug': 'football', 'statisticsType': 'player'}",,,1.0,1.0,,,,,,,,30.888,0.73384,3.0,,,,0.14,0.1,0.07,,,,,,,,,,,,,,,,,,,,,,0.14,0.29,,,,,
14566737,2025-12-10,UEFA Champions League,UEFA Champions League 25/26,6.0,Home,SSC Napoli,795236,Vangelis Pavlidis,F,14,False,1.0,1.0,,,0.0,1.0,1.0,,,,1.0,,1.0,,,,,,,14.0,7.0,6.7,2.0,1.075e-05,27.471490343541,3.0,5.355,4.2,,"{'original': 6.7, 'alternative': 6.9}",2,,-0.01,-0.22,-0.04,,"{'sportSlug': 'football', 'statisticsType': 'player'}",,,1.0,,,,,,,2.0,1.0,30.744,2.75024,4.0,,,,0.48,0.18,0.11,,,,2.0,,0.1124,0.4182,0.09,1.0,,,,,,,,,,,,,0.66,1.33,,,,,
14131986,2025-12-14,Liga Portugal Betclic,Liga Portugal 25/26,14.0,Away,Moreirense,1102791,Amar Dedić,D,17,True,54.0,48.0,1.0,1.0,0.0,31.0,32.0,17.0,22.0,,5.0,1.0,4.0,,,,,,,90.0,69.0,7.2,9.0,0.278194,147.36543134885,15.0,-89.04,3.255,,"{'original': 7.2, 'alternative': 7.9}",0,,-0.12,0.18,0.22,,"{'sportSlug': 'football', 'statisticsType': 'player'}",,,1.0,,1.0,,2.0,3.0,2.0,3.0,1.0,,,,,,1.0,,,,1.0,,,,,,,,,,1.0,,1.0,,,,,,,,,,,,,,,
14131986,2025-12-14,Liga Portugal Betclic,Liga Portugal 25/26,14.0,Away,Moreirense,966616,Anatoliy Trubin,G,1,True,21.0,14.0,10.0,3.0,0.0,12.0,13.0,2.0,8.0,,1.0,,4.0,1.0,,2.0,,,,90.0,26.0,6.8,7.0,0.00033443,17.624875579482,3.0,3.36,1.89,0.1161,"{'original': 6.8, 'alternative': 7}",0,0.1573,0.02,0.0,0.15,0.14,"{'sportSlug': 'football', 'statisticsType': 'player'}",,,,,,,,,,,1.0,,,,,,,,,,,,,,,,,,,,,,,,,,,,,,,,,,,,,
14131986,2025-12-14,Liga Portugal Betclic,Liga Portugal 25/26,14.0,Away,Moreirense,1087316,Enzo Barrenechea,M,5,True,57.0,51.0,6.0,1.0,0.0,24.0,27.0,27.0,30.0,,7.0,2.0,7.0,,,,,,,82.0,70.0,7.0,6.0,0.0177187,82.845079564936,10.0,-19.425,9.03,,"{'original': 7, 'alternative': 6.9}",0,,0.17,0.08,-0.08,,"{'sportSlug': 'football', 'statisticsType': 'player'}",,,1.0,,1.0,,2.0,3.0,3.0,,3.0,,,,,,,,,,,,,,,,,,1.0,,,,1.0,,,,1.0,,,,,,,,,,,
14131986,2025-12-14,Liga Portugal Betclic,Liga Portugal 25/26,14.0,Away,Moreirense,228364,Fredrik Aursnes,M,8,True,40.0,30.0,2.0,,2.0,10.0,11.0,20.0,29.0,1.0,1.0,2.0,5.0,,,,,,,90.0,55.0,8.6,17.0,0.2087,114.27026967285,12.0,-48.405,6.405,,"{'original': 8.6, 'alternative': 8.6}",1,,0.35,0.21,0.18,,"{'sportSlug': 'football', 'statisticsType': 'player'}",5.0,2.0,3.0,1.0,,,,,,2.0,,,,,,,4.0,,,,,,,1.0,2.0,0.1309,0.4264,0.51,,1.0,,,,,,,,,,,,,,,,,,
14131986,2025-12-14,Liga Portugal Betclic,Liga Portugal 25/26,14.0,Away,Moreirense,1123925,Georgiy Sudakov,M,10,True,25.0,21.0,3.0,1.0,0.0,7.0,7.0,14.0,18.0,,4.0,,5.0,,,,,,,77.0,41.0,6.5,13.0,0.0657366,53.522754565581,8.0,17.01,12.285,,"{'original': 6.5, 'alternative': 6.3}",1,,0.09,-0.17,0.22,,"{'sportSlug': 'football', 'statisticsType': 'player'}",2.0,,8.0,3.0,4.0,1.0,,,,2.0,2.0,,,,,,,,,,2.0,1.0,,,1.0,0.1057,,-0.24,,,,,2.0,,,1.0,,,,,,,,,,,,
14131986,2025-12-14,Liga Portugal Betclic,Liga Portugal 25/26,14.0,Away,Moreirense,906800,Leandro Barreiro,M,18,True,11.0,9.0,,,0.0,3.0,4.0,6.0,7.0,,3.0,1.0,,,,,,,,45.0,18.0,6.6,5.0,0.0556374,16.586870809929,3.0,-9.45,2.835,,"{'original': 6.6, 'alternative': 6.6}",0,,-0.29,0.02,-0.04,,"{'sportSlug': 'football', 'statisticsType': 'player'}",1.0,,2.0,,,,,,,2.0,3.0,,,,,,,,,,,,,,1.0,,,,1.0,,,,,,,,,,,,,,,,,,,
14131986,2025-12-14,Liga Portugal Betclic,Liga Portugal 25/26,14.0,Away,Moreirense,74915,Nicolás Otamendi,D,30,True,68.0,61.0,9.0,6.0,0.0,46.0,47.0,15.0,21.0,5.0,8.0,3.0,3.0,,,,,,,90.0,79.0,7.6,7.0,0.013029,163.60906909413,22.0,-56.805,3.885,,"{'original': 7.6, 'alternative': 7.5}",0,,0.25,0.06,0.29,,"{'sportSlug': 'football', 'statisticsType': 'player'}",,,3.0,,,1.0,1.0,3.0,1.0,,1.0,,,,,,,,,,1.0,,,,2.0,,,,,,,,,,,,,,,,,,,,,,,
14131986,2025-12-14,Liga Portugal Betclic,Liga Portugal 25/26,14.0,Away,Moreirense,1015292,Richard Ríos,M,20,True,42.0,36.0,1.0,,0.0,20.0,22.0,16.0,20.0,,7.0,2.0,5.0,,,,,,,90.0,56.0,7.0,8.0,0.00950445,113.53928842055,11.0,-32.655,10.29,,"{'original': 7, 'alternative': 7.1}",0,,-0.03,0.09,0.26,,"{'sportSlug': 'football', 'statisticsType': 'player'}",,,4.0,1.0,,1.0,1.0,3.0,2.0,1.0,4.0,,,,,,1.0,,,,1.0,,,,2.0,,,,,,,,,,,,,,,,,,,,,,,
14131986,2025-12-14,Liga Portugal Betclic,Liga Portugal 25/26,14.0,Away,Moreirense,993101,Samuel Dahl,D,26,True,38.0,34.0,,,0.0,20.0,22.0,14.0,16.0,,5.0,1.0,4.0,,,,,,,86.0,59.0,7.0,7.0,0.0398692,95.38280749999,12.0,-46.725,3.885,,"{'original': 7, 'alternative': 7.1}",0,,0.09,0.07,0.17,,"{'sportSlug': 'football', 'statisticsType': 'player'}",,,2.0,1.0,3.0,,1.0,1.0,1.0,,1.0,,,,,,,,,,,,,,1.0,,,,,,,,3.0,,,,,,,,,,,,,,,
14131986,2025-12-14,Liga Portugal Betclic,Liga Portugal 25/26,14.0,Away,Moreirense,983542,Tomás Araújo,D,44,True,72.0,68.0,9.0,5.0,0.0,44.0,46.0,24.0,26.0,1.0,1.0,1.0,2.0,,,,,,,90.0,79.0,7.5,5.0,0.0210727,155.95315728887,22.0,-32.655,6.09,,"{'original': 7.5, 'alternative': 7.6}",1,,0.35,0.1,0.38,,"{'sportSlug': 'football', 'statisticsType': 'player'}",,,1.0,,,2.0,1.0,,,1.0,,,,,,,1.0,,,,1.0,,,1.0,,0.0445,0.0712,-0.28,,,,,,,,,,,,,,,,,,,,
14131986,2025-12-14,Liga Portugal Betclic,Liga Portugal 25/26,14.0,Away,Moreirense,795236,Vangelis Pavlidis,F,14,True,13.0,8.0,,,0.0,4.0,6.0,4.0,7.0,3.0,3.0,2.0,4.0,,,,,,,77.0,28.0,10.0,9.0,0.0222834,67.847935088067,6.0,-48.3,-1.47,,"{'original': 10, 'alternative': 9.3}",4,,-0.27,0.45,0.18,,"{'sportSlug': 'football', 'statisticsType': 'player'}",,,5.0,2.0,,,1.0,,,2.0,1.0,,,,,,,,,,3.0,,,3.0,,0.4224,1.596,1.0,,3.0,,,,,1.0,1.0,,,,,,,,,,,,
14131986,2025-12-14,Liga Portugal Betclic,Liga Portugal 25/26,14.0,Away,Moreirense,1100952,Andreas Schjelderup,M,21,False,6.0,6.0,1.0,1.0,0.0,2.0,2.0,4.0,4.0,,1.0,,1.0,,,,,,,13.0,11.0,6.7,3.0,0.0210704,85.724687973168,5.0,-62.055,-3.885,,"{'original': 6.7, 'alternative': 6.8}",1,,-0.04,0.47,-0.02,,"{'sportSlug': 'football', 'statisticsType': 'player'}",,,1.0,,,,,1.0,1.0,3.0,,,,,,,1.0,,,,,,,,1.0,0.1498,,-0.2,,,,,,,,1.0,,,,,,,,,,,,
14131986,2025-12-14,Liga Portugal Betclic,Liga Portugal 25/26,14.0,Away,Moreirense,1006069,António Silva,D,4,False,,,,,,,,,,,,,,,,,,,,,,,,,,,,,,,0,,,,,,"{'sportSlug': 'football', 'statisticsType': 'player'}",,,,,,,,,,,,,,,,,,,,,,,,,,,,,,,,,,,,,,,,,,,,,,,,
14131986,2025-12-14,Liga Portugal Betclic,Liga Portugal 25/26,14.0,Away,Moreirense,1103333,Franjo Ivanović,F,9,False,5.0,5.0,,,0.0,4.0,4.0,1.0,1.0,,2.0,,,,,,,,,13.0,9.0,6.5,,0.00027726,11.767812647467,2.0,5.355,4.2,,"{'original': 6.5, 'alternative': 7}",1,,-0.01,-0.52,0.15,,"{'sportSlug': 'football', 'statisticsType': 'player'}",,,1.0,,2.0,1.0,,,,,,,,,,,,,,,,,1.0,,1.0,0.0631,,-0.29,,,,,2.0,,,,,,,,,,,,,,,
14131986,2025-12-14,Liga Portugal Betclic,Liga Portugal 25/26,14.0,Away,Moreirense,1961117,José Neto,D,62,False,2.0,2.0,,,0.0,2.0,2.0,,,,1.0,,,,,,,,,4.0,4.0,,1.0,4.36e-06,4.3532664747291,1.0,0.105,0.105,,,0,,,,,,"{'sportSlug': 'football', 'statisticsType': 'player'}",,,1.0,,1.0,,,,,,1.0,,,,,,,,,,,,,,,,,,,,,,,,,,,,,,,,,,,,,
14131986,2025-12-14,Liga Portugal Betclic,Liga Portugal 25/26,14.0,Away,Moreirense,1158353,João Rêgo,F,84,False,,,,,,,,,,,,,,,,,,,,,,,,,,,,,,,0,,,,,,"{'sportSlug': 'football', 'statisticsType': 'player'}",,,,,,,,,,,,,,,,,,,,,,,,,,,,,,,,,,,,,,,,,,,,,,,,
14131986,2025-12-14,Liga Portugal Betclic,Liga Portugal 25/26,14.0,Away,Moreirense,1085740,Manu Silva,M,16,False,10.0,8.0,2.0,1.0,0.0,4.0,5.0,4.0,5.0,,1.0,,,,,,,,,8.0,14.0,6.7,3.0,0.00295143,,,,,,"{'original': 6.7, 'alternative': 6.8}",0,,0.03,0.0,-0.01,,"{'sportSlug': 'football', 'statisticsType': 'player'}",,,2.0,,2.0,,1.0,,,,,,,,,,,,,,,,,,1.0,,,,,,,,1.0,,,,,,,,,,,,,,,
14131986,2025-12-14,Liga Portugal Betclic,Liga Portugal 25/26,14.0,Away,Moreirense,1184329,Rodrigo Rego,F,67,False,11.0,9.0,,,0.0,5.0,5.0,4.0,6.0,,8.0,,1.0,,,,,,,45.0,24.0,6.8,5.0,0.00845777,37.766204520499,5.0,-23.31,3.36,,"{'original': 6.8, 'alternative': 6.9}",1,,-0.11,0.15,-0.05,,"{'sportSlug': 'football', 'statisticsType': 'player'}",,,7.0,2.0,6.0,,,2.0,,,1.0,,,,,,,,,,,,1.0,,3.0,0.0802,,-0.14,1.0,,,,5.0,,,,,,,,,,,,,,,
14131986,2025-12-14,Liga Portugal Betclic,Liga Portugal 25/26,14.0,Away,Moreirense,983550,Samuel Soares,G,24,False,,,,,,,,,,,,,,,,,,,,,,,,,,,,,,,0,,,,,,"{'sportSlug': 'football', 'statisticsType': 'player'}",,,,,,,,,,,,,,,,,,,,,,,,,,,,,,,,,,,,,,,,,,,,,,,,
14131986,2025-12-14,Liga Portugal Betclic,Liga Portugal 25/26,14.0,Away,Moreirense,1410243,Tiago Freitas,M,88,False,,,,,,,,,,,,,,,,,,,,,,,,,,,,,,,0,,,,,,"{'sportSlug': 'football', 'statisticsType': 'player'}",,,,,,,,,,,,,,,,,,,,,,,,,,,,,,,,,,,,,,,,,,,,,,,,
15150335,2025-12-17,Taça de Portugal,Taca de Portugal 25/26,5.0,Away,SC Farense,1100952,Andreas Schjelderup,M,21,True,40.0,28.0,4.0,2.0,0.0,10.0,11.0,18.0,29.0,1.0,9.0,1.0,2.0,,,,,,,82.0,61.0,7.6,16.0,,217.16318390127,26.0,88.83,26.88,,"{'original': 7.6, 'alternative': 8.1}",3,,-0.67,0.69,-0.02,,"{'sportSlug': 'football', 'statisticsType': 'player'}",1.0,,1.0,,2.0,,,3.0,3.0,3.0,3.0,,,,78.131902743629,4.0,,,,,,,1.0,1.0,,,,-0.43,1.0,,,,2.0,,,1.0,,,1.0,,,,,,,,,
15150335,2025-12-17,Taça de Portugal,Taca de Portugal 25/26,5.0,Away,SC Farense,1006069,António Silva,D,4,True,39.0,37.0,4.0,3.0,0.0,28.0,29.0,9.0,10.0,1.0,5.0,3.0,1.0,,,,,,,90.0,53.0,7.4,3.0,,63.11452031261,10.0,-0.41999999999997,17.325,,"{'original': 7.4, 'alternative': 7.4}",0,,0.25,0.1,0.3,,"{'sportSlug': 'football', 'statisticsType': 'player'}",,,5.0,,,1.0,2.0,3.0,3.0,1.0,1.0,,,,18.118720732988,1.0,,,,,,,,,4.0,,,,1.0,,,,,,,,,,,,,,,,,,,
15150335,2025-12-17,Taça de Portugal,Taca de Portugal 25/26,5.0,Away,SC Farense,1103333,Franjo Ivanović,F,9,True,20.0,11.0,,,0.0,6.0,8.0,5.0,12.0,,9.0,,5.0,,,,,,,90.0,40.0,6.7,18.0,,129.41533893071,14.0,48.615,17.01,,"{'original': 6.7, 'alternative': 7.6}",2,,-1.0,0.4,0.16,,"{'sportSlug': 'football', 'statisticsType': 'player'}",,,10.0,2.0,,,,4.0,4.0,6.0,5.0,,,,26.887144185363,2.0,1.0,,,,5.0,1.0,1.0,1.0,2.0,,,0.29,1.0,1.0,,,,,1.0,,,,,,,,,,,,,
15150335,2025-12-17,Taça de Portugal,Taca de Portugal 25/26,5.0,Away,SC Farense,1123925,Georgiy Sudakov,M,10,True,13.0,10.0,1.0,1.0,1.0,1.0,2.0,9.0,11.0,,3.0,,1.0,,,,,,,36.0,19.0,7.2,5.0,,37.141147397402,5.0,1.785,5.355,,"{'original': 7.2, 'alternative': 7.4}",0,,0.31,0.2,0.0,,"{'sportSlug': 'football', 'statisticsType': 'player'}",2.0,1.0,1.0,1.0,,,,1.0,1.0,,2.0,,,,10.863532068347,1.0,2.0,,,,,,,,,,,,,,,,,,,,,,,,,,,,,,,
15150335,2025-12-17,Taça de Portugal,Taca de Portugal 25/26,5.0,Away,SC Farense,1201395,Gianluca Prestianni,M,25,True,38.0,33.0,2.0,2.0,0.0,6.0,6.0,27.0,32.0,2.0,6.0,,7.0,,,,,,,88.0,57.0,6.8,15.0,,258.96643799679,25.0,113.4,31.815,,"{'original': 6.8, 'alternative': 7.2}",2,,-0.03,0.35,0.0,,"{'sportSlug': 'football', 'statisticsType': 'player'}",2.0,,6.0,1.0,4.0,,,1.0,,2.0,3.0,,,,148.00126773609,7.0,2.0,,,,1.0,,2.0,,,,,-0.59,,,,,,,,,,,,,,,,,,,,
15150335,2025-12-17,Taça de Portugal,Taca de Portugal 25/26,5.0,Away,SC Farense,1085740,Manu Silva,M,16,True,59.0,42.0,9.0,4.0,0.0,18.0,23.0,24.0,36.0,2.0,8.0,1.0,6.0,,,,,,,90.0,70.0,7.2,19.0,,77.27824356382,16.0,28.77,10.605,,"{'original': 7.2, 'alternative': 7.1}",0,,0.18,0.08,0.16,,"{'sportSlug': 'football', 'statisticsType': 'player'}",,,3.0,1.0,,,,4.0,3.0,1.0,2.0,,,,,,1.0,,,,,,,,2.0,,,,,,,,,,,,,,,,,,,,,,,
15150335,2025-12-17,Taça de Portugal,Taca de Portugal 25/26,5.0,Away,SC Farense,74915,Nicolás Otamendi,D,30,True,58.0,52.0,6.0,5.0,0.0,40.0,41.0,12.0,17.0,2.0,4.0,5.0,3.0,,,,,,,90.0,69.0,6.8,6.0,,167.80485251565,22.0,37.485,18.585,,"{'original': 6.8, 'alternative': 7.2}",1,,0.07,0.07,0.39,,"{'sportSlug': 'football', 'statisticsType': 'player'}",,,1.0,,,,1.0,2.0,2.0,,,,,,,,,,,,1.0,1.0,,1.0,,,,-0.89,,,,,,,,,,,,,,,,,1.0,,,
15150335,2025-12-17,Taça de Portugal,Taca de Portugal 25/26,5.0,Away,SC Farense,1015292,Richard Ríos,M,20,True,53.0,47.0,5.0,3.0,0.0,16.0,17.0,31.0,36.0,,3.0,4.0,6.0,,,,,,,90.0,73.0,7.9,12.0,,138.92343150371,18.0,44.94,21.21,,"{'original': 7.9, 'alternative': 7.4}",3,,0.12,0.11,0.25,,"{'sportSlug': 'football', 'statisticsType': 'player'}",2.0,,9.0,2.0,3.0,,,1.0,,,1.0,,,,28.617672411313,2.0,,,,,4.0,,1.0,1.0,1.0,,,0.51,,1.0,,,1.0,,,1.0,,,,,,,,,,,,
15150335,2025-12-17,Taça de Portugal,Taca de Portugal 25/26,5.0,Away,SC Farense,993101,Samuel Dahl,D,26,True,58.0,50.0,5.0,4.0,0.0,21.0,24.0,29.0,34.0,1.0,3.0,1.0,3.0,,,,,,,90.0,86.0,7.1,15.0,,238.21835797645,25.0,-0.20999999999991,19.53,,"{'original': 7.1, 'alternative': 7.4}",2,,-0.17,0.42,-0.01,,"{'sportSlug': 'football', 'statisticsType': 'player'}",2.0,,2.0,,2.0,,1.0,1.0,,1.0,1.0,,,,15.412354816834,1.0,1.0,,,,,,,1.0,,,,-0.19,,,,,,,,1.0,,,,,,,,,,,,
15150335,2025-12-17,Taça de Portugal,Taca de Portugal 25/26,5.0,Away,SC Farense,983550,Samuel Soares,G,24,True,8.0,4.0,4.0,,0.0,4.0,5.0,,3.0,,,,4.0,1.0,,2.0,,,,45.0,13.0,6.9,4.0,,11.789852203765,2.0,6.93,6.72,0.1901,"{'original': 6.9, 'alternative': 6.7}",0,,0.01,0.01,0.18,0.22,"{'sportSlug': 'football', 'statisticsType': 'player'}",,,,,,,,,,,,,,,,,,,,,,,,,,,,,,,,,,,,,,,,,,,,,,,,
15150335,2025-12-17,Taça de Portugal,Taca de Portugal 25/26,5.0,Away,SC Farense,983542,Tomás Araújo,D,44,True,55.0,47.0,8.0,7.0,0.0,17.0,19.0,30.0,36.0,,1.0,,1.0,,,,,,,90.0,75.0,7.2,10.0,,177.23172683436,19.0,122.115,33.81,,"{'original': 7.2, 'alternative': 7.2}",0,,0.09,0.18,0.0,,"{'sportSlug': 'football', 'statisticsType': 'player'}",,,1.0,,,,1.0,1.0,,,,,,,58.129924199964,2.0,,,,,1.0,,,,,,,,,,,,,,,,,,,,,,,,,,,
15150335,2025-12-17,Taça de Portugal,Taca de Portugal 25/26,5.0,Away,SC Farense,966616,Anatoliy Trubin,G,1,False,8.0,4.0,5.0,1.0,0.0,3.0,4.0,1.0,4.0,,,,1.0,1.0,,1.0,,,,45.0,10.0,6.8,4.0,,22.255863970181,4.0,12.39,4.935,0.0877,"{'original': 6.8, 'alternative': 6.6}",0,,0.02,0.01,0.14,0.1,"{'sportSlug': 'football', 'statisticsType': 'player'}",,,,,,,,,,,,,,,,,,,,,,,,,,,,,,,,,,,,,,,,,,,,,,,,
15150335,2025-12-17,Taça de Portugal,Taca de Portugal 25/26,5.0,Away,SC Farense,1961109,Daniel Banjaqui,D,58,False,5.0,3.0,1.0,1.0,0.0,1.0,2.0,2.0,3.0,,,,,,,,,,,11.0,5.0,6.8,2.0,,,,,,,"{'original': 6.8, 'alternative': 6.6}",0,,0.14,,0.14,,"{'sportSlug': 'football', 'statisticsType': 'player'}",,,,,,,,,,,,,,,,,,,,,,,,,,,,,,,,,,,,,,,,,,,,,,,,
15150335,2025-12-17,Taça de Portugal,Taca de Portugal 25/26,5.0,Away,SC Farense,1087316,Enzo Barrenechea,M,5,False,,,,,,,,,,,,,,,,,,,,,,,,,,,,,,,0,,,,,,"{'sportSlug': 'football', 'statisticsType': 'player'}",,,,,,,,,,,,,,,,,,,,,,,,,,,,,,,,,,,,,,,,,,,,,,,,
15150335,2025-12-17,Taça de Portugal,Taca de Portugal 25/26,5.0,Away,SC Farense,228364,Fredrik Aursnes,M,8,False,23.0,18.0,,,0.0,2.0,2.0,16.0,21.0,1.0,2.0,1.0,1.0,,,,,,,54.0,36.0,6.6,12.0,,65.589614853929,10.0,26.145,7.035,,"{'original': 6.6, 'alternative': 7}",0,,-0.09,0.1,0.14,,"{'sportSlug': 'football', 'statisticsType': 'player'}",9.0,2.0,2.0,,,,,1.0,1.0,,,,,,7.729534267988,1.0,1.0,,,,1.0,,,,1.0,,,,,,1.0,,,,,,,,,,,,,,,,,
15150335,2025-12-17,Taça de Portugal,Taca de Portugal 25/26,5.0,Away,SC Farense,998870,Henrique Araújo,F,39,False,,,,,,,,,,,,,,,,,,,,,,,,,,,,,,,0,,,,,,"{'sportSlug': 'football', 'statisticsType': 'player'}",,,,,,,,,,,,,,,,,,,,,,,,,,,,,,,,,,,,,,,,,,,,,,,,
15150335,2025-12-17,Taça de Portugal,Taca de Portugal 25/26,5.0,Away,SC Farense,1158353,João Rêgo,F,84,False,6.0,4.0,,,0.0,,,4.0,6.0,,1.0,,1.0,,,,,,,8.0,7.0,6.4,2.0,,29.68765949452,3.0,21.105,17.325,,"{'original': 6.4, 'alternative': 6.6}",0,,-0.51,0.28,0.13,,"{'sportSlug': 'football', 'statisticsType': 'player'}",,,1.0,,1.0,,,,,,,,,,21.134390007758,1.0,,,,,,,,,1.0,,,,,,,,1.0,,,,,,,,,,,,,,,
15150335,2025-12-17,Taça de Portugal,Taca de Portugal 25/26,5.0,Away,SC Farense,1142692,Rafael Obrador,M,3,False,,,,,,,,,,,,,,,,,,,,,,,,,,,,,,,0,,,,,,"{'sportSlug': 'football', 'statisticsType': 'player'}",,,,,,,,,,,,,,,,,,,,,,,,,,,,,,,,,,,,,,,,,,,,,,,,
15150335,2025-12-17,Taça de Portugal,Taca de Portugal 25/26,5.0,Away,SC Farense,1184329,Rodrigo Rego,F,67,False,,,,,,,,,,,,,,,,,,,,,,,,,,,,,,,0,,,,,,"{'sportSlug': 'football', 'statisticsType': 'player'}",,,,,,,,,,,,,,,,,,,,,,,,,,,,,,,,,,,,,,,,,,,,,,,,
15150335,2025-12-17,Taça de Portugal,Taca de Portugal 25/26,5.0,Away,SC Farense,795236,Vangelis Pavlidis,F,14,False,,,,,,,,,,,,,,,,,,,,,,,,,,,,,,,0,,,,,,"{'sportSlug': 'football', 'statisticsType': 'player'}",,,,,,,,,,,,,,,,,,,,,,,,,,,,,,,,,,,,,,,,,,,,,,,,
14288840,2025-12-22,Liga Portugal Betclic,Liga Portugal 25/26,15.0,Home,Famalicão,1102791,Amar Dedić,D,17,True,61.0,52.0,2.0,,0.0,24.0,27.0,28.0,34.0,,7.0,3.0,5.0,,,,,,,90.0,90.0,7.0,12.0,0.0201952,229.31743278462,21.0,48.405,22.785,,"{'original': 7, 'alternative': 7.3}",1,,-0.24,0.33,0.26,,"{'sportSlug': 'football', 'statisticsType': 'player'}",,,6.0,1.0,1.0,,,3.0,3.0,1.0,3.0,,,,77.058892131637,3.0,,,,,1.0,,1.0,,2.0,0.0598,,-0.36,2.0,,,,1.0,,,,,,,,,,,,,,,
14288840,2025-12-22,Liga Portugal Betclic,Liga Portugal 25/26,15.0,Home,Famalicão,966616,Anatoliy Trubin,G,1,True,18.0,13.0,7.0,2.0,0.0,11.0,14.0,2.0,4.0,,,,7.0,1.0,,2.0,,,,90.0,27.0,7.3,5.0,0.00041302,6.150590540753,1.0,4.83,4.83,0.3897,"{'original': 7.3, 'alternative': 6.9}",0,0.4269,0.0,-0.02,0.14,0.36,"{'sportSlug': 'football', 'statisticsType': 'player'}",,,,,,,,,,,,,,,,,,,,,,,,,,,,,,,,,,,,,1.0,,,2.0,,,,,,,,
14288840,2025-12-22,Liga Portugal Betclic,Liga Portugal 25/26,15.0,Home,Famalicão,1087316,Enzo Barrenechea,M,5,True,67.0,58.0,8.0,4.0,0.0,30.0,34.0,28.0,33.0,2.0,6.0,2.0,8.0,,,,,,,90.0,79.0,6.9,10.0,0.019576,121.46258213561,21.0,1.575,12.81,,"{'original': 6.9, 'alternative': 7.2}",0,,-0.03,0.13,0.26,,"{'sportSlug': 'football', 'statisticsType': 'player'}",,,3.0,,,,4.0,2.0,1.0,1.0,2.0,,,,,,,,,,2.0,,,,1.0,,,,,,,,,,,,,,,,,,,,,,,
14288840,2025-12-22,Liga Portugal Betclic,Liga Portugal 25/26,15.0,Home,Famalicão,228364,Fredrik Aursnes,M,8,True,38.0,34.0,1.0,,0.0,12.0,13.0,22.0,25.0,2.0,4.0,,2.0,,,,,,,90.0,54.0,6.8,10.0,0.147743,81.797884904532,11.0,24.255,14.91,,"{'original': 6.8, 'alternative': 7.2}",2,,0.23,0.31,-0.01,,"{'sportSlug': 'football', 'statisticsType': 'player'}",5.0,1.0,4.0,1.0,,,,2.0,1.0,,,,,,15.930066697914,1.0,3.0,,,,2.0,,,1.0,,0.2274,0.2207,-0.52,1.0,,,,,,1.0,1.0,,,,,,,,,,,,
14288840,2025-12-22,Liga Portugal Betclic,Liga Portugal 25/26,15.0,Home,Famalicão,1123925,Georgiy Sudakov,M,10,True,30.0,21.0,1.0,,0.0,7.0,8.0,14.0,22.0,1.0,11.0,,4.0,,,,,,,81.0,55.0,7.3,18.0,0.173705,152.41257303622,18.0,36.75,16.8,,"{'original': 7.3, 'alternative': 7.3}",1,,0.34,0.13,-0.07,,"{'sportSlug': 'football', 'statisticsType': 'player'}",6.0,2.0,3.0,,5.0,,,2.0,1.0,4.0,4.0,,,,,,1.0,,,,1.0,,,1.0,2.0,0.0147,0.2179,-0.02,,,,,4.0,,,,,,,,,,,,,,,
14288840,2025-12-22,Liga Portugal Betclic,Liga Portugal 25/26,15.0,Home,Famalicão,1201395,Gianluca Prestianni,M,25,True,28.0,23.0,,,0.0,6.0,7.0,17.0,21.0,,9.0,1.0,6.0,,,,,,,87.0,58.0,7.2,14.0,0.0828304,188.15371731495,18.0,108.255,45.78,,"{'original': 7.2, 'alternative': 7.4}",1,,0.34,0.3,0.14,,"{'sportSlug': 'football', 'statisticsType': 'player'}",1.0,1.0,7.0,2.0,7.0,,,1.0,1.0,3.0,4.0,,,,90.131443771989,3.0,1.0,,,,,,,1.0,1.0,0.0529,0.2821,0.11,1.0,,,,4.0,,,,,,,,,,,,,,,
14288840,2025-12-22,Liga Portugal Betclic,Liga Portugal 25/26,15.0,Home,Famalicão,74915,Nicolás Otamendi,D,30,True,70.0,66.0,7.0,5.0,0.0,47.0,47.0,19.0,23.0,1.0,3.0,4.0,4.0,,,,,,,90.0,81.0,7.8,6.0,0.0189276,302.53417440489,43.0,126.63,14.805,,"{'original': 7.8, 'alternative': 8.1}",0,,0.26,0.23,0.23,,"{'sportSlug': 'football', 'statisticsType': 'player'}",,,2.0,,1.0,,,1.0,1.0,2.0,1.0,,,,,,1.0,,,,1.0,,,,1.0,,,,,,,,1.0,,,,,,1.0,,,,,,,,,
14288840,2025-12-22,Liga Portugal Betclic,Liga Portugal 25/26,15.0,Home,Famalicão,1015292,Richard Ríos,M,20,True,47.0,40.0,5.0,2.0,0.0,16.0,19.0,24.0,28.0,1.0,7.0,3.0,3.0,,,,,,,90.0,65.0,7.4,13.0,0.0681874,128.54477547167,16.0,43.995,17.325,,"{'original': 7.4, 'alternative': 7.2}",0,,0.3,0.04,0.21,,"{'sportSlug': 'football', 'statisticsType': 'player'}",,,4.0,,3.0,,,2.0,2.0,5.0,2.0,,,,36.552007242905,2.0,1.0,,,,,,,,3.0,,,,,,,,2.0,,,,,,,,,,,,,,,
14288840,2025-12-22,Liga Portugal Betclic,Liga Portugal 25/26,15.0,Home,Famalicão,993101,Samuel Dahl,D,26,True,50.0,43.0,4.0,3.0,0.0,22.0,22.0,21.0,28.0,,7.0,3.0,2.0,,,,,,,90.0,74.0,7.6,9.0,0.0361038,136.36743335106,15.0,83.58,31.185,,"{'original': 7.6, 'alternative': 7.8}",1,,0.21,0.07,0.29,,"{'sportSlug': 'football', 'statisticsType': 'player'}",2.0,1.0,1.0,,1.0,,1.0,6.0,3.0,,1.0,,,,34.186668293357,1.0,1.0,,,,,,,1.0,,0.0337,0.1183,-0.24,,,,,,,,,,,,,,,,,,,,
14288840,2025-12-22,Liga Portugal Betclic,Liga Portugal 25/26,15.0,Home,Famalicão,983542,Tomás Araújo,D,44,True,51.0,47.0,6.0,5.0,0.0,32.0,35.0,15.0,16.0,,1.0,3.0,2.0,,,,,,,56.0,58.0,7.3,6.0,0.025696,190.96645378722,22.0,103.53,27.825,,"{'original': 7.3, 'alternative': 7.1}",0,,0.25,0.12,0.27,,"{'sportSlug': 'football', 'statisticsType': 'player'}",,,1.0,1.0,,,1.0,1.0,1.0,,,,,,46.370714437573,2.0,,,,,,,,,,,,,,,,,,,,,,,,,,,,,,,,
14288840,2025-12-22,Liga Portugal Betclic,Liga Portugal 25/26,15.0,Home,Famalicão,795236,Vangelis Pavlidis,F,14,True,16.0,12.0,,,0.0,7.0,7.0,5.0,9.0,,2.0,1.0,3.0,,,,,,,81.0,25.0,6.6,6.0,0.00733312,105.50573507577,10.0,45.885,31.185,,"{'original': 6.6, 'alternative': 7}",2,,-0.04,0.15,-0.02,,"{'sportSlug': 'football', 'statisticsType': 'player'}",,,8.0,1.0,2.0,,,1.0,,,,,,,47.71050082529,1.0,,,,,4.0,,1.0,1.0,1.0,0.8382,0.9853,0.29,1.0,1.0,,,1.0,,,,,,,,,,,,,,,
14288840,2025-12-22,Liga Portugal Betclic,Liga Portugal 25/26,15.0,Home,Famalicão,1100952,Andreas Schjelderup,M,21,False,,,,,,,,,,,,,,,,,,,,,,,,,,,,,,,0,,,,,,"{'sportSlug': 'football', 'statisticsType': 'player'}",,,,,,,,,,,,,,,,,,,,,,,,,,,,,,,,,,,,,,,,,,,,,,,,
14288840,2025-12-22,Liga Portugal Betclic,Liga Portugal 25/26,15.0,Home,Famalicão,1006069,António Silva,D,4,False,26.0,20.0,5.0,,0.0,16.0,18.0,4.0,8.0,2.0,4.0,3.0,2.0,,,,,,,34.0,34.0,7.0,7.0,0.0111929,61.448281491865,9.0,12.495,6.195,,"{'original': 7, 'alternative': 7}",1,,0.14,0.02,0.29,,"{'sportSlug': 'football', 'statisticsType': 'player'}",,,2.0,,,,,1.0,1.0,1.0,1.0,,,,,,1.0,,,,2.0,,,1.0,,0.0386,0.1513,-0.12,,,,,,,,,,,,,,,,,,,,
14288840,2025-12-22,Liga Portugal Betclic,Liga Portugal 25/26,15.0,Home,Famalicão,1489159,Diogo Ferreira,G,50,False,,,,,,,,,,,,,,,,,,,,,,,,,,,,,,,0,,,,,,"{'sportSlug': 'football', 'statisticsType': 'player'}",,,,,,,,,,,,,,,,,,,,,,,,,,,,,,,,,,,,,,,,,,,,,,,,
14288840,2025-12-22,Liga Portugal Betclic,Liga Portugal 25/26,15.0,Home,Famalicão,1103333,Franjo Ivanović,F,9,False,8.0,6.0,2.0,1.0,0.0,3.0,3.0,3.0,5.0,1.0,2.0,,1.0,,,,,,,9.0,13.0,6.6,6.0,0.00084393,37.106199759201,3.0,24.15,24.465,,"{'original': 6.6, 'alternative': 6.3}",0,,0.04,0.08,-0.04,,"{'sportSlug': 'football', 'statisticsType': 'player'}",,,3.0,1.0,1.0,,,,,2.0,1.0,,,,32.781909181546,2.0,,,,,,,,,,,,,1.0,,,,,,,,,,,,,,,,,,,
14288840,2025-12-22,Liga Portugal Betclic,Liga Portugal 25/26,15.0,Home,Famalicão,1158353,João Rêgo,F,84,False,,,,,,,,,,,,,,,,,,,,,,,,,,,,,,,0,,,,,,"{'sportSlug': 'football', 'statisticsType': 'player'}",,,,,,,,,,,,,,,,,,,,,,,,,,,,,,,,,,,,,,,,,,,,,,,,
14288840,2025-12-22,Liga Portugal Betclic,Liga Portugal 25/26,15.0,Home,Famalicão,1085740,Manu Silva,M,16,False,4.0,2.0,1.0,1.0,0.0,,1.0,2.0,3.0,1.0,1.0,,,,,,,,,8.0,4.0,6.7,2.0,0.00336984,3.1682960720236,1.0,-3.15,-3.15,,"{'original': 6.7, 'alternative': 6.6}",0,,0.04,-0.04,-0.01,,"{'sportSlug': 'football', 'statisticsType': 'player'}",,,,,,,,,,,,,,,,,,,,,,,,,,,,,,,,,,,,,,,,,,,,,,,,
14288840,2025-12-22,Liga Portugal Betclic,Liga Portugal 25/26,15.0,Home,Famalicão,1142692,Rafael Obrador,M,3,False,,,,,,,,,,,,,,,,,,,,,,,,,,,,,,,0,,,,,,"{'sportSlug': 'football', 'statisticsType': 'player'}",,,,,,,,,,,,,,,,,,,,,,,,,,,,,,,,,,,,,,,,,,,,,,,,
14288840,2025-12-22,Liga Portugal Betclic,Liga Portugal 25/26,15.0,Home,Famalicão,1184329,Rodrigo Rego,F,67,False,7.0,6.0,1.0,,0.0,5.0,5.0,1.0,2.0,,4.0,,2.0,,,,,,,9.0,17.0,6.8,4.0,0.0004857,16.802201760484,1.0,16.8,16.8,,"{'original': 6.8, 'alternative': 6.9}",1,,0.0,0.0,-0.03,,"{'sportSlug': 'football', 'statisticsType': 'player'}",1.0,,2.0,,2.0,,,1.0,1.0,2.0,1.0,,,,,,,,,,1.0,,,,,0.0153,,-0.02,1.0,,,,2.0,,,1.0,,,,,,,,,,,,
14288840,2025-12-22,Liga Portugal Betclic,Liga Portugal 25/26,15.0,Home,Famalicão,1410243,Tiago Freitas,M,88,False,,,,,,,,,,,,,,,,,,,,,,,,,,,,,,,0,,,,,,"{'sportSlug': 'football', 'statisticsType': 'player'}",,,,,,,,,,,,,,,,,,,,,,,,,,,,,,,,,,,,,,,,,,,,,,,,
14288915,2025-12-28,Liga Portugal Betclic,Liga Portugal 25/26,16.0,Away,Sporting Braga,1102791,Amar Dedić,D,17,True,45.0,41.0,2.0,2.0,0.0,23.0,25.0,18.0,20.0,1.0,4.0,,4.0,,,,,,,90.0,70.0,6.3,9.0,0.0849288,183.38149038211,19.0,89.46,24.99,,"{'original': 6.3, 'alternative': 7}",0,,-0.38,0.32,-0.3,,"{'sportSlug': 'football', 'statisticsType': 'player'}",2.0,1.0,3.0,2.0,1.0,1.0,1.0,2.0,1.0,1.0,2.0,33.24,11.36,18.0,56.040305523748,3.0,2.0,1.7,0.54,0.25,,,,,,,,,,,,,,,,,,,,,,,,,,,,
14288915,2025-12-28,Liga Portugal Betclic,Liga Portugal 25/26,16.0,Away,Sporting Braga,966616,Anatoliy Trubin,G,1,True,25.0,20.0,13.0,8.0,0.0,16.0,16.0,4.0,9.0,1.0,1.0,1.0,5.0,1.0,1.0,1.0,1.0,1.0,1.0,90.0,30.0,6.7,5.0,0.00314766,39.12743057552,5.0,18.06,9.03,0.4999,"{'original': 6.7, 'alternative': 6.9}",0,0.2392,0.16,-0.11,-0.35,0.42,"{'sportSlug': 'football', 'statisticsType': 'player'}",,,,,,,,,,,,,,,,,,,,,,,,,,,,,,,,,,,,,,,,,,,,,,,,
14288915,2025-12-28,Liga Portugal Betclic,Liga Portugal 25/26,16.0,Away,Sporting Braga,1087316,Enzo Barrenechea,M,5,True,66.0,57.0,2.0,,0.0,38.0,42.0,19.0,24.0,2.0,8.0,2.0,,,,,,,,90.0,78.0,6.8,10.0,0.0286518,125.32063324432,16.0,33.285,19.32,,"{'original': 6.8, 'alternative': 6.9}",0,,0.0,0.2,-0.1,,"{'sportSlug': 'football', 'statisticsType': 'player'}",,,5.0,,,,1.0,5.0,4.0,1.0,1.0,30.94,11.64,9.0,19.881581023651,1.0,,2.16,0.71,0.05,3.0,,,,2.0,,,,1.0,,,,,,,,,,,,,,,,,,,
14288915,2025-12-28,Liga Portugal Betclic,Liga Portugal 25/26,16.0,Away,Sporting Braga,228364,Fredrik Aursnes,M,8,True,44.0,33.0,3.0,,0.0,14.0,15.0,19.0,29.0,1.0,3.0,,5.0,,,,,,,90.0,63.0,7.2,17.0,0.224671,126.70682595574,21.0,67.2,12.285,,"{'original': 7.2, 'alternative': 7.5}",2,,-0.02,0.14,-0.16,,"{'sportSlug': 'football', 'statisticsType': 'player'}",5.0,3.0,7.0,1.0,2.0,1.0,1.0,1.0,1.0,2.0,,28.7,12.05,11.0,,,2.0,2.46,0.75,0.08,3.0,1.0,1.0,1.0,,0.3086,0.4298,0.44,2.0,1.0,,,1.0,,,,,,,,,,,,,,,
14288915,2025-12-28,Liga Portugal Betclic,Liga Portugal 25/26,16.0,Away,Sporting Braga,1123925,Georgiy Sudakov,M,10,True,27.0,22.0,1.0,1.0,0.0,6.0,8.0,16.0,19.0,,6.0,,3.0,,,,,,,80.0,41.0,7.2,9.0,0.248481,175.08113229179,16.0,44.415,25.41,,"{'original': 7.2, 'alternative': 7.5}",0,,0.32,0.31,-0.19,,"{'sportSlug': 'football', 'statisticsType': 'player'}",5.0,2.0,2.0,,4.0,,1.0,1.0,,,1.0,29.7,9.21,6.0,62.588617828722,3.0,3.0,1.55,0.5,0.07,,,,,,,,,2.0,,,,4.0,,,,,,,,,,,,,,,
14288915,2025-12-28,Liga Portugal Betclic,Liga Portugal 25/26,16.0,Away,Sporting Braga,906800,Leandro Barreiro,M,18,True,22.0,17.0,,,0.0,8.0,9.0,9.0,13.0,1.0,3.0,,,,,,,,,80.0,28.0,6.4,8.0,0.00940907,31.979206892836,5.0,25.2,13.23,,"{'original': 6.4, 'alternative': 6.5}",0,,-0.2,0.05,-0.17,,"{'sportSlug': 'football', 'statisticsType': 'player'}",,,1.0,,1.0,,,,,3.0,1.0,28.4,9.36,6.0,,,,1.54,0.64,0.05,,,,,,,,,1.0,,,,1.0,,,,,,,,,,,,,,,
14288915,2025-12-28,Liga Portugal Betclic,Liga Portugal 25/26,16.0,Away,Sporting Braga,74915,Nicolás Otamendi,D,30,True,65.0,53.0,12.0,7.0,0.0,36.0,39.0,17.0,26.0,5.0,9.0,1.0,6.0,,,,,,,90.0,74.0,8.2,12.0,0.00891383,329.27204256823,33.0,144.795,22.05,,"{'original': 8.2, 'alternative': 7.7}",1,,0.14,0.13,-0.2,,"{'sportSlug': 'football', 'statisticsType': 'player'}",,,3.0,,,1.0,,2.0,2.0,,2.0,30.89,9.69,9.0,,,,1.21,0.49,0.12,,,,1.0,2.0,0.0882,0.6385,0.51,1.0,1.0,,,,,,,,,,,,,,,,,,
14288915,2025-12-28,Liga Portugal Betclic,Liga Portugal 25/26,16.0,Away,Sporting Braga,1015292,Richard Ríos,M,20,True,42.0,36.0,4.0,2.0,0.0,15.0,16.0,21.0,26.0,3.0,8.0,1.0,5.0,,,,,,,90.0,60.0,6.4,9.0,0.0673151,111.02101666801,14.0,22.785,18.165,,"{'original': 6.4, 'alternative': 7}",5,,0.01,0.16,-0.4,,"{'sportSlug': 'football', 'statisticsType': 'player'}",1.0,,1.0,,1.0,,1.0,1.0,1.0,2.0,4.0,31.03,10.83,21.0,,,1.0,1.75,0.68,0.3,,,4.0,1.0,1.0,0.3225,0.0481,-0.53,,,,,1.0,1.0,,,,,,,,,,,,,,
14288915,2025-12-28,Liga Portugal Betclic,Liga Portugal 25/26,16.0,Away,Sporting Braga,993101,Samuel Dahl,D,26,True,43.0,34.0,3.0,1.0,0.0,16.0,21.0,18.0,22.0,,3.0,1.0,1.0,,,,,,,90.0,59.0,6.4,9.0,0.106478,96.764768550709,12.0,70.35,20.895,,"{'original': 6.4, 'alternative': 6.4}",1,,0.32,0.21,-0.41,,"{'sportSlug': 'football', 'statisticsType': 'player'}",,,2.0,,,,,3.0,1.0,,,32.83,11.21,16.0,21.949411246628,2.0,1.0,2.05,0.77,0.19,1.0,,,1.0,1.0,0.0689,0.207,-0.28,1.0,,1.0,1.0,,,,,,,,,,,,,,,,
14288915,2025-12-28,Liga Portugal Betclic,Liga Portugal 25/26,16.0,Away,Sporting Braga,983542,Tomás Araújo,D,44,True,72.0,63.0,3.0,1.0,0.0,44.0,48.0,19.0,24.0,1.0,2.0,1.0,7.0,,,,,,,90.0,83.0,6.1,9.0,0.0276489,216.67699239391,23.0,116.025,33.075,,"{'original': 6.1, 'alternative': 7}",2,,0.11,0.21,-0.37,,"{'sportSlug': 'football', 'statisticsType': 'player'}",,,3.0,,,,3.0,1.0,1.0,,,30.6,10.48,13.0,54.144046339831,2.0,,1.19,0.49,0.15,2.0,1.0,1.0,1.0,1.0,0.2785,0.5749,0.19,,,,,,,,,,,,,,,,,,,,
14288915,2025-12-28,Liga Portugal Betclic,Liga Portugal 25/26,16.0,Away,Sporting Braga,795236,Vangelis Pavlidis,F,14,True,29.0,22.0,1.0,1.0,1.0,10.0,12.0,12.0,17.0,3.0,4.0,,3.0,,,,,,,90.0,40.0,6.1,13.0,0.0681649,53.626630758962,5.0,26.46,13.755,,"{'original': 6.1, 'alternative': 7.1}",2,,-0.16,-0.13,-0.06,,"{'sportSlug': 'football', 'statisticsType': 'player'}",,,6.0,,2.0,,,,,4.0,1.0,31.26,11.2,13.0,33.245892157903,2.0,2.0,1.93,0.68,0.12,3.0,,1.0,1.0,,0.1106,0.291,0.03,1.0,,,,,,1.0,,,,,,,,,,,,,
14288915,2025-12-28,Liga Portugal Betclic,Liga Portugal 25/26,16.0,Away,Sporting Braga,1100952,Andreas Schjelderup,M,21,False,,,,,,,,,,,,,,,,,,,,,,,,,,,,,,,0,,,,,,"{'sportSlug': 'football', 'statisticsType': 'player'}",,,,,,,,,,,,,,,,,,,,,,,,,,,,,,,,,,,,,,,,,,,,,,,,
14288915,2025-12-28,Liga Portugal Betclic,Liga Portugal 25/26,16.0,Away,Sporting Braga,1006069,António Silva,D,4,False,,,,,,,,,,,,,,,,,,,,,,,,,,,,,,,0,,,,,,"{'sportSlug': 'football', 'statisticsType': 'player'}",,,,,,,,,,,,,,,,,,,,,,,,,,,,,,,,,,,,,,,,,,,,,,,,
14288915,2025-12-28,Liga Portugal Betclic,Liga Portugal 25/26,16.0,Away,Sporting Braga,1489159,Diogo Ferreira,G,50,False,,,,,,,,,,,,,,,,,,,,,,,,,,,,,,,0,,,,,,"{'sportSlug': 'football', 'statisticsType': 'player'}",,,,,,,,,,,,,,,,,,,,,,,,,,,,,,,,,,,,,,,,,,,,,,,,
14288915,2025-12-28,Liga Portugal Betclic,Liga Portugal 25/26,16.0,Away,Sporting Braga,1103333,Franjo Ivanović,F,9,False,10.0,5.0,,,0.0,1.0,2.0,4.0,8.0,,2.0,,2.0,,,,,,,10.0,19.0,6.2,9.0,0.0264101,72.749520019293,6.0,2.415,15.855,,"{'original': 6.2, 'alternative': 6.5}",0,,-0.21,0.01,-0.01,,"{'sportSlug': 'football', 'statisticsType': 'player'}",1.0,,4.0,1.0,2.0,,,,,1.0,1.0,31.33,2.2,3.0,,,,0.25,0.18,0.05,1.0,,,,1.0,,,,,,,,1.0,,,,,,,,,,,,,,,
14288915,2025-12-28,Liga Portugal Betclic,Liga Portugal 25/26,16.0,Away,Sporting Braga,1201395,Gianluca Prestianni,M,25,False,10.0,7.0,,,0.0,,1.0,7.0,9.0,1.0,3.0,,2.0,,,,,,,10.0,15.0,6.5,4.0,0.0101898,14.260152949062,3.0,2.1,3.885,,"{'original': 6.5, 'alternative': 6.6}",1,,-0.22,0.06,-0.05,,"{'sportSlug': 'football', 'statisticsType': 'player'}",,,3.0,,2.0,,,,,,1.0,,,,,,,,,,1.0,,,,1.0,0.0477,,0.01,1.0,,,,1.0,,,1.0,,,,,,,,,,,,
14288915,2025-12-28,Liga Portugal Betclic,Liga Portugal 25/26,16.0,Away,Sporting Braga,1432417,Gonçalo Oliveira,D,64,False,,,,,,,,,,,,,,,,,,,,,,,,,,,,,,,0,,,,,,"{'sportSlug': 'football', 'statisticsType': 'player'}",,,,,,,,,,,,,,,,,,,,,,,,,,,,,,,,,,,,,,,,,,,,,,,,
14288915,2025-12-28,Liga Portugal Betclic,Liga Portugal 25/26,16.0,Away,Sporting Braga,1158353,João Rêgo,F,84,False,,,,,,,,,,,,,,,,,,,,,,,,,,,,,,,0,,,,,,"{'sportSlug': 'football', 'statisticsType': 'player'}",,,,,,,,,,,,,,,,,,,,,,,,,,,,,,,,,,,,,,,,,,,,,,,,
14288915,2025-12-28,Liga Portugal Betclic,Liga Portugal 25/26,16.0,Away,Sporting Braga,1085740,Manu Silva,M,16,False,,,,,,,,,,,,,,,,,,,,,,,,,,,,,,,0,,,,,,"{'sportSlug': 'football', 'statisticsType': 'player'}",,,,,,,,,,,,,,,,,,,,,,,,,,,,,,,,,,,,,,,,,,,,,,,,
14288915,2025-12-28,Liga Portugal Betclic,Liga Portugal 25/26,16.0,Away,Sporting Braga,1184329,Rodrigo Rego,F,67,False,,,,,,,,,,,,,,,,,,,,,,,,,,,,,,,0,,,,,,"{'sportSlug': 'football', 'statisticsType': 'player'}",,,,,,,,,,,,,,,,,,,,,,,,,,,,,,,,,,,,,,,,,,,,,,,,
14288921,2026-01-03,Liga Portugal Betclic,Liga Portugal 25/26,17.0,Home,Estoril Praia,1102791,Amar Dedić,D,17,True,36.0,33.0,1.0,,0.0,12.0,13.0,21.0,23.0,,4.0,,3.0,,,,,,,90.0,52.0,7.0,10.0,0.382402,192.61972992318,20.0,129.36,32.13,,"{'original': 7, 'alternative': 7.2}",1,,0.43,0.44,-0.16,,"{'sportSlug': 'football', 'statisticsType': 'player'}",3.0,1.0,3.0,,6.0,,1.0,1.0,1.0,1.0,,,,,93.771611203336,5.0,4.0,,,,,,,,,0.0373,,-0.19,,,,,3.0,,,1.0,,,,,,,,,,,,
14288921,2026-01-03,Liga Portugal Betclic,Liga Portugal 25/26,17.0,Home,Estoril Praia,966616,Anatoliy Trubin,G,1,True,17.0,10.0,12.0,5.0,0.0,6.0,8.0,4.0,9.0,,,1.0,6.0,2.0,,3.0,1.0,,,90.0,25.0,6.8,7.0,0.000748,3.685491690399,1.0,1.575,1.575,0.6378,"{'original': 6.8, 'alternative': 6.8}",0,0.6937,0.04,0.0,-0.07,0.5,"{'sportSlug': 'football', 'statisticsType': 'player'}",,,,,,,,,,,,,,,,,,,,,,,,,,,,,,,,,,,,,,,,,,,,,,,,
14288921,2026-01-03,Liga Portugal Betclic,Liga Portugal 25/26,17.0,Home,Estoril Praia,1123925,Georgiy Sudakov,M,10,True,27.0,22.0,1.0,1.0,0.0,11.0,12.0,11.0,15.0,1.0,5.0,,4.0,,,,,,,77.0,53.0,6.3,16.0,0.141895,141.2727934395,16.0,30.765,19.11,,"{'original': 6.3, 'alternative': 6.5}",5,,-0.17,0.22,-0.21,,"{'sportSlug': 'football', 'statisticsType': 'player'}",7.0,2.0,5.0,2.0,3.0,,,1.0,,1.0,1.0,,,,39.146540762703,2.0,1.0,,,,1.0,,2.0,,,0.1761,,-0.26,1.0,,,,2.0,,,3.0,1.0,,,,,,,,,,,
14288921,2026-01-03,Liga Portugal Betclic,Liga Portugal 25/26,17.0,Home,Estoril Praia,1201395,Gianluca Prestianni,M,25,True,28.0,21.0,,,0.0,1.0,1.0,20.0,27.0,,5.0,,6.0,,,,,,,77.0,45.0,6.5,11.0,0.46853,169.84209669413,18.0,107.415,24.36,,"{'original': 6.5, 'alternative': 6.7}",4,,0.44,0.41,-0.07,,"{'sportSlug': 'football', 'statisticsType': 'player'}",,,10.0,,6.0,,2.0,1.0,1.0,1.0,1.0,,,,89.734828856951,5.0,,,,,3.0,,1.0,,4.0,0.2267,,-0.25,,,,,3.0,,,3.0,,,,,,,,,,,,
14288921,2026-01-03,Liga Portugal Betclic,Liga Portugal 25/26,17.0,Home,Estoril Praia,906800,Leandro Barreiro,M,18,True,32.0,27.0,1.0,1.0,1.0,9.0,9.0,18.0,23.0,,4.0,,,,,,,,,89.0,40.0,7.0,8.0,0.179514,93.593338136575,14.0,38.22,13.02,,"{'original': 7, 'alternative': 7.4}",0,,0.29,0.24,-0.13,,"{'sportSlug': 'football', 'statisticsType': 'player'}",1.0,,3.0,,,,,,,2.0,4.0,,,,5.3663664615827,1.0,1.0,,,,1.0,,,,,,,,2.0,,1.0,,,,1.0,,,,,,,,,,,,,
14288921,2026-01-03,Liga Portugal Betclic,Liga Portugal 25/26,17.0,Home,Estoril Praia,1085740,Manu Silva,M,16,True,31.0,25.0,2.0,1.0,0.0,14.0,16.0,11.0,15.0,,1.0,2.0,6.0,,,,,,,90.0,40.0,6.1,8.0,0.007749,17.913489947675,4.0,4.41,4.095,,"{'original': 6.1, 'alternative': 6.5}",1,,0.02,0.01,-0.08,,"{'sportSlug': 'football', 'statisticsType': 'player'}",,,9.0,,1.0,,1.0,1.0,1.0,,,,,,,,1.0,,,,3.0,,1.0,,4.0,0.0535,,0.02,1.0,,,,,,,,,,,,,,,,,,,
14288921,2026-01-03,Liga Portugal Betclic,Liga Portugal 25/26,17.0,Home,Estoril Praia,74915,Nicolás Otamendi,D,30,True,56.0,48.0,7.0,3.0,0.0,28.0,29.0,20.0,27.0,4.0,6.0,4.0,4.0,,,,,,,90.0,67.0,7.1,9.0,0.0119694,258.38404234538,26.0,160.44,23.205,,"{'original': 7.1, 'alternative': 7.1}",0,,0.2,0.18,-0.09,,"{'sportSlug': 'football', 'statisticsType': 'player'}",,,4.0,,,1.0,1.0,1.0,,1.0,2.0,,,,46.205751459318,2.0,1.0,,,,1.0,,,,,,,,3.0,,,,,,,,,,,,,,,,,,,
14288921,2026-01-03,Liga Portugal Betclic,Liga Portugal 25/26,17.0,Home,Estoril Praia,1015292,Richard Ríos,M,20,True,50.0,40.0,2.0,1.0,0.0,18.0,22.0,22.0,28.0,2.0,12.0,3.0,7.0,,,,,,,90.0,75.0,7.4,13.0,0.0458711,94.201713943633,13.0,26.355,18.06,,"{'original': 7.4, 'alternative': 7.7}",2,,0.19,0.19,0.23,,"{'sportSlug': 'football', 'statisticsType': 'player'}",,,5.0,1.0,2.0,,3.0,3.0,3.0,2.0,5.0,,,,18.06,1.0,1.0,,,,1.0,,,,2.0,0.1267,,-0.02,1.0,,,,2.0,,,2.0,,,,,,,,,,,,
14288921,2026-01-03,Liga Portugal Betclic,Liga Portugal 25/26,17.0,Home,Estoril Praia,993101,Samuel Dahl,D,26,True,53.0,44.0,7.0,2.0,0.0,23.0,26.0,21.0,27.0,,6.0,,4.0,,,,,,,90.0,71.0,7.6,11.0,0.267431,245.61749712312,23.0,123.165,32.655,,"{'original': 7.6, 'alternative': 7.1}",0,,0.44,0.36,-0.07,,"{'sportSlug': 'football', 'statisticsType': 'player'}",1.0,1.0,2.0,,1.0,1.0,,4.0,2.0,1.0,1.0,,,,103.68690812984,4.0,1.0,,,,,,,,1.0,,,,1.0,,,,1.0,,1.0,,,,,,,,,,,,,
14288921,2026-01-03,Liga Portugal Betclic,Liga Portugal 25/26,17.0,Home,Estoril Praia,983542,Tomás Araújo,D,44,True,45.0,39.0,6.0,4.0,0.0,19.0,19.0,20.0,26.0,4.0,10.0,2.0,4.0,,,,,,,90.0,59.0,7.3,7.0,0.0119098,175.668555092,15.0,71.4,20.16,,"{'original': 7.3, 'alternative': 7.3}",2,,0.22,0.19,-0.13,,"{'sportSlug': 'football', 'statisticsType': 'player'}",,,3.0,,1.0,,,6.0,4.0,,,,,,75.571294074722,3.0,1.0,,,,,,1.0,,,0.1562,,-0.46,2.0,,,,,,,1.0,,,,,,,,,,,,
14288921,2026-01-03,Liga Portugal Betclic,Liga Portugal 25/26,17.0,Home,Estoril Praia,795236,Vangelis Pavlidis,F,14,True,26.0,17.0,2.0,1.0,0.0,8.0,9.0,9.0,17.0,2.0,4.0,1.0,3.0,,,,,,,87.0,39.0,9.4,13.0,0.047422,63.99826639136,8.0,14.07,22.785,,"{'original': 9.4, 'alternative': 9.3}",4,,0.25,0.25,-0.03,,"{'sportSlug': 'football', 'statisticsType': 'player'}",1.0,,7.0,1.0,,,,2.0,2.0,2.0,,,,,24.799989697579,1.0,2.0,,,,5.0,,1.0,3.0,,1.4342,1.8798,1.0,1.0,3.0,,,,,,,,,,,,,,,,,,
14288921,2026-01-03,Liga Portugal Betclic,Liga Portugal 25/26,17.0,Home,Estoril Praia,1100952,Andreas Schjelderup,M,21,False,,,,,,,,,,,,,,,,,,,,,,,,,,,,,,,0,,,,,,"{'sportSlug': 'football', 'statisticsType': 'player'}",,,,,,,,,,,,,,,,,,,,,,,,,,,,,,,,,,,,,,,,,,,,,,,,
14288921,2026-01-03,Liga Portugal Betclic,Liga Portugal 25/26,17.0,Home,Estoril Praia,1489159,Diogo Ferreira,G,50,False,,,,,,,,,,,,,,,,,,,,,,,,,,,,,,,0,,,,,,"{'sportSlug': 'football', 'statisticsType': 'player'}",,,,,,,,,,,,,,,,,,,,,,,,,,,,,,,,,,,,,,,,,,,,,,,,
14288921,2026-01-03,Liga Portugal Betclic,Liga Portugal 25/26,17.0,Home,Estoril Praia,1146008,Diogo Prioste,M,86,False,,,,,,,,,,,,,,,,,,,,,,,,,,,,,,,0,,,,,,"{'sportSlug': 'football', 'statisticsType': 'player'}",,,,,,,,,,,,,,,,,,,,,,,,,,,,,,,,,,,,,,,,,,,,,,,,
14288921,2026-01-03,Liga Portugal Betclic,Liga Portugal 25/26,17.0,Home,Estoril Praia,1103333,Franjo Ivanović,F,9,False,,,,,0.0,,,,,,,,,,,,,,,3.0,,,,,,,,,,,0,,,,,,"{'sportSlug': 'football', 'statisticsType': 'player'}",,,,,,,,,,,,,,,,,,,,,,,,,,,,,,,,,,,,,,,,,,,,,,,,
14288921,2026-01-03,Liga Portugal Betclic,Liga Portugal 25/26,17.0,Home,Estoril Praia,228364,Fredrik Aursnes,M,8,False,11.0,9.0,1.0,,0.0,3.0,3.0,6.0,8.0,,,,,,,,,,,13.0,12.0,6.4,2.0,0.00622966,18.141979263548,3.0,8.295,10.08,,"{'original': 6.4, 'alternative': 6.5}",0,,-0.05,0.02,-0.02,,"{'sportSlug': 'football', 'statisticsType': 'player'}",,,1.0,,,,,,,,,,,,,,,,,,,,,,1.0,,,,,,,,,,,,,,,,,,,,,,,
14288921,2026-01-03,Liga Portugal Betclic,Liga Portugal 25/26,17.0,Home,Estoril Praia,1961117,José Neto,D,62,False,,,,,,,,,,,,,,,,,,,,,,,,,,,,,,,0,,,,,,"{'sportSlug': 'football', 'statisticsType': 'player'}",,,,,,,,,,,,,,,,,,,,,,,,,,,,,,,,,,,,,,,,,,,,,,,,
14288921,2026-01-03,Liga Portugal Betclic,Liga Portugal 25/26,17.0,Home,Estoril Praia,1158353,João Rêgo,F,84,False,,,,,0.0,,,,,,,,,,,,,,,1.0,,,,,,,,,,,0,,,,,,"{'sportSlug': 'football', 'statisticsType': 'player'}",,,,,,,,,,,,,,,,,,,,,,,,,,,,,,,,,,,,,,,,,,,,,,,,
14288921,2026-01-03,Liga Portugal Betclic,Liga Portugal 25/26,17.0,Home,Estoril Praia,1142692,Rafael Obrador,M,3,False,,,,,,,,,,,,,,,,,,,,,,,,,,,,,,,0,,,,,,"{'sportSlug': 'football', 'statisticsType': 'player'}",,,,,,,,,,,,,,,,,,,,,,,,,,,,,,,,,,,,,,,,,,,,,,,,
14288921,2026-01-03,Liga Portugal Betclic,Liga Portugal 25/26,17.0,Home,Estoril Praia,1117723,Sidny Lopes Cabral,D,15,False,3.0,3.0,,,0.0,1.0,1.0,2.0,2.0,,,,2.0,,,,,,,13.0,8.0,6.6,4.0,0.00863903,108.70947969592,5.0,48.93,34.86,,"{'original': 6.6, 'alternative': 6.8}",1,,-0.05,0.19,0.13,,"{'sportSlug': 'football', 'statisticsType': 'player'}",2.0,,2.0,1.0,1.0,,,,,,,,,,81.71424189658,2.0,,,,,,,1.0,,,0.0558,,0.0,,,,,,,,,,,,,,,,,,,,
15014414,2026-01-07,Taca da Liga,League Cup 25/26,28.0,Home,Sporting Braga,1102791,Amar Dedić,D,17,True,56.0,53.0,1.0,,0.0,23.0,24.0,30.0,32.0,1.0,1.0,2.0,4.0,,,,,,,90.0,75.0,6.3,7.0,,333.52406854971,30.0,149.625,21.735,,"{'original': 6.3, 'alternative': 6.3}",1,,0.32,0.33,-0.5,,"{'sportSlug': 'football', 'statisticsType': 'player'}",2.0,1.0,3.0,2.0,1.0,,,,,,,,,,99.577958985514,6.0,1.0,,,,,,,,,,,-0.08,,,1.0,,,,,1.0,,,,,,,,,,,,
15014414,2026-01-07,Taca da Liga,League Cup 25/26,28.0,Home,Sporting Braga,966616,Anatoliy Trubin,G,1,True,13.0,8.0,7.0,2.0,0.0,8.0,9.0,,4.0,,,,4.0,1.0,,2.0,,,,90.0,16.0,6.0,5.0,,34.328734716479,4.0,7.245,6.93,0.3376,"{'original': 6, 'alternative': 6.3}",0,,-0.01,-0.02,-0.34,-0.23,"{'sportSlug': 'football', 'statisticsType': 'player'}",,,,,,,,,,,,,,,,,,,,,,,,,,,,,,,,,,,,,,,,,,,,,,,,
15014414,2026-01-07,Taca da Liga,League Cup 25/26,28.0,Home,Sporting Braga,228364,Fredrik Aursnes,M,8,True,47.0,42.0,4.0,2.0,0.0,17.0,20.0,25.0,27.0,1.0,4.0,,6.0,,,,,,,80.0,59.0,6.9,6.0,,111.9033208831,15.0,19.005,19.32,,"{'original': 6.9, 'alternative': 7.1}",2,,0.21,0.06,-0.11,,"{'sportSlug': 'football', 'statisticsType': 'player'}",1.0,,,,1.0,,2.0,1.0,1.0,,1.0,,,,24.434893083458,1.0,,,,,,,2.0,,,,,-0.05,,,,,1.0,,1.0,,,,,,,,,,,,,
15014414,2026-01-07,Taca da Liga,League Cup 25/26,28.0,Home,Sporting Braga,1123925,Georgiy Sudakov,M,10,True,25.0,18.0,1.0,,0.0,5.0,5.0,13.0,20.0,,1.0,,6.0,,,,,,,64.0,41.0,5.9,14.0,,157.84484226202,15.0,36.225,27.72,,"{'original': 5.9, 'alternative': 6.6}",4,,-0.31,0.21,-0.16,,"{'sportSlug': 'football', 'statisticsType': 'player'}",2.0,,6.0,1.0,2.0,,,1.0,1.0,1.0,,,,,40.304237799724,2.0,,,,,1.0,,1.0,2.0,1.0,,,0.02,1.0,,,,,,,1.0,,,,,,,,,,,,
15014414,2026-01-07,Taca da Liga,League Cup 25/26,28.0,Home,Sporting Braga,906800,Leandro Barreiro,M,18,True,21.0,18.0,1.0,,0.0,6.0,7.0,12.0,14.0,1.0,8.0,,2.0,,,,,,,90.0,37.0,6.3,9.0,,50.43491310572,8.0,13.545,13.965,,"{'original': 6.3, 'alternative': 6.6}",0,,-0.01,0.07,-0.18,,"{'sportSlug': 'football', 'statisticsType': 'player'}",,,9.0,3.0,1.0,,1.0,4.0,3.0,3.0,2.0,,,,,,,,,,3.0,,,,3.0,,,,,,,,1.0,,2.0,,,,,,,,,,,,,
15014414,2026-01-07,Taca da Liga,League Cup 25/26,28.0,Home,Sporting Braga,1085740,Manu Silva,M,16,True,21.0,18.0,1.0,,0.0,6.0,9.0,12.0,12.0,1.0,4.0,,2.0,,,,,,,45.0,25.0,6.4,4.0,,54.674372440069,4.0,23.1,18.585,,"{'original': 6.4, 'alternative': 6.4}",0,,-0.03,0.04,-0.12,,"{'sportSlug': 'football', 'statisticsType': 'player'}",,,4.0,1.0,,,,3.0,1.0,,,,,,38.747931880295,1.0,,,,,1.0,,,,2.0,,,,,,,,,,,,,,,,,,,,,,,
15014414,2026-01-07,Taca da Liga,League Cup 25/26,28.0,Home,Sporting Braga,74915,Nicolás Otamendi,D,30,True,79.0,72.0,3.0,2.0,0.0,47.0,50.0,25.0,29.0,2.0,5.0,4.0,10.0,,,,,,,89.0,94.0,5.7,9.0,,293.77480690732,35.0,73.605,21.735,,"{'original': 5.7, 'alternative': 6.1}",0,,0.11,0.25,-0.64,,"{'sportSlug': 'football', 'statisticsType': 'player'}",,,7.0,1.0,1.0,1.0,,,,,3.0,,,,36.423228854913,2.0,,,,,2.0,,,,1.0,,,,2.0,,,,,,,,,,,,,,,,,,,
15014414,2026-01-07,Taca da Liga,League Cup 25/26,28.0,Home,Sporting Braga,1015292,Richard Ríos,M,20,True,61.0,55.0,4.0,2.0,0.0,23.0,24.0,32.0,37.0,,,1.0,9.0,,,,,,,90.0,75.0,6.3,14.0,,175.35488456343,21.0,81.165,13.755,,"{'original': 6.3, 'alternative': 6.8}",2,,0.26,0.29,-0.2,,"{'sportSlug': 'football', 'statisticsType': 'player'}",2.0,,5.0,2.0,1.0,,2.0,,,1.0,,,,,17.21676627593,1.0,3.0,,,,,,1.0,1.0,1.0,,,-0.19,1.0,,,,,,1.0,,,,,,,,,,,,,
15014414,2026-01-07,Taca da Liga,League Cup 25/26,28.0,Home,Sporting Braga,993101,Samuel Dahl,D,26,True,53.0,44.0,6.0,1.0,0.0,24.0,31.0,20.0,22.0,1.0,5.0,,5.0,,,,,,,90.0,84.0,5.8,19.0,,209.54912720752,17.0,114.87,23.73,,"{'original': 5.8, 'alternative': 6.2}",1,,0.09,0.16,-0.67,,"{'sportSlug': 'football', 'statisticsType': 'player'}",1.0,,8.0,2.0,1.0,,2.0,3.0,3.0,4.0,1.0,,,,95.084055685072,4.0,,,,,,,,,2.0,,,-0.01,3.0,,,,,,,1.0,,,,,,,,,,,,
15014414,2026-01-07,Taca da Liga,League Cup 25/26,28.0,Home,Sporting Braga,983542,Tomás Araújo,D,44,True,83.0,73.0,10.0,8.0,0.0,46.0,47.0,27.0,36.0,,2.0,2.0,1.0,,,,,,,90.0,93.0,6.9,12.0,,174.19093643932,25.0,58.38,10.605,,"{'original': 6.9, 'alternative': 6.6}",0,,0.25,0.07,-0.52,,"{'sportSlug': 'football', 'statisticsType': 'player'}",2.0,1.0,1.0,,,1.0,,1.0,,1.0,1.0,,,,,,,,,,,,,,1.0,,,,,,,,,1.0,,,,1.0,,,,,,,,,,
15014414,2026-01-07,Taca da Liga,League Cup 25/26,28.0,Home,Sporting Braga,795236,Vangelis Pavlidis,F,14,True,23.0,21.0,2.0,2.0,0.0,9.0,9.0,12.0,14.0,3.0,9.0,,3.0,,,,,,,90.0,46.0,7.3,9.0,,55.300822290686,9.0,-7.77,8.505,,"{'original': 7.3, 'alternative': 8.2}",6,,-0.06,0.25,-0.04,,"{'sportSlug': 'football', 'statisticsType': 'player'}",,,5.0,2.0,2.0,,1.0,1.0,1.0,5.0,3.0,,,,,,2.0,,,,2.0,1.0,2.0,4.0,,,,0.09,1.0,1.0,,,2.0,,1.0,,,,1.0,,,,,,,,,
15014414,2026-01-07,Taca da Liga,League Cup 25/26,28.0,Home,Sporting Braga,1100952,Andreas Schjelderup,M,21,False,,,,,,,,,,,,,,,,,,,,,,,,,,,,,,,0,,,,,,"{'sportSlug': 'football', 'statisticsType': 'player'}",,,,,,,,,,,,,,,,,,,,,,,,,,,,,,,,,,,,,,,,,,,,,,,,
15014414,2026-01-07,Taca da Liga,League Cup 25/26,28.0,Home,Sporting Braga,1489159,Diogo Ferreira,G,50,False,,,,,,,,,,,,,,,,,,,,,,,,,,,,,,,0,,,,,,"{'sportSlug': 'football', 'statisticsType': 'player'}",,,,,,,,,,,,,,,,,,,,,,,,,,,,,,,,,,,,,,,,,,,,,,,,
15014414,2026-01-07,Taca da Liga,League Cup 25/26,28.0,Home,Sporting Braga,1146008,Diogo Prioste,M,86,False,,,,,,,,,,,,,,,,,,,,,,,,,,,,,,,0,,,,,,"{'sportSlug': 'football', 'statisticsType': 'player'}",,,,,,,,,,,,,,,,,,,,,,,,,,,,,,,,,,,,,,,,,,,,,,,,
15014414,2026-01-07,Taca da Liga,League Cup 25/26,28.0,Home,Sporting Braga,1103333,Franjo Ivanović,F,9,False,2.0,2.0,,,0.0,,,2.0,2.0,1.0,2.0,,,,,,,,,10.0,7.0,6.6,4.0,,15.794214637012,1.0,13.44,13.44,,"{'original': 6.6, 'alternative': 6.6}",0,,-0.04,-0.08,0.0,,"{'sportSlug': 'football', 'statisticsType': 'player'}",1.0,,1.0,1.0,,,,,,2.0,1.0,,,,,,1.0,,,,,,,,,,,,,,,,,,,,,,,,,,,,,,,
15014414,2026-01-07,Taca da Liga,League Cup 25/26,28.0,Home,Sporting Braga,1201395,Gianluca Prestianni,M,25,False,18.0,15.0,1.0,1.0,0.0,4.0,4.0,11.0,14.0,,2.0,1.0,3.0,,,,,,,45.0,41.0,6.9,15.0,,203.24132822297,21.0,129.57,17.43,,"{'original': 6.9, 'alternative': 7}",2,,0.28,0.35,0.13,,"{'sportSlug': 'football', 'statisticsType': 'player'}",7.0,2.0,5.0,2.0,5.0,,,,,,,,,,56.455798367461,4.0,4.0,,,,,,1.0,,,,,0.01,,,,,2.0,,,1.0,,,,,,,,,,,,
15014414,2026-01-07,Taca da Liga,League Cup 25/26,28.0,Home,Sporting Braga,1432417,Gonçalo Oliveira,D,64,False,,,,,,,,,,,,,,,,,,,,,,,,,,,,,,,0,,,,,,"{'sportSlug': 'football', 'statisticsType': 'player'}",,,,,,,,,,,,,,,,,,,,,,,,,,,,,,,,,,,,,,,,,,,,,,,,
15014414,2026-01-07,Taca da Liga,League Cup 25/26,28.0,Home,Sporting Braga,1961117,José Neto,D,62,False,,,,,,,,,,,,,,,,,,,,,,,,,,,,,,,0,,,,,,"{'sportSlug': 'football', 'statisticsType': 'player'}",,,,,,,,,,,,,,,,,,,,,,,,,,,,,,,,,,,,,,,,,,,,,,,,
15014414,2026-01-07,Taca da Liga,League Cup 25/26,28.0,Home,Sporting Braga,1158353,João Rêgo,F,84,False,,,,,,,,,,,,,,,,,,,,,,,,,,,,,,,0,,,,,,"{'sportSlug': 'football', 'statisticsType': 'player'}",,,,,,,,,,,,,,,,,,,,,,,,,,,,,,,,,,,,,,,,,,,,,,,,
15014414,2026-01-07,Taca da Liga,League Cup 25/26,28.0,Home,Sporting Braga,1117723,Sidny Lopes Cabral,D,15,False,8.0,7.0,,,0.0,6.0,6.0,1.0,2.0,,1.0,,3.0,,,,,,,26.0,19.0,6.1,9.0,,63.917477871605,6.0,47.04,24.885,,"{'original': 6.1, 'alternative': 6.4}",1,,-0.02,0.06,-0.21,,"{'sportSlug': 'football', 'statisticsType': 'player'}",2.0,,3.0,1.0,2.0,,,,,4.0,,,,,26.431339145038,1.0,,,,,,,,1.0,1.0,,,-0.05,,,,,1.0,,,,,,,,,,,,,,,
15267916,2026-01-14,Taça de Portugal,Taca de Portugal 25/26,27.0,Away,FC Porto,1102791,Amar Dedić,D,17,True,27.0,23.0,2.0,1.0,0.0,6.0,6.0,17.0,21.0,1.0,7.0,1.0,1.0,,,,,,,90.0,63.0,6.5,14.0,,186.06080151421,13.0,155.505,33.915,,"{'original': 6.5, 'alternative': 7}",2,,0.02,0.43,-0.22,,"{'sportSlug': 'football', 'statisticsType': 'player'}",6.0,1.0,6.0,1.0,6.0,,,1.0,,1.0,1.0,,,,114.79300657678,5.0,3.0,,,,2.0,,2.0,,,,,-0.51,1.0,,,,4.0,,,,,,,,,,,,,,,
15267916,2026-01-14,Taça de Portugal,Taca de Portugal 25/26,27.0,Away,FC Porto,966616,Anatoliy Trubin,G,1,True,15.0,10.0,5.0,,0.0,10.0,11.0,,4.0,3.0,3.0,1.0,8.0,2.0,,4.0,1.0,,,90.0,25.0,7.3,5.0,,12.784993900312,3.0,7.56,5.565,0.5299,"{'original': 7.3, 'alternative': 7.4}",1,,0.01,-0.08,-0.06,0.44,"{'sportSlug': 'football', 'statisticsType': 'player'}",,,,,,,,,,,,,,,,,,,,,,,1.0,,,,,-0.43,,,,,,,,,,,,1.0,,,,,,,,
15267916,2026-01-14,Taça de Portugal,Taca de Portugal 25/26,27.0,Away,FC Porto,1006069,António Silva,D,4,True,54.0,48.0,11.0,6.0,0.0,30.0,30.0,18.0,24.0,5.0,9.0,7.0,2.0,,,,,,,90.0,69.0,7.3,7.0,,248.16475113713,27.0,136.815,18.27,,"{'original': 7.3, 'alternative': 7.1}",0,,0.12,0.08,0.28,,"{'sportSlug': 'football', 'statisticsType': 'player'}",,,8.0,1.0,,1.0,1.0,3.0,1.0,,1.0,,,,,,,,,,5.0,,,,2.0,,,,,,,,,,,,,,,,,,,,,,,
15267916,2026-01-14,Taça de Portugal,Taca de Portugal 25/26,27.0,Away,FC Porto,228364,Fredrik Aursnes,M,8,True,63.0,55.0,4.0,2.0,0.0,19.0,22.0,36.0,41.0,2.0,5.0,1.0,7.0,,,,,,,90.0,79.0,7.1,10.0,,97.940694889242,15.0,29.61,11.13,,"{'original': 7.1, 'alternative': 7.5}",1,,0.23,0.17,0.16,,"{'sportSlug': 'football', 'statisticsType': 'player'}",1.0,,6.0,,,1.0,2.0,3.0,3.0,1.0,,,,,,,1.0,,,,2.0,,1.0,,1.0,,,-0.03,3.0,,,,,,,,,,,,,,,,,,,
15267916,2026-01-14,Taça de Portugal,Taca de Portugal 25/26,27.0,Away,FC Porto,1201395,Gianluca Prestianni,M,25,True,22.0,17.0,,,0.0,3.0,4.0,14.0,18.0,,5.0,1.0,4.0,,,,,,,74.0,44.0,6.9,14.0,,137.13734756218,12.0,97.335,42.525,,"{'original': 6.9, 'alternative': 7.3}",3,,0.16,0.3,-0.02,,"{'sportSlug': 'football', 'statisticsType': 'player'}",1.0,1.0,3.0,1.0,3.0,,,3.0,2.0,6.0,1.0,,,,61.958910539331,2.0,2.0,,,,,,1.0,,,,,-0.27,,,,,1.0,,,2.0,,,,,,,,,,,,
15267916,2026-01-14,Taça de Portugal,Taca de Portugal 25/26,27.0,Away,FC Porto,906800,Leandro Barreiro,M,18,True,47.0,42.0,2.0,,0.0,15.0,17.0,27.0,30.0,,4.0,,4.0,,,,,,,90.0,61.0,6.3,7.0,,102.49841138165,17.0,7.665,5.145,,"{'original': 6.3, 'alternative': 7.2}",2,,-0.26,0.01,-0.25,,"{'sportSlug': 'football', 'statisticsType': 'player'}",,,5.0,1.0,1.0,,2.0,2.0,1.0,1.0,1.0,,,,,,2.0,,,,2.0,,,1.0,,,,0.09,2.0,,,,1.0,,,1.0,1.0,,,,,,,,,,,
15267916,2026-01-14,Taça de Portugal,Taca de Portugal 25/26,27.0,Away,FC Porto,1015292,Richard Ríos,M,20,True,11.0,10.0,2.0,1.0,0.0,4.0,5.0,6.0,6.0,2.0,6.0,4.0,4.0,,,,,,,44.0,21.0,6.9,3.0,,62.187043761946,6.0,54.705,22.26,,"{'original': 6.9, 'alternative': 6.8}",0,,0.11,0.04,-0.05,,"{'sportSlug': 'football', 'statisticsType': 'player'}",1.0,,1.0,,1.0,,,,,1.0,3.0,,,,,,,,,,,,,,,,,,1.0,,,,1.0,,,,,,,,,,,,,,,
15267916,2026-01-14,Taça de Portugal,Taca de Portugal 25/26,27.0,Away,FC Porto,993101,Samuel Dahl,D,26,True,46.0,35.0,4.0,,0.0,14.0,18.0,21.0,28.0,3.0,11.0,5.0,3.0,,,,,,,90.0,76.0,7.2,13.0,,86.41013632824,10.0,58.38,22.05,,"{'original': 7.2, 'alternative': 7.3}",0,,-0.02,0.03,0.27,,"{'sportSlug': 'football', 'statisticsType': 'player'}",2.0,2.0,3.0,,3.0,,3.0,5.0,2.0,,2.0,,,,22.051677577908,1.0,,,,,,,,,1.0,,,,,,,,1.0,,,,,,,,,,,,,,,
15267916,2026-01-14,Taça de Portugal,Taca de Portugal 25/26,27.0,Away,FC Porto,1117723,Sidny Lopes Cabral,D,15,True,22.0,18.0,2.0,,0.0,2.0,2.0,16.0,20.0,,1.0,1.0,2.0,,,,,,,83.0,37.0,6.1,12.0,,154.8280837341,14.0,84.525,19.53,,"{'original': 6.1, 'alternative': 6.4}",1,,-0.27,0.27,-0.09,,"{'sportSlug': 'football', 'statisticsType': 'player'}",5.0,,7.0,1.0,1.0,,,,,1.0,1.0,,,,78.194856195144,5.0,,,,,1.0,,1.0,,2.0,,,-0.3,2.0,,,,,,,,,,,,,,,,,,,
15267916,2026-01-14,Taça de Portugal,Taca de Portugal 25/26,27.0,Away,FC Porto,983542,Tomás Araújo,D,44,True,63.0,53.0,6.0,4.0,0.0,22.0,26.0,31.0,37.0,2.0,7.0,5.0,5.0,,,,,,,90.0,81.0,7.5,11.0,,230.62687270046,29.0,152.145,19.635,,"{'original': 7.5, 'alternative': 7.6}",2,,0.19,0.24,0.46,,"{'sportSlug': 'football', 'statisticsType': 'player'}",,,4.0,,,1.0,2.0,5.0,2.0,1.0,,,,,,,,,,,1.0,,1.0,1.0,2.0,,,-0.33,1.0,,,,,,,,,,,,,,,,,,,
15267916,2026-01-14,Taça de Portugal,Taca de Portugal 25/26,27.0,Away,FC Porto,795236,Vangelis Pavlidis,F,14,True,20.0,15.0,,,0.0,8.0,9.0,7.0,11.0,1.0,4.0,1.0,2.0,,,,,,,90.0,37.0,6.1,9.0,,69.781905983172,10.0,29.295,10.185,,"{'original': 6.1, 'alternative': 6.5}",2,,-0.05,0.14,-0.04,,"{'sportSlug': 'football', 'statisticsType': 'player'}",,,7.0,,2.0,,,,,3.0,2.0,,,,11.360248632843,1.0,1.0,,,,3.0,1.0,1.0,1.0,2.0,,,-0.65,1.0,,,,1.0,,,,,,,,,,,,,,,
15267916,2026-01-14,Taça de Portugal,Taca de Portugal 25/26,27.0,Away,FC Porto,1100952,Andreas Schjelderup,M,21,False,3.0,2.0,,,0.0,,,2.0,3.0,,1.0,,,,,,,,,16.0,11.0,7.1,3.0,,38.908373245457,4.0,16.065,12.285,,"{'original': 7.1, 'alternative': 7.1}",0,,0.43,0.13,-0.02,,"{'sportSlug': 'football', 'statisticsType': 'player'}",2.0,1.0,2.0,,,,,,,1.0,1.0,,,,27.046827006219,2.0,2.0,,,,1.0,,,,,,,,1.0,,1.0,,,,,,,,,,,,,,,,,
15267916,2026-01-14,Taça de Portugal,Taca de Portugal 25/26,27.0,Away,FC Porto,1489159,Diogo Ferreira,G,50,False,,,,,,,,,,,,,,,,,,,,,,,,,,,,,,,0,,,,,,"{'sportSlug': 'football', 'statisticsType': 'player'}",,,,,,,,,,,,,,,,,,,,,,,,,,,,,,,,,,,,,,,,,,,,,,,,
15267916,2026-01-14,Taça de Portugal,Taca de Portugal 25/26,27.0,Away,FC Porto,1087316,Enzo Barrenechea,M,5,False,,,,,,,,,,,,,,,,,,,,,,,,,,,,,,,0,,,,,,"{'sportSlug': 'football', 'statisticsType': 'player'}",,,,,,,,,,,,,,,,,,,,,,,,,,,,,,,,,,,,,,,,,,,,,,,,
15267916,2026-01-14,Taça de Portugal,Taca de Portugal 25/26,27.0,Away,FC Porto,1103333,Franjo Ivanović,F,9,False,1.0,1.0,,,0.0,,,1.0,1.0,,1.0,,,,,,,,,14.0,5.0,6.5,1.0,,26.987483932371,1.0,21.945,21.945,,"{'original': 6.5, 'alternative': 6.5}",1,,-0.01,0.0,0.14,,"{'sportSlug': 'football', 'statisticsType': 'player'}",,,1.0,,1.0,,,1.0,1.0,,,,,,,,,,,,,,,,,,,-0.07,,,,,,,1.0,1.0,,,,,,,,,,,,
15267916,2026-01-14,Taça de Portugal,Taca de Portugal 25/26,27.0,Away,FC Porto,1123925,Georgiy Sudakov,M,10,False,22.0,21.0,2.0,1.0,0.0,2.0,2.0,19.0,20.0,,1.0,,1.0,,,,,,,46.0,30.0,6.6,6.0,,126.73826579642,12.0,30.975,23.94,,"{'original': 6.6, 'alternative': 6.6}",0,,0.17,0.07,-0.01,,"{'sportSlug': 'football', 'statisticsType': 'player'}",2.0,1.0,3.0,,1.0,,,,,3.0,1.0,,,,28.411504712,1.0,1.0,,,,,,,,2.0,,,,,,,,,,,,,,,,,,,,,,,
15267916,2026-01-14,Taça de Portugal,Taca de Portugal 25/26,27.0,Away,FC Porto,1432417,Gonçalo Oliveira,D,64,False,,,,,,,,,,,,,,,,,,,,,,,,,,,,,,,0,,,,,,"{'sportSlug': 'football', 'statisticsType': 'player'}",,,,,,,,,,,,,,,,,,,,,,,,,,,,,,,,,,,,,,,,,,,,,,,,
15267916,2026-01-14,Taça de Portugal,Taca de Portugal 25/26,27.0,Away,FC Porto,1402730,João Fonseca,D,55,False,,,,,,,,,,,,,,,,,,,,,,,,,,,,,,,0,,,,,,"{'sportSlug': 'football', 'statisticsType': 'player'}",,,,,,,,,,,,,,,,,,,,,,,,,,,,,,,,,,,,,,,,,,,,,,,,
15267916,2026-01-14,Taça de Portugal,Taca de Portugal 25/26,27.0,Away,FC Porto,1158353,João Rêgo,F,84,False,,,,,,,,,,,,,,,,,,,,,,,,,,,,,,,0,,,,,,"{'sportSlug': 'football', 'statisticsType': 'player'}",,,,,,,,,,,,,,,,,,,,,,,,,,,,,,,,,,,,,,,,,,,,,,,,
15267916,2026-01-14,Taça de Portugal,Taca de Portugal 25/26,27.0,Away,FC Porto,1085740,Manu Silva,M,16,False,,,,,,,,,,,,,,,,,,,,,,,,,,,,,,,0,,,,,,"{'sportSlug': 'football', 'statisticsType': 'player'}",,,,,,,,,,,,,,,,,,,,,,,,,,,,,,,,,,,,,,,,,,,,,,,,
14288934,2026-01-17,Liga Portugal Betclic,Liga Portugal 25/26,18.0,Away,Rio Ave,1102791,Amar Dedić,D,17,True,47.0,40.0,6.0,3.0,0.0,18.0,20.0,22.0,27.0,,1.0,,5.0,,,,,,,90.0,67.0,6.9,13.0,0.0864045,208.39332150804,21.0,117.39,26.46,,"{'original': 6.9, 'alternative': 7.5}",1,,-0.13,0.5,-0.02,,"{'sportSlug': 'football', 'statisticsType': 'player'}",5.0,1.0,2.0,,1.0,,3.0,1.0,1.0,1.0,,31.26,9.87,29.0,104.51232852216,5.0,,1.24,0.67,0.36,,,1.0,,,0.0798,,-0.1,1.0,,,,,,,,,,,,,,,,,,,
14288934,2026-01-17,Liga Portugal Betclic,Liga Portugal 25/26,18.0,Away,Rio Ave,966616,Anatoliy Trubin,G,1,True,11.0,8.0,5.0,3.0,0.0,7.0,9.0,1.0,2.0,,1.0,1.0,3.0,,,1.0,,1.0,1.0,90.0,16.0,7.4,3.0,0.00039821,11.649289574097,2.0,0.52499999999998,0.41999999999999,0.3989,"{'original': 7.4, 'alternative': 6.9}",0,0.504,0.02,0.0,0.18,0.36,"{'sportSlug': 'football', 'statisticsType': 'player'}",,,,,,,,,,,1.0,,,,,,,,,,,,,,,,,,,,,,,,,,,,,,,,,,,,,
14288934,2026-01-17,Liga Portugal Betclic,Liga Portugal 25/26,18.0,Away,Rio Ave,1100952,Andreas Schjelderup,M,21,True,31.0,28.0,,,0.0,2.0,2.0,26.0,29.0,,4.0,,2.0,,,,,,,62.0,49.0,6.5,11.0,0.136426,167.81596908274,21.0,61.11,12.285,,"{'original': 6.5, 'alternative': 7.1}",2,,-0.42,0.42,0.13,,"{'sportSlug': 'football', 'statisticsType': 'player'}",2.0,1.0,5.0,3.0,4.0,,,1.0,1.0,2.0,1.0,31.29,7.26,13.0,26.465247948996,2.0,1.0,1.06,0.45,0.16,,1.0,,1.0,,0.2762,,-0.33,,,,,2.0,,,1.0,,,,,1.0,,,,,,,
14288934,2026-01-17,Liga Portugal Betclic,Liga Portugal 25/26,18.0,Away,Rio Ave,228364,Fredrik Aursnes,M,8,True,110.0,101.0,6.0,4.0,0.0,40.0,42.0,61.0,68.0,,6.0,1.0,10.0,,,,,,,90.0,121.0,7.6,9.0,0.084592,253.60534273856,32.0,56.28,33.285,,"{'original': 7.6, 'alternative': 7.6}",0,,0.41,0.16,0.19,,"{'sportSlug': 'football', 'statisticsType': 'player'}",,,6.0,,1.0,,2.0,4.0,2.0,,1.0,27.98,11.23,11.0,58.548567418382,2.0,1.0,2.08,0.68,0.1,3.0,,,,2.0,,,,1.0,,,,1.0,,,,,,,,,,,,,,,
14288934,2026-01-17,Liga Portugal Betclic,Liga Portugal 25/26,18.0,Away,Rio Ave,1123925,Georgiy Sudakov,M,10,True,62.0,55.0,6.0,4.0,1.0,10.0,10.0,45.0,52.0,,3.0,,2.0,,,,,,,89.0,83.0,7.0,16.0,0.403404,230.36226213783,28.0,68.46,28.77,,"{'original': 7, 'alternative': 8.3}",3,,0.23,0.31,-0.06,,"{'sportSlug': 'football', 'statisticsType': 'player'}",12.0,4.0,2.0,,1.0,,,,,1.0,2.0,29.47,10.65,12.0,38.204831845899,2.0,5.0,1.71,0.55,0.13,1.0,,2.0,1.0,,0.129,0.0298,-0.54,1.0,,1.0,,1.0,,,,,,,,,,,,,,,
14288934,2026-01-17,Liga Portugal Betclic,Liga Portugal 25/26,18.0,Away,Rio Ave,1201395,Gianluca Prestianni,M,25,True,35.0,29.0,1.0,1.0,0.0,5.0,5.0,24.0,30.0,,6.0,,5.0,,,,,,,78.0,56.0,7.2,12.0,0.144594,182.35574717787,20.0,89.04,19.845,,"{'original': 7.2, 'alternative': 8.1}",4,,0.22,0.56,-0.03,,"{'sportSlug': 'football', 'statisticsType': 'player'}",1.0,,1.0,,4.0,,,,,5.0,2.0,35.16,8.86,14.0,70.809460891471,5.0,3.0,1.51,0.69,0.3,,,4.0,,1.0,0.172,,-0.59,1.0,,,,4.0,,,,,,,,,,,,,,,
14288934,2026-01-17,Liga Portugal Betclic,Liga Portugal 25/26,18.0,Away,Rio Ave,906800,Leandro Barreiro,M,18,True,56.0,50.0,1.0,1.0,0.0,22.0,23.0,28.0,33.0,,4.0,,4.0,,,,,,,90.0,71.0,8.1,8.0,0.0846394,135.47990829381,21.0,18.06,16.275,,"{'original': 8.1, 'alternative': 8.1}",3,,-0.12,0.28,0.17,,"{'sportSlug': 'football', 'statisticsType': 'player'}",,,3.0,,,1.0,,2.0,1.0,2.0,2.0,28.51,11.56,14.0,24.220357591719,2.0,1.0,2.27,0.7,0.16,1.0,,,2.0,1.0,0.2184,0.5709,0.5,1.0,1.0,,,,,,1.0,,,,,,,,,,,,
14288934,2026-01-17,Liga Portugal Betclic,Liga Portugal 25/26,18.0,Away,Rio Ave,74915,Nicolás Otamendi,D,30,True,74.0,70.0,4.0,1.0,0.0,47.0,47.0,23.0,27.0,1.0,3.0,3.0,6.0,,,,,,,90.0,85.0,7.4,4.0,0.0281662,205.51062022354,25.0,96.285,16.17,,"{'original': 7.4, 'alternative': 7.4}",0,,0.18,0.19,0.43,,"{'sportSlug': 'football', 'statisticsType': 'player'}",,,1.0,,,1.0,3.0,1.0,,,1.0,30.23,9.16,12.0,,,,0.92,0.43,0.1,,,,,1.0,,,,,,,,,,,,,,,,,,,,,,,
14288934,2026-01-17,Liga Portugal Betclic,Liga Portugal 25/26,18.0,Away,Rio Ave,993101,Samuel Dahl,D,26,True,69.0,65.0,3.0,,0.0,27.0,27.0,38.0,42.0,2.0,11.0,4.0,11.0,,,,,,,90.0,100.0,7.9,9.0,0.0647349,162.05801049249,22.0,95.55,30.45,,"{'original': 7.9, 'alternative': 8.7}",3,,0.18,0.35,0.52,,"{'sportSlug': 'football', 'statisticsType': 'player'}",4.0,1.0,2.0,,,,,9.0,8.0,1.0,,33.06,10.08,22.0,31.421266747221,1.0,2.0,1.23,0.72,0.33,,,1.0,1.0,2.0,0.0932,0.0515,-0.53,,,,,,,,1.0,,,,,,,,,,,,
14288934,2026-01-17,Liga Portugal Betclic,Liga Portugal 25/26,18.0,Away,Rio Ave,983542,Tomás Araújo,D,44,True,53.0,47.0,5.0,4.0,0.0,22.0,23.0,25.0,30.0,1.0,2.0,2.0,3.0,,,,,,,90.0,63.0,7.6,7.0,0.0460962,282.80580360998,28.0,223.02,34.125,,"{'original': 7.6, 'alternative': 7.6}",2,,0.42,0.27,0.3,,"{'sportSlug': 'football', 'statisticsType': 'player'}",,,3.0,1.0,,1.0,1.0,1.0,1.0,,,31.54,9.46,19.0,96.69442497411,4.0,1.0,1.04,0.46,0.25,1.0,,1.0,1.0,1.0,0.2189,0.1687,-0.31,,,,,,,,,,,,,,,,,,,,
14288934,2026-01-17,Liga Portugal Betclic,Liga Portugal 25/26,18.0,Away,Rio Ave,795236,Vangelis Pavlidis,F,14,True,33.0,30.0,2.0,2.0,0.0,8.0,8.0,22.0,25.0,3.0,6.0,,1.0,,,,,,,90.0,53.0,6.2,12.0,0.132567,106.11402027654,14.0,39.165,15.645,,"{'original': 6.2, 'alternative': 6.9}",4,,-0.38,0.06,-0.01,,"{'sportSlug': 'football', 'statisticsType': 'player'}",,,8.0,6.0,3.0,,,,,2.0,1.0,31.24,11.27,21.0,35.154789281557,2.0,2.0,2.12,0.96,0.27,1.0,1.0,1.0,2.0,,0.3599,0.101,-0.31,,,,,2.0,,,1.0,,,,,,,,,,,,
14288934,2026-01-17,Liga Portugal Betclic,Liga Portugal 25/26,18.0,Away,Rio Ave,1006069,António Silva,D,4,False,,,,,,,,,,,,,,,,,,,,,,,,,,,,,,,0,,,,,,"{'sportSlug': 'football', 'statisticsType': 'player'}",,,,,,,,,,,,,,,,,,,,,,,,,,,,,,,,,,,,,,,,,,,,,,,,
14288934,2026-01-17,Liga Portugal Betclic,Liga Portugal 25/26,18.0,Away,Rio Ave,97012,Bruma,F,27,False,,,,,,,,,,,,,,,,,,,,,,,,,,,,,,,0,,,,,,"{'sportSlug': 'football', 'statisticsType': 'player'}",,,,,,,,,,,,,,,,,,,,,,,,,,,,,,,,,,,,,,,,,,,,,,,,
14288934,2026-01-17,Liga Portugal Betclic,Liga Portugal 25/26,18.0,Away,Rio Ave,1489159,Diogo Ferreira,G,50,False,,,,,,,,,,,,,,,,,,,,,,,,,,,,,,,0,,,,,,"{'sportSlug': 'football', 'statisticsType': 'player'}",,,,,,,,,,,,,,,,,,,,,,,,,,,,,,,,,,,,,,,,,,,,,,,,
14288934,2026-01-17,Liga Portugal Betclic,Liga Portugal 25/26,18.0,Away,Rio Ave,1087316,Enzo Barrenechea,M,5,False,,,,,,,,,,,,,,,,,,,,,,,,,,,,,,,0,,,,,,"{'sportSlug': 'football', 'statisticsType': 'player'}",,,,,,,,,,,,,,,,,,,,,,,,,,,,,,,,,,,,,,,,,,,,,,,,
14288934,2026-01-17,Liga Portugal Betclic,Liga Portugal 25/26,18.0,Away,Rio Ave,1103333,Franjo Ivanović,F,9,False,,,,,,,,,,,,,,,,,,,,,,,,,,,,,,,0,,,,,,"{'sportSlug': 'football', 'statisticsType': 'player'}",,,,,,,,,,,,,,,,,,,,,,,,,,,,,,,,,,,,,,,,,,,,,,,,
14288934,2026-01-17,Liga Portugal Betclic,Liga Portugal 25/26,18.0,Away,Rio Ave,1961117,José Neto,D,62,False,,,,,,,,,,,,,,,,,,,,,,,,,,,,,,,0,,,,,,"{'sportSlug': 'football', 'statisticsType': 'player'}",,,,,,,,,,,,,,,,,,,,,,,,,,,,,,,,,,,,,,,,,,,,,,,,
14288934,2026-01-17,Liga Portugal Betclic,Liga Portugal 25/26,18.0,Away,Rio Ave,1158353,João Rêgo,F,84,False,5.0,4.0,,,0.0,2.0,2.0,2.0,3.0,,,1.0,2.0,,,,,,,12.0,8.0,6.5,3.0,0.0155265,20.715169500176,3.0,0.10499999999999,3.885,,"{'original': 6.5, 'alternative': 6.3}",0,,-0.08,0.12,0.18,,"{'sportSlug': 'football', 'statisticsType': 'player'}",,,2.0,1.0,1.0,,,,,,,32.83,1.9,8.0,6.9644417579588,1.0,,0.38,0.18,0.16,,,,,,,,,,,,,,,,,,,,,,,,,,,,
14288934,2026-01-17,Liga Portugal Betclic,Liga Portugal 25/26,18.0,Away,Rio Ave,1085740,Manu Silva,M,16,False,3.0,3.0,,,0.0,2.0,2.0,1.0,1.0,,,,,,,,,,,1.0,5.0,,,0.0001365,,,,,,,1,,,,,,"{'sportSlug': 'football', 'statisticsType': 'player'}",,,,,,,1.0,,,,,26.69,0.76,0.0,,,,0.21,0.04,0.0,,1.0,1.0,,,0.2278,,,,,,,,,,,,,,,,,,,,,,
14288934,2026-01-17,Liga Portugal Betclic,Liga Portugal 25/26,18.0,Away,Rio Ave,1117723,Sidny Lopes Cabral,D,15,False,10.0,10.0,,,0.0,3.0,3.0,7.0,7.0,,1.0,,1.0,,,,,,,28.0,17.0,7.0,2.0,0.235177,28.540627396542,4.0,0.42000000000004,6.825,,"{'original': 7, 'alternative': 7.1}",1,,0.29,0.14,0.15,,"{'sportSlug': 'football', 'statisticsType': 'player'}",3.0,1.0,1.0,,1.0,1.0,,,,,,32.91,3.7,9.0,9.3508442934315,1.0,1.0,0.72,0.3,0.12,1.0,,,,,0.0045,,-0.01,,,1.0,,1.0,,,1.0,,,,,,,,,,,,
14566765,2026-01-21,UEFA Champions League,UEFA Champions League 25/26,7.0,Away,Juventus,1102791,Amar Dedić,D,17,True,45.0,41.0,3.0,2.0,0.0,28.0,29.0,13.0,16.0,,8.0,2.0,6.0,,,,,,,90.0,64.0,7.1,8.0,0.0237848,188.57643427781,20.0,57.96,34.23,,"{'original': 7.1, 'alternative': 7.1}",0,,-0.08,0.22,0.22,,"{'sportSlug': 'football', 'statisticsType': 'player'}",2.0,,2.0,1.0,3.0,,,4.0,2.0,,1.0,31.716,10.43353,12.0,83.959686241588,4.0,1.0,1.51,0.65,0.26,,,,,,,,,1.0,,,,3.0,,,,,,,,,3.06,4.96,1.0,,,,
14566765,2026-01-21,UEFA Champions League,UEFA Champions League 25/26,7.0,Away,Juventus,966616,Anatoliy Trubin,G,1,True,24.0,20.0,6.0,2.0,0.0,18.0,18.0,2.0,6.0,,,1.0,3.0,2.0,,3.0,,1.0,1.0,90.0,29.0,7.1,4.0,0.00012151,26.818810804448,6.0,12.6,4.305,0.1852,"{'original': 7.1, 'alternative': 6.6}",0,0.088,0.03,-0.08,-0.06,0.22,"{'sportSlug': 'football', 'statisticsType': 'player'}",,,,,,,,,,,,21.564,4.71362,0.0,,,,0.07,0.01,0.0,,,,,,,,,,,,,,,,,,,,,,3.48,1.15,,,,,
14566765,2026-01-21,UEFA Champions League,UEFA Champions League 25/26,7.0,Away,Juventus,1100952,Andreas Schjelderup,M,21,True,21.0,15.0,1.0,,0.0,2.0,4.0,13.0,17.0,,4.0,1.0,5.0,,,,,,,69.0,42.0,6.7,14.0,0.125398,212.8597392241,16.0,148.785,25.83,,"{'original': 6.7, 'alternative': 6.6}",1,,-0.04,0.39,-0.07,,"{'sportSlug': 'football', 'statisticsType': 'player'}",2.0,,4.0,,5.0,,,2.0,1.0,2.0,,30.708,7.87324,10.0,119.92100485887,5.0,1.0,1.34,0.6,0.21,,,,,,0.0244,,-0.06,1.0,,,,2.0,,,1.0,,,,,,2.2,3.53,,,,,
14566765,2026-01-21,UEFA Champions League,UEFA Champions League 25/26,7.0,Away,Juventus,228364,Fredrik Aursnes,M,8,True,62.0,56.0,5.0,3.0,0.0,22.0,25.0,34.0,37.0,,7.0,,6.0,,,,,,,90.0,76.0,7.4,8.0,0.098746,134.64003132509,19.0,36.96,10.08,,"{'original': 7.4, 'alternative': 7.9}",2,,0.11,0.15,0.17,,"{'sportSlug': 'football', 'statisticsType': 'player'}",2.0,,1.0,,2.0,1.0,,4.0,2.0,,1.0,28.044,12.20399,5.0,,,3.0,2.75,0.69,0.09,,,2.0,,,0.0673,,-0.14,1.0,,,,2.0,,,,,,,,1.0,2.6,6.09,,,,,
14566765,2026-01-21,UEFA Champions League,UEFA Champions League 25/26,7.0,Away,Juventus,1123925,Georgiy Sudakov,M,10,True,25.0,21.0,3.0,3.0,0.0,7.0,8.0,14.0,17.0,1.0,6.0,,4.0,,,,,,,69.0,47.0,7.0,13.0,0.0948914,133.88751142954,14.0,57.645,23.415,,"{'original': 7, 'alternative': 7.7}",4,,-0.3,0.3,-0.16,,"{'sportSlug': 'football', 'statisticsType': 'player'}",8.0,2.0,1.0,,2.0,,,,,3.0,3.0,28.512,8.9466,3.0,48.83250615977,2.0,3.0,1.75,0.5,0.06,1.0,,,2.0,,0.1649,0.1852,-0.13,,,,,2.0,,,2.0,,,,,,1.94,4.7,,,,,
14566765,2026-01-21,UEFA Champions League,UEFA Champions League 25/26,7.0,Away,Juventus,1201395,Gianluca Prestianni,M,25,True,25.0,21.0,,,0.0,7.0,8.0,14.0,17.0,,4.0,,2.0,,,,,,,77.0,38.0,6.6,8.0,0.0825734,157.471984915,17.0,75.495,36.33,,"{'original': 6.6, 'alternative': 6.8}",2,,0.02,0.37,-0.13,,"{'sportSlug': 'football', 'statisticsType': 'player'}",1.0,,3.0,1.0,1.0,,,2.0,1.0,1.0,2.0,30.924,9.28702,14.0,66.198308135231,2.0,,1.51,0.73,0.27,1.0,,1.0,,,0.1133,,-0.38,,,,,,,,1.0,,,,,,2.31,4.47,,,,,
14566765,2026-01-21,UEFA Champions League,UEFA Champions League 25/26,7.0,Away,Juventus,906800,Leandro Barreiro,M,18,True,38.0,30.0,1.0,1.0,0.0,13.0,16.0,17.0,22.0,1.0,6.0,,3.0,,,,,,,90.0,47.0,6.8,12.0,0.0842803,108.87328729405,10.0,70.56,34.86,,"{'original': 6.8, 'alternative': 7}",0,,-0.41,0.3,-0.23,,"{'sportSlug': 'football', 'statisticsType': 'player'}",,,3.0,1.0,2.0,,,2.0,1.0,3.0,1.0,28.98,11.94122,5.0,46.745784152156,1.0,,2.59,0.59,0.11,,,,,2.0,,,,,,,,2.0,,,,1.0,,1.0,,,2.65,6.01,,,,,
14566765,2026-01-21,UEFA Champions League,UEFA Champions League 25/26,7.0,Away,Juventus,74915,Nicolás Otamendi,D,30,True,76.0,68.0,8.0,4.0,0.0,55.0,58.0,13.0,18.0,3.0,3.0,12.0,2.0,,,,,,,90.0,92.0,6.5,9.0,0.0961933,210.38978228397,26.0,43.155,21.105,,"{'original': 6.5, 'alternative': 7}",0,,0.07,0.06,-0.17,,"{'sportSlug': 'football', 'statisticsType': 'player'}",1.0,,3.0,,,,2.0,,,,,28.8,9.89065,5.0,,,1.0,1.3,0.42,0.09,1.0,,,,2.0,,,,,,,,,,,,,,,,,3.1,4.98,,,,,
14566765,2026-01-21,UEFA Champions League,UEFA Champions League 25/26,7.0,Away,Juventus,993101,Samuel Dahl,D,26,True,52.0,44.0,8.0,2.0,0.0,26.0,30.0,18.0,22.0,,1.0,3.0,2.0,,,,,,,90.0,68.0,6.1,9.0,0.0739158,80.976970395574,11.0,20.37,14.805,,"{'original': 6.1, 'alternative': 6.3}",1,,0.07,-0.16,-0.31,,"{'sportSlug': 'football', 'statisticsType': 'player'}",,,2.0,,,,,1.0,,1.0,,30.096,10.7006,10.0,,,1.0,1.79,0.8,0.18,,,,,1.0,0.0138,,-0.02,1.0,,,,,,,1.0,,,,,,2.96,4.97,,,,,
14566765,2026-01-21,UEFA Champions League,UEFA Champions League 25/26,7.0,Away,Juventus,983542,Tomás Araújo,D,44,True,63.0,56.0,11.0,7.0,0.0,37.0,39.0,19.0,24.0,2.0,4.0,3.0,2.0,,,,,,,90.0,76.0,6.9,9.0,0.0532149,166.28668326237,19.0,105.84,26.145,,"{'original': 6.9, 'alternative': 7}",0,,0.2,0.09,-0.23,,"{'sportSlug': 'football', 'statisticsType': 'player'}",,,1.0,,,1.0,2.0,2.0,,2.0,,27.54,9.91264,3.0,50.095700050628,2.0,,1.5,0.48,0.04,1.0,,,,,,,,,,,,,,,,,,,,,3.06,4.83,,,,,
14566765,2026-01-21,UEFA Champions League,UEFA Champions League 25/26,7.0,Away,Juventus,795236,Vangelis Pavlidis,F,14,True,30.0,25.0,,,0.0,14.0,14.0,11.0,16.0,,6.0,1.0,5.0,,,,,,,90.0,57.0,5.4,12.0,0.0245865,75.489680961907,13.0,14.595,14.175,,"{'original': 5.4, 'alternative': 6.4}",4,,-0.36,0.02,0.15,,"{'sportSlug': 'football', 'statisticsType': 'player'}",,,8.0,3.0,2.0,1.0,1.0,3.0,1.0,2.0,3.0,30.708,11.22027,10.0,14.202537836598,1.0,,1.81,0.87,0.2,2.0,1.0,2.0,,2.0,1.0179,,-1.0,,,,,,,,2.0,,,,,,2.98,5.36,,1.0,,,
14566765,2026-01-21,UEFA Champions League,UEFA Champions League 25/26,7.0,Away,Juventus,1006069,António Silva,D,4,False,,,,,,,,,,,,,,,,,,,,,,,,,,,,,,,0,,,,,,"{'sportSlug': 'football', 'statisticsType': 'player'}",,,,,,,,,,,,,,,,,,,,,,,,,,,,,,,,,,,,,,,,,,,,,,,,
14566765,2026-01-21,UEFA Champions League,UEFA Champions League 25/26,7.0,Away,Juventus,97012,Bruma,F,7,False,,,,,,,,,,,,,,,,,,,,,,,,,,,,,,,0,,,,,,"{'sportSlug': 'football', 'statisticsType': 'player'}",,,,,,,,,,,,,,,,,,,,,,,,,,,,,,,,,,,,,,,,,,,,,,,,
14566765,2026-01-21,UEFA Champions League,UEFA Champions League 25/26,7.0,Away,Juventus,1961109,Daniel Banjaqui,D,58,False,,,,,,,,,,,,,,,,,,,,,,,,,,,,,,,0,,,,,,"{'sportSlug': 'football', 'statisticsType': 'player'}",,,,,,,,,,,,,,,,,,,,,,,,,,,,,,,,,,,,,,,,,,,,,,,,
14566765,2026-01-21,UEFA Champions League,UEFA Champions League 25/26,7.0,Away,Juventus,1489159,Diogo Ferreira,G,50,False,,,,,,,,,,,,,,,,,,,,,,,,,,,,,,,0,,,,,,"{'sportSlug': 'football', 'statisticsType': 'player'}",,,,,,,,,,,,,,,,,,,,,,,,,,,,,,,,,,,,,,,,,,,,,,,,
14566765,2026-01-21,UEFA Champions League,UEFA Champions League 25/26,7.0,Away,Juventus,1146008,Diogo Prioste,M,86,False,,,,,,,,,,,,,,,,,,,,,,,,,,,,,,,0,,,,,,"{'sportSlug': 'football', 'statisticsType': 'player'}",,,,,,,,,,,,,,,,,,,,,,,,,,,,,,,,,,,,,,,,,,,,,,,,
14566765,2026-01-21,UEFA Champions League,UEFA Champions League 25/26,7.0,Away,Juventus,1087316,Enzo Barrenechea,M,5,False,23.0,20.0,3.0,2.0,0.0,4.0,4.0,16.0,19.0,,1.0,,3.0,,,,,,,21.0,25.0,6.8,3.0,0.0169823,40.495265604597,4.0,-8.61,3.57,,"{'original': 6.8, 'alternative': 7.1}",1,,0.06,0.01,0.14,,"{'sportSlug': 'football', 'statisticsType': 'player'}",,,,,,,,,,,1.0,27.288,3.08394,1.0,,,1.0,0.66,0.17,0.03,,,,1.0,,0.0232,0.0796,-0.02,,,,,,,,,,,,,,0.75,1.48,,,,,
14566765,2026-01-21,UEFA Champions League,UEFA Champions League 25/26,7.0,Away,Juventus,1103333,Franjo Ivanović,F,9,False,4.0,3.0,,,0.0,,,3.0,4.0,,4.0,,,,,,,,,21.0,13.0,6.4,4.0,0.00313214,74.856552674224,6.0,24.57,17.43,,"{'original': 6.4, 'alternative': 6.6}",1,,-0.11,0.11,-0.04,,"{'sportSlug': 'football', 'statisticsType': 'player'}",1.0,,7.0,1.0,,,1.0,3.0,1.0,1.0,1.0,31.32,2.91547,3.0,52.351058199034,3.0,,0.47,0.15,0.07,2.0,,,,3.0,0.0189,,-0.04,1.0,,,,,,,1.0,,,,,,0.86,1.37,,,,,
14566765,2026-01-21,UEFA Champions League,UEFA Champions League 25/26,7.0,Away,Juventus,1432417,Gonçalo Oliveira,D,64,False,,,,,,,,,,,,,,,,,,,,,,,,,,,,,,,0,,,,,,"{'sportSlug': 'football', 'statisticsType': 'player'}",,,,,,,,,,,,,,,,,,,,,,,,,,,,,,,,,,,,,,,,,,,,,,,,
14566765,2026-01-21,UEFA Champions League,UEFA Champions League 25/26,7.0,Away,Juventus,1961117,José Neto,D,62,False,,,,,,,,,,,,,,,,,,,,,,,,,,,,,,,0,,,,,,"{'sportSlug': 'football', 'statisticsType': 'player'}",,,,,,,,,,,,,,,,,,,,,,,,,,,,,,,,,,,,,,,,,,,,,,,,
14566765,2026-01-21,UEFA Champions League,UEFA Champions League 25/26,7.0,Away,Juventus,1158353,João Rêgo,F,84,False,9.0,7.0,,,0.0,1.0,1.0,6.0,8.0,,2.0,,1.0,,,,,,,13.0,18.0,6.7,5.0,0.0205882,44.710841042062,5.0,24.675,14.91,,"{'original': 6.7, 'alternative': 6.7}",0,,-0.04,0.13,0.14,,"{'sportSlug': 'football', 'statisticsType': 'player'}",2.0,,2.0,1.0,,,,2.0,1.0,,,28.188,1.93265,2.0,25.432910096959,1.0,,0.31,0.13,0.03,1.0,,,,,,,,,,,,,,,,,,,,,0.53,0.93,,,,,
14566765,2026-01-21,UEFA Champions League,UEFA Champions League 25/26,7.0,Away,Juventus,1085740,Manu Silva,M,16,False,,,,,,,,,,,,,,,,,,,,,,,,,,,,,,,0,,,,,,"{'sportSlug': 'football', 'statisticsType': 'player'}",,,,,,,,,,,,,,,,,,,,,,,,,,,,,,,,,,,,,,,,,,,,,,,,
14566765,2026-01-21,UEFA Champions League,UEFA Champions League 25/26,7.0,Away,Juventus,1184329,Rodrigo Rego,F,67,False,,,,,,,,,,,,,,,,,,,,,,,,,,,,,,,0,,,,,,"{'sportSlug': 'football', 'statisticsType': 'player'}",,,,,,,,,,,,,,,,,,,,,,,,,,,,,,,,,,,,,,,,,,,,,,,,
14288958,2026-01-25,Liga Portugal Betclic,Liga Portugal 25/26,19.0,Home,CF Estrela Amadora,966616,Anatoliy Trubin,G,1,True,18.0,13.0,5.0,,0.0,13.0,13.0,,5.0,,1.0,,7.0,,,,,,,90.0,24.0,6.7,5.0,4.026e-05,63.443293031163,9.0,5.355,3.675,,"{'original': 6.7, 'alternative': 6.7}",0,,0.04,0.03,0.22,,"{'sportSlug': 'football', 'statisticsType': 'player'}",,,,,,,,,,,1.0,,,,,,,,,,,,,,,,,,,,,,,,,,,,,,,,,,,,,
14288958,2026-01-25,Liga Portugal Betclic,Liga Portugal 25/26,19.0,Home,CF Estrela Amadora,1006069,António Silva,D,4,True,53.0,49.0,6.0,5.0,0.0,32.0,32.0,17.0,21.0,1.0,2.0,1.0,3.0,,,,,,,90.0,62.0,7.8,6.0,0.0159489,343.01936170249,29.0,267.435,32.025,,"{'original': 7.8, 'alternative': 7.8}",1,,0.27,0.31,0.25,,"{'sportSlug': 'football', 'statisticsType': 'player'}",,,2.0,,,1.0,,,,1.0,1.0,,,,90.71462758734,3.0,,,,,1.0,,,1.0,1.0,0.103,0.0569,-0.15,,,,,,,,,,1.0,,,,,,,,,,
14288958,2026-01-25,Liga Portugal Betclic,Liga Portugal 25/26,19.0,Home,CF Estrela Amadora,1961109,Daniel Banjaqui,D,58,True,36.0,32.0,3.0,1.0,0.0,11.0,12.0,21.0,24.0,2.0,11.0,1.0,3.0,,,,,,,90.0,69.0,8.2,15.0,0.104105,110.36914090516,14.0,79.8,15.645,,"{'original': 8.2, 'alternative': 8.1}",3,,0.54,0.35,0.16,,"{'sportSlug': 'football', 'statisticsType': 'player'}",5.0,,5.0,3.0,3.0,,,4.0,2.0,1.0,2.0,,,,29.821343532983,2.0,1.0,,,,1.0,,3.0,,1.0,0.1428,,-0.52,,,,,3.0,,,,,,,,,,,,,,,
14288958,2026-01-25,Liga Portugal Betclic,Liga Portugal 25/26,19.0,Home,CF Estrela Amadora,1087316,Enzo Barrenechea,M,5,True,29.0,27.0,2.0,1.0,0.0,15.0,16.0,12.0,13.0,1.0,3.0,,3.0,,,,,,,45.0,37.0,6.9,3.0,0.0280666,54.00428770484,8.0,17.22,12.705,,"{'original': 6.9, 'alternative': 6.8}",1,,0.25,0.1,0.13,,"{'sportSlug': 'football', 'statisticsType': 'player'}",,,3.0,1.0,,,,1.0,1.0,,1.0,,,,13.429703235738,1.0,,,,,1.0,,,1.0,2.0,0.049,0.1167,-0.17,,,,,,,,,,,,,,,,,,,,
14288958,2026-01-25,Liga Portugal Betclic,Liga Portugal 25/26,19.0,Home,CF Estrela Amadora,228364,Fredrik Aursnes,M,8,True,38.0,33.0,2.0,1.0,0.0,17.0,17.0,16.0,21.0,2.0,5.0,1.0,5.0,,,,,,,73.0,54.0,6.8,9.0,0.0300576,73.744730400636,9.0,19.74,12.81,,"{'original': 6.8, 'alternative': 6.7}",1,,0.26,0.22,-0.11,,"{'sportSlug': 'football', 'statisticsType': 'player'}",2.0,,7.0,2.0,1.0,,,2.0,1.0,,,,,,,,1.0,,,,1.0,1.0,1.0,,1.0,0.4658,,-0.53,3.0,,,,1.0,,,,,,,,,,,,,,,
14288958,2026-01-25,Liga Portugal Betclic,Liga Portugal 25/26,19.0,Home,CF Estrela Amadora,1123925,Georgiy Sudakov,M,10,True,38.0,29.0,3.0,2.0,0.0,7.0,9.0,22.0,29.0,1.0,3.0,,1.0,,,,,,,73.0,51.0,6.6,16.0,0.137284,136.41125720305,18.0,-37.065,4.83,,"{'original': 6.6, 'alternative': 6.7}",0,,0.21,0.01,-0.03,,"{'sportSlug': 'football', 'statisticsType': 'player'}",2.0,1.0,5.0,3.0,1.0,,,1.0,,2.0,1.0,,,,,,1.0,,,,,,,,1.0,,,,,,,,,,,,,,,,,,,,,,,
14288958,2026-01-25,Liga Portugal Betclic,Liga Portugal 25/26,19.0,Home,CF Estrela Amadora,1201395,Gianluca Prestianni,M,25,True,24.0,20.0,,,0.0,3.0,3.0,17.0,21.0,2.0,8.0,,2.0,,,,,,,60.0,41.0,7.3,10.0,0.0625975,90.827142179713,10.0,18.585,9.03,,"{'original': 7.3, 'alternative': 6.9}",0,,0.31,0.21,0.15,,"{'sportSlug': 'football', 'statisticsType': 'player'}",1.0,,4.0,,7.0,,,1.0,,2.0,2.0,,,,37.494684775439,3.0,1.0,,,,,,,,1.0,,,,,,,,4.0,,,,,,,,,,,,,,,
14288958,2026-01-25,Liga Portugal Betclic,Liga Portugal 25/26,19.0,Home,CF Estrela Amadora,74915,Nicolás Otamendi,D,30,True,59.0,56.0,1.0,1.0,0.0,35.0,37.0,21.0,22.0,2.0,6.0,2.0,8.0,,,,,,,90.0,72.0,6.9,6.0,0.0172247,240.45644815631,24.0,173.25,19.53,,"{'original': 6.9, 'alternative': 7.2}",0,,-0.09,0.24,-0.13,,"{'sportSlug': 'football', 'statisticsType': 'player'}",2.0,,3.0,,,,,1.0,1.0,1.0,3.0,,,,38.784327217901,2.0,,,,,2.0,,,,,,,,1.0,,,,,,,,1.0,,,,,,,,,,,
14288958,2026-01-25,Liga Portugal Betclic,Liga Portugal 25/26,19.0,Home,CF Estrela Amadora,993101,Samuel Dahl,D,26,True,58.0,51.0,9.0,6.0,0.0,24.0,27.0,27.0,31.0,1.0,6.0,,4.0,,,,,,,90.0,86.0,7.4,14.0,0.0337986,170.79698229634,18.0,56.07,19.95,,"{'original': 7.4, 'alternative': 7.2}",1,,0.43,0.08,0.13,,"{'sportSlug': 'football', 'statisticsType': 'player'}",2.0,,7.0,2.0,3.0,,2.0,1.0,,,3.0,,,,9.5578608485372,1.0,,,,,3.0,,,1.0,,0.0463,0.0581,-0.35,,,,,1.0,,,,,,,,,,,,,,,
14288958,2026-01-25,Liga Portugal Betclic,Liga Portugal 25/26,19.0,Home,CF Estrela Amadora,1117723,Sidny Lopes Cabral,D,15,True,27.0,22.0,,,1.0,7.0,7.0,15.0,20.0,1.0,7.0,,3.0,,,,,,,90.0,61.0,8.9,21.0,0.311937,206.77857514096,24.0,120.33,19.845,,"{'original': 8.9, 'alternative': 9.6}",3,,0.44,0.21,-0.08,,"{'sportSlug': 'football', 'statisticsType': 'player'}",14.0,4.0,7.0,2.0,2.0,,2.0,3.0,3.0,3.0,2.0,,,,49.937527624941,3.0,3.0,,,,1.0,,1.0,2.0,2.0,0.5273,0.7974,0.48,1.0,1.0,1.0,,1.0,,,,,,1.0,,,,,,,,,
14288958,2026-01-25,Liga Portugal Betclic,Liga Portugal 25/26,19.0,Home,CF Estrela Amadora,795236,Vangelis Pavlidis,F,14,True,23.0,19.0,,,0.0,5.0,5.0,14.0,18.0,,2.0,1.0,1.0,,,,,,,83.0,33.0,7.6,7.0,0.0245978,56.017717067879,7.0,-11.76,7.035,,"{'original': 7.6, 'alternative': 8.2}",4,,-0.09,-0.7,-0.02,,"{'sportSlug': 'football', 'statisticsType': 'player'}",,,6.0,,2.0,,,,,1.0,2.0,,,,14.117677748128,1.0,,,,,3.0,,1.0,2.0,,1.0871,1.3902,0.66,1.0,2.0,,,,,1.0,1.0,,,,,,,,,,,,
14288958,2026-01-25,Liga Portugal Betclic,Liga Portugal 25/26,19.0,Home,CF Estrela Amadora,1102791,Amar Dedić,D,17,False,,,,,,,,,,,,,,,,,,,,,,,,,,,,,,,0,,,,,,"{'sportSlug': 'football', 'statisticsType': 'player'}",,,,,,,,,,,,,,,,,,,,,,,,,,,,,,,,,,,,,,,,,,,,,,,,
14288958,2026-01-25,Liga Portugal Betclic,Liga Portugal 25/26,19.0,Home,CF Estrela Amadora,1100952,Andreas Schjelderup,M,21,False,14.0,13.0,,,0.0,3.0,3.0,10.0,11.0,,2.0,,1.0,,,,,,,30.0,20.0,7.4,4.0,0.173538,96.931772588691,9.0,26.04,7.875,,"{'original': 7.4, 'alternative': 6.7}",0,,0.54,0.34,0.0,,"{'sportSlug': 'football', 'statisticsType': 'player'}",,,3.0,,2.0,,,1.0,,1.0,1.0,,,,39.05653185334,2.0,1.0,,,,1.0,,,,,,,,,,,,,,,,,,,,,,,,,,,
14288958,2026-01-25,Liga Portugal Betclic,Liga Portugal 25/26,19.0,Home,CF Estrela Amadora,2163561,Anísio Cabral,F,72,False,1.0,1.0,,,0.0,,,1.0,1.0,1.0,2.0,,,,,,,,,8.0,3.0,7.7,,0.00222444,11.26090329103,2.0,10.71,5.565,,"{'original': 7.7, 'alternative': 7.7}",1,,-0.02,0.04,,,"{'sportSlug': 'football', 'statisticsType': 'player'}",,,,,,,,,,,1.0,,,,,,,,,,,,,1.0,,0.1131,0.7038,0.44,,1.0,,,,,,,,,,,,,,,,,,
14288958,2026-01-25,Liga Portugal Betclic,Liga Portugal 25/26,19.0,Home,CF Estrela Amadora,1544794,Arnas Voitinovicius,G,51,False,,,,,,,,,,,,,,,,,,,,,,,,,,,,,,,0,,,,,,"{'sportSlug': 'football', 'statisticsType': 'player'}",,,,,,,,,,,,,,,,,,,,,,,,,,,,,,,,,,,,,,,,,,,,,,,,
14288958,2026-01-25,Liga Portugal Betclic,Liga Portugal 25/26,19.0,Home,CF Estrela Amadora,1146008,Diogo Prioste,M,86,False,15.0,15.0,1.0,1.0,0.0,9.0,9.0,6.0,6.0,1.0,1.0,,,,,,,,,17.0,17.0,6.7,,0.00158109,39.151551393994,5.0,-15.33,-0.21,,"{'original': 6.7, 'alternative': 6.7}",0,,0.04,0.0,0.13,,"{'sportSlug': 'football', 'statisticsType': 'player'}",,,,,,,,,,,,,,,,,,,,,,,,,,,,,,,,,,,,,,,,,,,,,,,,
14288958,2026-01-25,Liga Portugal Betclic,Liga Portugal 25/26,19.0,Home,CF Estrela Amadora,1103333,Franjo Ivanović,F,9,False,,,,,,,,,,,,,,,,,,,,,,,,,,,,,,,0,,,,,,"{'sportSlug': 'football', 'statisticsType': 'player'}",,,,,,,,,,,,,,,,,,,,,,,,,,,,,,,,,,,,,,,,,,,,,,,,
14288958,2026-01-25,Liga Portugal Betclic,Liga Portugal 25/26,19.0,Home,CF Estrela Amadora,906800,Leandro Barreiro,M,18,False,24.0,21.0,1.0,,0.0,5.0,6.0,16.0,18.0,2.0,7.0,1.0,1.0,,,,,,,45.0,34.0,7.3,4.0,0.0419131,49.883900396375,6.0,30.975,10.92,,"{'original': 7.3, 'alternative': 7}",0,,0.33,0.09,-0.03,,"{'sportSlug': 'football', 'statisticsType': 'player'}",,,3.0,1.0,,,,2.0,1.0,,3.0,,,,,,1.0,,,,,,,,1.0,,,,1.0,,,,,,,,,,,,,,,,,,,
14288958,2026-01-25,Liga Portugal Betclic,Liga Portugal 25/26,19.0,Home,CF Estrela Amadora,252577,Rafa Silva,M,27,False,8.0,6.0,1.0,,0.0,1.0,1.0,5.0,7.0,,2.0,,1.0,,,,,,,17.0,10.0,6.6,2.0,0.0563748,,,,,,"{'original': 6.6, 'alternative': 6.9}",0,,-0.09,-0.01,0.15,,"{'sportSlug': 'football', 'statisticsType': 'player'}",,,,,1.0,,,1.0,1.0,,,,,,,,,,,,,,,,,,,,,,,,1.0,,,,,,,,,,,,,,,
14288958,2026-01-25,Liga Portugal Betclic,Liga Portugal 25/26,19.0,Home,CF Estrela Amadora,983542,Tomás Araújo,D,44,False,,,,,,,,,,,,,,,,,,,,,,,,,,,,,,,0,,,,,,"{'sportSlug': 'football', 'statisticsType': 'player'}",,,,,,,,,,,,,,,,,,,,,,,,,,,,,,,,,,,,,,,,,,,,,,,,
14566735,2026-01-28,UEFA Champions League,UEFA Champions League 25/26,8.0,Home,Real Madrid,1102791,Amar Dedić,D,17,True,28.0,24.0,3.0,3.0,0.0,8.0,9.0,16.0,19.0,,2.0,,3.0,,,,,,,90.0,50.0,6.4,9.0,0.0681534,207.49241575656,13.0,169.38378522514,34.412768769053,,"{'original': 6.4, 'alternative': 6.6}",2,,0.27,0.5,-0.4,,"{'sportSlug': 'football', 'statisticsType': 'player'}",,,6.0,,2.0,,2.0,2.0,2.0,3.0,,32.688,10.24769,12.0,151.63249437907,6.0,,1.14,0.5,0.3,,,,1.0,2.0,0.1928,0.1604,-0.28,2.0,,,,,,,1.0,,,,,,3.48,4.83,,,,,
14566735,2026-01-28,UEFA Champions League,UEFA Champions League 25/26,8.0,Home,Real Madrid,966616,Anatoliy Trubin,G,1,True,17.0,10.0,12.0,5.0,0.0,5.0,6.0,5.0,11.0,,1.0,1.0,4.0,2.0,,4.0,1.0,,,90.0,26.0,7.8,7.0,0.00107024,,,,,0.7262,"{'original': 7.8, 'alternative': 8.1}",1,0.2284,0.07,,-0.38,0.44,"{'sportSlug': 'football', 'statisticsType': 'player'}",,,,,,,,,,,1.0,18.972,4.94488,0.0,,,1.0,0.07,0.02,0.0,,,,1.0,,0.0829,0.3054,0.51,,1.0,,,,,,,,,,,,3.85,1.02,,,,,
14566735,2026-01-28,UEFA Champions League,UEFA Champions League 25/26,8.0,Home,Real Madrid,1100952,Andreas Schjelderup,M,21,True,23.0,16.0,,,0.0,6.0,6.0,10.0,17.0,1.0,7.0,,4.0,,,,,,,89.0,38.0,10.0,9.0,0.461955,180.09709833014,17.0,101.70448934079,27.848181684904,,"{'original': 10, 'alternative': 8.7}",5,,0.68,0.49,-0.13,,"{'sportSlug': 'football', 'statisticsType': 'player'}",,,5.0,1.0,4.0,,,2.0,2.0,,1.0,32.004,10.65812,15.0,84.339345425878,5.0,1.0,1.67,0.78,0.33,1.0,1.0,,3.0,1.0,0.6057,0.1338,0.87,1.0,2.0,1.0,,3.0,,,2.0,,,,,,3.01,4.87,,,,,
14566735,2026-01-28,UEFA Champions League,UEFA Champions League 25/26,8.0,Home,Real Madrid,228364,Fredrik Aursnes,M,8,True,33.0,27.0,1.0,1.0,1.0,12.0,16.0,15.0,17.0,1.0,4.0,1.0,3.0,,,,,,,90.0,49.0,7.7,11.0,0.242193,43.950097935468,7.0,12.350124803148,,,"{'original': 7.7, 'alternative': 7.1}",2,,0.6,0.1,0.19,,"{'sportSlug': 'football', 'statisticsType': 'player'}",3.0,1.0,4.0,1.0,,1.0,,1.0,1.0,1.0,2.0,28.98,11.90542,9.0,,,2.0,2.19,0.74,0.18,,1.0,,1.0,,0.308,0.1566,-0.47,3.0,,1.0,,,,,1.0,,,,,,2.96,5.84,,,,,
14566735,2026-01-28,UEFA Champions League,UEFA Champions League 25/26,8.0,Home,Real Madrid,1123925,Georgiy Sudakov,M,10,True,18.0,15.0,1.0,,0.0,2.0,3.0,13.0,15.0,,4.0,1.0,3.0,,,,,,,83.0,32.0,7.0,7.0,0.329055,154.1192629631,12.0,88.691922671757,23.741348807725,,"{'original': 7, 'alternative': 7}",2,,0.41,0.36,-0.17,,"{'sportSlug': 'football', 'statisticsType': 'player'}",6.0,2.0,5.0,,,,,1.0,1.0,,3.0,30.276,10.75135,9.0,63.817183011529,3.0,4.0,2.06,0.74,0.16,2.0,1.0,2.0,,1.0,0.1169,,-0.47,2.0,,,,,,,,,,,,1.0,2.35,5.45,,,,,
14566735,2026-01-28,UEFA Champions League,UEFA Champions League 25/26,8.0,Home,Real Madrid,1201395,Gianluca Prestianni,M,25,True,27.0,20.0,2.0,1.0,0.0,2.0,4.0,18.0,23.0,,5.0,,4.0,,,,,,,87.0,45.0,7.1,13.0,0.274412,215.92986423985,18.0,156.9019660993,43.206986914394,,"{'original': 7.1, 'alternative': 7.2}",3,,0.49,0.56,-0.26,,"{'sportSlug': 'football', 'statisticsType': 'player'}",2.0,1.0,9.0,1.0,4.0,,1.0,1.0,1.0,2.0,2.0,32.58,10.38042,13.0,120.81036198509,6.0,2.0,1.57,0.71,0.3,,,,2.0,2.0,0.1243,0.2824,-0.5,4.0,,,,2.0,,,1.0,,,,,1.0,2.77,5.03,,,,,
14566735,2026-01-28,UEFA Champions League,UEFA Champions League 25/26,8.0,Home,Real Madrid,906800,Leandro Barreiro,M,18,True,29.0,23.0,2.0,,0.0,12.0,14.0,11.0,15.0,1.0,11.0,3.0,6.0,,,,,,,90.0,54.0,6.6,9.0,0.00711039,79.364684132504,12.0,21.319100730769,,,"{'original': 6.6, 'alternative': 6.4}",3,,0.02,0.01,-0.06,,"{'sportSlug': 'football', 'statisticsType': 'player'}",,,3.0,1.0,,,4.0,6.0,3.0,2.0,4.0,29.16,11.88578,7.0,,,,2.09,0.64,0.15,,2.0,1.0,1.0,2.0,0.5005,0.2215,-0.65,,,,,,,1.0,1.0,1.0,,,,,2.89,6.11,,,,,
14566735,2026-01-28,UEFA Champions League,UEFA Champions League 25/26,8.0,Home,Real Madrid,74915,Nicolás Otamendi,D,30,True,30.0,26.0,5.0,3.0,0.0,17.0,17.0,9.0,13.0,1.0,4.0,3.0,,,,,,,,90.0,42.0,7.2,4.0,0.182553,76.973204333785,8.0,53.925444855059,14.341835791268,,"{'original': 7.2, 'alternative': 7.6}",1,,0.31,0.08,-0.18,,"{'sportSlug': 'football', 'statisticsType': 'player'}",,,3.0,,,1.0,1.0,1.0,,,2.0,28.476,9.12707,3.0,14.732144752208,1.0,1.0,0.86,0.26,0.05,2.0,,,1.0,1.0,0.0473,0.0548,-0.02,,,1.0,,,,,,,,1.0,,,3.46,4.5,,,,,
14566735,2026-01-28,UEFA Champions League,UEFA Champions League 25/26,8.0,Home,Real Madrid,993101,Samuel Dahl,D,26,True,30.0,24.0,3.0,,0.0,13.0,17.0,11.0,13.0,1.0,7.0,3.0,6.0,,,,,,,90.0,51.0,6.2,8.0,0.00923861,102.2133395601,10.0,57.068796344476,24.21974156673,,"{'original': 6.2, 'alternative': 6.2}",0,,-0.14,0.26,-0.53,,"{'sportSlug': 'football', 'statisticsType': 'player'}",,,4.0,1.0,,,1.0,6.0,2.0,1.0,,30.996,10.35762,7.0,26.325975024679,1.0,,1.29,0.39,0.15,,,,,1.0,,,,2.0,,,,,,,,1.0,,,,,3.19,5.34,,,,,
14566735,2026-01-28,UEFA Champions League,UEFA Champions League 25/26,8.0,Home,Real Madrid,983542,Tomás Araújo,D,44,True,33.0,28.0,3.0,,0.0,20.0,21.0,8.0,12.0,,,2.0,4.0,,,,,,,90.0,41.0,7.0,5.0,0.0132847,83.588448976433,7.0,70.034073404577,21.322877811704,,"{'original': 7, 'alternative': 6.8}",0,,0.2,0.08,0.42,,"{'sportSlug': 'football', 'statisticsType': 'player'}",,,,,,3.0,2.0,,,,,27.972,9.6431,3.0,36.89460830832,2.0,,1.06,0.3,0.04,,,,,,,,,,,,,,,,,,,,,,3.31,4.93,,,,,
14566735,2026-01-28,UEFA Champions League,UEFA Champions League 25/26,8.0,Home,Real Madrid,795236,Vangelis Pavlidis,F,14,True,22.0,13.0,,,2.0,5.0,8.0,8.0,14.0,4.0,5.0,1.0,4.0,,,,,,,89.0,37.0,8.2,16.0,0.283405,108.64596650798,8.0,89.828607447547,22.982871137155,,"{'original': 8.2, 'alternative': 8.8}",3,,0.58,0.67,-0.04,,"{'sportSlug': 'football', 'statisticsType': 'player'}",1.0,1.0,9.0,3.0,2.0,,,,,3.0,,29.988,11.3761,11.0,89.181348967779,5.0,5.0,1.85,0.78,0.21,4.0,,,2.0,,1.0329,0.9518,0.27,1.0,1.0,2.0,,1.0,,,1.0,,,,,,2.81,5.73,,,,,
14566735,2026-01-28,UEFA Champions League,UEFA Champions League 25/26,8.0,Home,Real Madrid,1006069,António Silva,D,4,False,1.0,,1.0,,0.0,,,,1.0,,,,,,,,,,,1.0,1.0,,1.0,,,,,,,,0,,,,,,"{'sportSlug': 'football', 'statisticsType': 'player'}",,,,,,,,,,,,24.768,0.42575,1.0,,,,0.04,0.02,0.01,,,,,,,,,,,,,,,,,,,,,,0.2,0.15,,,,,
14566735,2026-01-28,UEFA Champions League,UEFA Champions League 25/26,8.0,Home,Real Madrid,2163561,Anísio Cabral,F,72,False,,,,,,,,,,,,,,,,,,,,,,,,,,,,,,,0,,,,,,"{'sportSlug': 'football', 'statisticsType': 'player'}",,,,,,,,,,,,,,,,,,,,,,,,,,,,,,,,,,,,,,,,,,,,,,,,
14566735,2026-01-28,UEFA Champions League,UEFA Champions League 25/26,8.0,Home,Real Madrid,97012,Bruma,F,7,False,,,,,,,,,,,,,,,,,,,,,,,,,,,,,,,0,,,,,,"{'sportSlug': 'football', 'statisticsType': 'player'}",,,,,,,,,,,,,,,,,,,,,,,,,,,,,,,,,,,,,,,,,,,,,,,,
14566735,2026-01-28,UEFA Champions League,UEFA Champions League 25/26,8.0,Home,Real Madrid,1961109,Daniel Banjaqui,D,58,False,,,,,,,,,,,,,,,,,,,,,,,,,,,,,,,0,,,,,,"{'sportSlug': 'football', 'statisticsType': 'player'}",,,,,,,,,,,,,,,,,,,,,,,,,,,,,,,,,,,,,,,,,,,,,,,,
14566735,2026-01-28,UEFA Champions League,UEFA Champions League 25/26,8.0,Home,Real Madrid,1489159,Diogo Ferreira,G,50,False,,,,,,,,,,,,,,,,,,,,,,,,,,,,,,,0,,,,,,"{'sportSlug': 'football', 'statisticsType': 'player'}",,,,,,,,,,,,,,,,,,,,,,,,,,,,,,,,,,,,,,,,,,,,,,,,
14566735,2026-01-28,UEFA Champions League,UEFA Champions League 25/26,8.0,Home,Real Madrid,1146008,Diogo Prioste,M,86,False,,,,,,,,,,,,,,,,,,,,,,,,,,,,,,,0,,,,,,"{'sportSlug': 'football', 'statisticsType': 'player'}",,,,,,,,,,,,,,,,,,,,,,,,,,,,,,,,,,,,,,,,,,,,,,,,
14566735,2026-01-28,UEFA Champions League,UEFA Champions League 25/26,8.0,Home,Real Madrid,1087316,Enzo Barrenechea,M,5,False,1.0,1.0,,,0.0,,,1.0,1.0,,2.0,1.0,,,,,,,,15.0,4.0,6.9,,0.00153808,,,,,,"{'original': 6.9, 'alternative': 6.7}",0,,0.03,,0.22,,"{'sportSlug': 'football', 'statisticsType': 'player'}",,,,,,,,2.0,1.0,,,29.7,1.59406,2.0,,,,0.29,0.08,0.04,,,,,,,,,,,,,,,,,,,,,,0.45,0.72,,,,,
14566735,2026-01-28,UEFA Champions League,UEFA Champions League 25/26,8.0,Home,Real Madrid,1103333,Franjo Ivanović,F,9,False,,,,,0.0,,,,,,,,,,,,,,,1.0,,,,,,,,,,,0,,,,,,"{'sportSlug': 'football', 'statisticsType': 'player'}",,,,,,,,,,,,24.084,0.50158,0.0,,,,0.1,0.03,0.01,,,,,,,,,,,,,,,,,,,,,,0.15,0.22,,,,,
14566735,2026-01-28,UEFA Champions League,UEFA Champions League 25/26,8.0,Home,Real Madrid,1432417,Gonçalo Oliveira,D,64,False,,,,,,,,,,,,,,,,,,,,,,,,,,,,,,,0,,,,,,"{'sportSlug': 'football', 'statisticsType': 'player'}",,,,,,,,,,,,,,,,,,,,,,,,,,,,,,,,,,,,,,,,,,,,,,,,
14566735,2026-01-28,UEFA Champions League,UEFA Champions League 25/26,8.0,Home,Real Madrid,1961117,José Neto,D,62,False,,,,,,,,,,,,,,,,,,,,,,,,,,,,,,,0,,,,,,"{'sportSlug': 'football', 'statisticsType': 'player'}",,,,,,,,,,,,,,,,,,,,,,,,,,,,,,,,,,,,,,,,,,,,,,,,
14566735,2026-01-28,UEFA Champions League,UEFA Champions League 25/26,8.0,Home,Real Madrid,1158353,João Rêgo,F,84,False,2.0,,,,0.0,,,,2.0,,,,,,,,,,,11.0,2.0,6.5,2.0,,7.0494087695352,1.0,4.2289006393254,,,"{'original': 6.5, 'alternative': 6.5}",0,,-0.05,0.04,-0.01,,"{'sportSlug': 'football', 'statisticsType': 'player'}",,,1.0,,,,,,,,,27.144,1.26862,2.0,,,,0.25,0.14,0.03,,,,,1.0,,,,,,,,,,,,,,,,,0.28,0.57,,,,,
14566735,2026-01-28,UEFA Champions League,UEFA Champions League 25/26,8.0,Home,Real Madrid,1085740,Manu Silva,M,16,False,,,,,,,,,,,,,,,,,,,,,,,,,,,,,,,0,,,,,,"{'sportSlug': 'football', 'statisticsType': 'player'}",,,,,,,,,,,,,,,,,,,,,,,,,,,,,,,,,,,,,,,,,,,,,,,,
14288966,2026-02-01,Liga Portugal Betclic,Liga Portugal 25/26,20.0,Away,Tondela,966616,Anatoliy Trubin,G,1,True,22.0,20.0,3.0,1.0,0.0,20.0,21.0,,1.0,,,1.0,5.0,,,1.0,1.0,,,90.0,29.0,6.8,2.0,0.00011601,12.434030109087,3.0,5.0223705405463,,-0.0002,"{'original': 6.8, 'alternative': 6.9}",0,0.0152,0.05,-0.01,0.22,0.0,"{'sportSlug': 'football', 'statisticsType': 'player'}",,,,,,,,,,,,,,,,,,,,,,,,,,,,,,,,,,,,,,,,,,,,,,,,
14288966,2026-02-01,Liga Portugal Betclic,Liga Portugal 25/26,20.0,Away,Tondela,1100952,Andreas Schjelderup,M,21,True,33.0,24.0,1.0,,0.0,3.0,3.0,21.0,30.0,,8.0,1.0,2.0,,,,,,,63.0,55.0,6.8,19.0,0.159935,134.57885235797,16.0,86.256959716692,14.728010000147,,"{'original': 6.8, 'alternative': 7.1}",2,,-0.36,0.31,-0.01,,"{'sportSlug': 'football', 'statisticsType': 'player'}",3.0,,6.0,2.0,7.0,,,1.0,,2.0,3.0,32.54,7.08,13.0,52.263488381187,4.0,3.0,0.92,0.45,0.18,1.0,1.0,,1.0,,0.1728,0.3019,0.08,,,,,4.0,,,1.0,,,,,,,,,,,,
14288966,2026-02-01,Liga Portugal Betclic,Liga Portugal 25/26,20.0,Away,Tondela,1006069,António Silva,D,4,True,88.0,79.0,7.0,3.0,0.0,34.0,38.0,45.0,50.0,4.0,5.0,6.0,1.0,,,,,,,90.0,100.0,7.7,10.0,0.105246,419.59463297076,41.0,297.11200514405,25.7189743778,,"{'original': 7.7, 'alternative': 7.5}",0,,0.43,0.27,0.34,,"{'sportSlug': 'football', 'statisticsType': 'player'}",1.0,1.0,2.0,,,,,1.0,1.0,1.0,,31.36,10.18,9.0,99.445990228116,4.0,1.0,1.11,0.46,0.08,2.0,,,,,,,,,,,,,,,,,,,,,,,,,,,
14288966,2026-02-01,Liga Portugal Betclic,Liga Portugal 25/26,20.0,Away,Tondela,1961109,Daniel Banjaqui,D,58,True,41.0,29.0,2.0,,0.0,9.0,12.0,20.0,29.0,,3.0,1.0,4.0,,,,,,,63.0,62.0,6.4,16.0,0.123416,69.557973819016,11.0,32.212397731479,,,"{'original': 6.4, 'alternative': 7.1}",1,,-0.29,0.11,-0.1,,"{'sportSlug': 'football', 'statisticsType': 'player'}",1.0,,5.0,,3.0,,1.0,2.0,1.0,1.0,,31.13,7.12,16.0,,,1.0,0.97,0.45,0.21,,,,1.0,1.0,0.0295,0.1347,0.01,2.0,,,,1.0,,,,,,,,,,,,,,,
14288966,2026-02-01,Liga Portugal Betclic,Liga Portugal 25/26,20.0,Away,Tondela,228364,Fredrik Aursnes,M,8,True,67.0,57.0,5.0,3.0,0.0,17.0,20.0,40.0,47.0,2.0,5.0,,4.0,,,,,,,90.0,84.0,7.3,15.0,0.146448,205.78063078336,22.0,137.34788274873,23.802455941799,,"{'original': 7.3, 'alternative': 7.8}",2,,0.0,0.56,-0.01,,"{'sportSlug': 'football', 'statisticsType': 'player'}",6.0,1.0,2.0,,,,2.0,1.0,,,2.0,27.05,11.92,8.0,70.848919520905,4.0,3.0,1.95,0.72,0.06,1.0,1.0,,2.0,,0.2428,0.4925,-0.63,1.0,,1.0,,,,,,,,,,,,,,,,,
14288966,2026-02-01,Liga Portugal Betclic,Liga Portugal 25/26,20.0,Away,Tondela,1123925,Georgiy Sudakov,M,10,True,48.0,45.0,1.0,1.0,0.0,4.0,4.0,41.0,44.0,,1.0,2.0,2.0,,,,,,,82.0,75.0,6.8,19.0,0.210007,240.50339807859,23.0,91.877607391898,29.806974489329,,"{'original': 6.8, 'alternative': 7.5}",1,,0.15,0.26,0.16,,"{'sportSlug': 'football', 'statisticsType': 'player'}",16.0,3.0,3.0,2.0,,,1.0,,,1.0,1.0,31.91,10.19,9.0,58.825746636539,3.0,4.0,1.72,0.57,0.1,1.0,,,,,0.0421,,-0.07,,,,,,,,1.0,,,,,,,,,,,,
14288966,2026-02-01,Liga Portugal Betclic,Liga Portugal 25/26,20.0,Away,Tondela,1201395,Gianluca Prestianni,M,25,True,34.0,21.0,3.0,1.0,0.0,3.0,5.0,18.0,29.0,,6.0,,7.0,,,,,,,82.0,68.0,6.7,28.0,0.148264,207.81322562601,21.0,134.85118538969,24.734801291865,,"{'original': 6.7, 'alternative': 7.2}",6,,-0.27,0.42,-0.05,,"{'sportSlug': 'football', 'statisticsType': 'player'}",5.0,1.0,9.0,1.0,6.0,,,3.0,3.0,4.0,3.0,32.51,9.23,21.0,95.913519213328,5.0,1.0,1.11,0.51,0.31,,,3.0,2.0,,0.3361,0.6188,0.09,2.0,,,,,,,1.0,,,,,,,,,,,,
14288966,2026-02-01,Liga Portugal Betclic,Liga Portugal 25/26,20.0,Away,Tondela,906800,Leandro Barreiro,M,18,True,43.0,38.0,3.0,1.0,0.0,16.0,17.0,22.0,26.0,,3.0,,4.0,,,,,,,90.0,52.0,6.6,9.0,0.0426008,139.18715701307,15.0,69.163308561396,30.421396094828,,"{'original': 6.6, 'alternative': 6.7}",0,,0.12,0.19,-0.14,,"{'sportSlug': 'football', 'statisticsType': 'player'}",,,5.0,,2.0,,,1.0,1.0,3.0,1.0,28.4,11.58,7.0,32.167387211273,1.0,1.0,1.97,0.54,0.07,,,,,2.0,,,,2.0,,,,1.0,,,,,,,,,,,,,,,
14288966,2026-02-01,Liga Portugal Betclic,Liga Portugal 25/26,20.0,Away,Tondela,74915,Nicolás Otamendi,D,30,True,89.0,79.0,12.0,5.0,0.0,38.0,38.0,41.0,51.0,5.0,12.0,1.0,4.0,,,,,,,90.0,106.0,8.4,10.0,0.130494,557.47360305003,56.0,445.88023690296,32.47826264984,,"{'original': 8.4, 'alternative': 8}",4,,0.36,0.35,0.35,,"{'sportSlug': 'football', 'statisticsType': 'player'}",,,1.0,,,,1.0,2.0,2.0,,5.0,30.27,10.16,13.0,53.854179465394,2.0,1.0,1.11,0.52,0.14,1.0,,2.0,,,0.1161,,-0.18,,,,,,,,2.0,,,,,,,,,,,,
14288966,2026-02-01,Liga Portugal Betclic,Liga Portugal 25/26,20.0,Away,Tondela,993101,Samuel Dahl,D,26,True,70.0,66.0,4.0,3.0,0.0,25.0,27.0,41.0,43.0,1.0,2.0,2.0,3.0,,,,,,,90.0,92.0,7.2,10.0,0.136129,153.78964376188,22.0,80.802090003928,19.816454553687,,"{'original': 7.2, 'alternative': 7.5}",1,,0.27,0.18,0.15,,"{'sportSlug': 'football', 'statisticsType': 'player'}",3.0,,1.0,1.0,,,1.0,1.0,1.0,,,32.04,11.33,17.0,20.274239048605,1.0,,1.55,0.58,0.23,,,1.0,,,0.0262,,-0.16,,,,,,,,,,,,,,,,,,,,
14288966,2026-02-01,Liga Portugal Betclic,Liga Portugal 25/26,20.0,Away,Tondela,795236,Vangelis Pavlidis,F,14,True,22.0,17.0,,,0.0,7.0,7.0,10.0,15.0,4.0,8.0,,3.0,,,,,,,90.0,39.0,6.0,10.0,0.0989952,67.587041631451,11.0,3.6788786684712,,,"{'original': 6, 'alternative': 6.6}",3,,-0.59,-0.59,-0.09,,"{'sportSlug': 'football', 'statisticsType': 'player'}",,,8.0,2.0,2.0,,,1.0,1.0,2.0,2.0,30.35,11.33,13.0,,,2.0,1.65,0.67,0.2,3.0,2.0,2.0,1.0,,0.8929,0.1616,-0.59,2.0,,,,1.0,,,,,,,,,,,,,,,
14288966,2026-02-01,Liga Portugal Betclic,Liga Portugal 25/26,20.0,Away,Tondela,2163561,Anísio Cabral,F,72,False,7.0,6.0,,,0.0,,,6.0,7.0,,2.0,,,,,,,,,8.0,11.0,6.6,1.0,0.171869,11.663893537862,3.0,3.2412874445311,,,"{'original': 6.6, 'alternative': 7.2}",1,,0.03,0.03,0.0,,"{'sportSlug': 'football', 'statisticsType': 'player'}",,,1.0,,1.0,,,,,,1.0,29.89,1.6,2.0,,,,0.18,0.09,0.01,1.0,,,1.0,,0.1188,0.5967,0.22,,,,,1.0,,,,,,,,,,,,,,,
14288966,2026-02-01,Liga Portugal Betclic,Liga Portugal 25/26,20.0,Away,Tondela,97012,Bruma,F,7,False,3.0,3.0,,,0.0,,,3.0,3.0,,3.0,,1.0,,,,,,,8.0,12.0,6.8,4.0,0.00366591,60.001147960151,5.0,30.297257892339,13.76796477078,,"{'original': 6.8, 'alternative': 6.6}",1,,0.15,0.08,0.13,,"{'sportSlug': 'football', 'statisticsType': 'player'}",2.0,,3.0,,4.0,,,1.0,,,,25.77,1.4,1.0,22.4085501121,2.0,,0.18,0.04,0.01,,,,,1.0,0.0558,,0.01,,,,,2.0,,,1.0,,,,,,,,,,,,
14288966,2026-02-01,Liga Portugal Betclic,Liga Portugal 25/26,20.0,Away,Tondela,1489159,Diogo Ferreira,G,50,False,,,,,,,,,,,,,,,,,,,,,,,,,,,,,,,0,,,,,,"{'sportSlug': 'football', 'statisticsType': 'player'}",,,,,,,,,,,,,,,,,,,,,,,,,,,,,,,,,,,,,,,,,,,,,,,,
14288966,2026-02-01,Liga Portugal Betclic,Liga Portugal 25/26,20.0,Away,Tondela,1087316,Enzo Barrenechea,M,5,False,,,,,,,,,,,,,,,,,,,,,,,,,,,,,,,0,,,,,,"{'sportSlug': 'football', 'statisticsType': 'player'}",,,,,,,,,,,,,,,,,,,,,,,,,,,,,,,,,,,,,,,,,,,,,,,,
14288966,2026-02-01,Liga Portugal Betclic,Liga Portugal 25/26,20.0,Away,Tondela,1103333,Franjo Ivanović,F,9,False,,,,,,,,,,,,,,,,,,,,,,,,,,,,,,,0,,,,,,"{'sportSlug': 'football', 'statisticsType': 'player'}",,,,,,,,,,,,,,,,,,,,,,,,,,,,,,,,,,,,,,,,,,,,,,,,
14288966,2026-02-01,Liga Portugal Betclic,Liga Portugal 25/26,20.0,Away,Tondela,1085740,Manu Silva,M,16,False,,,,,,,,,,,,,,,,,,,,,,,,,,,,,,,0,,,,,,"{'sportSlug': 'football', 'statisticsType': 'player'}",,,,,,,,,,,,,,,,,,,,,,,,,,,,,,,,,,,,,,,,,,,,,,,,
14288966,2026-02-01,Liga Portugal Betclic,Liga Portugal 25/26,20.0,Away,Tondela,252577,Rafa Silva,M,27,False,14.0,9.0,1.0,1.0,0.0,1.0,1.0,8.0,13.0,,1.0,,,,,,,,,27.0,16.0,6.6,6.0,0.0619954,60.673087457564,8.0,30.455585911169,17.755770912962,,"{'original': 6.6, 'alternative': 6.7}",0,,-0.06,0.08,0.0,,"{'sportSlug': 'football', 'statisticsType': 'player'}",,,2.0,1.0,,,,,,,1.0,29.68,3.97,9.0,17.764594704074,1.0,,0.52,0.21,0.12,1.0,,,,,,,,,,,,,,,,,,,,,,,,,,,
14288966,2026-02-01,Liga Portugal Betclic,Liga Portugal 25/26,20.0,Away,Tondela,1117723,Sidny Lopes Cabral,D,15,False,12.0,8.0,2.0,1.0,0.0,3.0,4.0,5.0,8.0,,,,1.0,,,,,,,27.0,27.0,6.9,9.0,0.221492,103.63088598013,9.0,35.308068202142,16.730162719198,,"{'original': 6.9, 'alternative': 7.1}",2,,0.36,0.0,0.13,,"{'sportSlug': 'football', 'statisticsType': 'player'}",5.0,2.0,3.0,,1.0,,,,,,,33.77,4.29,18.0,26.778108390997,1.0,2.0,0.61,0.3,0.21,1.0,,1.0,,1.0,0.0658,,-0.26,,,2.0,,,,,1.0,,,,,,,,,,,,
14288966,2026-02-01,Liga Portugal Betclic,Liga Portugal 25/26,20.0,Away,Tondela,983542,Tomás Araújo,D,44,False,,,,,,,,,,,,,,,,,,,,,,,,,,,,,,,0,,,,,,"{'sportSlug': 'football', 'statisticsType': 'player'}",,,,,,,,,,,,,,,,,,,,,,,,,,,,,,,,,,,,,,,,,,,,,,,,
14288979,2026-02-08,Liga Portugal Betclic,Liga Portugal 25/26,21.0,Home,FC Alverca,966616,Anatoliy Trubin,G,1,True,11.0,8.0,5.0,2.0,0.0,7.0,8.0,1.0,3.0,,,,9.0,,,1.0,,,,90.0,21.0,6.5,4.0,0.00074196,17.783371721331,3.0,4.3976766244821,,0.0002,"{'original': 6.5, 'alternative': 6.6}",0,-0.511,0.04,0.0,-0.01,0.0,"{'sportSlug': 'football', 'statisticsType': 'player'}",,,,,,,,,,,,,,,,0.0,,,,,,,,,,,,,,,,,,,,,,,,1.0,,,,,,,,
14288979,2026-02-08,Liga Portugal Betclic,Liga Portugal 25/26,21.0,Home,FC Alverca,1100952,Andreas Schjelderup,M,21,True,35.0,28.0,2.0,,0.0,4.0,5.0,24.0,30.0,,3.0,,6.0,,,,,,,85.0,53.0,7.5,14.0,0.123054,217.69474045473,22.0,125.35194260024,16.759319489133,,"{'original': 7.5, 'alternative': 7.9}",5,,0.28,0.55,-0.07,,"{'sportSlug': 'football', 'statisticsType': 'player'}",3.0,,6.0,,3.0,,1.0,,,2.0,2.0,,,,101.93508944376,7.0,1.0,,,,2.0,,,2.0,2.0,0.6197,0.8676,0.3,,1.0,,,1.0,,,3.0,,,,,,,,,,,,
14288979,2026-02-08,Liga Portugal Betclic,Liga Portugal 25/26,21.0,Home,FC Alverca,228364,Fredrik Aursnes,M,8,True,64.0,55.0,6.0,4.0,0.0,16.0,18.0,39.0,46.0,2.0,7.0,1.0,9.0,,,,,,,90.0,89.0,7.9,17.0,0.418627,242.74528656214,27.0,148.81629531911,19.484148690417,,"{'original': 7.9, 'alternative': 7.8}",3,,0.75,0.33,-0.06,,"{'sportSlug': 'football', 'statisticsType': 'player'}",9.0,3.0,5.0,,2.0,,1.0,4.0,2.0,1.0,,,,,58.563838947835,3.0,3.0,,,,1.0,,1.0,,1.0,0.1577,,-0.42,2.0,,1.0,,1.0,,,2.0,,,,,,,,,,,,
14288979,2026-02-08,Liga Portugal Betclic,Liga Portugal 25/26,21.0,Home,FC Alverca,1201395,Gianluca Prestianni,M,25,True,23.0,18.0,1.0,1.0,0.0,5.0,6.0,13.0,17.0,,5.0,,4.0,,,,,,,85.0,44.0,7.3,12.0,0.144163,136.80460627706,17.0,73.990843191937,15.249106577929,,"{'original': 7.3, 'alternative': 7.8}",4,,0.41,1.0,-0.12,,"{'sportSlug': 'football', 'statisticsType': 'player'}",4.0,1.0,4.0,,3.0,,1.0,2.0,1.0,2.0,1.0,,,,44.139777342216,4.0,4.0,,,,1.0,,1.0,3.0,,0.2488,0.5289,-0.04,2.0,,,,2.0,,,,,,,,,,,,,,,
14288979,2026-02-08,Liga Portugal Betclic,Liga Portugal 25/26,21.0,Home,FC Alverca,906800,Leandro Barreiro,M,18,True,58.0,50.0,1.0,,0.0,17.0,19.0,33.0,39.0,4.0,8.0,,6.0,,,,,,,90.0,69.0,7.4,12.0,0.0521322,118.10424130534,14.0,36.950098234519,13.387452305201,,"{'original': 7.4, 'alternative': 7.1}",2,,0.41,0.36,-0.11,,"{'sportSlug': 'football', 'statisticsType': 'player'}",,,6.0,1.0,2.0,,,2.0,2.0,2.0,1.0,,,,26.72095308905,2.0,1.0,,,,2.0,,,,,0.0787,,0.01,2.0,,,,1.0,,,2.0,,,,,,,,,,,,
14288979,2026-02-08,Liga Portugal Betclic,Liga Portugal 25/26,21.0,Home,FC Alverca,74915,Nicolás Otamendi,D,30,True,58.0,52.0,4.0,4.0,0.0,28.0,30.0,24.0,28.0,6.0,10.0,4.0,6.0,,,,,,,90.0,78.0,7.3,10.0,0.0156195,224.30990566079,24.0,161.1527640225,22.404482939111,,"{'original': 7.3, 'alternative': 7.6}",2,,0.16,0.24,-0.02,,"{'sportSlug': 'football', 'statisticsType': 'player'}",,,3.0,1.0,,1.0,2.0,2.0,2.0,2.0,2.0,,,,67.138177610453,3.0,,,,,1.0,,2.0,,1.0,0.0459,,-0.34,,,,,,,,,,,,,,,,,,,,
14288979,2026-02-08,Liga Portugal Betclic,Liga Portugal 25/26,21.0,Home,FC Alverca,252577,Rafa Silva,M,27,True,26.0,22.0,,,0.0,3.0,3.0,19.0,23.0,,7.0,,2.0,,,,,,,88.0,50.0,6.8,13.0,0.0901419,123.40568517888,12.0,71.072434074486,21.250843099171,,"{'original': 6.8, 'alternative': 7.5}",4,,0.28,0.15,-0.06,,"{'sportSlug': 'football', 'statisticsType': 'player'}",,,9.0,3.0,4.0,,,3.0,2.0,3.0,3.0,,,,79.602324288688,4.0,2.0,,,,2.0,,2.0,1.0,1.0,0.2477,0.2935,-0.49,,,,,1.0,,,1.0,,,,,1.0,,,,,,,
14288979,2026-02-08,Liga Portugal Betclic,Liga Portugal 25/26,21.0,Home,FC Alverca,993101,Samuel Dahl,D,26,True,40.0,31.0,6.0,2.0,1.0,6.0,8.0,25.0,32.0,1.0,4.0,3.0,2.0,,,,,,,90.0,63.0,7.4,14.0,0.280682,155.66840943098,17.0,101.6185068906,16.655449485839,,"{'original': 7.4, 'alternative': 7.6}",0,,0.67,0.18,-0.01,,"{'sportSlug': 'football', 'statisticsType': 'player'}",4.0,1.0,4.0,1.0,,1.0,,2.0,2.0,1.0,1.0,,,,33.99953666787,2.0,5.0,,,,2.0,,,,1.0,,,,,,,,,,,,,,,,,,,,,,,
14288979,2026-02-08,Liga Portugal Betclic,Liga Portugal 25/26,21.0,Home,FC Alverca,1117723,Sidny Lopes Cabral,D,15,True,37.0,32.0,1.0,1.0,0.0,12.0,12.0,20.0,25.0,1.0,6.0,1.0,5.0,,,,,,,73.0,74.0,6.3,19.0,0.111163,302.908077282,31.0,173.70703374757,26.98011988555,,"{'original': 6.3, 'alternative': 6.9}",4,,0.01,0.27,-0.23,,"{'sportSlug': 'football', 'statisticsType': 'player'}",12.0,2.0,7.0,1.0,1.0,,,2.0,1.0,2.0,3.0,,,,130.13120936633,6.0,3.0,,,,2.0,,1.0,1.0,2.0,0.1234,0.3027,0.08,1.0,,,,,,,2.0,,,,,,,,,,,,
14288979,2026-02-08,Liga Portugal Betclic,Liga Portugal 25/26,21.0,Home,FC Alverca,983542,Tomás Araújo,D,44,True,60.0,53.0,7.0,2.0,0.0,25.0,26.0,28.0,34.0,1.0,3.0,1.0,3.0,,,,,,,90.0,68.0,6.3,7.0,0.0472339,194.85489579052,26.0,133.54747291943,,,"{'original': 6.3, 'alternative': 6.8}",0,,0.16,0.21,-0.25,,"{'sportSlug': 'football', 'statisticsType': 'player'}",,,7.0,,,,,2.0,1.0,,,,,,,0.0,2.0,,,,4.0,,,,2.0,,,,1.0,,,,,,,,,,,,,,,,,,,
14288979,2026-02-08,Liga Portugal Betclic,Liga Portugal 25/26,21.0,Home,FC Alverca,795236,Vangelis Pavlidis,F,14,True,16.0,15.0,,,0.0,4.0,4.0,11.0,12.0,,2.0,,,,,,,,,88.0,29.0,6.4,6.0,0.056547,67.81637765872,7.0,36.130067574394,11.550170862417,,"{'original': 6.4, 'alternative': 6.6}",2,,0.03,0.06,-0.06,,"{'sportSlug': 'football', 'statisticsType': 'player'}",,,6.0,1.0,1.0,,,,,2.0,2.0,,,,21.470126315418,1.0,1.0,,,,4.0,1.0,1.0,1.0,1.0,0.2873,0.2648,0.06,,,,,,,1.0,,,,,,,,,,,,,
14288979,2026-02-08,Liga Portugal Betclic,Liga Portugal 25/26,21.0,Home,FC Alverca,1006069,António Silva,D,4,False,1.0,1.0,,,0.0,1.0,1.0,,,,1.0,2.0,,,,,,,,10.0,4.0,6.8,,6.6e-07,,,,,,"{'original': 6.8, 'alternative': 6.7}",0,,-0.01,,0.2,,"{'sportSlug': 'football', 'statisticsType': 'player'}",,,,,,,,1.0,1.0,,,,,,,,,,,,,,,,,,,,,,,,,,,,,,,,,,,,,,,
14288979,2026-02-08,Liga Portugal Betclic,Liga Portugal 25/26,21.0,Home,FC Alverca,2163561,Anísio Cabral,F,72,False,4.0,3.0,,,0.0,,,3.0,4.0,1.0,1.0,,,,,,,,,13.0,5.0,7.6,1.0,0.00235744,,,,,,"{'original': 7.6, 'alternative': 7.4}",1,,0.0,,0.0,,"{'sportSlug': 'football', 'statisticsType': 'player'}",,,,,,,,,,,,,,,,,,,,,,,,1.0,,0.0524,0.5718,0.51,,1.0,,,,,,,,,,,,,,,,,,
14288979,2026-02-08,Liga Portugal Betclic,Liga Portugal 25/26,21.0,Home,FC Alverca,97012,Bruma,F,7,False,5.0,4.0,,,0.0,1.0,1.0,3.0,4.0,,,1.0,2.0,,,,,,,13.0,7.0,6.5,1.0,0.00186005,31.474405574386,3.0,25.525451617457,,,"{'original': 6.5, 'alternative': 6.6}",1,,-0.02,0.1,0.17,,"{'sportSlug': 'football', 'statisticsType': 'player'}",,,,,,,,,,,,,,,,0.0,,,,,,,1.0,,,0.0465,,0.0,,,,,,,1.0,,,,,,,,,,,,,
14288979,2026-02-08,Liga Portugal Betclic,Liga Portugal 25/26,21.0,Home,FC Alverca,1489159,Diogo Ferreira,G,50,False,,,,,,,,,,,,,,,,,,,,,,,,,,,,,,,0,,,,,,"{'sportSlug': 'football', 'statisticsType': 'player'}",,,,,,,,,,,,,,,,,,,,,,,,,,,,,,,,,,,,,,,,,,,,,,,,
14288979,2026-02-08,Liga Portugal Betclic,Liga Portugal 25/26,21.0,Home,FC Alverca,1087316,Enzo Barrenechea,M,5,False,5.0,4.0,1.0,,0.0,2.0,2.0,2.0,3.0,,2.0,,,,,,,,,10.0,7.0,6.7,1.0,0.00069268,5.2331390197471,1.0,0.96247662003123,,,"{'original': 6.7, 'alternative': 6.7}",0,,0.01,0.01,0.13,,"{'sportSlug': 'football', 'statisticsType': 'player'}",,,,,,,,1.0,1.0,,1.0,,,,,0.0,,,,,,,,,,,,,,,,,,,,,,,,,,,,,,,,
14288979,2026-02-08,Liga Portugal Betclic,Liga Portugal 25/26,21.0,Home,FC Alverca,1103333,Franjo Ivanović,F,9,False,,,,,,,,,,,,,,,,,,,,,,,,,,,,,,,0,,,,,,"{'sportSlug': 'football', 'statisticsType': 'player'}",,,,,,,,,,,,,,,,,,,,,,,,,,,,,,,,,,,,,,,,,,,,,,,,
14288979,2026-02-08,Liga Portugal Betclic,Liga Portugal 25/26,21.0,Home,FC Alverca,1123925,Georgiy Sudakov,M,10,False,11.0,9.0,1.0,,0.0,2.0,2.0,7.0,9.0,1.0,2.0,,1.0,,,,,,,17.0,15.0,7.3,4.0,0.00569259,28.234225683064,4.0,16.197653468688,,,"{'original': 7.3, 'alternative': 6.9}",1,,-0.07,0.1,0.0,,"{'sportSlug': 'football', 'statisticsType': 'player'}",2.0,,2.0,,,,,,,,1.0,,,,,0.0,,,,,2.0,,,1.0,,0.085,0.3363,0.13,,,,,,,,,,,,,,,,,,,,
14288979,2026-02-08,Liga Portugal Betclic,Liga Portugal 25/26,21.0,Home,FC Alverca,1545199,Kevin Pinto,D,79,False,,,,,,,,,,,,,,,,,,,,,,,,,,,,,,,0,,,,,,"{'sportSlug': 'football', 'statisticsType': 'player'}",,,,,,,,,,,,,,,,,,,,,,,,,,,,,,,,,,,,,,,,,,,,,,,,
14288979,2026-02-08,Liga Portugal Betclic,Liga Portugal 25/26,21.0,Home,FC Alverca,1085740,Manu Silva,M,16,False,,,,,,,,,,,,,,,,,,,,,,,,,,,,,,,0,,,,,,"{'sportSlug': 'football', 'statisticsType': 'player'}",,,,,,,,,,,,,,,,,,,,,,,,,,,,,,,,,,,,,,,,,,,,,,,,
14288997,2026-02-13,Liga Portugal Betclic,Liga Portugal 25/26,22.0,Away,Santa Clara,966616,Anatoliy Trubin,G,1,True,17.0,12.0,8.0,3.0,0.0,10.0,12.0,2.0,5.0,1.0,1.0,1.0,8.0,,,1.0,,1.0,1.0,90.0,27.0,6.0,5.0,0.00050079,12.251178244092,3.0,1.7262565977579,,-0.0002,"{'original': 6, 'alternative': 6}",0,-0.891,0.07,-0.02,-0.33,-0.74,"{'sportSlug': 'football', 'statisticsType': 'player'}",,,,,,,,,,,1.0,24.28,6.67,0.0,,0.0,,0.45,0.12,0.0,,,,,,,,,,,,,,1.0,,,,,,1.0,,,,,,,,
14288997,2026-02-13,Liga Portugal Betclic,Liga Portugal 25/26,22.0,Away,Santa Clara,1100952,Andreas Schjelderup,M,21,True,17.0,11.0,1.0,,0.0,4.0,5.0,7.0,12.0,1.0,6.0,1.0,1.0,,,,,,,68.0,34.0,6.6,13.0,0.620058,51.943820173411,7.0,12.259213374352,,,"{'original': 6.6, 'alternative': 6.2}",0,,0.39,-0.56,-0.07,,"{'sportSlug': 'football', 'statisticsType': 'player'}",,,9.0,3.0,4.0,,,3.0,1.0,,2.0,31.46,7.6,11.0,,0.0,,1.14,0.52,0.13,1.0,,,,,,,,1.0,,,,,,,,,,,,,,,,,,,
14288997,2026-02-13,Liga Portugal Betclic,Liga Portugal 25/26,22.0,Away,Santa Clara,1006069,António Silva,D,4,True,40.0,32.0,7.0,3.0,0.0,21.0,23.0,11.0,17.0,4.0,4.0,6.0,3.0,,,,,,,90.0,56.0,6.3,8.0,0.00441496,138.59142980643,12.0,68.281850751357,16.065680918381,,"{'original': 6.3, 'alternative': 7}",1,,0.05,0.09,-0.2,,"{'sportSlug': 'football', 'statisticsType': 'player'}",,,6.0,,,,5.0,,,,,30.98,9.94,15.0,21.211265898102,1.0,1.0,1.27,0.51,0.19,4.0,,,,1.0,0.0385,,-0.03,1.0,,,,,,,1.0,,,,,,,,,,,,
14288997,2026-02-13,Liga Portugal Betclic,Liga Portugal 25/26,22.0,Away,Santa Clara,1087316,Enzo Barrenechea,M,5,True,49.0,40.0,4.0,2.0,0.0,22.0,24.0,18.0,25.0,1.0,9.0,3.0,4.0,,,,,,,90.0,70.0,7.7,9.0,0.00947758,50.58943432633,9.0,21.777814999804,,,"{'original': 7.7, 'alternative': 7.6}",0,,0.15,0.03,0.37,,"{'sportSlug': 'football', 'statisticsType': 'player'}",,,,,,,5.0,6.0,2.0,,2.0,30.53,11.33,11.0,,0.0,,2.31,0.78,0.14,,,,,,,,,,,,,,,,,,,,,,,,,,,,
14288997,2026-02-13,Liga Portugal Betclic,Liga Portugal 25/26,22.0,Away,Santa Clara,1201395,Gianluca Prestianni,M,25,True,31.0,25.0,2.0,1.0,0.0,2.0,4.0,23.0,27.0,,7.0,,7.0,,,,,,,89.0,53.0,6.6,17.0,0.340491,70.743261639831,11.0,24.321917920916,,,"{'original': 6.6, 'alternative': 7.4}",1,,0.32,0.26,-0.15,,"{'sportSlug': 'football', 'statisticsType': 'player'}",8.0,1.0,8.0,1.0,4.0,,,2.0,1.0,2.0,2.0,31.36,9.7,16.0,,0.0,1.0,1.34,0.57,0.2,3.0,1.0,1.0,,1.0,0.1504,,-0.62,2.0,,,,3.0,,,,,,,,,,,,,,,
14288997,2026-02-13,Liga Portugal Betclic,Liga Portugal 25/26,22.0,Away,Santa Clara,906800,Leandro Barreiro,M,18,True,31.0,24.0,1.0,1.0,0.0,10.0,13.0,14.0,18.0,3.0,6.0,3.0,8.0,,,,,,,90.0,55.0,6.6,15.0,0.0231844,52.511482574195,8.0,15.068919112114,,,"{'original': 6.6, 'alternative': 7}",1,,-0.06,0.09,-0.02,,"{'sportSlug': 'football', 'statisticsType': 'player'}",,,5.0,2.0,,2.0,2.0,,,6.0,3.0,28.47,11.3,17.0,,0.0,,2.21,0.83,0.12,,,1.0,,1.0,0.1084,,-0.04,2.0,,,,,,,,,,,,,,,,,,,
14288997,2026-02-13,Liga Portugal Betclic,Liga Portugal 25/26,22.0,Away,Santa Clara,74915,Nicolás Otamendi,D,30,True,50.0,44.0,6.0,2.0,0.0,35.0,39.0,9.0,11.0,2.0,6.0,1.0,2.0,,,,,,,90.0,61.0,7.2,6.0,0.00317429,129.64807989829,16.0,53.740470630004,,,"{'original': 7.2, 'alternative': 7.3}",0,,0.11,0.07,0.2,,"{'sportSlug': 'football', 'statisticsType': 'player'}",,,1.0,,1.0,3.0,1.0,3.0,2.0,,,30.89,9.34,9.0,,0.0,,1.12,0.53,0.09,1.0,,,,,,,,,,,,1.0,,,,,,,,,,,,,,,
14288997,2026-02-13,Liga Portugal Betclic,Liga Portugal 25/26,22.0,Away,Santa Clara,252577,Rafa Silva,M,27,True,32.0,25.0,1.0,1.0,0.0,10.0,11.0,15.0,21.0,2.0,6.0,,3.0,,,,,,,79.0,49.0,6.4,13.0,0.0970783,91.597462254977,8.0,47.822245743016,24.847328144028,,"{'original': 6.4, 'alternative': 6.1}",3,,0.07,0.28,-0.14,,"{'sportSlug': 'football', 'statisticsType': 'player'}",,,7.0,4.0,,,,,,2.0,4.0,32.95,8.82,12.0,26.045681715018,1.0,,1.45,0.6,0.12,1.0,1.0,1.0,2.0,,0.3998,1.0306,0.11,2.0,,,,,,,,,,,,,,,,,,,
14288997,2026-02-13,Liga Portugal Betclic,Liga Portugal 25/26,22.0,Away,Santa Clara,993101,Samuel Dahl,D,26,True,44.0,30.0,7.0,,0.0,15.0,20.0,15.0,24.0,1.0,9.0,2.0,6.0,,,,,,,90.0,73.0,7.0,17.0,0.0143975,199.95840544965,19.0,147.20052863528,33.438769685309,,"{'original': 7, 'alternative': 6.8}",0,,0.1,0.21,-0.11,,"{'sportSlug': 'football', 'statisticsType': 'player'}",,,2.0,1.0,1.0,,1.0,2.0,1.0,,5.0,31.5,9.92,15.0,62.163678989357,2.0,,1.45,0.63,0.23,,,,,1.0,,,,,,,,1.0,,1.0,,,,,,,,,,,,,
14288997,2026-02-13,Liga Portugal Betclic,Liga Portugal 25/26,22.0,Away,Santa Clara,983542,Tomás Araújo,D,44,True,41.0,28.0,3.0,1.0,1.0,7.0,15.0,21.0,26.0,3.0,6.0,1.0,3.0,,,,,,,90.0,67.0,7.8,23.0,0.536248,92.922807062784,11.0,67.941378456154,20.768662836239,,"{'original': 7.8, 'alternative': 7.1}",0,,0.84,0.09,-0.21,,"{'sportSlug': 'football', 'statisticsType': 'player'}",4.0,1.0,2.0,,1.0,,,3.0,,2.0,,32.38,9.11,9.0,58.00621698306,3.0,2.0,0.95,0.38,0.11,,,,,,,,,1.0,,1.0,,,,,,,,,,,,,,,,,
14288997,2026-02-13,Liga Portugal Betclic,Liga Portugal 25/26,22.0,Away,Santa Clara,795236,Vangelis Pavlidis,F,14,True,16.0,12.0,1.0,1.0,0.0,5.0,6.0,7.0,10.0,1.0,4.0,,2.0,,,,,,,90.0,38.0,7.1,19.0,0.875283,79.989530217394,9.0,39.139181102061,,,"{'original': 7.1, 'alternative': 7.7}",1,,0.51,0.03,0.13,,"{'sportSlug': 'football', 'statisticsType': 'player'}",,,11.0,5.0,2.0,1.0,,1.0,,8.0,1.0,29.75,11.16,15.0,,0.0,2.0,2.08,0.55,0.13,5.0,,,1.0,,0.4212,0.9875,0.35,,1.0,2.0,,1.0,,,,,,,,,,,,,,,
14288997,2026-02-13,Liga Portugal Betclic,Liga Portugal 25/26,22.0,Away,Santa Clara,2163561,Anísio Cabral,F,72,False,,,,,,,,,,,,,,,,,,,,,,,,,,,,,,,0,,,,,,"{'sportSlug': 'football', 'statisticsType': 'player'}",,,,,,,,,,,,,,,,,,,,,,,,,,,,,,,,,,,,,,,,,,,,,,,,
14288997,2026-02-13,Liga Portugal Betclic,Liga Portugal 25/26,22.0,Away,Santa Clara,1961109,Daniel Banjaqui,D,58,False,,,,,,,,,,,,,,,,,,,,,,,,,,,,,,,0,,,,,,"{'sportSlug': 'football', 'statisticsType': 'player'}",,,,,,,,,,,,,,,,,,,,,,,,,,,,,,,,,,,,,,,,,,,,,,,,
14288997,2026-02-13,Liga Portugal Betclic,Liga Portugal 25/26,22.0,Away,Santa Clara,1489159,Diogo Ferreira,G,50,False,,,,,,,,,,,,,,,,,,,,,,,,,,,,,,,0,,,,,,"{'sportSlug': 'football', 'statisticsType': 'player'}",,,,,,,,,,,,,,,,,,,,,,,,,,,,,,,,,,,,,,,,,,,,,,,,
14288997,2026-02-13,Liga Portugal Betclic,Liga Portugal 25/26,22.0,Away,Santa Clara,823631,Dodi Lukebakio,M,11,False,,,,,,,,,,,,,,,,,,,,,,,,,,,,,,,0,,,,,,"{'sportSlug': 'football', 'statisticsType': 'player'}",,,,,,,,,,,,,,,,,,,,,,,,,,,,,,,,,,,,,,,,,,,,,,,,
14288997,2026-02-13,Liga Portugal Betclic,Liga Portugal 25/26,22.0,Away,Santa Clara,1103333,Franjo Ivanović,F,9,False,,,,,,,,,,,,,,,,,,,,,,,,,,,,,,,0,,,,,,"{'sportSlug': 'football', 'statisticsType': 'player'}",,,,,,,,,,,,,,,,,,,,,,,,,,,,,,,,,,,,,,,,,,,,,,,,
14288997,2026-02-13,Liga Portugal Betclic,Liga Portugal 25/26,22.0,Away,Santa Clara,1123925,Georgiy Sudakov,M,10,False,7.0,6.0,1.0,,0.0,2.0,2.0,4.0,5.0,,,,,,,,,,,11.0,15.0,6.3,7.0,0.0493489,22.766526188534,3.0,11.39298365485,,,"{'original': 6.3, 'alternative': 6.2}",1,,-0.02,0.06,-0.01,,"{'sportSlug': 'football', 'statisticsType': 'player'}",2.0,1.0,4.0,2.0,1.0,,,,,2.0,,27.63,1.98,4.0,,0.0,1.0,0.4,0.14,0.04,1.0,,,,,0.0337,,0.0,,,,,,,,1.0,,,,,,,,,,,,
14288997,2026-02-13,Liga Portugal Betclic,Liga Portugal 25/26,22.0,Away,Santa Clara,1432417,Gonçalo Oliveira,D,64,False,,,,,,,,,,,,,,,,,,,,,,,,,,,,,,,0,,,,,,"{'sportSlug': 'football', 'statisticsType': 'player'}",,,,,,,,,,,,,,,,,,,,,,,,,,,,,,,,,,,,,,,,,,,,,,,,
14288997,2026-02-13,Liga Portugal Betclic,Liga Portugal 25/26,22.0,Away,Santa Clara,1085740,Manu Silva,M,16,False,4.0,4.0,,,0.0,2.0,2.0,2.0,2.0,,,,1.0,,,,,,,1.0,4.0,,,0.00050158,12.869844875308,2.0,-6.3439923943653,,,,0,,,,,,"{'sportSlug': 'football', 'statisticsType': 'player'}",,,2.0,,,,,,,,,,,,,0.0,1.0,,,,1.0,,,,1.0,,,,,,,,,,,,,,,,,,,,,,,
14288997,2026-02-13,Liga Portugal Betclic,Liga Portugal 25/26,22.0,Away,Santa Clara,1117723,Sidny Lopes Cabral,D,15,False,6.0,5.0,2.0,1.0,0.0,2.0,2.0,3.0,4.0,,2.0,,1.0,,,,,,,22.0,15.0,6.8,5.0,0.00111276,59.61188734346,6.0,27.59920116929,19.851185880967,,"{'original': 6.8, 'alternative': 6.4}",2,,0.02,0.12,-0.01,,"{'sportSlug': 'football', 'statisticsType': 'player'}",2.0,,2.0,,2.0,,,,,,2.0,26.5,2.92,6.0,35.416522046465,2.0,,0.53,0.24,0.03,,,1.0,,,0.0363,,-0.2,,,,,,,,1.0,,,,,,,,,,,,
15452742,2026-02-17,"UEFA Champions League, Knockout stage",UEFA Champions League 25/26,636.0,Home,Real Madrid,1102791,Amar Dedić,D,17,True,41.0,30.0,6.0,1.0,0.0,8.0,13.0,22.0,28.0,1.0,8.0,4.0,6.0,,,,,,,90.0,71.0,7.0,16.0,0.211208,164.18232440266,17.0,120.78708257413,20.209653785269,,"{'original': 7, 'alternative': 7}",2,,0.32,0.35,-0.07,,"{'sportSlug': 'football', 'statisticsType': 'player'}",1.0,,8.0,2.0,4.0,,,4.0,3.0,,1.0,31.32,11.19003,11.0,88.462162488195,5.0,1.0,1.35,0.61,0.24,1.0,,,1.0,3.0,0.0703,0.029,-0.14,,,,,2.0,,,1.0,,,,,,3.39,5.6,,,,,
15452742,2026-02-17,"UEFA Champions League, Knockout stage",UEFA Champions League 25/26,636.0,Home,Real Madrid,966616,Anatoliy Trubin,G,1,True,17.0,11.0,8.0,2.0,0.0,10.0,11.0,1.0,6.0,2.0,2.0,2.0,7.0,4.0,,6.0,2.0,,,90.0,31.0,7.8,7.0,0.00023595,7.8000990495757,2.0,1.6144031305759,,0.9442,"{'original': 7.8, 'alternative': 8}",0,1.0328,-0.02,0.0,-0.06,0.68,"{'sportSlug': 'football', 'statisticsType': 'player'}",,,,,,,,,,,,20.232,4.98877,0.0,,0.0,,0.08,0.02,0.0,,,,,,,,,,,,,,,,,,,,1.0,,3.82,1.06,,,,,
15452742,2026-02-17,"UEFA Champions League, Knockout stage",UEFA Champions League 25/26,636.0,Home,Real Madrid,1100952,Andreas Schjelderup,M,21,True,27.0,20.0,,,0.0,6.0,8.0,14.0,19.0,,1.0,1.0,2.0,,,,,,,74.0,36.0,6.4,10.0,0.0361683,144.24294266734,14.0,99.422731903422,14.868441288308,,"{'original': 6.4, 'alternative': 6.8}",0,,-0.11,0.3,-0.09,,"{'sportSlug': 'football', 'statisticsType': 'player'}",1.0,,1.0,,2.0,,2.0,,,1.0,,30.564,8.63975,7.0,68.212920095891,5.0,,1.3,0.52,0.12,,,,,,,,,,,,,1.0,,,,,,,,,2.33,4.37,,,,,
15452742,2026-02-17,"UEFA Champions League, Knockout stage",UEFA Champions League 25/26,636.0,Home,Real Madrid,228364,Fredrik Aursnes,M,8,True,56.0,49.0,5.0,3.0,0.0,15.0,18.0,34.0,38.0,,,3.0,3.0,,,,,,,80.0,69.0,6.8,8.0,0.0878652,107.10707043504,16.0,58.326997984276,10.959326546875,,"{'original': 6.8, 'alternative': 7.3}",1,,0.27,0.18,0.15,,"{'sportSlug': 'football', 'statisticsType': 'player'}",2.0,2.0,2.0,1.0,,1.0,1.0,,,,,27.972,10.41911,4.0,11.206124040006,1.0,1.0,1.96,0.49,0.07,1.0,,,1.0,,0.0246,0.1269,0.01,,,,,,,,,,,,,,2.12,5.77,,,,,
15452742,2026-02-17,"UEFA Champions League, Knockout stage",UEFA Champions League 25/26,636.0,Home,Real Madrid,1201395,Gianluca Prestianni,M,25,True,18.0,13.0,1.0,,0.0,2.0,4.0,11.0,14.0,,3.0,,3.0,,,,,,,81.0,43.0,6.2,17.0,0.064251,138.59896673435,9.0,85.463932645843,37.759362861426,,"{'original': 6.2, 'alternative': 6.4}",3,,0.08,0.4,-0.12,,"{'sportSlug': 'football', 'statisticsType': 'player'}",3.0,,8.0,5.0,2.0,,,2.0,1.0,2.0,,29.52,9.70148,7.0,116.16009971145,5.0,,1.41,0.54,0.12,1.0,,2.0,,1.0,0.1193,,-0.13,1.0,,,,1.0,,,1.0,,,,,,2.47,5.15,,,,,
15452742,2026-02-17,"UEFA Champions League, Knockout stage",UEFA Champions League 25/26,636.0,Home,Real Madrid,906800,Leandro Barreiro,M,18,True,54.0,45.0,3.0,,0.0,14.0,20.0,31.0,34.0,1.0,6.0,2.0,4.0,,,,,,,90.0,68.0,6.8,15.0,0.025702,162.55319777925,20.0,91.719385154925,25.576696797562,,"{'original': 6.8, 'alternative': 6.7}",0,,0.12,0.29,0.15,,"{'sportSlug': 'football', 'statisticsType': 'player'}",,,5.0,1.0,,,,4.0,2.0,5.0,1.0,30.024,12.97923,8.0,40.789282340318,2.0,,2.28,0.77,0.17,2.0,,,,1.0,,,,1.0,,,,,,,,,,,,,2.85,6.91,,,,,
15452742,2026-02-17,"UEFA Champions League, Knockout stage",UEFA Champions League 25/26,636.0,Home,Real Madrid,74915,Nicolás Otamendi,D,30,True,38.0,35.0,1.0,1.0,0.0,18.0,19.0,17.0,19.0,1.0,3.0,3.0,5.0,,,,,,,90.0,52.0,7.0,3.0,0.0135269,141.2731699017,12.0,89.191823672449,16.543658616093,,"{'original': 7, 'alternative': 7}",0,,0.19,0.12,0.0,,"{'sportSlug': 'football', 'statisticsType': 'player'}",,,,,,1.0,1.0,1.0,,,1.0,29.628,10.21277,5.0,35.62357912244,2.0,,1.34,0.49,0.1,,,,,,,,,,,,,,,,,,,,,,3.4,4.88,,,,,
15452742,2026-02-17,"UEFA Champions League, Knockout stage",UEFA Champions League 25/26,636.0,Home,Real Madrid,252577,Rafa Silva,M,27,True,22.0,17.0,,,0.0,6.0,7.0,11.0,15.0,,4.0,,1.0,,,,,,,74.0,31.0,6.4,8.0,0.187732,97.172700334308,8.0,54.131747186762,25.268795677323,,"{'original': 6.4, 'alternative': 6.5}",1,,0.18,0.14,-0.12,,"{'sportSlug': 'football', 'statisticsType': 'player'}",1.0,1.0,6.0,1.0,3.0,,,1.0,,,2.0,31.356,9.52772,9.0,53.819265976097,2.0,,1.74,0.67,0.22,2.0,,1.0,,,0.1333,,-0.39,1.0,,,,1.0,,1.0,,,,,,,2.08,4.82,,,,,
15452742,2026-02-17,"UEFA Champions League, Knockout stage",UEFA Champions League 25/26,636.0,Home,Real Madrid,993101,Samuel Dahl,D,26,True,61.0,50.0,5.0,2.0,0.0,19.0,24.0,31.0,37.0,,4.0,,9.0,,,,,,,90.0,76.0,7.0,13.0,0.0204667,199.88012954514,26.0,125.23209348884,25.698957706472,,"{'original': 7, 'alternative': 7.3}",0,,0.12,0.21,0.19,,"{'sportSlug': 'football', 'statisticsType': 'player'}",,,1.0,,1.0,2.0,1.0,2.0,2.0,,1.0,31.104,11.64463,10.0,35.558610223123,1.0,1.0,1.63,0.6,0.21,1.0,,,,,,,,,,,,1.0,,,,,,,,,3.21,5.99,,,,,
15452742,2026-02-17,"UEFA Champions League, Knockout stage",UEFA Champions League 25/26,636.0,Home,Real Madrid,983542,Tomás Araújo,D,44,True,49.0,38.0,8.0,1.0,0.0,20.0,24.0,18.0,25.0,1.0,5.0,10.0,7.0,,,,,,,90.0,70.0,7.1,11.0,0.0179172,228.621428901,24.0,135.54923972238,26.88085297434,,"{'original': 7.1, 'alternative': 7.5}",1,,0.16,0.27,0.25,,"{'sportSlug': 'football', 'statisticsType': 'player'}",,,2.0,,,1.0,2.0,4.0,3.0,,,30.708,10.36361,9.0,59.912331377819,2.0,,1.18,0.48,0.16,1.0,,,1.0,,0.0178,0.0149,-0.05,1.0,,,,,,,,,,,,,3.4,5.14,,,,,
15452742,2026-02-17,"UEFA Champions League, Knockout stage",UEFA Champions League 25/26,636.0,Home,Real Madrid,795236,Vangelis Pavlidis,F,14,True,26.0,18.0,,,0.0,9.0,12.0,9.0,14.0,1.0,3.0,,,,,,,,,90.0,38.0,6.1,11.0,0.0550465,34.36676500141,5.0,9.1164277936117,,,"{'original': 6.1, 'alternative': 6.6}",0,,-0.18,-0.27,-0.03,,"{'sportSlug': 'football', 'statisticsType': 'player'}",,,5.0,2.0,1.0,,,1.0,,1.0,,30.384,12.4045,11.0,,0.0,,1.94,0.83,0.23,3.0,,,,,,,,,,,,1.0,,,,,,,,,3.19,6.22,,,,,
15452742,2026-02-17,"UEFA Champions League, Knockout stage",UEFA Champions League 25/26,636.0,Home,Real Madrid,850976,Alexander Bah,D,6,False,,,,,,,,,,,,,,,,,,,,,,,,,,,,,,,0,,,,,,"{'sportSlug': 'football', 'statisticsType': 'player'}",,,,,,,,,,,,,,,,,,,,,,,,,,,,,,,,,,,,,,,,,,,,,,,,
15452742,2026-02-17,"UEFA Champions League, Knockout stage",UEFA Champions League 25/26,636.0,Home,Real Madrid,1006069,António Silva,D,4,False,,,,,,,,,,,,,,,,,,,,,,,,,,,,,,,0,,,,,,"{'sportSlug': 'football', 'statisticsType': 'player'}",,,,,,,,,,,,,,,,,,,,,,,,,,,,,,,,,,,,,,,,,,,,,,,,
15452742,2026-02-17,"UEFA Champions League, Knockout stage",UEFA Champions League 25/26,636.0,Home,Real Madrid,2163561,Anísio Cabral,F,72,False,,,,,,,,,,,,,,,,,,,,,,,,,,,,,,,0,,,,,,"{'sportSlug': 'football', 'statisticsType': 'player'}",,,,,,,,,,,,,,,,,,,,,,,,,,,,,,,,,,,,,,,,,,,,,,,,
15452742,2026-02-17,"UEFA Champions League, Knockout stage",UEFA Champions League 25/26,636.0,Home,Real Madrid,97012,Bruma,F,7,False,,,,,,,,,,,,,,,,,,,,,,,,,,,,,,,0,,,,,,"{'sportSlug': 'football', 'statisticsType': 'player'}",,,,,,,,,,,,,,,,,,,,,,,,,,,,,,,,,,,,,,,,,,,,,,,,
15452742,2026-02-17,"UEFA Champions League, Knockout stage",UEFA Champions League 25/26,636.0,Home,Real Madrid,1489159,Diogo Ferreira,G,50,False,,,,,,,,,,,,,,,,,,,,,,,,,,,,,,,0,,,,,,"{'sportSlug': 'football', 'statisticsType': 'player'}",,,,,,,,,,,,,,,,,,,,,,,,,,,,,,,,,,,,,,,,,,,,,,,,
15452742,2026-02-17,"UEFA Champions League, Knockout stage",UEFA Champions League 25/26,636.0,Home,Real Madrid,823631,Dodi Lukebakio,M,11,False,6.0,3.0,,,0.0,1.0,2.0,2.0,4.0,,,,1.0,,,,,,,9.0,9.0,6.4,5.0,0.00256571,30.529438803879,3.0,26.978921622562,20.755274746747,,"{'original': 6.4, 'alternative': 6.4}",0,,-0.1,0.09,0.14,,"{'sportSlug': 'football', 'statisticsType': 'player'}",1.0,,1.0,1.0,,,,,,,,31.248,2.23685,2.0,21.928831455415,1.0,,0.3,0.13,0.06,,,,,,,,,,,,,,,,,,,,,,0.67,1.08,,,,,
15452742,2026-02-17,"UEFA Champions League, Knockout stage",UEFA Champions League 25/26,636.0,Home,Real Madrid,1087316,Enzo Barrenechea,M,5,False,,,,,,,,,,,,,,,,,,,,,,,,,,,,,,,0,,,,,,"{'sportSlug': 'football', 'statisticsType': 'player'}",,,,,,,,,,,,,,,,,,,,,,,,,,,,,,,,,,,,,,,,,,,,,,,,
15452742,2026-02-17,"UEFA Champions League, Knockout stage",UEFA Champions League 25/26,636.0,Home,Real Madrid,1103333,Franjo Ivanović,F,9,False,,,,,,,,,,,,,,,,,,,,,,,,,,,,,,,0,,,,,,"{'sportSlug': 'football', 'statisticsType': 'player'}",,,,,,,,,,,,,,,,,,,,,,,,,,,,,,,,,,,,,,,,,,,,,,,,
15452742,2026-02-17,"UEFA Champions League, Knockout stage",UEFA Champions League 25/26,636.0,Home,Real Madrid,1123925,Georgiy Sudakov,M,10,False,10.0,8.0,1.0,,0.0,3.0,4.0,5.0,6.0,,1.0,,1.0,,,,,,,16.0,13.0,6.6,3.0,0.0440361,58.237546382678,4.0,8.2667277147596,15.84869497008,,"{'original': 6.6, 'alternative': 6.5}",0,,0.1,0.06,-0.01,,"{'sportSlug': 'football', 'statisticsType': 'player'}",1.0,,2.0,,,,,1.0,,,,29.232,3.37746,4.0,19.069517980274,1.0,,0.62,0.26,0.08,1.0,,,,1.0,,,,,,,,,,,,,,,,,0.78,1.63,,,,,
15452742,2026-02-17,"UEFA Champions League, Knockout stage",UEFA Champions League 25/26,636.0,Home,Real Madrid,1085740,Manu Silva,M,16,False,,,,,,,,,,,,,,,,,,,,,,,,,,,,,,,0,,,,,,"{'sportSlug': 'football', 'statisticsType': 'player'}",,,,,,,,,,,,,,,,,,,,,,,,,,,,,,,,,,,,,,,,,,,,,,,,
15452742,2026-02-17,"UEFA Champions League, Knockout stage",UEFA Champions League 25/26,636.0,Home,Real Madrid,1015292,Richard Ríos,M,20,False,12.0,11.0,1.0,1.0,0.0,3.0,3.0,8.0,9.0,,2.0,,,,,,,,,16.0,14.0,6.8,1.0,0.026956,48.60856205873,5.0,16.512213019696,14.030186445163,,"{'original': 6.8, 'alternative': 7}",0,,0.07,0.05,0.14,,"{'sportSlug': 'football', 'statisticsType': 'player'}",,,1.0,,,,,1.0,1.0,,1.0,29.592,3.36693,4.0,17.454227253018,1.0,1.0,0.66,0.29,0.07,1.0,,,,,,,,,,,,,,,,,,,,,0.82,1.52,,,,,
15452742,2026-02-17,"UEFA Champions League, Knockout stage",UEFA Champions League 25/26,636.0,Home,Real Madrid,1117723,Sidny Lopes Cabral,D,15,False,7.0,7.0,,,0.0,3.0,3.0,4.0,4.0,,,,1.0,,,,,,,10.0,11.0,6.7,2.0,0.0103246,41.308976659145,4.0,26.358944968898,8.0046680484861,,"{'original': 6.7, 'alternative': 6.6}",2,,-0.07,0.08,-0.01,,"{'sportSlug': 'football', 'statisticsType': 'player'}",2.0,,,,,,,,,,,30.6,2.45956,4.0,8.1399793611532,1.0,,0.39,0.25,0.12,,,1.0,,,0.1021,,0.01,,,,,,,,1.0,,,,,,0.66,1.04,,,,,
14289000,2026-02-21,Liga Portugal Betclic,Liga Portugal 25/26,23.0,Home,AVS - Futebol SAD,850976,Alexander Bah,D,6,True,27.0,22.0,3.0,2.0,0.0,13.0,13.0,9.0,14.0,1.0,5.0,,3.0,,,,,,,71.0,58.0,7.1,17.0,0.0139891,80.039745276571,10.0,35.34362217734,20.171001835315,,"{'original': 7.1, 'alternative': 7.1}",1,,0.03,-0.54,0.14,,"{'sportSlug': 'football', 'statisticsType': 'player'}",1.0,,8.0,1.0,4.0,,1.0,2.0,1.0,3.0,1.0,,,,28.33882511679,1.0,,,,,3.0,,,1.0,1.0,0.5159,0.7935,0.32,,1.0,,,1.0,,,,,,,,,,,,,,,
14289000,2026-02-21,Liga Portugal Betclic,Liga Portugal 25/26,23.0,Home,AVS - Futebol SAD,966616,Anatoliy Trubin,G,1,True,11.0,9.0,3.0,1.0,0.0,8.0,8.0,1.0,3.0,,,,5.0,,,,,,,90.0,15.0,6.7,2.0,0.00015554,16.833849084815,2.0,5.5158066290339,,,"{'original': 6.7, 'alternative': 6.8}",0,,0.02,0.02,0.19,,"{'sportSlug': 'football', 'statisticsType': 'player'}",,,,,,,,,,,,,,,,0.0,,,,,,,,,,,,,,,,,,,,,,,,1.0,,,,,,,,
14289000,2026-02-21,Liga Portugal Betclic,Liga Portugal 25/26,23.0,Home,AVS - Futebol SAD,1100952,Andreas Schjelderup,M,21,True,38.0,34.0,,,0.0,5.0,5.0,29.0,33.0,,3.0,,3.0,,,,,,,71.0,59.0,8.6,13.0,1.19726,201.6949019764,25.0,108.25444512875,19.36864413125,,"{'original': 8.6, 'alternative': 7.9}",2,,1.0,0.41,-0.05,,"{'sportSlug': 'football', 'statisticsType': 'player'}",3.0,2.0,6.0,,6.0,,,1.0,,1.0,1.0,,,,95.15269824082,6.0,4.0,,,,,,,1.0,,0.1709,0.1449,-0.44,1.0,,3.0,,1.0,,,1.0,,,,,,,,,,,,
14289000,2026-02-21,Liga Portugal Betclic,Liga Portugal 25/26,23.0,Home,AVS - Futebol SAD,1006069,António Silva,D,4,True,60.0,56.0,7.0,6.0,0.0,23.0,26.0,33.0,34.0,2.0,2.0,5.0,6.0,,,,,,,90.0,72.0,7.6,4.0,0.0437905,309.02890922557,27.0,162.03775735976,23.836139892814,,"{'original': 7.6, 'alternative': 7.4}",1,,0.47,0.28,0.23,,"{'sportSlug': 'football', 'statisticsType': 'player'}",,,4.0,,,,1.0,,,,,,,,118.09912965718,6.0,,,,,4.0,,,,,0.0358,,-0.02,,,,,,,,1.0,,,,,,,,,,,,
14289000,2026-02-21,Liga Portugal Betclic,Liga Portugal 25/26,23.0,Home,AVS - Futebol SAD,1087316,Enzo Barrenechea,M,5,True,79.0,71.0,7.0,4.0,0.0,24.0,27.0,47.0,52.0,2.0,6.0,2.0,3.0,,,,,,,90.0,93.0,8.6,10.0,0.0536017,275.67138841615,29.0,176.43774324999,36.645332815166,,"{'original': 8.6, 'alternative': 8.2}",4,,0.38,0.28,0.19,,"{'sportSlug': 'football', 'statisticsType': 'player'}",,,4.0,,1.0,,,2.0,2.0,1.0,2.0,,,,101.59290744273,4.0,1.0,,,,1.0,,2.0,2.0,2.0,0.2231,0.4599,0.47,,1.0,,,,,,,,,,,,,,,,,,
14289000,2026-02-21,Liga Portugal Betclic,Liga Portugal 25/26,23.0,Home,AVS - Futebol SAD,1961117,José Neto,D,62,True,60.0,50.0,3.0,2.0,0.0,20.0,23.0,30.0,37.0,2.0,5.0,5.0,5.0,,,,,,,90.0,84.0,7.5,14.0,0.029249,149.4629542115,18.0,67.336215818406,13.775610202077,,"{'original': 7.5, 'alternative': 8}",2,,0.02,0.16,0.46,,"{'sportSlug': 'football', 'statisticsType': 'player'}",2.0,,1.0,,,1.0,1.0,1.0,1.0,2.0,2.0,,,,29.132333703724,2.0,,,,,,,1.0,,1.0,0.0802,,-0.01,,,,,,,1.0,1.0,,,,,,,,,,,,
14289000,2026-02-21,Liga Portugal Betclic,Liga Portugal 25/26,23.0,Home,AVS - Futebol SAD,74915,Nicolás Otamendi,D,30,True,42.0,41.0,8.0,7.0,0.0,21.0,22.0,20.0,20.0,3.0,4.0,4.0,5.0,,,,,,,45.0,49.0,7.5,1.0,0.00805256,207.20927570896,24.0,117.71239924893,,,"{'original': 7.5, 'alternative': 7.1}",0,,0.28,0.16,0.19,,"{'sportSlug': 'football', 'statisticsType': 'player'}",,,2.0,,,,1.0,1.0,,,,,,,,0.0,,,,,1.0,,,,1.0,,,,,,,,,,,,,,,,,,,,,,,
14289000,2026-02-21,Liga Portugal Betclic,Liga Portugal 25/26,23.0,Home,AVS - Futebol SAD,252577,Rafa Silva,M,27,True,35.0,33.0,,,0.0,5.0,5.0,28.0,30.0,,2.0,,2.0,,,,,,,86.0,43.0,8.1,4.0,0.310095,103.74073514345,15.0,23.273501283481,13.712003168047,,"{'original': 8.1, 'alternative': 7.7}",2,,0.61,0.39,-0.03,,"{'sportSlug': 'football', 'statisticsType': 'player'}",1.0,1.0,1.0,,1.0,,,,,2.0,1.0,,,,42.16970199611,4.0,1.0,,,,,1.0,,2.0,,0.6496,1.1277,0.42,1.0,1.0,,,1.0,,,,,,,,,,,,,,,
14289000,2026-02-21,Liga Portugal Betclic,Liga Portugal 25/26,23.0,Home,AVS - Futebol SAD,1015292,Richard Ríos,M,20,True,50.0,41.0,2.0,1.0,1.0,16.0,17.0,25.0,33.0,3.0,4.0,,2.0,,,,,,,90.0,62.0,6.8,14.0,0.0656745,168.94925507816,18.0,88.689044637512,20.137136195856,,"{'original': 6.8, 'alternative': 6.9}",3,,0.26,0.16,0.13,,"{'sportSlug': 'football', 'statisticsType': 'player'}",4.0,1.0,3.0,2.0,,,,,,,1.0,,,,20.890240041704,1.0,1.0,,,,1.0,1.0,2.0,,,0.6747,,-0.64,,,,,,,1.0,1.0,,,,,,,,,,,,
14289000,2026-02-21,Liga Portugal Betclic,Liga Portugal 25/26,23.0,Home,AVS - Futebol SAD,1117723,Sidny Lopes Cabral,D,15,True,46.0,41.0,1.0,,1.0,10.0,10.0,31.0,36.0,,1.0,1.0,2.0,,,,,,,90.0,78.0,7.4,26.0,0.649529,203.12512914408,22.0,105.52166585846,28.940852603449,,"{'original': 7.4, 'alternative': 7}",2,,0.82,0.34,-0.19,,"{'sportSlug': 'football', 'statisticsType': 'player'}",13.0,2.0,8.0,1.0,2.0,,,1.0,1.0,4.0,,,,,55.179682993067,2.0,3.0,,,,,,1.0,,1.0,0.1439,,-0.38,4.0,,,,,,,1.0,,,,,1.0,,,,,,,
14289000,2026-02-21,Liga Portugal Betclic,Liga Portugal 25/26,23.0,Home,AVS - Futebol SAD,795236,Vangelis Pavlidis,F,14,True,25.0,16.0,,,0.0,5.0,6.0,11.0,19.0,3.0,8.0,,4.0,,,,,,,81.0,41.0,6.9,13.0,0.120602,142.0065110291,17.0,39.683418089556,9.6147544353554,,"{'original': 6.9, 'alternative': 6.8}",5,,0.19,0.29,-0.04,,"{'sportSlug': 'football', 'statisticsType': 'player'}",1.0,,7.0,2.0,3.0,,,,,,3.0,,,,17.079161486487,2.0,2.0,,,,3.0,2.0,1.0,3.0,,1.2382,1.2024,-0.13,1.0,,1.0,,2.0,,1.0,1.0,,,,,,,,,,,,
14289000,2026-02-21,Liga Portugal Betclic,Liga Portugal 25/26,23.0,Home,AVS - Futebol SAD,1102791,Amar Dedić,D,17,False,,,,,,,,,,,,,,,,,,,,,,,,,,,,,,,0,,,,,,"{'sportSlug': 'football', 'statisticsType': 'player'}",,,,,,,,,,,,,,,,,,,,,,,,,,,,,,,,,,,,,,,,,,,,,,,,
14289000,2026-02-21,Liga Portugal Betclic,Liga Portugal 25/26,23.0,Home,AVS - Futebol SAD,2163561,Anísio Cabral,F,72,False,2.0,1.0,,,0.0,1.0,1.0,,1.0,,,,1.0,,,,,,,9.0,8.0,6.2,5.0,4.03e-06,,,,,,"{'original': 6.2, 'alternative': 6.5}",0,,-0.1,-0.22,0.14,,"{'sportSlug': 'football', 'statisticsType': 'player'}",,,3.0,2.0,1.0,,,,,1.0,,,,,,,,,,,,,,,,,,,,,,,,,,,,,,,,,,,,,,
14289000,2026-02-21,Liga Portugal Betclic,Liga Portugal 25/26,23.0,Home,AVS - Futebol SAD,1489159,Diogo Ferreira,G,50,False,,,,,,,,,,,,,,,,,,,,,,,,,,,,,,,0,,,,,,"{'sportSlug': 'football', 'statisticsType': 'player'}",,,,,,,,,,,,,,,,,,,,,,,,,,,,,,,,,,,,,,,,,,,,,,,,
14289000,2026-02-21,Liga Portugal Betclic,Liga Portugal 25/26,23.0,Home,AVS - Futebol SAD,1146008,Diogo Prioste,M,86,False,7.0,7.0,1.0,1.0,0.0,4.0,4.0,3.0,3.0,,1.0,,1.0,,,,,,,8.0,8.0,6.7,,0.00130853,22.258288911863,5.0,2.0737409440069,,,"{'original': 6.7, 'alternative': 6.6}",0,,-0.04,-0.01,0.13,,"{'sportSlug': 'football', 'statisticsType': 'player'}",,,,,,,,,,,1.0,,,,,0.0,,,,,,,,,,,,,,,,,,,,,,,,,,,,,,,,
14289000,2026-02-21,Liga Portugal Betclic,Liga Portugal 25/26,23.0,Home,AVS - Futebol SAD,823631,Dodi Lukebakio,M,11,False,14.0,11.0,1.0,,0.0,1.0,3.0,10.0,11.0,,1.0,1.0,2.0,,,,,,,19.0,25.0,6.6,8.0,0.552959,103.67941426026,11.0,58.851296205669,12.029352547722,,"{'original': 6.6, 'alternative': 6.7}",0,,-0.03,0.23,-0.01,,"{'sportSlug': 'football', 'statisticsType': 'player'}",5.0,2.0,2.0,1.0,1.0,,1.0,,,,1.0,,,,52.682495723924,4.0,1.0,,,,,,,,,,,,,,,,,,,,,,,,,,,,,,,
14289000,2026-02-21,Liga Portugal Betclic,Liga Portugal 25/26,23.0,Home,AVS - Futebol SAD,1103333,Franjo Ivanović,F,9,False,8.0,7.0,,,0.0,1.0,2.0,6.0,6.0,,,,,,,,,,,19.0,13.0,6.6,3.0,0.191116,100.17391604457,6.0,52.786599307414,22.681174708984,,"{'original': 6.6, 'alternative': 6.7}",0,,0.28,0.13,0.15,,"{'sportSlug': 'football', 'statisticsType': 'player'}",2.0,1.0,1.0,,1.0,,,,,,,,,,74.793757746307,3.0,,,,,,,,,,,,,,,,,,,1.0,,,,,,,,,,,,,
14289000,2026-02-21,Liga Portugal Betclic,Liga Portugal 25/26,23.0,Home,AVS - Futebol SAD,906800,Leandro Barreiro,M,18,False,,,,,,,,,,,,,,,,,,,,,,,,,,,,,,,0,,,,,,"{'sportSlug': 'football', 'statisticsType': 'player'}",,,,,,,,,,,,,,,,,,,,,,,,,,,,,,,,,,,,,,,,,,,,,,,,
14289000,2026-02-21,Liga Portugal Betclic,Liga Portugal 25/26,23.0,Home,AVS - Futebol SAD,993101,Samuel Dahl,D,26,False,,,,,,,,,,,,,,,,,,,,,,,,,,,,,,,0,,,,,,"{'sportSlug': 'football', 'statisticsType': 'player'}",,,,,,,,,,,,,,,,,,,,,,,,,,,,,,,,,,,,,,,,,,,,,,,,
14289000,2026-02-21,Liga Portugal Betclic,Liga Portugal 25/26,23.0,Home,AVS - Futebol SAD,983542,Tomás Araújo,D,44,False,35.0,31.0,2.0,1.0,0.0,12.0,12.0,19.0,23.0,2.0,5.0,1.0,3.0,,,,,,,45.0,44.0,7.2,7.0,0.0142934,147.33135062443,16.0,97.784680759267,25.631172991857,,"{'original': 7.2, 'alternative': 6.9}",0,,0.25,0.18,0.14,,"{'sportSlug': 'football', 'statisticsType': 'player'}",,,5.0,1.0,1.0,,1.0,2.0,1.0,,,,,,57.363638114921,2.0,,,,,2.0,,,,1.0,,,,1.0,,,,1.0,,,,,,,,,,,,,,,
15452752,2026-02-25,"UEFA Champions League, Knockout stage",UEFA Champions League 25/26,636.0,Away,Real Madrid,1102791,Amar Dedić,D,17,True,41.0,32.0,6.0,1.0,0.0,19.0,23.0,13.0,18.0,,3.0,4.0,5.0,,,,,,,90.0,63.0,6.0,15.0,0.0570638,171.70547261229,17.0,99.309083514136,22.331373484989,,"{'original': 6, 'alternative': 6.3}",0,,0.05,0.21,-0.37,,"{'sportSlug': 'football', 'statisticsType': 'player'}",3.0,,5.0,,4.0,,3.0,1.0,,1.0,,32.184,10.65133,15.0,60.155959127153,3.0,,1.36,0.55,0.32,,,,,1.0,,,,2.0,,,,2.0,,,,,,,,,3.33,5.09,,,,,
15452752,2026-02-25,"UEFA Champions League, Knockout stage",UEFA Champions League 25/26,636.0,Away,Real Madrid,966616,Anatoliy Trubin,G,1,True,24.0,20.0,5.0,1.0,0.0,19.0,20.0,1.0,4.0,,,1.0,5.0,,,2.0,,1.0,1.0,90.0,31.0,5.9,4.0,0.00014986,24.978287551769,6.0,12.727462854366,,0.0863,"{'original': 5.9, 'alternative': 6.3}",0,-1.1266,0.02,-0.03,-0.2,-0.76,"{'sportSlug': 'football', 'statisticsType': 'player'}",,,,,,,,,,,,20.844,5.15364,0.0,,0.0,,0.07,0.01,0.0,,,,,,,,,,,,,,,,,,,,,,3.79,1.28,,,,,
15452752,2026-02-25,"UEFA Champions League, Knockout stage",UEFA Champions League 25/26,636.0,Away,Real Madrid,1100952,Andreas Schjelderup,M,21,True,22.0,16.0,1.0,,0.0,8.0,8.0,8.0,14.0,,5.0,,,,,,,,,85.0,41.0,7.0,15.0,0.716425,117.59577370525,13.0,87.748755659836,20.726003303533,,"{'original': 7, 'alternative': 7.1}",1,,0.25,0.47,-0.13,,"{'sportSlug': 'football', 'statisticsType': 'player'}",5.0,2.0,6.0,2.0,7.0,,,,,1.0,1.0,32.112,9.40901,15.0,69.574371096858,4.0,4.0,1.3,0.6,0.32,,,,,1.0,0.0325,,-0.02,,,1.0,,4.0,,,1.0,,,,,,2.89,4.3,,,,,
15452752,2026-02-25,"UEFA Champions League, Knockout stage",UEFA Champions League 25/26,636.0,Away,Real Madrid,228364,Fredrik Aursnes,M,8,True,47.0,42.0,4.0,2.0,0.0,18.0,19.0,24.0,28.0,1.0,4.0,,3.0,,,,,,,85.0,57.0,6.7,9.0,0.163712,114.39402761117,15.0,41.742754128363,,,"{'original': 6.7, 'alternative': 6.8}",0,,0.3,0.05,-0.25,,"{'sportSlug': 'football', 'statisticsType': 'player'}",5.0,2.0,3.0,,,,1.0,3.0,,1.0,,27.792,10.42366,3.0,,0.0,2.0,1.97,0.51,0.06,,,,,,,,,3.0,,,,,,,,,,,,,2.29,5.6,,,,,
15452752,2026-02-25,"UEFA Champions League, Knockout stage",UEFA Champions League 25/26,636.0,Away,Real Madrid,906800,Leandro Barreiro,M,18,True,48.0,43.0,,,0.0,27.0,28.0,16.0,20.0,,5.0,,5.0,,,,,,,89.0,62.0,6.2,11.0,0.0478198,108.15517844451,17.0,49.347637289322,13.768860724864,,"{'original': 6.2, 'alternative': 6.6}",1,,-0.15,0.11,-0.06,,"{'sportSlug': 'football', 'statisticsType': 'player'}",,,9.0,2.0,1.0,1.0,,1.0,1.0,3.0,4.0,27.9,11.51113,4.0,13.778579353475,1.0,,2.13,0.63,0.07,2.0,,,1.0,4.0,0.0304,0.1611,-0.07,,,,,,,,,,,,,,2.58,6.1,,,,,
15452752,2026-02-25,"UEFA Champions League, Knockout stage",UEFA Champions League 25/26,636.0,Away,Real Madrid,74915,Nicolás Otamendi,D,30,True,70.0,63.0,11.0,8.0,0.0,47.0,48.0,16.0,22.0,3.0,6.0,4.0,2.0,,,,,,,90.0,79.0,6.8,7.0,0.00791666,190.20531125215,24.0,102.11462987434,13.864136448472,,"{'original': 6.8, 'alternative': 6.5}",0,,0.09,0.16,-0.37,,"{'sportSlug': 'football', 'statisticsType': 'player'}",,,1.0,,,1.0,,3.0,2.0,,,28.26,10.48572,5.0,13.970958771681,1.0,,1.41,0.44,0.07,,,,,1.0,,,,,,,,,1.0,,,,,,,,3.18,5.37,,,,,
15452752,2026-02-25,"UEFA Champions League, Knockout stage",UEFA Champions League 25/26,636.0,Away,Real Madrid,252577,Rafa Silva,M,27,True,24.0,20.0,,,0.0,10.0,12.0,10.0,12.0,,4.0,,,,,,,,,90.0,34.0,6.8,6.0,0.056962,100.41447547422,9.0,56.739828557635,33.231869136846,,"{'original': 6.8, 'alternative': 7.5}",4,,-0.43,0.21,-0.13,,"{'sportSlug': 'football', 'statisticsType': 'player'}",,,2.0,1.0,2.0,,,,,1.0,2.0,31.536,12.48,16.0,53.305569257736,2.0,2.0,2.27,1.05,0.37,1.0,1.0,1.0,2.0,,0.9604,0.617,0.28,,1.0,,,2.0,,,1.0,,,,,1.0,2.9,5.89,,,,,
15452752,2026-02-25,"UEFA Champions League, Knockout stage",UEFA Champions League 25/26,636.0,Away,Real Madrid,1015292,Richard Ríos,M,20,True,24.0,21.0,1.0,1.0,0.0,9.0,10.0,12.0,14.0,2.0,8.0,1.0,3.0,,,,,,,90.0,43.0,6.8,5.0,0.0310625,121.22399422912,15.0,57.494588541429,,,"{'original': 6.8, 'alternative': 6.9}",4,,0.18,0.3,-0.23,,"{'sportSlug': 'football', 'statisticsType': 'player'}",,,7.0,,3.0,,2.0,2.0,1.0,1.0,3.0,29.7,11.6172,11.0,,0.0,,1.87,0.68,0.19,1.0,,1.0,1.0,1.0,0.1303,0.5508,0.19,4.0,,,,2.0,,,2.0,,,,,,3.22,5.67,,,,,
15452752,2026-02-25,"UEFA Champions League, Knockout stage",UEFA Champions League 25/26,636.0,Away,Real Madrid,993101,Samuel Dahl,D,26,True,48.0,46.0,1.0,1.0,0.0,30.0,31.0,16.0,17.0,1.0,4.0,1.0,3.0,,,,,,,90.0,62.0,6.6,4.0,0.188775,125.75691431845,17.0,45.107770350964,,,"{'original': 6.6, 'alternative': 6.4}",0,,0.36,0.08,-0.31,,"{'sportSlug': 'football', 'statisticsType': 'player'}",2.0,1.0,3.0,,1.0,,,2.0,1.0,,1.0,29.844,11.02581,9.0,,0.0,,1.59,0.58,0.17,1.0,,,,,,,,1.0,,,,,,,,,,,,,3.13,5.56,,,,,
15452752,2026-02-25,"UEFA Champions League, Knockout stage",UEFA Champions League 25/26,636.0,Away,Real Madrid,983542,Tomás Araújo,D,44,True,52.0,47.0,4.0,2.0,0.0,25.0,26.0,22.0,26.0,1.0,2.0,7.0,1.0,,,,,,,90.0,69.0,6.7,8.0,0.0145853,191.85585865783,17.0,116.46521924866,29.814586815461,,"{'original': 6.7, 'alternative': 6.8}",0,,0.25,0.09,-0.16,,"{'sportSlug': 'football', 'statisticsType': 'player'}",,,1.0,,,1.0,,1.0,1.0,3.0,,30.78,10.36227,11.0,86.361868677891,3.0,,1.17,0.5,0.2,1.0,,,,1.0,,,,,,,,,,,,,,,,,3.23,5.26,,,,,
15452752,2026-02-25,"UEFA Champions League, Knockout stage",UEFA Champions League 25/26,636.0,Away,Real Madrid,795236,Vangelis Pavlidis,F,14,True,28.0,20.0,2.0,,0.0,10.0,11.0,10.0,17.0,2.0,4.0,,4.0,,,,,,,90.0,39.0,5.9,14.0,0.0464184,79.370804781731,12.0,17.913575750331,,,"{'original': 5.9, 'alternative': 6.7}",2,,-0.18,0.19,0.16,,"{'sportSlug': 'football', 'statisticsType': 'player'}",1.0,,4.0,,2.0,,,1.0,1.0,3.0,1.0,30.564,11.52266,7.0,,0.0,1.0,1.92,0.65,0.15,1.0,,1.0,,1.0,0.4827,,-0.81,,,,,,,,1.0,,,,,,3.16,5.65,,,,,
15452752,2026-02-25,"UEFA Champions League, Knockout stage",UEFA Champions League 25/26,636.0,Away,Real Madrid,850976,Alexander Bah,D,6,False,,,,,,,,,,,,,,,,,,,,,,,,,,,,,,,0,,,,,,"{'sportSlug': 'football', 'statisticsType': 'player'}",,,,,,,,,,,,,,,,,,,,,,,,,,,,,,,,,,,,,,,,,,,,,,,,
15452752,2026-02-25,"UEFA Champions League, Knockout stage",UEFA Champions League 25/26,636.0,Away,Real Madrid,1006069,António Silva,D,4,False,,,,,,,,,,,,,,,,,,,,,,,,,,,,,,,0,,,,,,"{'sportSlug': 'football', 'statisticsType': 'player'}",,,,,,,,,,,,,,,,,,,,,,,,,,,,,,,,,,,,,,,,,,,,,,,,
15452752,2026-02-25,"UEFA Champions League, Knockout stage",UEFA Champions League 25/26,636.0,Away,Real Madrid,2163561,Anísio Cabral,F,72,False,,,,,,,,,,,,,,,,,,,,,,,,,,,,,,,0,,,,,,"{'sportSlug': 'football', 'statisticsType': 'player'}",,,,,,,,,,,,,,,,,,,,,,,,,,,,,,,,,,,,,,,,,,,,,,,,
15452752,2026-02-25,"UEFA Champions League, Knockout stage",UEFA Champions League 25/26,636.0,Away,Real Madrid,1489159,Diogo Ferreira,G,50,False,,,,,,,,,,,,,,,,,,,,,,,,,,,,,,,0,,,,,,"{'sportSlug': 'football', 'statisticsType': 'player'}",,,,,,,,,,,,,,,,,,,,,,,,,,,,,,,,,,,,,,,,,,,,,,,,
15452752,2026-02-25,"UEFA Champions League, Knockout stage",UEFA Champions League 25/26,636.0,Away,Real Madrid,823631,Dodi Lukebakio,M,11,False,,,,,,,,,,,,,,,,,,,,,,,,,,,,,,,0,,,,,,"{'sportSlug': 'football', 'statisticsType': 'player'}",,,,,,,,,,,,,,,,,,,,,,,,,,,,,,,,,,,,,,,,,,,,,,,,
15452752,2026-02-25,"UEFA Champions League, Knockout stage",UEFA Champions League 25/26,636.0,Away,Real Madrid,1087316,Enzo Barrenechea,M,5,False,9.0,9.0,1.0,1.0,0.0,7.0,7.0,2.0,2.0,,1.0,,2.0,,,,,,,15.0,10.0,6.7,,0.00098627,10.658427081687,2.0,2.6420055930035,,,"{'original': 6.7, 'alternative': 6.6}",0,,-0.05,0.02,0.13,,"{'sportSlug': 'football', 'statisticsType': 'player'}",,,,,,,,1.0,,,,28.692,2.13078,2.0,,0.0,,0.45,0.16,0.06,,,,,,,,,,,,,,,,,,,,,,0.4,1.06,,,,,
15452752,2026-02-25,"UEFA Champions League, Knockout stage",UEFA Champions League 25/26,636.0,Away,Real Madrid,1103333,Franjo Ivanović,F,9,False,3.0,1.0,,,0.0,,1.0,1.0,2.0,,3.0,,,,,,,,,15.0,8.0,6.6,3.0,0.00128172,32.453463483999,4.0,22.004886933179,6.8883572128199,,"{'original': 6.6, 'alternative': 6.6}",0,,-0.16,0.01,-0.05,,"{'sportSlug': 'football', 'statisticsType': 'player'}",1.0,,1.0,,,,,1.0,,,2.0,26.172,1.86953,1.0,12.87606710141,1.0,,0.31,0.13,0.02,,,,,,,,,1.0,,,,,,,,,,,,,0.48,0.93,,,,,
15452752,2026-02-25,"UEFA Champions League, Knockout stage",UEFA Champions League 25/26,636.0,Away,Real Madrid,1123925,Georgiy Sudakov,M,10,False,,,,,,,,,,,,,,,,,,,,,,,,,,,,,,,0,,,,,,"{'sportSlug': 'football', 'statisticsType': 'player'}",,,,,,,,,,,,,,,,,,,,,,,,,,,,,,,,,,,,,,,,,,,,,,,,
15452752,2026-02-25,"UEFA Champions League, Knockout stage",UEFA Champions League 25/26,636.0,Away,Real Madrid,1961117,José Neto,D,62,False,,,,,,,,,,,,,,,,,,,,,,,,,,,,,,,0,,,,,,"{'sportSlug': 'football', 'statisticsType': 'player'}",,,,,,,,,,,,,,,,,,,,,,,,,,,,,,,,,,,,,,,,,,,,,,,,
15452752,2026-02-25,"UEFA Champions League, Knockout stage",UEFA Champions League 25/26,636.0,Away,Real Madrid,1085740,Manu Silva,M,16,False,,,,,,,,,,,,,,,,,,,,,,,,,,,,,,,0,,,,,,"{'sportSlug': 'football', 'statisticsType': 'player'}",,,,,,,,,,,,,,,,,,,,,,,,,,,,,,,,,,,,,,,,,,,,,,,,
15452752,2026-02-25,"UEFA Champions League, Knockout stage",UEFA Champions League 25/26,636.0,Away,Real Madrid,983550,Samuel Soares,G,24,False,,,,,,,,,,,,,,,,,,,,,,,,,,,,,,,0,,,,,,"{'sportSlug': 'football', 'statisticsType': 'player'}",,,,,,,,,,,,,,,,,,,,,,,,,,,,,,,,,,,,,,,,,,,,,,,,
15452752,2026-02-25,"UEFA Champions League, Knockout stage",UEFA Champions League 25/26,636.0,Away,Real Madrid,1117723,Sidny Lopes Cabral,D,15,False,1.0,1.0,,,0.0,,,1.0,1.0,,2.0,2.0,,,,,,,,9.0,10.0,7.0,4.0,0.00011795,31.288241607167,3.0,21.968700532287,,,"{'original': 7, 'alternative': 7}",0,,0.02,0.02,0.26,,"{'sportSlug': 'football', 'statisticsType': 'player'}",3.0,,,,,,,,,,2.0,27.9,1.03654,2.0,,0.0,,0.17,0.08,0.03,,,,,,,,,,,,,,,,,,,,,,0.29,0.47,,,,,
14288810,2026-03-02,Liga Portugal Betclic,Liga Portugal 25/26,24.0,Away,Gil Vicente,1102791,Amar Dedić,D,17,True,49.0,36.0,7.0,4.0,0.0,16.0,19.0,20.0,30.0,2.0,4.0,3.0,5.0,,,,,,,90.0,72.0,6.6,20.0,0.191293,204.15974397121,22.0,153.12335556927,19.773869639866,,"{'original': 6.6, 'alternative': 6.4}",0,,0.22,0.35,-0.2,,"{'sportSlug': 'football', 'statisticsType': 'player'}",2.0,1.0,7.0,3.0,1.0,,,2.0,,,,33.26,9.83,20.0,63.733640847239,4.0,,1.3,0.56,0.29,,,,,1.0,,,,2.0,,,,,,,,,,,,,,,,,,,
14288810,2026-03-02,Liga Portugal Betclic,Liga Portugal 25/26,24.0,Away,Gil Vicente,966616,Anatoliy Trubin,G,1,True,26.0,17.0,13.0,4.0,0.0,14.0,15.0,3.0,11.0,,,,8.0,2.0,,4.0,,,,90.0,35.0,7.3,9.0,0.00198401,33.830399433541,7.0,12.130671272638,,0.5908,"{'original': 7.3, 'alternative': 7.3}",0,0.2637,0.08,-0.01,-0.01,0.41,"{'sportSlug': 'football', 'statisticsType': 'player'}",,,,,,,,,,,,,,,,0.0,,,,,,,,,,,,,,,,,,,,,,,,,,,,,,,,
14288810,2026-03-02,Liga Portugal Betclic,Liga Portugal 25/26,24.0,Away,Gil Vicente,1100952,Andreas Schjelderup,M,21,True,27.0,17.0,2.0,,0.0,6.0,7.0,11.0,20.0,,5.0,,7.0,,,,,,,82.0,46.0,7.0,20.0,0.0976112,215.77118570194,14.0,63.293488618548,38.050488022173,,"{'original': 7, 'alternative': 7}",3,,-0.07,0.35,-0.24,,"{'sportSlug': 'football', 'statisticsType': 'player'}",4.0,,10.0,2.0,2.0,,,3.0,,3.0,1.0,32.96,8.85,16.0,103.75543897391,5.0,,1.29,0.66,0.31,,,1.0,1.0,4.0,0.2734,0.6044,0.45,4.0,1.0,,,1.0,,,1.0,,,,,,,,,,,,
14288810,2026-03-02,Liga Portugal Betclic,Liga Portugal 25/26,24.0,Away,Gil Vicente,1006069,António Silva,D,4,True,57.0,47.0,9.0,2.0,0.0,36.0,38.0,11.0,19.0,2.0,4.0,4.0,3.0,,,,,,,90.0,67.0,7.8,10.0,0.00543968,195.5600954543,27.0,47.061923651224,,,"{'original': 7.8, 'alternative': 7.4}",1,,0.16,0.08,-0.05,,"{'sportSlug': 'football', 'statisticsType': 'player'}",,,1.0,,,,,1.0,1.0,,1.0,32.57,9.79,13.0,,0.0,,1.26,0.33,0.2,1.0,,,1.0,,0.071,0.176,0.51,,1.0,,,,,,,,,,,,,,,,,,
14288810,2026-03-02,Liga Portugal Betclic,Liga Portugal 25/26,24.0,Away,Gil Vicente,228364,Fredrik Aursnes,M,8,True,22.0,19.0,3.0,2.0,1.0,8.0,9.0,11.0,13.0,,,,1.0,,,,,,,50.0,29.0,6.9,4.0,0.0892606,66.34461897184,10.0,34.565948102751,,,"{'original': 6.9, 'alternative': 7}",1,,0.34,0.07,-0.01,,"{'sportSlug': 'football', 'statisticsType': 'player'}",1.0,1.0,3.0,1.0,,,1.0,,,,,30.4,6.01,8.0,,0.0,1.0,1.12,0.5,0.11,2.0,,1.0,,,0.0076,,0.02,,,,,,,,,,,,,,,,,,,,
14288810,2026-03-02,Liga Portugal Betclic,Liga Portugal 25/26,24.0,Away,Gil Vicente,1201395,Gianluca Prestianni,M,25,True,22.0,18.0,,,0.0,2.0,2.0,16.0,20.0,,5.0,,3.0,,,,,,,69.0,33.0,7.0,8.0,0.341409,112.29533801112,9.0,77.864299792599,23.665091137664,,"{'original': 7, 'alternative': 7}",0,,0.19,0.26,-0.17,,"{'sportSlug': 'football', 'statisticsType': 'player'}",1.0,,5.0,,4.0,,,1.0,1.0,,2.0,31.25,7.43,16.0,41.476740574676,2.0,1.0,1.11,0.63,0.23,,,,,,,,,3.0,,,,2.0,,,,,,,,,,,,,,,
14288810,2026-03-02,Liga Portugal Betclic,Liga Portugal 25/26,24.0,Away,Gil Vicente,906800,Leandro Barreiro,M,18,True,27.0,21.0,,,0.0,7.0,10.0,14.0,17.0,4.0,7.0,4.0,4.0,,,,,,,69.0,39.0,6.7,7.0,0.0316909,38.574465347225,5.0,18.79373214429,,,"{'original': 6.7, 'alternative': 6.9}",0,,-0.12,0.1,-0.1,,"{'sportSlug': 'football', 'statisticsType': 'player'}",,,4.0,1.0,1.0,,1.0,1.0,,,1.0,29.29,7.91,12.0,,0.0,,1.56,0.58,0.14,1.0,,,,,,,,2.0,,,,1.0,,,,,,,,,,,,,,,
14288810,2026-03-02,Liga Portugal Betclic,Liga Portugal 25/26,24.0,Away,Gil Vicente,74915,Nicolás Otamendi,D,30,True,59.0,50.0,6.0,3.0,0.0,40.0,43.0,10.0,16.0,5.0,7.0,4.0,2.0,,,,,,,90.0,72.0,7.0,11.0,0.00456875,232.96591975128,29.0,132.47666498123,,,"{'original': 7, 'alternative': 6.8}",0,,-0.03,0.11,0.38,,"{'sportSlug': 'football', 'statisticsType': 'player'}",,,7.0,,1.0,1.0,2.0,1.0,1.0,1.0,2.0,30.25,8.9,9.0,,0.0,,1.15,0.36,0.15,4.0,,,,2.0,,,,1.0,,,,,,,,,,,,,,,,,,,
14288810,2026-03-02,Liga Portugal Betclic,Liga Portugal 25/26,24.0,Away,Gil Vicente,252577,Rafa Silva,M,27,True,21.0,14.0,1.0,1.0,0.0,4.0,4.0,10.0,17.0,1.0,6.0,,3.0,,,,,,,90.0,36.0,6.5,10.0,0.0168007,40.083520290303,8.0,23.109271971765,,,"{'original': 6.5, 'alternative': 7.1}",2,,-0.39,0.19,-0.08,,"{'sportSlug': 'football', 'statisticsType': 'player'}",,,1.0,,2.0,,,1.0,1.0,3.0,2.0,33.93,10.75,27.0,,0.0,,1.63,0.7,0.41,,,,1.0,,0.158,0.0639,-0.29,1.0,,,,2.0,,,1.0,,,,,,,,,,,,
14288810,2026-03-02,Liga Portugal Betclic,Liga Portugal 25/26,24.0,Away,Gil Vicente,993101,Samuel Dahl,D,26,True,36.0,30.0,3.0,,0.0,14.0,15.0,16.0,21.0,1.0,4.0,,3.0,,,,,,,90.0,52.0,7.0,9.0,0.515384,94.15362916291,11.0,58.928692230436,,,"{'original': 7, 'alternative': 6.9}",0,,0.5,0.16,-0.21,,"{'sportSlug': 'football', 'statisticsType': 'player'}",2.0,1.0,7.0,,1.0,,,,,,2.0,30.57,9.96,18.0,,0.0,2.0,1.31,0.68,0.21,5.0,,,,1.0,,,,1.0,,1.0,,1.0,,,,,,,,,,,,,,,
14288810,2026-03-02,Liga Portugal Betclic,Liga Portugal 25/26,24.0,Away,Gil Vicente,795236,Vangelis Pavlidis,F,14,True,22.0,11.0,2.0,1.0,0.0,6.0,11.0,5.0,11.0,5.0,7.0,1.0,5.0,,,,,,,90.0,35.0,6.3,17.0,0.104941,59.423403294459,7.0,23.09779271691,13.35218045658,,"{'original': 6.3, 'alternative': 6.7}",2,,-0.13,0.39,-0.05,,"{'sportSlug': 'football', 'statisticsType': 'player'}",1.0,,6.0,1.0,2.0,,,,,2.0,2.0,31.56,10.39,18.0,31.035172560457,2.0,2.0,1.55,0.72,0.27,2.0,1.0,2.0,,,0.2215,,-0.61,1.0,,,,,,,,,,,,1.0,,,,,,,
14288810,2026-03-02,Liga Portugal Betclic,Liga Portugal 25/26,24.0,Away,Gil Vicente,850976,Alexander Bah,D,6,False,4.0,3.0,,,0.0,1.0,1.0,2.0,3.0,1.0,2.0,,2.0,,,,,,,8.0,8.0,6.6,4.0,0.0058406,3.5020406907973,1.0,-0.36522133831259,,,"{'original': 6.6, 'alternative': 6.3}",0,,0.09,-0.05,0.0,,"{'sportSlug': 'football', 'statisticsType': 'player'}",,,4.0,,1.0,,,,,1.0,1.0,29.59,1.36,1.0,,0.0,,0.22,0.06,0.01,,,,,3.0,,,,,,,,,,,,,,,,,,,,,,,
14288810,2026-03-02,Liga Portugal Betclic,Liga Portugal 25/26,24.0,Away,Gil Vicente,2163561,Anísio Cabral,F,72,False,,,,,,,,,,,,,,,,,,,,,,,,,,,,,,,0,,,,,,"{'sportSlug': 'football', 'statisticsType': 'player'}",,,,,,,,,,,,,,,,,,,,,,,,,,,,,,,,,,,,,,,,,,,,,,,,
14288810,2026-03-02,Liga Portugal Betclic,Liga Portugal 25/26,24.0,Away,Gil Vicente,823631,Dodi Lukebakio,M,11,False,6.0,2.0,1.0,,0.0,1.0,2.0,1.0,4.0,2.0,4.0,,1.0,,,,,,,21.0,8.0,6.6,4.0,0.00172393,16.139948408084,2.0,15.822787615651,,,"{'original': 6.6, 'alternative': 6.6}",0,,-0.17,0.02,-0.01,,"{'sportSlug': 'football', 'statisticsType': 'player'}",,,,,1.0,,,,,,1.0,28.08,2.83,6.0,,0.0,,0.4,0.24,0.08,,,,,,,,,,,,,1.0,,,,,,,,,,,,,,,
14288810,2026-03-02,Liga Portugal Betclic,Liga Portugal 25/26,24.0,Away,Gil Vicente,1087316,Enzo Barrenechea,M,5,False,18.0,16.0,3.0,2.0,0.0,10.0,11.0,6.0,7.0,,2.0,,1.0,,,,,,,40.0,23.0,6.6,2.0,0.00763314,3.1468009152153,1.0,-2.864290297115,,,"{'original': 6.6, 'alternative': 6.8}",0,,0.1,-0.01,-0.05,,"{'sportSlug': 'football', 'statisticsType': 'player'}",,,3.0,,,,2.0,1.0,1.0,,1.0,32.07,4.95,6.0,,0.0,,0.91,0.4,0.1,1.0,,,,1.0,,,,1.0,,,,,,,,,,,,,,,,,,,
14288810,2026-03-02,Liga Portugal Betclic,Liga Portugal 25/26,24.0,Away,Gil Vicente,1961117,José Neto,D,62,False,,,,,,,,,,,,,,,,,,,,,,,,,,,,,,,0,,,,,,"{'sportSlug': 'football', 'statisticsType': 'player'}",,,,,,,,,,,,,,,,,,,,,,,,,,,,,,,,,,,,,,,,,,,,,,,,
14288810,2026-03-02,Liga Portugal Betclic,Liga Portugal 25/26,24.0,Away,Gil Vicente,1015292,Richard Ríos,M,20,False,8.0,7.0,,,0.0,3.0,3.0,4.0,5.0,,1.0,,,,,,,,,21.0,15.0,6.5,3.0,0.0029069,16.548293029922,2.0,6.1916288152345,,,"{'original': 6.5, 'alternative': 6.5}",1,,0.02,0.01,-0.04,,"{'sportSlug': 'football', 'statisticsType': 'player'}",,,2.0,1.0,1.0,,,,,1.0,,29.19,3.03,7.0,,0.0,,0.58,0.26,0.1,,,1.0,,,0.0167,,-0.01,1.0,,,,1.0,,,,,,,,,,,,,,,
14288810,2026-03-02,Liga Portugal Betclic,Liga Portugal 25/26,24.0,Away,Gil Vicente,983550,Samuel Soares,G,24,False,,,,,,,,,,,,,,,,,,,,,,,,,,,,,,,0,,,,,,"{'sportSlug': 'football', 'statisticsType': 'player'}",,,,,,,,,,,,,,,,,,,,,,,,,,,,,,,,,,,,,,,,,,,,,,,,
14288810,2026-03-02,Liga Portugal Betclic,Liga Portugal 25/26,24.0,Away,Gil Vicente,1117723,Sidny Lopes Cabral,D,15,False,,,,,,,,,,,,,,,,,,,,,,,,,,,,,,,0,,,,,,"{'sportSlug': 'football', 'statisticsType': 'player'}",,,,,,,,,,,,,,,,,,,,,,,,,,,,,,,,,,,,,,,,,,,,,,,,
14288810,2026-03-02,Liga Portugal Betclic,Liga Portugal 25/26,24.0,Away,Gil Vicente,983542,Tomás Araújo,D,44,False,,,,,,,,,,,,,,,,,,,,,,,,,,,,,,,0,,,,,,"{'sportSlug': 'football', 'statisticsType': 'player'}",,,,,,,,,,,,,,,,,,,,,,,,,,,,,,,,,,,,,,,,,,,,,,,,
14288822,2026-03-08,Liga Portugal Betclic,Liga Portugal 25/26,25.0,Home,FC Porto,1102791,Amar Dedić,D,17,True,45.0,38.0,3.0,1.0,0.0,12.0,15.0,26.0,30.0,1.0,5.0,3.0,3.0,,,,,,,83.0,69.0,6.8,16.0,0.1102,219.51071429511,24.0,142.83896223233,24.916011639951,,"{'original': 6.8, 'alternative': 6.8}",0,,0.29,0.28,-0.15,,"{'sportSlug': 'football', 'statisticsType': 'player'}",2.0,,6.0,2.0,4.0,1.0,,2.0,1.0,3.0,,33.66,7.67,20.0,93.656901740065,4.0,2.0,0.93,0.41,0.3,1.0,,,,1.0,,,,,,,,2.0,,,,,,,,,,,,,,,
14288822,2026-03-08,Liga Portugal Betclic,Liga Portugal 25/26,25.0,Home,FC Porto,966616,Anatoliy Trubin,G,1,True,18.0,13.0,5.0,1.0,0.0,13.0,14.0,,4.0,,,1.0,8.0,2.0,,4.0,,,,90.0,28.0,6.8,5.0,9.084e-05,5.6024395579069,1.0,4.9943461858186,,0.8351,"{'original': 6.8, 'alternative': 7}",0,0.2518,0.03,0.0,-0.47,0.53,"{'sportSlug': 'football', 'statisticsType': 'player'}",,,,,,,,,,,,,,,,0.0,,,,,,,,,,,,,,,,,,1.0,,,,,,,,,,,,,,
14288822,2026-03-08,Liga Portugal Betclic,Liga Portugal 25/26,25.0,Home,FC Porto,1100952,Andreas Schjelderup,M,21,True,28.0,22.0,,,0.0,3.0,5.0,19.0,23.0,,7.0,,3.0,,,,,,,90.0,52.0,7.6,14.0,0.193692,264.43641435439,26.0,139.59799995783,15.431985376995,,"{'original': 7.6, 'alternative': 7.4}",4,,0.29,0.46,-0.14,,"{'sportSlug': 'football', 'statisticsType': 'player'}",3.0,,5.0,,4.0,,,1.0,,1.0,5.0,31.97,8.34,10.0,164.14770337493,12.0,1.0,1.06,0.37,0.15,,,1.0,1.0,2.0,0.4332,0.7325,0.3,,1.0,,,1.0,,,2.0,,,,,,,,,,,,
14288822,2026-03-08,Liga Portugal Betclic,Liga Portugal 25/26,25.0,Home,FC Porto,1087316,Enzo Barrenechea,M,5,True,29.0,23.0,2.0,,0.0,14.0,16.0,9.0,13.0,,2.0,,3.0,,,,,,,75.0,41.0,6.2,8.0,0.00851236,64.706241574325,8.0,11.567061054172,,,"{'original': 6.2, 'alternative': 6.4}",2,,-0.08,0.04,-0.2,,"{'sportSlug': 'football', 'statisticsType': 'player'}",1.0,,4.0,1.0,,,2.0,1.0,1.0,,1.0,31.44,6.89,10.0,,0.0,,1.11,0.37,0.08,,,1.0,,1.0,0.0643,,-0.21,2.0,,,,,,,1.0,,,,,,,,,,,,
14288822,2026-03-08,Liga Portugal Betclic,Liga Portugal 25/26,25.0,Home,FC Porto,1201395,Gianluca Prestianni,M,25,True,29.0,21.0,2.0,1.0,0.0,3.0,3.0,18.0,26.0,2.0,9.0,,6.0,,,,,,,65.0,63.0,6.9,27.0,0.0978369,276.91640788991,23.0,177.68376191509,33.925344067993,,"{'original': 6.9, 'alternative': 7.5}",3,,0.09,0.39,-0.1,,"{'sportSlug': 'football', 'statisticsType': 'player'}",10.0,2.0,8.0,2.0,6.0,,,3.0,2.0,3.0,2.0,29.81,5.92,7.0,95.113590467174,5.0,3.0,0.68,0.27,0.05,,,1.0,2.0,2.0,0.1129,0.0873,-0.37,,,,,2.0,,,,,,,,,,,,,,,
14288822,2026-03-08,Liga Portugal Betclic,Liga Portugal 25/26,25.0,Home,FC Porto,74915,Nicolás Otamendi,D,30,True,38.0,35.0,3.0,2.0,0.0,25.0,25.0,10.0,13.0,2.0,4.0,2.0,4.0,,,,,,,75.0,48.0,6.3,3.0,0.00645234,109.08081155683,13.0,53.433067744513,19.672129814045,,"{'original': 6.3, 'alternative': 6.8}",1,,0.08,0.1,-0.33,,"{'sportSlug': 'football', 'statisticsType': 'player'}",,,4.0,,,2.0,3.0,2.0,1.0,,,31.73,6.32,7.0,40.812143238198,2.0,,0.77,0.26,0.12,,,,,1.0,0.0451,,-0.02,3.0,,,,,,,1.0,,,,,,,,,,,,
14288822,2026-03-08,Liga Portugal Betclic,Liga Portugal 25/26,25.0,Home,FC Porto,252577,Rafa Silva,M,27,True,18.0,11.0,,,0.0,1.0,2.0,10.0,16.0,1.0,7.0,,2.0,,,,,,,65.0,36.0,6.4,16.0,0.0568873,99.798166832866,9.0,74.400247835283,27.075540178405,,"{'original': 6.4, 'alternative': 6.8}",1,,-0.18,0.29,-0.13,,"{'sportSlug': 'football', 'statisticsType': 'player'}",2.0,,3.0,1.0,4.0,,,1.0,1.0,4.0,3.0,33.7,5.65,14.0,66.603434409377,3.0,,0.75,0.32,0.14,,,1.0,,,0.1388,,-0.31,,,,,2.0,,,,,,,,,,,,,,,
14288822,2026-03-08,Liga Portugal Betclic,Liga Portugal 25/26,25.0,Home,FC Porto,1015292,Richard Ríos,M,20,True,46.0,34.0,4.0,1.0,0.0,11.0,14.0,23.0,32.0,2.0,7.0,1.0,3.0,,,,,,,90.0,57.0,6.8,13.0,0.0181451,138.42452424726,14.0,81.777684741589,16.079914104621,,"{'original': 6.8, 'alternative': 6.7}",0,,0.09,0.21,-0.12,,"{'sportSlug': 'football', 'statisticsType': 'player'}",1.0,,6.0,,1.0,,1.0,2.0,,,2.0,33.77,8.82,15.0,49.717497349217,2.0,1.0,0.97,0.44,0.22,2.0,,,,2.0,,,,2.0,,,,1.0,,,,,,,,,,,,,,,
14288822,2026-03-08,Liga Portugal Betclic,Liga Portugal 25/26,25.0,Home,FC Porto,993101,Samuel Dahl,D,26,True,55.0,47.0,8.0,5.0,0.0,22.0,28.0,25.0,27.0,2.0,6.0,,7.0,,,,,,,90.0,81.0,6.7,14.0,0.0661266,154.32953078857,21.0,84.36376489913,14.326334054795,,"{'original': 6.7, 'alternative': 6.6}",2,,0.27,0.13,-0.43,,"{'sportSlug': 'football', 'statisticsType': 'player'}",4.0,1.0,5.0,1.0,2.0,,,3.0,1.0,,,32.97,8.62,21.0,27.18928273866,2.0,3.0,1.06,0.43,0.3,1.0,,,,,0.0618,,-0.15,2.0,,,,1.0,,,2.0,,,,,,,,,,,,
14288822,2026-03-08,Liga Portugal Betclic,Liga Portugal 25/26,25.0,Home,FC Porto,983542,Tomás Araújo,D,44,True,60.0,56.0,2.0,,0.0,33.0,34.0,23.0,26.0,,2.0,2.0,3.0,,,,,,,90.0,71.0,6.6,6.0,0.0445776,177.21590539515,21.0,111.18388129807,19.791543257296,,"{'original': 6.6, 'alternative': 6.7}",1,,0.31,0.14,-0.31,,"{'sportSlug': 'football', 'statisticsType': 'player'}",,,2.0,,,1.0,,2.0,2.0,2.0,,31.73,7.78,14.0,56.184103124534,3.0,,0.84,0.26,0.16,,,,,1.0,0.0449,,-0.04,1.0,,,,,,,1.0,,,,,,,,,,,,
14288822,2026-03-08,Liga Portugal Betclic,Liga Portugal 25/26,25.0,Home,FC Porto,795236,Vangelis Pavlidis,F,14,True,27.0,21.0,,,0.0,10.0,10.0,11.0,17.0,1.0,5.0,,4.0,,,,,,,90.0,38.0,7.2,10.0,0.0486769,66.547324622912,8.0,41.141273174429,16.776683146913,,"{'original': 7.2, 'alternative': 7.1}",1,,0.17,0.27,0.0,,"{'sportSlug': 'football', 'statisticsType': 'player'}",,,8.0,4.0,1.0,,,2.0,1.0,,1.0,31.61,9.26,9.0,36.25692124898,3.0,2.0,1.28,0.46,0.16,3.0,,,1.0,1.0,0.0376,0.0807,-0.04,,,,,1.0,,,,,,,,,,,,,,,
14288822,2026-03-08,Liga Portugal Betclic,Liga Portugal 25/26,25.0,Home,FC Porto,850976,Alexander Bah,D,6,False,8.0,6.0,3.0,1.0,0.0,,,6.0,8.0,,,,1.0,,,,,,,17.0,10.0,6.7,2.0,0.0114031,3.6779907558339,1.0,3.6691533976878,,,"{'original': 6.7, 'alternative': 6.6}",0,,0.08,0.0,0.13,,"{'sportSlug': 'football', 'statisticsType': 'player'}",,,,,,,1.0,,,,,,,,,0.0,,,,,,,,,,,,,,,,,,,,,,,,,,,,,,,,
14288822,2026-03-08,Liga Portugal Betclic,Liga Portugal 25/26,25.0,Home,FC Porto,1006069,António Silva,D,4,False,17.0,16.0,1.0,1.0,0.0,10.0,11.0,6.0,6.0,1.0,3.0,1.0,,,,,,,,15.0,22.0,7.0,1.0,0.0101183,39.689306850575,6.0,20.715471793549,,,"{'original': 7, 'alternative': 6.9}",0,,0.12,0.03,0.17,,"{'sportSlug': 'football', 'statisticsType': 'player'}",,,1.0,,,,,1.0,1.0,,1.0,25.62,2.3,0.0,,0.0,,0.29,0.11,0.0,1.0,,,,,,,,,,,,,,,,,,,,,,,,,,,
14288822,2026-03-08,Liga Portugal Betclic,Liga Portugal 25/26,25.0,Home,FC Porto,2163561,Anísio Cabral,F,72,False,,,,,,,,,,,,,,,,,,,,,,,,,,,,,,,0,,,,,,"{'sportSlug': 'football', 'statisticsType': 'player'}",,,,,,,,,,,,,,,,,,,,,,,,,,,,,,,,,,,,,,,,,,,,,,,,
14288822,2026-03-08,Liga Portugal Betclic,Liga Portugal 25/26,25.0,Home,FC Porto,823631,Dodi Lukebakio,M,11,False,10.0,8.0,1.0,1.0,0.0,1.0,1.0,7.0,9.0,,1.0,,1.0,,,,,,,25.0,20.0,6.9,7.0,0.0377312,127.4829941021,14.0,98.281136582044,24.261654959961,,"{'original': 6.9, 'alternative': 7}",3,,0.11,0.34,-0.01,,"{'sportSlug': 'football', 'statisticsType': 'player'}",6.0,1.0,,,1.0,,,,,,,30.34,2.9,5.0,78.788426905425,4.0,1.0,0.24,0.08,0.06,,,1.0,,,0.1528,,-0.23,,,,,1.0,,,2.0,,,,,1.0,,,,,,,
14288822,2026-03-08,Liga Portugal Betclic,Liga Portugal 25/26,25.0,Home,FC Porto,1103333,Franjo Ivanović,F,9,False,6.0,6.0,,,1.0,2.0,2.0,4.0,4.0,,,,1.0,,,,,,,25.0,12.0,6.7,1.0,0.0548356,39.210898071701,4.0,8.3698754971718,11.896067699131,,"{'original': 6.7, 'alternative': 7.2}",1,,0.29,0.02,0.14,,"{'sportSlug': 'football', 'statisticsType': 'player'}",1.0,1.0,1.0,1.0,,,,,,,,33.56,3.41,3.0,16.261270829797,1.0,1.0,0.52,0.11,0.06,,,,1.0,,0.0532,0.1429,0.01,,,1.0,,,,,,,,,,,,,,,,,
14288822,2026-03-08,Liga Portugal Betclic,Liga Portugal 25/26,25.0,Home,FC Porto,1123925,Georgiy Sudakov,M,10,False,,,,,,,,,,,,,,,,,,,,,,,,,,,,,,,0,,,,,,"{'sportSlug': 'football', 'statisticsType': 'player'}",,,,,,,,,,,,,,,,,,,,,,,,,,,,,,,,,,,,,,,,,,,,,,,,
14288822,2026-03-08,Liga Portugal Betclic,Liga Portugal 25/26,25.0,Home,FC Porto,906800,Leandro Barreiro,M,18,False,10.0,7.0,2.0,,0.0,3.0,5.0,4.0,5.0,1.0,3.0,,,,,,,,,15.0,17.0,7.6,5.0,0.0226116,38.087120829456,5.0,18.957526869607,,,"{'original': 7.6, 'alternative': 7.7}",1,,-0.13,0.31,-0.02,,"{'sportSlug': 'football', 'statisticsType': 'player'}",,,2.0,,1.0,,,,,2.0,1.0,27.79,2.44,2.0,,0.0,2.0,0.46,0.11,0.02,2.0,,,1.0,,0.0987,0.7425,0.51,,1.0,,,1.0,,,,,,,,,,,,,,,
14288822,2026-03-08,Liga Portugal Betclic,Liga Portugal 25/26,25.0,Home,FC Porto,1085740,Manu Silva,M,16,False,,,,,,,,,,,,,,,,,,,,,,,,,,,,,,,0,,,,,,"{'sportSlug': 'football', 'statisticsType': 'player'}",,,,,,,,,,,,,,,,,,,,,,,,,,,,,,,,,,,,,,,,,,,,,,,,
14288822,2026-03-08,Liga Portugal Betclic,Liga Portugal 25/26,25.0,Home,FC Porto,983550,Samuel Soares,G,24,False,,,,,,,,,,,,,,,,,,,,,,,,,,,,,,,0,,,,,,"{'sportSlug': 'football', 'statisticsType': 'player'}",,,,,,,,,,,,,,,,,,,,,,,,,,,,,,,,,,,,,,,,,,,,,,,,
14288830,2026-03-14,Liga Portugal Betclic,Liga Portugal 25/26,26.0,Away,FC Arouca,850976,Alexander Bah,D,6,True,27.0,22.0,4.0,2.0,0.0,11.0,14.0,11.0,13.0,1.0,4.0,,3.0,,,,,,,73.0,46.0,6.5,12.0,0.364996,123.06301479178,14.0,-28.366400294181,14.462043586295,,"{'original': 6.5, 'alternative': 6.8}",2,,0.26,0.03,-0.17,,"{'sportSlug': 'football', 'statisticsType': 'player'}",2.0,,4.0,2.0,1.0,,,3.0,1.0,,,33.72,9.08,20.0,22.744104203068,1.0,3.0,1.57,0.55,0.27,1.0,1.0,1.0,,,0.2388,,-0.51,,,1.0,,,,,1.0,,,,,,,,,,,,
14288830,2026-03-14,Liga Portugal Betclic,Liga Portugal 25/26,26.0,Away,FC Arouca,966616,Anatoliy Trubin,G,1,True,16.0,14.0,2.0,,0.0,14.0,14.0,,2.0,1.0,1.0,1.0,8.0,4.0,1.0,5.0,1.0,,,90.0,30.0,7.7,2.0,4.353e-05,,,,,1.6121,"{'original': 7.7, 'alternative': 7.9}",0,1.9988,0.03,,0.14,1.0,"{'sportSlug': 'football', 'statisticsType': 'player'}",,,,,,,,,,,,,,,,,,,,,,,,,,,,,,,,,,,,,,,,2.0,,,,,,,,
14288830,2026-03-14,Liga Portugal Betclic,Liga Portugal 25/26,26.0,Away,FC Arouca,1100952,Andreas Schjelderup,M,21,True,31.0,22.0,3.0,1.0,1.0,4.0,5.0,18.0,26.0,,4.0,,,,,,,,,85.0,56.0,7.6,21.0,0.563618,272.38858138905,23.0,217.87144657041,26.293922309675,,"{'original': 7.6, 'alternative': 7.8}",1,,0.48,0.68,-0.08,,"{'sportSlug': 'football', 'statisticsType': 'player'}",11.0,3.0,3.0,,3.0,,1.0,1.0,,1.0,2.0,30.26,8.98,17.0,176.71456779683,10.0,3.0,1.33,0.69,0.16,1.0,,1.0,,,0.1549,,-0.28,,,1.0,,1.0,,1.0,,,,,,,,,,,,,
14288830,2026-03-14,Liga Portugal Betclic,Liga Portugal 25/26,26.0,Away,FC Arouca,1006069,António Silva,D,4,True,62.0,52.0,12.0,6.0,0.0,35.0,39.0,17.0,23.0,5.0,7.0,4.0,,,,,,,,74.0,71.0,6.9,11.0,0.0166135,216.25888455442,32.0,82.718625688562,,,"{'original': 6.9, 'alternative': 6.4}",0,,0.26,0.1,-0.15,,"{'sportSlug': 'football', 'statisticsType': 'player'}",,,4.0,,,1.0,,1.0,,1.0,1.0,31.43,7.29,4.0,,0.0,1.0,0.87,0.29,0.05,1.0,,,,3.0,,,,1.0,,,1.0,,,,,,,,,,,,,,,,
14288830,2026-03-14,Liga Portugal Betclic,Liga Portugal 25/26,26.0,Away,FC Arouca,823631,Dodi Lukebakio,M,11,True,20.0,14.0,1.0,,0.0,3.0,5.0,11.0,15.0,,4.0,,6.0,,,,,,,74.0,45.0,6.9,17.0,0.401737,250.67124984749,21.0,148.97220361654,42.490412574158,,"{'original': 6.9, 'alternative': 7}",3,,0.33,0.32,-0.07,,"{'sportSlug': 'football', 'statisticsType': 'player'}",11.0,3.0,3.0,,4.0,,1.0,1.0,,1.0,1.0,34.52,7.52,19.0,149.02449815653,7.0,2.0,0.85,0.48,0.33,,1.0,,1.0,1.0,0.2413,0.2481,-0.1,,,1.0,,2.0,,,2.0,,,,,,,,,,,,
14288830,2026-03-14,Liga Portugal Betclic,Liga Portugal 25/26,26.0,Away,FC Arouca,906800,Leandro Barreiro,M,18,True,41.0,37.0,,,0.0,21.0,22.0,16.0,19.0,1.0,6.0,1.0,4.0,,,,,,,90.0,52.0,6.6,5.0,0.0133474,162.71032082376,20.0,60.682917631743,22.457480498529,,"{'original': 6.6, 'alternative': 7}",1,,-0.14,0.18,-0.11,,"{'sportSlug': 'football', 'statisticsType': 'player'}",,,3.0,,1.0,,2.0,3.0,1.0,1.0,1.0,30.93,11.72,13.0,23.940843782123,1.0,,2.14,0.74,0.17,,,1.0,,2.0,0.0697,,-0.33,1.0,,,,1.0,,,,,,,,,,,,,,,
14288830,2026-03-14,Liga Portugal Betclic,Liga Portugal 25/26,26.0,Away,FC Arouca,252577,Rafa Silva,M,27,True,18.0,14.0,,,0.0,4.0,4.0,10.0,14.0,,5.0,,3.0,,,,,,,73.0,28.0,6.8,6.0,0.055867,73.756495720399,10.0,41.911704618443,18.63779639461,,"{'original': 6.8, 'alternative': 7.2}",2,,-0.14,0.19,-0.08,,"{'sportSlug': 'football', 'statisticsType': 'player'}",,,2.0,,1.0,,,1.0,1.0,2.0,3.0,33.62,8.28,26.0,18.904403296587,1.0,1.0,1.42,0.75,0.31,1.0,,2.0,,1.0,0.1058,,-0.55,,,,,1.0,,1.0,,,,,,,,,,,,,
14288830,2026-03-14,Liga Portugal Betclic,Liga Portugal 25/26,26.0,Away,FC Arouca,1015292,Richard Ríos,M,20,True,43.0,36.0,7.0,2.0,0.0,22.0,24.0,14.0,19.0,1.0,9.0,,3.0,,,,,,,90.0,62.0,7.8,12.0,0.020327,255.05075814308,31.0,109.51638638243,12.592567710377,,"{'original': 7.8, 'alternative': 7.3}",1,,0.04,0.26,-0.07,,"{'sportSlug': 'football', 'statisticsType': 'player'}",,,6.0,1.0,3.0,,1.0,2.0,1.0,3.0,4.0,29.35,10.86,16.0,14.972962432331,1.0,,1.76,0.63,0.16,1.0,,,1.0,2.0,0.4054,0.4592,0.48,1.0,1.0,,,2.0,,,,,,,,,,,,,,,
14288830,2026-03-14,Liga Portugal Betclic,Liga Portugal 25/26,26.0,Away,FC Arouca,993101,Samuel Dahl,D,26,True,56.0,48.0,5.0,3.0,0.0,22.0,24.0,26.0,32.0,2.0,7.0,3.0,7.0,,,,,,,90.0,80.0,6.9,9.0,0.0271966,146.8265213392,20.0,69.663425253436,17.232641165699,,"{'original': 6.9, 'alternative': 7.5}",1,,0.07,0.24,-0.22,,"{'sportSlug': 'football', 'statisticsType': 'player'}",,,3.0,,2.0,,,3.0,3.0,,,32.01,10.96,22.0,34.302335731849,3.0,3.0,1.72,0.75,0.31,1.0,,,,,0.1033,,0.0,2.0,,,,2.0,,,1.0,,,,,,,,,,,,
14288830,2026-03-14,Liga Portugal Betclic,Liga Portugal 25/26,26.0,Away,FC Arouca,983542,Tomás Araújo,D,44,True,74.0,67.0,11.0,8.0,0.0,49.0,51.0,18.0,23.0,,3.0,2.0,6.0,,,,,,,90.0,87.0,7.5,9.0,0.0135541,242.61572147475,36.0,63.770488808082,,,"{'original': 7.5, 'alternative': 7.5}",2,,0.28,0.11,0.21,,"{'sportSlug': 'football', 'statisticsType': 'player'}",,,,,,1.0,2.0,3.0,3.0,1.0,,30.43,9.89,15.0,,0.0,,1.12,0.41,0.15,,,1.0,,,0.1318,,-0.09,,,,,,,,1.0,,,,,,,,,,,,
14288830,2026-03-14,Liga Portugal Betclic,Liga Portugal 25/26,26.0,Away,FC Arouca,795236,Vangelis Pavlidis,F,14,True,22.0,17.0,2.0,2.0,0.0,8.0,8.0,9.0,14.0,2.0,3.0,,3.0,,,,,,,90.0,31.0,6.0,8.0,0.066131,88.616895371707,13.0,26.775385966593,6.8120395004459,,"{'original': 6, 'alternative': 7}",3,,-0.62,0.25,-0.01,,"{'sportSlug': 'football', 'statisticsType': 'player'}",,,5.0,1.0,1.0,,,,,1.0,1.0,31.22,11.14,10.0,6.8208768497899,1.0,1.0,2.15,0.86,0.14,2.0,,1.0,1.0,1.0,0.304,0.3716,-0.55,,,,,,,3.0,1.0,,,,,,,,,,,,
14288830,2026-03-14,Liga Portugal Betclic,Liga Portugal 25/26,26.0,Away,FC Arouca,1102791,Amar Dedić,D,17,False,11.0,11.0,1.0,1.0,0.0,7.0,7.0,4.0,4.0,,2.0,,1.0,,,,,,,25.0,16.0,6.4,2.0,0.0015371,43.852255879905,5.0,20.913916730378,13.645677515419,,"{'original': 6.4, 'alternative': 6.5}",1,,-0.03,0.04,0.13,,"{'sportSlug': 'football', 'statisticsType': 'player'}",,,3.0,1.0,1.0,,,,,,1.0,34.87,2.66,8.0,15.541235986883,1.0,,0.35,0.18,0.1,2.0,,1.0,,,0.0637,,-0.28,,,,,1.0,,,,,,,,,,,,,,,
14288830,2026-03-14,Liga Portugal Betclic,Liga Portugal 25/26,26.0,Away,FC Arouca,2163561,Anísio Cabral,F,72,False,3.0,2.0,,,0.0,1.0,1.0,1.0,2.0,1.0,1.0,,,,,,,,,17.0,6.0,6.5,1.0,0.0335749,12.376698148548,3.0,5.487438518977,,,"{'original': 6.5, 'alternative': 7}",2,,-0.01,0.0,0.0,,"{'sportSlug': 'football', 'statisticsType': 'player'}",1.0,1.0,,,,,,,,,,,,,,0.0,1.0,,,,,,1.0,1.0,,0.0578,0.0086,-0.28,,,,,,,,,,,,,,,,,,,,
14288830,2026-03-14,Liga Portugal Betclic,Liga Portugal 25/26,26.0,Away,FC Arouca,1103333,Franjo Ivanović,F,9,False,2.0,2.0,,,0.0,1.0,1.0,1.0,1.0,,,,1.0,,,,,,,16.0,6.0,7.6,2.0,0.00309178,34.540434634941,4.0,19.429063797013,,,"{'original': 7.6, 'alternative': 7.3}",2,,-0.1,0.3,0.0,,"{'sportSlug': 'football', 'statisticsType': 'player'}",1.0,,,,,,,,,,,29.59,2.43,7.0,,0.0,,0.25,0.14,0.1,,,,1.0,,0.1644,0.2972,0.49,,1.0,,,,,,1.0,,,,,,,,,,,,
14288830,2026-03-14,Liga Portugal Betclic,Liga Portugal 25/26,26.0,Away,FC Arouca,1123925,Georgiy Sudakov,M,10,False,9.0,8.0,,,0.0,1.0,2.0,7.0,7.0,,1.0,,,,,,,,,17.0,17.0,7.0,4.0,0.126139,79.266869259048,7.0,45.027761362485,9.4678147728655,,"{'original': 7, 'alternative': 6.8}",1,,0.2,0.27,-0.06,,"{'sportSlug': 'football', 'statisticsType': 'player'}",4.0,2.0,1.0,,,,,,,1.0,1.0,31.06,2.9,3.0,10.93310642041,1.0,2.0,0.56,0.12,0.04,,,,,,0.0808,,-0.1,1.0,,,,,,,1.0,,,,,,,,,,,,
14288830,2026-03-14,Liga Portugal Betclic,Liga Portugal 25/26,26.0,Away,FC Arouca,1201395,Gianluca Prestianni,M,25,False,10.0,7.0,1.0,1.0,1.0,3.0,3.0,4.0,7.0,,2.0,,1.0,,,,,,,16.0,21.0,6.9,6.0,0.0656485,122.36406040553,11.0,94.74497683469,24.771189009515,,"{'original': 6.9, 'alternative': 7.4}",0,,0.26,0.31,-0.06,,"{'sportSlug': 'football', 'statisticsType': 'player'}",3.0,2.0,4.0,,2.0,,1.0,,,1.0,1.0,29.53,2.72,8.0,86.184756241306,5.0,2.0,0.43,0.21,0.08,1.0,,,,1.0,,,,1.0,,1.0,,1.0,,,,,,,,,,,,,,,
14288830,2026-03-14,Liga Portugal Betclic,Liga Portugal 25/26,26.0,Away,FC Arouca,1432417,Gonçalo Oliveira,D,64,False,,,,,,,,,,,,,,,,,,,,,,,,,,,,,,,0,,,,,,"{'sportSlug': 'football', 'statisticsType': 'player'}",,,,,,,,,,,,,,,,,,,,,,,,,,,,,,,,,,,,,,,,,,,,,,,,
14288830,2026-03-14,Liga Portugal Betclic,Liga Portugal 25/26,26.0,Away,FC Arouca,1085740,Manu Silva,M,16,False,,,,,,,,,,,,,,,,,,,,,,,,,,,,,,,0,,,,,,"{'sportSlug': 'football', 'statisticsType': 'player'}",,,,,,,,,,,,,,,,,,,,,,,,,,,,,,,,,,,,,,,,,,,,,,,,
14288830,2026-03-14,Liga Portugal Betclic,Liga Portugal 25/26,26.0,Away,FC Arouca,2213963,Miguel Figueiredo,M,73,False,,,,,,,,,,,,,,,,,,,,,,,,,,,,,,,0,,,,,,"{'sportSlug': 'football', 'statisticsType': 'player'}",,,,,,,,,,,,,,,,,,,,,,,,,,,,,,,,,,,,,,,,,,,,,,,,
14288830,2026-03-14,Liga Portugal Betclic,Liga Portugal 25/26,26.0,Away,FC Arouca,983550,Samuel Soares,G,24,False,,,,,,,,,,,,,,,,,,,,,,,,,,,,,,,0,,,,,,"{'sportSlug': 'football', 'statisticsType': 'player'}",,,,,,,,,,,,,,,,,,,,,,,,,,,,,,,,,,,,,,,,,,,,,,,,
14288841,2026-03-21,Liga Portugal Betclic,Liga Portugal 25/26,27.0,Home,Vitória SC,850976,Alexander Bah,D,6,True,38.0,29.0,4.0,1.0,0.0,19.0,22.0,10.0,16.0,,3.0,1.0,2.0,,,,,,,90.0,58.0,7.5,13.0,0.349526,161.75451688906,15.0,95.508959166505,30.013196761324,,"{'original': 7.5, 'alternative': 7.3}",1,,0.58,0.22,0.14,,"{'sportSlug': 'football', 'statisticsType': 'player'}",1.0,,3.0,1.0,2.0,,3.0,1.0,1.0,1.0,1.0,,,,54.831441159388,2.0,2.0,,,,,,1.0,,2.0,0.0633,,-0.29,,,1.0,,1.0,,,,,,,,,,,,,,,
14288841,2026-03-21,Liga Portugal Betclic,Liga Portugal 25/26,27.0,Home,Vitória SC,966616,Anatoliy Trubin,G,1,True,25.0,19.0,9.0,3.0,0.0,19.0,20.0,,5.0,,,1.0,5.0,,,2.0,1.0,,,90.0,30.0,6.7,6.0,4.212e-05,29.554491160424,6.0,-5.2435100672244,,0.1074,"{'original': 6.7, 'alternative': 7.3}",0,0.1401,-0.02,-0.09,0.14,0.13,"{'sportSlug': 'football', 'statisticsType': 'player'}",,,,,,,,,,,,,,,,0.0,,,,,,,,,,,,,,,,,,,,,,,,,,,,,,,,
14288841,2026-03-21,Liga Portugal Betclic,Liga Portugal 25/26,27.0,Home,Vitória SC,1100952,Andreas Schjelderup,M,21,True,23.0,20.0,1.0,,0.0,8.0,8.0,12.0,15.0,,6.0,,4.0,,,,,,,77.0,33.0,7.4,6.0,0.122658,133.07283350424,13.0,48.681116072997,16.704852943705,,"{'original': 7.4, 'alternative': 7.5}",1,,0.4,0.38,0.13,,"{'sportSlug': 'football', 'statisticsType': 'player'}",1.0,,4.0,1.0,2.0,,,4.0,2.0,,1.0,,,,43.777286014648,3.0,2.0,,,,,,,1.0,1.0,0.113,0.1094,-0.52,1.0,,1.0,,1.0,,,,,,,,,,,,,,,
14288841,2026-03-21,Liga Portugal Betclic,Liga Portugal 25/26,27.0,Home,Vitória SC,1087316,Enzo Barrenechea,M,5,True,67.0,60.0,5.0,3.0,0.0,46.0,49.0,14.0,18.0,1.0,2.0,4.0,5.0,,,,,,,90.0,76.0,7.3,7.0,0.0100847,155.72665190016,25.0,40.710323987397,,,"{'original': 7.3, 'alternative': 7.5}",0,,0.22,0.11,0.43,,"{'sportSlug': 'football', 'statisticsType': 'player'}",,,3.0,,,3.0,1.0,1.0,1.0,,,,,,,0.0,,,,,,,,,3.0,,,,,,,,,,,,,,,,,,,,,,,
14288841,2026-03-21,Liga Portugal Betclic,Liga Portugal 25/26,27.0,Home,Vitória SC,1123925,Georgiy Sudakov,M,10,True,22.0,17.0,1.0,,0.0,10.0,13.0,7.0,9.0,1.0,5.0,1.0,,,,,,,,77.0,39.0,6.7,13.0,0.0214398,69.256519374842,10.0,12.166525250097,9.1922227726401,,"{'original': 6.7, 'alternative': 6.9}",1,,-0.15,0.21,-0.01,,"{'sportSlug': 'football', 'statisticsType': 'player'}",7.0,1.0,3.0,1.0,1.0,1.0,1.0,2.0,1.0,1.0,1.0,,,,9.2078532242863,1.0,,,,,1.0,,,,1.0,0.12,,-0.23,,,,,1.0,,,1.0,,,,,,,,,,,,
14288841,2026-03-21,Liga Portugal Betclic,Liga Portugal 25/26,27.0,Home,Vitória SC,1201395,Gianluca Prestianni,M,25,True,21.0,16.0,1.0,,0.0,4.0,4.0,12.0,17.0,,5.0,1.0,5.0,,,,,,,82.0,40.0,8.1,11.0,0.0672478,72.662727663043,10.0,49.881822396462,13.772499441608,,"{'original': 8.1, 'alternative': 8}",1,,0.06,0.43,0.18,,"{'sportSlug': 'football', 'statisticsType': 'player'}",1.0,,5.0,3.0,2.0,,1.0,1.0,1.0,1.0,3.0,,,,37.630834274983,3.0,3.0,,,,,,,1.0,,0.1113,0.1265,0.51,1.0,1.0,1.0,,1.0,,,,,,,,,,,,,,,
14288841,2026-03-21,Liga Portugal Betclic,Liga Portugal 25/26,27.0,Home,Vitória SC,906800,Leandro Barreiro,M,18,True,38.0,37.0,,,0.0,17.0,17.0,20.0,21.0,,3.0,2.0,2.0,,,,,,,85.0,50.0,6.6,5.0,0.0117936,96.713665014521,10.0,31.558407749218,32.170866965121,,"{'original': 6.6, 'alternative': 6.6}",0,,0.1,0.01,0.16,,"{'sportSlug': 'football', 'statisticsType': 'player'}",,,7.0,2.0,1.0,,1.0,2.0,1.0,1.0,1.0,,,,33.738183724083,1.0,,,,,1.0,,,,3.0,,,,,,,,,,,,,,,,,,,,,,,
14288841,2026-03-21,Liga Portugal Betclic,Liga Portugal 25/26,27.0,Home,Vitória SC,1015292,Richard Ríos,M,20,True,49.0,44.0,3.0,1.0,2.0,19.0,21.0,25.0,28.0,1.0,6.0,2.0,4.0,,,,,,,90.0,64.0,8.3,7.0,0.150636,132.25237871227,15.0,36.500889102634,20.439050602591,,"{'original': 8.3, 'alternative': 8.2}",2,,0.73,0.3,0.14,,"{'sportSlug': 'football', 'statisticsType': 'player'}",,,2.0,,1.0,,,2.0,2.0,1.0,3.0,,,,36.635381927858,1.0,2.0,,,,,,1.0,,,0.0594,,-0.11,1.0,,2.0,,,,,1.0,,,,,,,,,,,,
14288841,2026-03-21,Liga Portugal Betclic,Liga Portugal 25/26,27.0,Home,Vitória SC,993101,Samuel Dahl,D,26,True,58.0,48.0,3.0,,0.0,26.0,28.0,22.0,30.0,,4.0,3.0,3.0,,,,,,,90.0,72.0,6.9,10.0,0.0100791,116.88952703949,16.0,63.426413512494,24.204622062078,,"{'original': 6.9, 'alternative': 7.1}",0,,-0.07,0.08,0.21,,"{'sportSlug': 'football', 'statisticsType': 'player'}",,,2.0,,,,,4.0,2.0,,,,,,25.152670554039,1.0,,,,,,,,,1.0,,,,1.0,,,,,,,,,,,,,,,,,,,
14288841,2026-03-21,Liga Portugal Betclic,Liga Portugal 25/26,27.0,Home,Vitória SC,983542,Tomás Araújo,D,44,True,64.0,61.0,6.0,6.0,0.0,47.0,48.0,14.0,16.0,,,6.0,4.0,,,,,,,90.0,74.0,7.3,3.0,0.00781285,157.42071418798,20.0,63.761829948802,,,"{'original': 7.3, 'alternative': 7.3}",0,,0.29,0.09,0.34,,"{'sportSlug': 'football', 'statisticsType': 'player'}",,,3.0,,,1.0,,,,,,,,,,0.0,,,,,3.0,,,,,,,,,,,,,,,,,,,,,,,,,,,
14288841,2026-03-21,Liga Portugal Betclic,Liga Portugal 25/26,27.0,Home,Vitória SC,795236,Vangelis Pavlidis,F,14,True,17.0,13.0,4.0,2.0,0.0,3.0,4.0,10.0,13.0,,1.0,,3.0,,,,,,,82.0,29.0,7.3,9.0,0.0778048,53.516313011893,8.0,19.760821397668,8.2925013033103,,"{'original': 7.3, 'alternative': 6.9}",4,,0.31,0.18,-0.01,,"{'sportSlug': 'football', 'statisticsType': 'player'}",,,4.0,,1.0,,,,,4.0,1.0,,,,8.2986574817858,1.0,1.0,,,,2.0,2.0,2.0,1.0,1.0,0.9928,0.3322,0.38,,1.0,,,,,,1.0,,,,,,,,,,,,
14288841,2026-03-21,Liga Portugal Betclic,Liga Portugal 25/26,27.0,Home,Vitória SC,2163561,Anísio Cabral,F,72,False,,,,,,,,,,,,,,,,,,,,,,,,,,,,,,,0,,,,,,"{'sportSlug': 'football', 'statisticsType': 'player'}",,,,,,,,,,,,,,,,,,,,,,,,,,,,,,,,,,,,,,,,,,,,,,,,
14288841,2026-03-21,Liga Portugal Betclic,Liga Portugal 25/26,27.0,Home,Vitória SC,1961109,Daniel Banjaqui,D,58,False,,,,,,,,,,,,,,,,,,,,,,,,,,,,,,,0,,,,,,"{'sportSlug': 'football', 'statisticsType': 'player'}",,,,,,,,,,,,,,,,,,,,,,,,,,,,,,,,,,,,,,,,,,,,,,,,
14288841,2026-03-21,Liga Portugal Betclic,Liga Portugal 25/26,27.0,Home,Vitória SC,823631,Dodi Lukebakio,M,11,False,4.0,4.0,,,0.0,1.0,1.0,3.0,3.0,,,,,,,,,,,8.0,7.0,6.3,1.0,0.0192843,9.6428182876936,2.0,6.4888674024205,,,"{'original': 6.3, 'alternative': 6}",1,,0.03,-0.07,0.13,,"{'sportSlug': 'football', 'statisticsType': 'player'}",,,1.0,,1.0,,,,,,,,,,,0.0,,,,,,1.0,1.0,,,0.4187,,-0.55,,,,,,,,,,,,,,,,,,,,
14288841,2026-03-21,Liga Portugal Betclic,Liga Portugal 25/26,27.0,Home,Vitória SC,1103333,Franjo Ivanović,F,9,False,5.0,2.0,,,0.0,,3.0,2.0,2.0,,2.0,,1.0,,,,,,,8.0,12.0,6.6,5.0,0.167532,25.618115101557,3.0,10.558817608927,7.7488588862938,,"{'original': 6.6, 'alternative': 7}",0,,0.15,0.18,-0.01,,"{'sportSlug': 'football', 'statisticsType': 'player'}",,,2.0,1.0,,,1.0,,,1.0,2.0,,,,14.895841701629,1.0,1.0,,,,1.0,,,,,,,,,,1.0,,,,,,,,,,,,,,,,,
14288841,2026-03-21,Liga Portugal Betclic,Liga Portugal 25/26,27.0,Home,Vitória SC,1085740,Manu Silva,M,16,False,9.0,8.0,,,0.0,6.0,7.0,2.0,2.0,,,,,,,,,,,9.0,9.0,6.5,1.0,0.00330561,19.859516029033,3.0,3.287117993569,,,"{'original': 6.5, 'alternative': 6.4}",0,,0.01,0.01,-0.01,,"{'sportSlug': 'football', 'statisticsType': 'player'}",,,2.0,,,,,,,,,,,,,0.0,,,,,,,,,2.0,,,,,,,,,,,,,,,,,,,,,,,
14288841,2026-03-21,Liga Portugal Betclic,Liga Portugal 25/26,27.0,Home,Vitória SC,74915,Nicolás Otamendi,D,30,False,,,,,,,,,,,,,,,,,,,,,,,,,,,,,,,0,,,,,,"{'sportSlug': 'football', 'statisticsType': 'player'}",,,,,,,,,,,,,,,,,,,,,,,,,,,,,,,,,,,,,,,,,,,,,,,,
14288841,2026-03-21,Liga Portugal Betclic,Liga Portugal 25/26,27.0,Home,Vitória SC,252577,Rafa Silva,M,27,False,4.0,3.0,,,0.0,,,3.0,4.0,,2.0,,1.0,,,,,,,13.0,8.0,7.0,1.0,0.00376278,32.934099241012,4.0,22.645129259243,17.534318066339,,"{'original': 7, 'alternative': 6.6}",1,,0.01,0.08,0.0,,"{'sportSlug': 'football', 'statisticsType': 'player'}",,,,,1.0,,,,,,1.0,,,,24.90140439082,2.0,,,,,,1.0,,1.0,,0.463,0.329,0.09,,,,,1.0,,,,,,,,,,,,,,,
14288841,2026-03-21,Liga Portugal Betclic,Liga Portugal 25/26,27.0,Home,Vitória SC,983550,Samuel Soares,G,24,False,,,,,,,,,,,,,,,,,,,,,,,,,,,,,,,0,,,,,,"{'sportSlug': 'football', 'statisticsType': 'player'}",,,,,,,,,,,,,,,,,,,,,,,,,,,,,,,,,,,,,,,,,,,,,,,,
14288841,2026-03-21,Liga Portugal Betclic,Liga Portugal 25/26,27.0,Home,Vitória SC,1117723,Sidny Lopes Cabral,D,15,False,4.0,2.0,,,0.0,,1.0,2.0,3.0,,2.0,,,,,,,,,13.0,11.0,6.6,5.0,0.00136391,57.420739083484,5.0,10.966659319165,10.95646021583,,"{'original': 6.6, 'alternative': 6.3}",0,,-0.02,-0.1,0.0,,"{'sportSlug': 'football', 'statisticsType': 'player'}",1.0,,3.0,,2.0,,,1.0,,,1.0,,,,25.157202726058,1.0,,,,,,,,,1.0,,,,,,,,,,,,,,,,,,,,,,,
14288848,2026-04-06,Liga Portugal Betclic,Liga Portugal 25/26,28.0,Away,Casa Pia,850976,Alexander Bah,D,6,True,68.0,53.0,1.0,,0.0,26.0,28.0,27.0,40.0,1.0,5.0,3.0,3.0,,,,,,,81.0,97.0,6.4,22.0,0.0444244,231.19927252632,24.0,121.78092062133,26.106261553948,,"{'original': 6.4, 'alternative': 7.7}",1,,-0.14,0.13,-0.14,,"{'sportSlug': 'football', 'statisticsType': 'player'}",3.0,,2.0,1.0,,1.0,1.0,2.0,,1.0,2.0,31.73,9.61,19.0,63.814284987047,2.0,2.0,1.52,0.63,0.23,1.0,,,,,0.0901,,-0.17,,,2.0,,,,,1.0,,,,,,,,,,,,
14288848,2026-04-06,Liga Portugal Betclic,Liga Portugal 25/26,28.0,Away,Casa Pia,966616,Anatoliy Trubin,G,1,True,16.0,13.0,5.0,2.0,0.0,12.0,12.0,1.0,4.0,,,,5.0,1.0,,1.0,,,,90.0,21.0,6.7,3.0,0.00209681,20.784222725015,3.0,13.935978199961,,0.2042,"{'original': 6.7, 'alternative': 6.7}",0,-0.3772,0.06,0.01,-0.09,0.03,"{'sportSlug': 'football', 'statisticsType': 'player'}",,,,,,,,,,,,,,,,0.0,,,,,,,,,,,,,,,,,,,,,,,,2.0,,,,,,,,
14288848,2026-04-06,Liga Portugal Betclic,Liga Portugal 25/26,28.0,Away,Casa Pia,1100952,Andreas Schjelderup,M,21,True,43.0,37.0,,,1.0,9.0,9.0,28.0,34.0,1.0,4.0,,4.0,,,,,,,90.0,65.0,7.6,19.0,0.957209,209.68352410577,22.0,133.43988414912,23.942375356442,,"{'original': 7.6, 'alternative': 7.4}",4,,0.54,0.42,-0.06,,"{'sportSlug': 'football', 'statisticsType': 'player'}",7.0,1.0,2.0,1.0,3.0,,,,,3.0,1.0,32.82,10.71,20.0,105.78046425878,6.0,2.0,1.58,0.64,0.28,,1.0,2.0,,,0.3336,,-0.15,,,1.0,,2.0,,,2.0,,,,,,,,,,,,
14288848,2026-04-06,Liga Portugal Betclic,Liga Portugal 25/26,28.0,Away,Casa Pia,1006069,António Silva,D,4,True,114.0,108.0,5.0,3.0,0.0,53.0,55.0,55.0,59.0,,3.0,4.0,3.0,,,,,,,90.0,127.0,7.2,8.0,0.159873,408.54921703444,57.0,203.829503386,25.579931932763,,"{'original': 7.2, 'alternative': 7.1}",0,,0.46,0.22,-0.03,,"{'sportSlug': 'football', 'statisticsType': 'player'}",,,7.0,1.0,,1.0,,3.0,1.0,1.0,,31.7,9.78,12.0,49.44780061916,2.0,1.0,1.14,0.44,0.14,3.0,,,,3.0,,,,1.0,,,,,,,,,,,,,,,,,,,
14288848,2026-04-06,Liga Portugal Betclic,Liga Portugal 25/26,28.0,Away,Casa Pia,823631,Dodi Lukebakio,M,11,True,17.0,15.0,1.0,1.0,0.0,5.0,5.0,10.0,12.0,,2.0,,1.0,,,,,,,58.0,32.0,6.5,11.0,0.0354209,155.55388136824,12.0,50.634784581877,21.439680835353,,"{'original': 6.5, 'alternative': 7.1}",3,,-0.44,0.26,0.0,,"{'sportSlug': 'football', 'statisticsType': 'player'}",7.0,,2.0,1.0,1.0,,,1.0,1.0,,1.0,33.91,6.27,9.0,39.464530870619,2.0,,0.73,0.27,0.15,,,2.0,,,0.1889,,-0.39,,,,,,,,1.0,,,,,1.0,,,,,,,
14288848,2026-04-06,Liga Portugal Betclic,Liga Portugal 25/26,28.0,Away,Casa Pia,1087316,Enzo Barrenechea,M,5,True,53.0,48.0,4.0,3.0,0.0,21.0,24.0,27.0,29.0,4.0,9.0,5.0,5.0,,,,,,,81.0,76.0,7.1,7.0,0.0205371,219.49179452455,26.0,105.61702143722,,,"{'original': 7.1, 'alternative': 7.2}",0,,0.01,0.26,0.18,,"{'sportSlug': 'football', 'statisticsType': 'player'}",,,7.0,,1.0,,1.0,1.0,1.0,1.0,3.0,30.78,9.61,8.0,,0.0,,1.74,0.47,0.12,4.0,,,,4.0,,,,,,,,1.0,,,,,,,,,,,,,,,
14288848,2026-04-06,Liga Portugal Betclic,Liga Portugal 25/26,28.0,Away,Casa Pia,74915,Nicolás Otamendi,D,30,True,83.0,73.0,3.0,1.0,0.0,46.0,48.0,27.0,35.0,7.0,11.0,9.0,6.0,,,,,,,90.0,100.0,7.1,11.0,0.0161946,332.79118203624,44.0,241.64594507726,17.647410657078,,"{'original': 7.1, 'alternative': 7.4}",1,,-0.44,0.26,-0.03,,"{'sportSlug': 'football', 'statisticsType': 'player'}",1.0,,1.0,,1.0,,,1.0,1.0,,2.0,31.96,9.15,11.0,20.76406802628,1.0,,1.04,0.44,0.13,1.0,,,,,0.0498,,-0.03,,,,,1.0,,,1.0,,,,,,,,,,,,
14288848,2026-04-06,Liga Portugal Betclic,Liga Portugal 25/26,28.0,Away,Casa Pia,252577,Rafa Silva,M,27,True,19.0,17.0,,,0.0,4.0,4.0,13.0,15.0,,3.0,,,,,,,,,70.0,29.0,6.9,4.0,0.454448,50.761569793478,6.0,20.493272879971,10.440330952249,,"{'original': 6.9, 'alternative': 6.9}",1,,0.22,0.25,0.15,,"{'sportSlug': 'football', 'statisticsType': 'player'}",,,2.0,1.0,1.0,,,1.0,1.0,1.0,1.0,32.54,7.9,14.0,17.601289969741,2.0,2.0,1.2,0.58,0.23,1.0,1.0,1.0,,,0.0824,,-0.41,,,,,1.0,,,,,,,,,,,,,,,
14288848,2026-04-06,Liga Portugal Betclic,Liga Portugal 25/26,28.0,Away,Casa Pia,1015292,Richard Ríos,M,20,True,64.0,57.0,6.0,4.0,0.0,22.0,24.0,35.0,40.0,1.0,8.0,1.0,6.0,,,,,,,90.0,88.0,7.8,9.0,0.0291583,276.79783395788,27.0,178.23605720801,22.764113102146,,"{'original': 7.8, 'alternative': 8.2}",3,,-0.06,0.34,0.16,,"{'sportSlug': 'football', 'statisticsType': 'player'}",,,8.0,,1.0,1.0,,4.0,1.0,2.0,2.0,32.27,10.85,17.0,83.340479644675,4.0,,1.67,0.59,0.27,6.0,,1.0,2.0,1.0,0.6134,1.0448,0.46,1.0,1.0,,,1.0,,,,,,,,,,,,,,,
14288848,2026-04-06,Liga Portugal Betclic,Liga Portugal 25/26,28.0,Away,Casa Pia,993101,Samuel Dahl,D,26,True,64.0,51.0,8.0,3.0,0.0,19.0,20.0,32.0,44.0,1.0,4.0,1.0,3.0,,,,,,,90.0,84.0,6.4,18.0,0.0873702,293.46802322706,31.0,118.15376636349,23.23221783411,,"{'original': 6.4, 'alternative': 7.1}",0,,0.04,0.16,-0.23,,"{'sportSlug': 'football', 'statisticsType': 'player'}",1.0,,5.0,,1.0,,2.0,2.0,1.0,2.0,1.0,34.02,10.64,23.0,85.244416872317,4.0,3.0,1.58,0.74,0.3,3.0,,,,,,,,1.0,,,,,,,,,,,,,,,,,,,
14288848,2026-04-06,Liga Portugal Betclic,Liga Portugal 25/26,28.0,Away,Casa Pia,795236,Vangelis Pavlidis,F,14,True,26.0,16.0,2.0,,0.0,8.0,10.0,8.0,16.0,4.0,9.0,1.0,1.0,,,,,,,90.0,41.0,6.4,15.0,0.0834136,35.295355656746,5.0,16.866444125309,,,"{'original': 6.4, 'alternative': 7.2}",2,,-0.41,0.15,0.13,,"{'sportSlug': 'football', 'statisticsType': 'player'}",2.0,1.0,5.0,2.0,,,,,,2.0,5.0,31.43,11.45,8.0,,0.0,2.0,1.88,0.8,0.1,3.0,1.0,1.0,1.0,,0.4379,0.3232,-0.13,,,1.0,,,,2.0,,,,,,,,,,,,,
14288848,2026-04-06,Liga Portugal Betclic,Liga Portugal 25/26,28.0,Away,Casa Pia,2163561,Anísio Cabral,F,72,False,4.0,4.0,,,0.0,,,4.0,4.0,,,,,,,,,,,9.0,7.0,6.3,2.0,0.00995504,9.8046408857826,2.0,8.8268906629546,5.5448230628397,,"{'original': 6.3, 'alternative': 6.6}",1,,0.03,0.28,-0.02,,"{'sportSlug': 'football', 'statisticsType': 'player'}",,,2.0,1.0,,,,,,1.0,,29.67,1.71,5.0,5.6024395579069,1.0,,0.3,0.14,0.07,,,1.0,,1.0,0.0819,,-0.55,,,,,,,,,,,,,,,,,,,,
14288848,2026-04-06,Liga Portugal Betclic,Liga Portugal 25/26,28.0,Away,Casa Pia,1961109,Daniel Banjaqui,D,58,False,,,,,,,,,,,,,,,,,,,,,,,,,,,,,,,0,,,,,,"{'sportSlug': 'football', 'statisticsType': 'player'}",,,,,,,,,,,,,,,,,,,,,,,,,,,,,,,,,,,,,,,,,,,,,,,,
14288848,2026-04-06,Liga Portugal Betclic,Liga Portugal 25/26,28.0,Away,Casa Pia,1103333,Franjo Ivanović,F,9,False,4.0,4.0,,,0.0,,,4.0,4.0,,,,,,,,,,,9.0,6.0,6.5,2.0,0.0100563,23.536172902755,2.0,13.634667875292,,,"{'original': 6.5, 'alternative': 6.6}",0,,0.02,0.04,0.0,,"{'sportSlug': 'football', 'statisticsType': 'player'}",,,,,,,,,,2.0,,31.08,1.75,4.0,,0.0,,0.26,0.14,0.07,,,,,,,,,,,,,,,,,,,,,,,,,,,,
14288848,2026-04-06,Liga Portugal Betclic,Liga Portugal 25/26,28.0,Away,Casa Pia,1123925,Georgiy Sudakov,M,10,False,17.0,15.0,,,0.0,4.0,5.0,11.0,12.0,,,,2.0,,,,,,,20.0,21.0,6.4,3.0,0.0383309,119.40423669323,11.0,72.748457694315,13.699612868789,,"{'original': 6.4, 'alternative': 6.7}",2,,0.01,0.19,-0.06,,"{'sportSlug': 'football', 'statisticsType': 'player'}",1.0,1.0,1.0,,,,,,,1.0,,29.16,3.04,12.0,16.849054127754,1.0,1.0,0.59,0.25,0.11,,,1.0,,1.0,0.0555,,-0.13,,,,,,,,1.0,,,,,,,,,,,,
14288848,2026-04-06,Liga Portugal Betclic,Liga Portugal 25/26,28.0,Away,Casa Pia,1201395,Gianluca Prestianni,M,25,False,13.0,11.0,,,0.0,1.0,1.0,10.0,12.0,,2.0,1.0,1.0,,,,,,,32.0,26.0,6.8,8.0,0.197462,90.295441720494,8.0,76.185230213195,15.527246828333,,"{'original': 6.8, 'alternative': 6.9}",0,,0.04,0.28,0.13,,"{'sportSlug': 'football', 'statisticsType': 'player'}",6.0,2.0,2.0,,3.0,,,,,,1.0,31.96,4.17,10.0,61.691798884224,4.0,2.0,0.6,0.38,0.12,,,,,,,,,,,,,1.0,,,,,,,,,,,,,,,
14288848,2026-04-06,Liga Portugal Betclic,Liga Portugal 25/26,28.0,Away,Casa Pia,1432417,Gonçalo Oliveira,D,64,False,,,,,,,,,,,,,,,,,,,,,,,,,,,,,,,0,,,,,,"{'sportSlug': 'football', 'statisticsType': 'player'}",,,,,,,,,,,,,,,,,,,,,,,,,,,,,,,,,,,,,,,,,,,,,,,,
14288848,2026-04-06,Liga Portugal Betclic,Liga Portugal 25/26,28.0,Away,Casa Pia,1085740,Manu Silva,M,16,False,,,,,,,,,,,,,,,,,,,,,,,,,,,,,,,0,,,,,,"{'sportSlug': 'football', 'statisticsType': 'player'}",,,,,,,,,,,,,,,,,,,,,,,,,,,,,,,,,,,,,,,,,,,,,,,,
14288848,2026-04-06,Liga Portugal Betclic,Liga Portugal 25/26,28.0,Away,Casa Pia,983550,Samuel Soares,G,24,False,,,,,,,,,,,,,,,,,,,,,,,,,,,,,,,0,,,,,,"{'sportSlug': 'football', 'statisticsType': 'player'}",,,,,,,,,,,,,,,,,,,,,,,,,,,,,,,,,,,,,,,,,,,,,,,,
14288848,2026-04-06,Liga Portugal Betclic,Liga Portugal 25/26,28.0,Away,Casa Pia,1117723,Sidny Lopes Cabral,D,15,False,,,,,,,,,,,,,,,,,,,,,,,,,,,,,,,0,,,,,,"{'sportSlug': 'football', 'statisticsType': 'player'}",,,,,,,,,,,,,,,,,,,,,,,,,,,,,,,,,,,,,,,,,,,,,,,,
14288859,2026-04-12,Liga Portugal Betclic,Liga Portugal 25/26,29.0,Home,CD Nacional,1102791,Amar Dedić,D,17,True,38.0,37.0,1.0,1.0,0.0,17.0,17.0,20.0,21.0,,3.0,1.0,5.0,,,,,,,90.0,62.0,7.1,5.0,0.166264,138.25254965513,18.0,62.126774194863,13.449816662759,,"{'original': 7.1, 'alternative': 7.4}",3,,0.36,0.18,0.14,,"{'sportSlug': 'football', 'statisticsType': 'player'}",2.0,1.0,3.0,,5.0,,,,,1.0,,30.62,9.16,15.0,27.932069382701,1.0,1.0,0.94,0.5,0.17,,,1.0,1.0,1.0,0.3075,0.2689,0.04,,,,,3.0,,,1.0,,,,,,,,,,,,
14288859,2026-04-12,Liga Portugal Betclic,Liga Portugal 25/26,29.0,Home,CD Nacional,966616,Anatoliy Trubin,G,1,True,28.0,25.0,10.0,7.0,0.0,23.0,23.0,2.0,5.0,,1.0,,11.0,2.0,,4.0,,,,90.0,40.0,7.6,4.0,0.00073847,55.168289107912,8.0,20.230234201928,,0.4207,"{'original': 7.6, 'alternative': 7.7}",0,0.6352,0.11,0.2,0.3,0.37,"{'sportSlug': 'football', 'statisticsType': 'player'}",,,,,,,,,,,,,,,,0.0,,,,,,,,,,,,,,,,,,,,,,,,,,,,,,,,
14288859,2026-04-12,Liga Portugal Betclic,Liga Portugal 25/26,29.0,Home,CD Nacional,1100952,Andreas Schjelderup,M,21,True,36.0,27.0,2.0,1.0,0.0,8.0,9.0,19.0,27.0,,5.0,,6.0,,,,,,,89.0,63.0,8.9,20.0,0.652851,161.1724313017,16.0,102.84018365475,18.851997145071,,"{'original': 8.9, 'alternative': 7.9}",5,,0.66,0.59,-0.15,,"{'sportSlug': 'football', 'statisticsType': 'player'}",7.0,2.0,12.0,2.0,4.0,,,1.0,1.0,,4.0,30.27,8.8,13.0,90.446082838627,7.0,3.0,0.99,0.49,0.09,1.0,1.0,,2.0,3.0,0.4092,0.2837,0.52,3.0,1.0,1.0,,,,,3.0,,,1.0,,,,,,,,,
14288859,2026-04-12,Liga Portugal Betclic,Liga Portugal 25/26,29.0,Home,CD Nacional,1006069,António Silva,D,4,True,80.0,72.0,5.0,2.0,0.0,42.0,44.0,30.0,36.0,2.0,4.0,3.0,1.0,,,,,,,90.0,93.0,7.6,11.0,0.0286178,223.09301305959,25.0,122.92968244052,17.788308642415,,"{'original': 7.6, 'alternative': 7.5}",3,,0.32,0.29,0.16,,"{'sportSlug': 'football', 'statisticsType': 'player'}",,,6.0,,3.0,1.0,1.0,,,1.0,,27.99,8.44,7.0,24.012439463745,1.0,,0.74,0.22,0.06,2.0,,1.0,1.0,2.0,0.4276,0.5329,0.13,1.0,,,,2.0,,,1.0,,,,,,,,,,,,
14288859,2026-04-12,Liga Portugal Betclic,Liga Portugal 25/26,29.0,Home,CD Nacional,1201395,Gianluca Prestianni,M,25,True,37.0,29.0,1.0,,2.0,6.0,6.0,23.0,31.0,,3.0,,4.0,,,,,,,78.0,65.0,8.4,20.0,0.665744,75.531308948731,9.0,32.081484977218,8.096065010213,,"{'original': 8.4, 'alternative': 8.7}",2,,1.0,0.28,-0.06,,"{'sportSlug': 'football', 'statisticsType': 'player'}",7.0,3.0,7.0,3.0,4.0,,,,,3.0,,32.53,8.0,8.0,9.2675409899282,1.0,5.0,1.05,0.5,0.1,1.0,,1.0,,1.0,0.0912,,-0.18,1.0,,2.0,,3.0,,1.0,1.0,,,,,1.0,,,,,,,
14288859,2026-04-12,Liga Portugal Betclic,Liga Portugal 25/26,29.0,Home,CD Nacional,906800,Leandro Barreiro,M,18,True,51.0,45.0,3.0,2.0,0.0,18.0,19.0,27.0,32.0,1.0,7.0,,2.0,,,,,,,90.0,64.0,7.3,8.0,0.162556,54.571618928732,10.0,29.872145750614,,,"{'original': 7.3, 'alternative': 7.6}",1,,0.28,0.18,-0.03,,"{'sportSlug': 'football', 'statisticsType': 'player'}",1.0,1.0,8.0,1.0,,,1.0,4.0,2.0,1.0,2.0,28.75,9.61,4.0,,0.0,3.0,1.33,0.32,0.04,4.0,,,1.0,2.0,0.0869,0.3028,0.13,1.0,,,,,,,,,,,,,,,,,,,
14288859,2026-04-12,Liga Portugal Betclic,Liga Portugal 25/26,29.0,Home,CD Nacional,74915,Nicolás Otamendi,D,30,True,72.0,65.0,14.0,10.0,0.0,38.0,40.0,27.0,32.0,8.0,12.0,4.0,5.0,,,,,,,90.0,87.0,8.4,9.0,0.0283053,360.68861641412,39.0,245.15800723759,21.688050682418,,"{'original': 8.4, 'alternative': 7.9}",1,,0.37,0.29,0.31,,"{'sportSlug': 'football', 'statisticsType': 'player'}",,,1.0,,1.0,,1.0,3.0,2.0,1.0,1.0,32.13,7.93,7.0,45.125459371106,2.0,1.0,0.83,0.32,0.06,,,1.0,,,0.1046,,-0.15,,,,,,,,,,,,,,,,,,,,
14288859,2026-04-12,Liga Portugal Betclic,Liga Portugal 25/26,29.0,Home,CD Nacional,252577,Rafa Silva,M,27,True,25.0,18.0,,,0.0,4.0,4.0,14.0,21.0,,6.0,,3.0,,,,,,,78.0,42.0,7.7,14.0,0.0673965,137.05869339437,15.0,59.577111016485,18.490634678842,,"{'original': 7.7, 'alternative': 7.9}",3,,0.17,0.28,0.13,,"{'sportSlug': 'football', 'statisticsType': 'player'}",1.0,,5.0,2.0,6.0,,1.0,1.0,1.0,2.0,1.0,31.53,8.12,19.0,55.49333252342,3.0,1.0,0.98,0.53,0.2,1.0,1.0,2.0,1.0,,0.8962,0.7713,0.39,,1.0,,,4.0,,2.0,,,,,,,,,,,,,
14288859,2026-04-12,Liga Portugal Betclic,Liga Portugal 25/26,29.0,Home,CD Nacional,1015292,Richard Ríos,M,20,True,28.0,25.0,,,0.0,6.0,7.0,19.0,21.0,,5.0,,2.0,,,,,,,79.0,37.0,6.9,6.0,0.0222482,73.414308320572,8.0,25.960868873531,17.13074968105,,"{'original': 6.9, 'alternative': 6.8}",0,,0.17,0.17,0.18,,"{'sportSlug': 'football', 'statisticsType': 'player'}",2.0,1.0,4.0,1.0,,,,1.0,1.0,1.0,4.0,27.18,8.28,10.0,17.265445375084,1.0,,1.11,0.36,0.07,1.0,,,,2.0,,,,,,,,,,,,,,,,,,,,,,,
14288859,2026-04-12,Liga Portugal Betclic,Liga Portugal 25/26,29.0,Home,CD Nacional,993101,Samuel Dahl,D,26,True,48.0,43.0,6.0,4.0,0.0,16.0,16.0,27.0,32.0,,3.0,,2.0,,,,,,,90.0,63.0,8.1,9.0,0.107872,290.52541419972,22.0,217.69046267462,32.956051733329,,"{'original': 8.1, 'alternative': 6.9}",0,,0.86,0.31,-0.08,,"{'sportSlug': 'football', 'statisticsType': 'player'}",2.0,1.0,4.0,,1.0,,1.0,1.0,1.0,2.0,2.0,30.61,9.51,12.0,152.62757029071,6.0,,1.39,0.41,0.12,,,,,1.0,,,,2.0,,,,,,,,,,,,,,,,,,,
14288859,2026-04-12,Liga Portugal Betclic,Liga Portugal 25/26,29.0,Home,CD Nacional,795236,Vangelis Pavlidis,F,14,True,8.0,7.0,,,0.0,,,7.0,8.0,2.0,6.0,,,,,,,,,77.0,31.0,5.0,12.0,0.0621827,36.436133731235,6.0,13.056990542257,8.9356704522876,,"{'original': 5, 'alternative': 6.3}",3,,-0.2,-0.62,-0.06,,"{'sportSlug': 'football', 'statisticsType': 'player'}",1.0,,9.0,1.0,2.0,,,1.0,,5.0,3.0,28.57,8.12,10.0,11.007321245426,1.0,,1.04,0.42,0.1,4.0,1.0,2.0,1.0,1.0,0.9722,0.6296,-1.0,1.0,,,,,,,,,,,,,,,,1.0,,,
14288859,2026-04-12,Liga Portugal Betclic,Liga Portugal 25/26,29.0,Home,CD Nacional,850976,Alexander Bah,D,6,False,,,,,,,,,,,,,,,,,,,,,,,,,,,,,,,0,,,,,,"{'sportSlug': 'football', 'statisticsType': 'player'}",,,,,,,,,,,,,,,,,,,,,,,,,,,,,,,,,,,,,,,,,,,,,,,,
14288859,2026-04-12,Liga Portugal Betclic,Liga Portugal 25/26,29.0,Home,CD Nacional,2163561,Anísio Cabral,F,72,False,,,,,,,,,,,,,,,,,,,,,,,,,,,,,,,0,,,,,,"{'sportSlug': 'football', 'statisticsType': 'player'}",,,,,,,,,,,,,,,,,,,,,,,,,,,,,,,,,,,,,,,,,,,,,,,,
14288859,2026-04-12,Liga Portugal Betclic,Liga Portugal 25/26,29.0,Home,CD Nacional,823631,Dodi Lukebakio,M,11,False,4.0,3.0,,,0.0,1.0,1.0,2.0,3.0,,2.0,,2.0,,,,,,,12.0,15.0,6.6,4.0,0.0286497,3.933464630577,1.0,-2.8842856246734,,,"{'original': 6.6, 'alternative': 6.9}",2,,0.0,0.03,0.13,,"{'sportSlug': 'football', 'statisticsType': 'player'}",3.0,,1.0,,,,2.0,1.0,1.0,,1.0,32.74,1.23,4.0,,0.0,,0.11,0.06,0.04,1.0,,,,,0.0963,,-0.04,,,,,,,,2.0,,,,,,,,,,,,
14288859,2026-04-12,Liga Portugal Betclic,Liga Portugal 25/26,29.0,Home,CD Nacional,1087316,Enzo Barrenechea,M,5,False,3.0,2.0,,,0.0,,,2.0,3.0,,,,1.0,,,,,,,11.0,3.0,6.5,1.0,0.00396432,39.964867255853,2.0,-0.19282751687714,,,"{'original': 6.5, 'alternative': 6.5}",0,,0.01,-0.03,0.13,,"{'sportSlug': 'football', 'statisticsType': 'player'}",,,1.0,,,,,,,,,24.62,1.29,0.0,,0.0,,0.28,0.06,0.0,1.0,,,,,,,,,,,,,,,,,,,,,,,,,,,
14288859,2026-04-12,Liga Portugal Betclic,Liga Portugal 25/26,29.0,Home,CD Nacional,1103333,Franjo Ivanović,F,9,False,3.0,2.0,,,0.0,,,2.0,3.0,1.0,1.0,,1.0,,,,,,,13.0,6.0,6.6,2.0,0.00312857,37.403870011819,3.0,23.023033220018,16.301855903409,,"{'original': 6.6, 'alternative': 6.8}",1,,-0.02,0.29,0.0,,"{'sportSlug': 'football', 'statisticsType': 'player'}",,,1.0,,1.0,,,,,,,28.44,1.22,1.0,28.551167822,1.0,1.0,0.14,0.06,0.01,,,,1.0,,0.0368,0.1175,-0.43,,,,,,,,,,,,,,,,,,,,
14288859,2026-04-12,Liga Portugal Betclic,Liga Portugal 25/26,29.0,Home,CD Nacional,228364,Fredrik Aursnes,M,8,False,5.0,3.0,1.0,,0.0,1.0,2.0,2.0,3.0,,,,,,,,,,,12.0,6.0,6.6,3.0,0.00097479,9.0294241233868,1.0,8.8883813378387,,,"{'original': 6.6, 'alternative': 6.5}",0,,0.01,0.01,-0.01,,"{'sportSlug': 'football', 'statisticsType': 'player'}",1.0,,,,,,,,,,,,,,,0.0,,,,,,,,,,,,,,,,,,,,,,,,,,,,,,,,
14288859,2026-04-12,Liga Portugal Betclic,Liga Portugal 25/26,29.0,Home,CD Nacional,1123925,Georgiy Sudakov,M,10,False,,,,,,,,,,,,,,,,,,,,,,,,,,,,,,,0,,,,,,"{'sportSlug': 'football', 'statisticsType': 'player'}",,,,,,,,,,,,,,,,,,,,,,,,,,,,,,,,,,,,,,,,,,,,,,,,
14288859,2026-04-12,Liga Portugal Betclic,Liga Portugal 25/26,29.0,Home,CD Nacional,1410195,Gonçalo Moreira,M,77,False,,,,,0.0,,,,,,,1.0,,,,,,,,1.0,1.0,,,,,,,,,,0,,,,,,"{'sportSlug': 'football', 'statisticsType': 'player'}",,,,,,,,,,,,,,,,,,,,,,,,,,,,,,,,,,,,,,,,,,,,,,,,
14288859,2026-04-12,Liga Portugal Betclic,Liga Portugal 25/26,29.0,Home,CD Nacional,983550,Samuel Soares,G,24,False,,,,,,,,,,,,,,,,,,,,,,,,,,,,,,,0,,,,,,"{'sportSlug': 'football', 'statisticsType': 'player'}",,,,,,,,,,,,,,,,,,,,,,,,,,,,,,,,,,,,,,,,,,,,,,,,
14288865,2026-04-19,Liga Portugal Betclic,Liga Portugal 25/26,30.0,Away,Sporting CP,1102791,Amar Dedić,D,17,True,32.0,26.0,3.0,1.0,0.0,7.0,8.0,19.0,24.0,,4.0,2.0,2.0,,,,,,,90.0,52.0,6.6,11.0,0.0556043,121.56617751552,12.0,91.035387243078,17.256335672259,,"{'original': 6.6, 'alternative': 6.8}",0,,-0.09,0.25,-0.14,,"{'sportSlug': 'football', 'statisticsType': 'player'}",1.0,,2.0,,2.0,,1.0,2.0,,1.0,1.0,32.19,9.15,13.0,50.545416991244,3.0,,1.18,0.57,0.25,1.0,,,,,,,,,,,,1.0,,,,,,,,,,,,,,,
14288865,2026-04-19,Liga Portugal Betclic,Liga Portugal 25/26,30.0,Away,Sporting CP,966616,Anatoliy Trubin,G,1,True,27.0,11.0,24.0,8.0,0.0,3.0,3.0,8.0,24.0,2.0,2.0,1.0,5.0,3.0,1.0,5.0,1.0,1.0,1.0,90.0,38.0,7.2,16.0,0.00497152,9.1348872904829,2.0,5.8691028428264,,0.9203,"{'original': 7.2, 'alternative': 8.2}",0,0.8207,0.13,0.0,-0.14,0.57,"{'sportSlug': 'football', 'statisticsType': 'player'}",,,,,,,,,,,1.0,,,,,0.0,,,,,,,,,,,,,,,,,,,,,,,,,,,,,,1.0,,
14288865,2026-04-19,Liga Portugal Betclic,Liga Portugal 25/26,30.0,Away,Sporting CP,1100952,Andreas Schjelderup,M,21,True,14.0,10.0,,,0.0,3.0,5.0,7.0,9.0,,2.0,1.0,4.0,,,,,,,78.0,24.0,7.0,8.0,0.00753338,109.95915148803,8.0,99.113448399036,28.149736805396,,"{'original': 7, 'alternative': 6.9}",3,,-0.2,0.38,-0.06,,"{'sportSlug': 'football', 'statisticsType': 'player'}",2.0,,7.0,,1.0,,,1.0,,1.0,1.0,33.22,7.92,7.0,87.980789430533,5.0,,1.31,0.48,0.16,1.0,1.0,1.0,2.0,2.0,0.9592,1.065,0.33,3.0,1.0,,,,,,,,,,,,,,,,,,
14288865,2026-04-19,Liga Portugal Betclic,Liga Portugal 25/26,30.0,Away,Sporting CP,1103333,Franjo Ivanović,F,9,True,13.0,10.0,1.0,1.0,0.0,2.0,3.0,8.0,10.0,2.0,5.0,,2.0,,,,,,,77.0,39.0,5.9,14.0,0.0107838,53.185309857265,5.0,24.292725524205,19.363532289663,,"{'original': 5.9, 'alternative': 6.4}",0,,-0.04,0.25,0.0,,"{'sportSlug': 'football', 'statisticsType': 'player'}",,,18.0,4.0,5.0,,,1.0,1.0,3.0,1.0,33.2,8.01,11.0,22.282469005925,1.0,1.0,1.16,0.49,0.12,9.0,,,,,,,,1.0,,1.0,,1.0,,,,,,,,,,,,,,,
14288865,2026-04-19,Liga Portugal Betclic,Liga Portugal 25/26,30.0,Away,Sporting CP,228364,Fredrik Aursnes,M,8,True,45.0,39.0,3.0,1.0,0.0,12.0,14.0,27.0,31.0,,4.0,1.0,3.0,,,,,,,90.0,60.0,6.8,11.0,0.158082,19.1266199767,4.0,9.4956475574447,,,"{'original': 6.8, 'alternative': 6.8}",0,,0.31,0.03,-0.14,,"{'sportSlug': 'football', 'statisticsType': 'player'}",6.0,3.0,3.0,1.0,1.0,1.0,,4.0,3.0,,,29.79,10.4,13.0,,0.0,2.0,1.84,0.6,0.17,,,,,1.0,,,,,,,1.0,,,,,,,,,,,,,,,,
14288865,2026-04-19,Liga Portugal Betclic,Liga Portugal 25/26,30.0,Away,Sporting CP,1201395,Gianluca Prestianni,M,25,True,24.0,18.0,1.0,,0.0,3.0,4.0,15.0,20.0,,5.0,,6.0,,,,,,,78.0,44.0,6.7,12.0,0.0787572,198.45321396895,13.0,60.44876788724,41.887189430682,,"{'original': 6.7, 'alternative': 7.1}",0,,-0.38,0.44,-0.13,,"{'sportSlug': 'football', 'statisticsType': 'player'}",3.0,1.0,4.0,,4.0,,2.0,,,2.0,3.0,30.61,7.59,17.0,76.090224080259,3.0,3.0,1.18,0.61,0.27,,,,,,,,,2.0,,,,2.0,,,,,,,,,,,,,,,
14288865,2026-04-19,Liga Portugal Betclic,Liga Portugal 25/26,30.0,Away,Sporting CP,906800,Leandro Barreiro,M,18,True,21.0,17.0,1.0,1.0,1.0,6.0,8.0,11.0,13.0,,3.0,,4.0,,,,,,,89.0,34.0,6.4,9.0,0.197566,52.167542328393,5.0,31.766925387785,10.659080937752,,"{'original': 6.4, 'alternative': 6.9}",1,,0.29,0.1,-0.02,,"{'sportSlug': 'football', 'statisticsType': 'player'}",,,4.0,1.0,2.0,,,2.0,2.0,2.0,1.0,30.47,10.27,13.0,16.744918303772,1.0,1.0,1.87,0.71,0.15,1.0,1.0,1.0,,,0.5182,,-0.69,,,1.0,,,,1.0,,,,,,,,,,,,,
14288865,2026-04-19,Liga Portugal Betclic,Liga Portugal 25/26,30.0,Away,Sporting CP,74915,Nicolás Otamendi,D,30,True,22.0,20.0,4.0,2.0,0.0,15.0,15.0,5.0,7.0,2.0,5.0,2.0,1.0,,,,,,,90.0,39.0,6.7,2.0,0.00296454,39.976159146287,5.0,-0.32858298022601,,,"{'original': 6.7, 'alternative': 7.2}",3,,0.15,0.01,-0.1,,"{'sportSlug': 'football', 'statisticsType': 'player'}",,,3.0,,,1.0,4.0,2.0,1.0,,1.0,33.48,8.95,11.0,,0.0,,1.08,0.37,0.18,,,1.0,1.0,1.0,0.2258,0.3884,0.07,2.0,,,,,,,1.0,,,,,,,,,,,,
14288865,2026-04-19,Liga Portugal Betclic,Liga Portugal 25/26,30.0,Away,Sporting CP,1015292,Richard Ríos,M,20,True,36.0,29.0,2.0,1.0,0.0,6.0,8.0,23.0,28.0,,3.0,1.0,7.0,,,,,,,90.0,50.0,6.4,11.0,0.0767177,95.18447931174,9.0,44.484651796823,41.775184463672,,"{'original': 6.4, 'alternative': 6.4}",1,,0.18,0.13,-0.17,,"{'sportSlug': 'football', 'statisticsType': 'player'}",,,8.0,2.0,1.0,,,1.0,,1.0,2.0,31.61,10.21,12.0,42.834391801449,1.0,1.0,1.7,0.65,0.18,2.0,,,,2.0,0.0352,,-0.04,1.0,,,,,,,1.0,1.0,,,,,,,,,,,
14288865,2026-04-19,Liga Portugal Betclic,Liga Portugal 25/26,30.0,Away,Sporting CP,993101,Samuel Dahl,D,26,True,22.0,12.0,6.0,1.0,0.0,4.0,7.0,8.0,15.0,,4.0,3.0,2.0,,,,,,,90.0,42.0,6.4,10.0,0.00649587,31.095523209647,5.0,-3.8253189853618,,,"{'original': 6.4, 'alternative': 6.9}",2,,0.07,0.08,-0.19,,"{'sportSlug': 'football', 'statisticsType': 'player'}",,,7.0,,,1.0,1.0,4.0,4.0,,,31.39,9.65,21.0,,0.0,,1.48,0.69,0.23,2.0,,1.0,1.0,1.0,0.0309,0.0428,-0.02,4.0,,,,,,,,,,,,,,,,,,,
14288865,2026-04-19,Liga Portugal Betclic,Liga Portugal 25/26,30.0,Away,Sporting CP,983542,Tomás Araújo,D,44,True,24.0,18.0,5.0,1.0,0.0,13.0,14.0,5.0,10.0,2.0,3.0,4.0,3.0,,,,,,,78.0,36.0,6.5,8.0,0.00128281,18.498084720075,3.0,3.6929316162512,,,"{'original': 6.5, 'alternative': 6.8}",1,,-0.15,0.37,-0.08,,"{'sportSlug': 'football', 'statisticsType': 'player'}",,,1.0,,,1.0,,1.0,1.0,1.0,,32.39,6.92,7.0,,0.0,,0.7,0.31,0.11,1.0,,1.0,,,0.061,,-0.07,,,,,,,,,,,,,,,,,,,,
14288865,2026-04-19,Liga Portugal Betclic,Liga Portugal 25/26,30.0,Away,Sporting CP,850976,Alexander Bah,D,6,False,,,,,,,,,,,,,,,,,,,,,,,,,,,,,,,0,,,,,,"{'sportSlug': 'football', 'statisticsType': 'player'}",,,,,,,,,,,,,,,,,,,,,,,,,,,,,,,,,,,,,,,,,,,,,,,,
14288865,2026-04-19,Liga Portugal Betclic,Liga Portugal 25/26,30.0,Away,Sporting CP,1006069,António Silva,D,4,False,8.0,7.0,,,0.0,3.0,4.0,4.0,4.0,,1.0,2.0,,,,,,,,12.0,13.0,6.8,1.0,0.00426954,10.164267644267,2.0,-0.65479011055643,,,"{'original': 6.8, 'alternative': 6.7}",0,,0.04,0.01,0.19,,"{'sportSlug': 'football', 'statisticsType': 'player'}",,,,,,,1.0,1.0,,,,27.32,1.94,2.0,,0.0,,0.22,0.1,0.03,,,,,,,,,,,,,,,,,,,,,,,,,,,,
14288865,2026-04-19,Liga Portugal Betclic,Liga Portugal 25/26,30.0,Away,Sporting CP,823631,Dodi Lukebakio,M,11,False,6.0,5.0,1.0,,0.0,1.0,1.0,4.0,5.0,,2.0,,1.0,,,,,,,12.0,16.0,7.4,5.0,0.505883,43.538546181808,5.0,33.894571689689,26.300820717505,,"{'original': 7.4, 'alternative': 7.3}",1,,0.54,0.22,-0.02,,"{'sportSlug': 'football', 'statisticsType': 'player'}",4.0,2.0,,,2.0,,,,,2.0,,30.16,1.99,2.0,29.50577462125,1.0,2.0,0.27,0.19,0.03,,,,,,0.023,,-0.04,,,1.0,,2.0,,,1.0,,,,,,,,,,,,
14288865,2026-04-19,Liga Portugal Betclic,Liga Portugal 25/26,30.0,Away,Sporting CP,1087316,Enzo Barrenechea,M,5,False,,,,,0.0,,,,,,,,,,,,,,,1.0,,,,,,,,,,,0,,,,,,"{'sportSlug': 'football', 'statisticsType': 'player'}",,,1.0,,,,,,,,,,,,,,,,,,,,,,1.0,,,,,,,,,,,,,,,,,,,,,,,
14288865,2026-04-19,Liga Portugal Betclic,Liga Portugal 25/26,30.0,Away,Sporting CP,1123925,Georgiy Sudakov,M,10,False,,,,,,,,,,,,,,,,,,,,,,,,,,,,,,,0,,,,,,"{'sportSlug': 'football', 'statisticsType': 'player'}",,,,,,,,,,,,,,,,,,,,,,,,,,,,,,,,,,,,,,,,,,,,,,,,
14288865,2026-04-19,Liga Portugal Betclic,Liga Portugal 25/26,30.0,Away,Sporting CP,252577,Rafa Silva,M,27,False,5.0,3.0,1.0,,0.0,,,3.0,5.0,,1.0,,1.0,,,,,,,12.0,8.0,7.9,3.0,0.00268622,23.940663688862,5.0,11.862937595552,3.1546996791082,,"{'original': 7.9, 'alternative': 7.4}",1,,-0.01,0.49,-0.08,,"{'sportSlug': 'football', 'statisticsType': 'player'}",,,2.0,,,,,,,1.0,1.0,32.17,2.31,8.0,3.1707224728759,1.0,,0.44,0.21,0.07,,,,1.0,,0.373,0.8658,0.48,2.0,1.0,,,,,,,,,,,,,,,,,,
14288865,2026-04-19,Liga Portugal Betclic,Liga Portugal 25/26,30.0,Away,Sporting CP,983550,Samuel Soares,G,24,False,,,,,,,,,,,,,,,,,,,,,,,,,,,,,,,0,,,,,,"{'sportSlug': 'football', 'statisticsType': 'player'}",,,,,,,,,,,,,,,,,,,,,,,,,,,,,,,,,,,,,,,,,,,,,,,,
14288865,2026-04-19,Liga Portugal Betclic,Liga Portugal 25/26,30.0,Away,Sporting CP,1117723,Sidny Lopes Cabral,D,15,False,,,,,,,,,,,,,,,,,,,,,,,,,,,,,,,0,,,,,,"{'sportSlug': 'football', 'statisticsType': 'player'}",,,,,,,,,,,,,,,,,,,,,,,,,,,,,,,,,,,,,,,,,,,,,,,,
14288865,2026-04-19,Liga Portugal Betclic,Liga Portugal 25/26,30.0,Away,Sporting CP,795236,Vangelis Pavlidis,F,14,False,4.0,2.0,,,0.0,1.0,1.0,1.0,3.0,2.0,3.0,,2.0,,,,,,,13.0,6.0,6.8,2.0,0.00031359,,,,,,"{'original': 6.8, 'alternative': 6.8}",1,,-0.02,,0.16,,"{'sportSlug': 'football', 'statisticsType': 'player'}",,,,,,,,1.0,1.0,,,32.44,2.24,2.0,,,,0.4,0.2,0.04,,,,,,0.0484,,-0.13,,,,,,,,1.0,,,,,,,,,,,,
14288877,2026-04-25,Liga Portugal Betclic,Liga Portugal 25/26,31.0,Home,Moreirense,850976,Alexander Bah,D,6,True,23.0,17.0,,,0.0,10.0,12.0,7.0,11.0,,5.0,2.0,1.0,,,,,,,58.0,43.0,6.9,9.0,0.00867341,47.053820867181,7.0,29.19851714951,2.376308348678,,"{'original': 6.9, 'alternative': 6.7}",1,,0.08,0.38,-0.24,,"{'sportSlug': 'football', 'statisticsType': 'player'}",1.0,,4.0,,1.0,,,3.0,2.0,1.0,1.0,,,,3.073359074368,1.0,,,,,,1.0,,1.0,2.0,0.2428,0.7134,0.17,2.0,,,,1.0,,,,,,,,,,,,,,,
14288877,2026-04-25,Liga Portugal Betclic,Liga Portugal 25/26,31.0,Home,Moreirense,966616,Anatoliy Trubin,G,1,True,25.0,21.0,7.0,3.0,0.0,20.0,20.0,1.0,5.0,,,,6.0,3.0,,3.0,,,,90.0,32.0,7.5,4.0,0.00062692,9.681601049982,2.0,1.4505061363675,,0.5066,"{'original': 7.5, 'alternative': 7.2}",0,0.3494,0.05,-0.02,-0.08,0.35,"{'sportSlug': 'football', 'statisticsType': 'player'}",,,,,,,,,,,,,,,,0.0,,,,,,,,,,,,,,,,,,,,,,,,,,,,,,,,
14288877,2026-04-25,Liga Portugal Betclic,Liga Portugal 25/26,31.0,Home,Moreirense,1006069,António Silva,D,4,True,79.0,73.0,8.0,6.0,1.0,46.0,46.0,27.0,33.0,2.0,2.0,3.0,5.0,,,,,,,90.0,86.0,7.8,6.0,0.376002,363.66961830413,42.0,74.039004092911,35.048761080819,,"{'original': 7.8, 'alternative': 7.8}",3,,0.71,0.28,-0.14,,"{'sportSlug': 'football', 'statisticsType': 'player'}",,,1.0,,,,1.0,,,,,,,,59.865562351899,2.0,1.0,,,,,,2.0,1.0,1.0,0.143,0.6338,0.19,,,1.0,,,,,,,,,,1.0,,,,,,,
14288877,2026-04-25,Liga Portugal Betclic,Liga Portugal 25/26,31.0,Home,Moreirense,823631,Dodi Lukebakio,M,11,True,20.0,16.0,1.0,,0.0,8.0,9.0,8.0,11.0,,5.0,,5.0,,,,,,,58.0,37.0,6.5,12.0,0.0072902,157.35838678013,15.0,77.124950726986,42.216791851056,,"{'original': 6.5, 'alternative': 6.7}",2,,-0.18,0.43,-0.08,,"{'sportSlug': 'football', 'statisticsType': 'player'}",1.0,,2.0,,7.0,,,,,5.0,,,,,82.712925129351,3.0,,,,,,,1.0,,1.0,0.1435,,-0.48,,,,,5.0,,1.0,1.0,,,,,,,,,,,,
14288877,2026-04-25,Liga Portugal Betclic,Liga Portugal 25/26,31.0,Home,Moreirense,228364,Fredrik Aursnes,M,8,True,61.0,54.0,8.0,5.0,0.0,21.0,22.0,33.0,39.0,,1.0,,8.0,,,,,,,90.0,77.0,7.3,13.0,0.246678,150.71156814844,21.0,57.275978532353,,,"{'original': 7.3, 'alternative': 7.5}",0,,0.54,0.12,0.0,,"{'sportSlug': 'football', 'statisticsType': 'player'}",9.0,5.0,2.0,1.0,1.0,1.0,,,,1.0,,,,,,0.0,6.0,,,,,,,,1.0,,,,,,,,1.0,,,,,,,,,,,,,,,
14288877,2026-04-25,Liga Portugal Betclic,Liga Portugal 25/26,31.0,Home,Moreirense,906800,Leandro Barreiro,M,18,True,26.0,19.0,1.0,1.0,1.0,9.0,10.0,10.0,16.0,3.0,9.0,2.0,,,,,,,,90.0,43.0,8.3,9.0,0.0415794,47.184998279721,7.0,22.011994901493,2.5643172127999,,"{'original': 8.3, 'alternative': 8.6}",1,,0.19,0.5,-0.02,,"{'sportSlug': 'football', 'statisticsType': 'player'}",,,1.0,1.0,,,1.0,2.0,1.0,1.0,4.0,,,,3.2570478964854,1.0,3.0,,,,,,,1.0,,0.3266,0.572,0.38,,1.0,,,,,1.0,,,,,,,,,,,,,
14288877,2026-04-25,Liga Portugal Betclic,Liga Portugal 25/26,31.0,Home,Moreirense,74915,Nicolás Otamendi,D,30,True,69.0,63.0,10.0,7.0,0.0,45.0,46.0,18.0,23.0,3.0,4.0,6.0,1.0,,,,,,,90.0,83.0,7.1,8.0,0.00676223,247.89217057142,36.0,80.320699625,,,"{'original': 7.1, 'alternative': 7.3}",1,,0.08,0.2,0.13,,"{'sportSlug': 'football', 'statisticsType': 'player'}",1.0,,2.0,,,,2.0,1.0,,,,,,,,0.0,,,,,1.0,,,1.0,1.0,0.0334,0.1567,-0.12,,,,,,,,,,,,,,,,,,,,
14288877,2026-04-25,Liga Portugal Betclic,Liga Portugal 25/26,31.0,Home,Moreirense,252577,Rafa Silva,M,27,True,20.0,16.0,,,0.0,10.0,10.0,6.0,10.0,,3.0,,4.0,,,,,,,58.0,24.0,6.7,5.0,0.0257974,67.617260130779,6.0,38.416394698944,30.23260309769,,"{'original': 6.7, 'alternative': 6.5}",0,,0.21,0.01,-0.11,,"{'sportSlug': 'football', 'statisticsType': 'player'}",,,3.0,,,,,1.0,,1.0,2.0,,,,43.968854926206,2.0,1.0,,,,,,,,2.0,,,,1.0,,,,,,,,,,,,,,,,,,,
14288877,2026-04-25,Liga Portugal Betclic,Liga Portugal 25/26,31.0,Home,Moreirense,1015292,Richard Ríos,M,20,True,37.0,32.0,6.0,3.0,1.0,15.0,15.0,17.0,22.0,3.0,7.0,,4.0,,,,,,,89.0,55.0,8.4,11.0,0.529711,134.68338708247,14.0,73.476330483274,12.637670822243,,"{'original': 8.4, 'alternative': 8.5}",2,,0.67,0.37,-0.04,,"{'sportSlug': 'football', 'statisticsType': 'player'}",,,6.0,2.0,2.0,,,1.0,1.0,2.0,3.0,,,,20.831566979423,2.0,4.0,,,,1.0,,,2.0,1.0,0.1338,0.2284,0.5,,1.0,2.0,,,,,,,,,,,,,,,,,
14288877,2026-04-25,Liga Portugal Betclic,Liga Portugal 25/26,31.0,Home,Moreirense,993101,Samuel Dahl,D,26,True,54.0,43.0,5.0,3.0,0.0,24.0,29.0,19.0,25.0,,3.0,,5.0,,,,,,,90.0,71.0,5.8,13.0,0.0420394,85.803239320633,9.0,47.780322757422,25.720226472548,,"{'original': 5.8, 'alternative': 6.1}",0,,0.27,0.07,-0.56,,"{'sportSlug': 'football', 'statisticsType': 'player'}",1.0,1.0,11.0,2.0,1.0,,4.0,1.0,,,1.0,,,,26.872606144548,1.0,,,,,5.0,,,,3.0,,,,1.0,,,,1.0,1.0,,,,,,,,,,,,,,
14288877,2026-04-25,Liga Portugal Betclic,Liga Portugal 25/26,31.0,Home,Moreirense,795236,Vangelis Pavlidis,F,14,True,16.0,12.0,,,0.0,7.0,8.0,5.0,8.0,,1.0,,1.0,,,,,,,75.0,23.0,6.4,6.0,0.00316969,69.810405644321,6.0,-11.241267111126,14.636997960948,,"{'original': 6.4, 'alternative': 6.4}",3,,-0.2,0.43,-0.02,,"{'sportSlug': 'football', 'statisticsType': 'player'}",,,3.0,,,,,,,2.0,1.0,,,,29.922515115531,2.0,,,,,3.0,1.0,1.0,,,0.2997,,-0.63,,,,,,,,2.0,,,,,,,,,,,,
14288877,2026-04-25,Liga Portugal Betclic,Liga Portugal 25/26,31.0,Home,Moreirense,1102791,Amar Dedić,D,17,False,19.0,15.0,2.0,1.0,1.0,7.0,7.0,8.0,12.0,1.0,2.0,,4.0,,,,,,,32.0,23.0,7.9,5.0,0.581853,111.63653132733,11.0,90.097464231987,14.122819787514,,"{'original': 7.9, 'alternative': 7.4}",1,,0.7,0.29,0.14,,"{'sportSlug': 'football', 'statisticsType': 'player'}",1.0,,,,1.0,,,,,,,,,,32.092306759244,2.0,2.0,,,,,,,,,0.0146,,-0.14,,,1.0,,1.0,,,1.0,,,,,1.0,,,,,,,
14288877,2026-04-25,Liga Portugal Betclic,Liga Portugal 25/26,31.0,Home,Moreirense,1100952,Andreas Schjelderup,M,21,False,16.0,12.0,,,0.0,4.0,4.0,8.0,12.0,,4.0,,2.0,,,,,,,32.0,28.0,7.1,7.0,0.0193159,120.81581892561,7.0,98.936813393531,24.9462736779,,"{'original': 7.1, 'alternative': 6.8}",0,,0.11,0.38,-0.01,,"{'sportSlug': 'football', 'statisticsType': 'player'}",,,2.0,,2.0,,,3.0,1.0,1.0,,,,,90.695079282993,4.0,,,,,,,,,,,,,1.0,,,,1.0,,,,,,,,,,,,,,,
14288877,2026-04-25,Liga Portugal Betclic,Liga Portugal 25/26,31.0,Home,Moreirense,97012,Bruma,F,7,False,,,,,,,,,,,,,,,,,,,,,,,,,,,,,,,0,,,,,,"{'sportSlug': 'football', 'statisticsType': 'player'}",,,,,,,,,,,,,,,,,,,,,,,,,,,,,,,,,,,,,,,,,,,,,,,,
14288877,2026-04-25,Liga Portugal Betclic,Liga Portugal 25/26,31.0,Home,Moreirense,1087316,Enzo Barrenechea,M,5,False,,,,,,,,,,,,,,,,,,,,,,,,,,,,,,,0,,,,,,"{'sportSlug': 'football', 'statisticsType': 'player'}",,,,,,,,,,,,,,,,,,,,,,,,,,,,,,,,,,,,,,,,,,,,,,,,
14288877,2026-04-25,Liga Portugal Betclic,Liga Portugal 25/26,31.0,Home,Moreirense,1103333,Franjo Ivanović,F,9,False,4.0,2.0,,,0.0,,1.0,2.0,3.0,1.0,2.0,,,,,,,,,15.0,9.0,8.4,2.0,0.000963,30.393129761058,4.0,11.643088876846,10.422492375658,,"{'original': 8.4, 'alternative': 8.8}",3,,-0.06,0.18,-0.05,,"{'sportSlug': 'football', 'statisticsType': 'player'}",,,3.0,,,,,,,,1.0,,,,12.452267424048,1.0,,,,,1.0,,1.0,2.0,1.0,0.6573,1.5606,0.71,1.0,2.0,,,,,,,,,,,,,,,,,,
14288877,2026-04-25,Liga Portugal Betclic,Liga Portugal 25/26,31.0,Home,Moreirense,1123925,Georgiy Sudakov,M,10,False,,,,,,,,,,,,,,,,,,,,,,,,,,,,,,,0,,,,,,"{'sportSlug': 'football', 'statisticsType': 'player'}",,,,,,,,,,,,,,,,,,,,,,,,,,,,,,,,,,,,,,,,,,,,,,,,
14288877,2026-04-25,Liga Portugal Betclic,Liga Portugal 25/26,31.0,Home,Moreirense,1201395,Gianluca Prestianni,M,25,False,14.0,12.0,1.0,,0.0,4.0,4.0,8.0,10.0,,3.0,,,,,,,,,32.0,23.0,6.9,4.0,0.0235261,178.21763995607,11.0,73.705177760823,38.099392182497,,"{'original': 6.9, 'alternative': 6.7}",0,,0.1,0.34,0.13,,"{'sportSlug': 'football', 'statisticsType': 'player'}",,,1.0,,2.0,,1.0,1.0,,1.0,1.0,,,,90.741686567171,3.0,,,,,,,,,,,,,,,,,1.0,,,,,,,,,,,,,,,
14288877,2026-04-25,Liga Portugal Betclic,Liga Portugal 25/26,31.0,Home,Moreirense,1085740,Manu Silva,M,16,False,2.0,2.0,1.0,1.0,0.0,1.0,1.0,1.0,1.0,,,,,,,,,,,1.0,2.0,,,0.00012571,6.7383297732173,2.0,2.209191150688,,,,0,,,,,,"{'sportSlug': 'football', 'statisticsType': 'player'}",,,,,,,,,,,,,,,,0.0,,,,,,,,,,,,,,,,,,,,,,,,,,,,,,,,
14288877,2026-04-25,Liga Portugal Betclic,Liga Portugal 25/26,31.0,Home,Moreirense,983550,Samuel Soares,G,24,False,,,,,,,,,,,,,,,,,,,,,,,,,,,,,,,0,,,,,,"{'sportSlug': 'football', 'statisticsType': 'player'}",,,,,,,,,,,,,,,,,,,,,,,,,,,,,,,,,,,,,,,,,,,,,,,,
14288883,2026-05-02,Liga Portugal Betclic,Liga Portugal 25/26,32.0,Away,Famalicão,1102791,Amar Dedić,D,17,True,30.0,24.0,2.0,1.0,0.0,13.0,15.0,11.0,15.0,,4.0,4.0,1.0,,,,,,,90.0,54.0,6.0,13.0,0.00362096,76.795165808677,10.0,34.253217119907,22.775763673452,,"{'original': 6, 'alternative': 6.4}",0,,-0.33,0.0,-0.28,,"{'sportSlug': 'football', 'statisticsType': 'player'}",,,4.0,1.0,1.0,,1.0,1.0,1.0,3.0,3.0,32.41,9.55,20.0,30.758363805638,1.0,,1.28,0.57,0.17,2.0,,,,,,,,,,,,,,,,,,,,,,,,,,,
14288883,2026-05-02,Liga Portugal Betclic,Liga Portugal 25/26,32.0,Away,Famalicão,966616,Anatoliy Trubin,G,1,True,27.0,15.0,17.0,6.0,0.0,9.0,11.0,6.0,16.0,1.0,2.0,3.0,8.0,2.0,,3.0,3.0,,,90.0,40.0,6.1,12.0,0.00624496,19.020379105274,3.0,-16.139754193931,,0.3432,"{'original': 6.1, 'alternative': 6.7}",0,-0.7838,0.21,-0.05,-0.1,-0.08,"{'sportSlug': 'football', 'statisticsType': 'player'}",,,,,,,,,,,1.0,,,,,0.0,,,,,,,,,,,,,,,,,,,,,,,,,,,,,,,,
14288883,2026-05-02,Liga Portugal Betclic,Liga Portugal 25/26,32.0,Away,Famalicão,1100952,Andreas Schjelderup,M,21,True,23.0,17.0,2.0,1.0,1.0,8.0,8.0,9.0,15.0,1.0,7.0,,1.0,,,,,,,72.0,39.0,7.7,13.0,0.108595,142.66326868768,15.0,87.490697799685,18.162765577708,,"{'original': 7.7, 'alternative': 8.1}",2,,-0.01,0.55,0.13,,"{'sportSlug': 'football', 'statisticsType': 'player'}",1.0,,2.0,,5.0,,,1.0,,4.0,2.0,33.49,6.64,22.0,85.025630817467,5.0,1.0,0.95,0.46,0.28,,,,1.0,,0.8734,0.5978,0.29,,1.0,,,3.0,,,1.0,,,,,,,,,,,,
14288883,2026-05-02,Liga Portugal Betclic,Liga Portugal 25/26,32.0,Away,Famalicão,1006069,António Silva,D,4,True,50.0,43.0,5.0,2.0,0.0,29.0,29.0,14.0,21.0,1.0,5.0,4.0,4.0,,,,,,,90.0,65.0,6.9,8.0,0.00517902,212.49715553292,25.0,60.154214182006,,,"{'original': 6.9, 'alternative': 7}",0,,0.18,0.1,-0.16,,"{'sportSlug': 'football', 'statisticsType': 'player'}",,,3.0,1.0,,1.0,3.0,2.0,2.0,,2.0,33.02,8.55,16.0,,0.0,,0.9,0.38,0.21,2.0,,,,,,,,,,,,,,,,,,,,,,,,,,,
14288883,2026-05-02,Liga Portugal Betclic,Liga Portugal 25/26,32.0,Away,Famalicão,1103333,Franjo Ivanović,F,9,True,15.0,11.0,,,0.0,3.0,3.0,8.0,12.0,2.0,6.0,,2.0,,,,,,,85.0,31.0,7.0,9.0,0.0252915,66.372321781748,8.0,26.487002740737,16.702213275683,,"{'original': 7, 'alternative': 7}",2,,-0.25,0.55,0.0,,"{'sportSlug': 'football', 'statisticsType': 'player'}",,,8.0,2.0,2.0,,1.0,,,3.0,2.0,31.28,8.06,20.0,18.944108952389,1.0,,1.21,0.62,0.24,3.0,1.0,1.0,1.0,3.0,0.1508,,-0.54,,,,,2.0,,1.0,,,,1.0,,,,,,,,,
14288883,2026-05-02,Liga Portugal Betclic,Liga Portugal 25/26,32.0,Away,Famalicão,228364,Fredrik Aursnes,M,8,True,32.0,24.0,4.0,3.0,0.0,9.0,9.0,15.0,23.0,1.0,4.0,1.0,3.0,,,,,,,90.0,43.0,6.6,13.0,0.0879543,108.14765036912,11.0,63.068607225806,16.9741464383,,"{'original': 6.6, 'alternative': 7}",0,,0.06,0.15,-0.07,,"{'sportSlug': 'football', 'statisticsType': 'player'}",5.0,1.0,4.0,1.0,1.0,1.0,,2.0,2.0,,,30.62,10.44,15.0,36.109146878652,2.0,3.0,1.75,0.76,0.13,1.0,,,,2.0,,,,,,,,1.0,,,,,,,,,,,,,,,
14288883,2026-05-02,Liga Portugal Betclic,Liga Portugal 25/26,32.0,Away,Famalicão,1201395,Gianluca Prestianni,M,25,True,13.0,11.0,,,0.0,1.0,2.0,10.0,11.0,,4.0,,3.0,,,,,,,57.0,25.0,6.2,6.0,0.0223192,33.148664944083,6.0,-4.7375297796416,,,"{'original': 6.2, 'alternative': 6.6}",0,,-0.19,-0.35,-0.07,,"{'sportSlug': 'football', 'statisticsType': 'player'}",,,6.0,1.0,2.0,,,1.0,1.0,1.0,2.0,34.58,6.23,17.0,,0.0,,1.06,0.44,0.23,1.0,,,,1.0,,,,2.0,,,,1.0,,,,,,,,,,,,,,,
14288883,2026-05-02,Liga Portugal Betclic,Liga Portugal 25/26,32.0,Away,Famalicão,906800,Leandro Barreiro,M,18,True,16.0,11.0,2.0,,0.0,2.0,4.0,9.0,12.0,2.0,6.0,3.0,3.0,,,,,,,90.0,31.0,6.6,8.0,0.0151924,17.854421157326,3.0,0.13186479178165,,,"{'original': 6.6, 'alternative': 6.7}",0,,0.06,-0.06,-0.06,,"{'sportSlug': 'football', 'statisticsType': 'player'}",,,5.0,1.0,,1.0,2.0,1.0,,1.0,3.0,33.62,10.85,21.0,,0.0,,1.96,0.7,0.22,1.0,,,,3.0,,,,,,,,,,,,,,,,,,,,,,,
14288883,2026-05-02,Liga Portugal Betclic,Liga Portugal 25/26,32.0,Away,Famalicão,74915,Nicolás Otamendi,D,30,True,41.0,40.0,1.0,1.0,0.0,29.0,29.0,11.0,12.0,1.0,2.0,2.0,2.0,,,,,,,55.0,48.0,6.0,2.0,0.00491467,151.75390447393,20.0,29.933887316961,15.905353210291,,"{'original': 6, 'alternative': 5.8}",0,,0.13,0.07,0.19,,"{'sportSlug': 'football', 'statisticsType': 'player'}",,,2.0,,,,,,,1.0,1.0,33.03,5.19,9.0,24.616855688735,1.0,,0.64,0.24,0.1,,,,,2.0,,,,,,,,,,,,,,,,,,,,,,,
14288883,2026-05-02,Liga Portugal Betclic,Liga Portugal 25/26,32.0,Away,Famalicão,1015292,Richard Ríos,M,20,True,25.0,20.0,2.0,1.0,0.0,14.0,15.0,6.0,10.0,2.0,11.0,1.0,3.0,,,,,,,90.0,42.0,7.8,8.0,0.00289378,53.084095868079,8.0,41.763606757739,,,"{'original': 7.8, 'alternative': 7.5}",3,,-0.13,0.22,-0.07,,"{'sportSlug': 'football', 'statisticsType': 'player'}",,,7.0,1.0,5.0,,,4.0,2.0,,2.0,32.79,10.51,22.0,,0.0,,1.91,0.71,0.21,1.0,,2.0,1.0,3.0,0.2477,0.2066,0.47,,1.0,,,3.0,,,,,,,,,,,,,,,
14288883,2026-05-02,Liga Portugal Betclic,Liga Portugal 25/26,32.0,Away,Famalicão,993101,Samuel Dahl,D,26,True,36.0,25.0,7.0,2.0,0.0,10.0,11.0,15.0,25.0,2.0,5.0,2.0,3.0,,,,,,,90.0,56.0,6.6,15.0,0.0201337,124.47199052631,12.0,82.175966684464,27.251746044996,,"{'original': 6.6, 'alternative': 6.6}",0,,0.28,0.17,-0.36,,"{'sportSlug': 'football', 'statisticsType': 'player'}",,,2.0,,,,2.0,3.0,3.0,1.0,,32.06,9.51,21.0,48.684539236809,2.0,,1.32,0.57,0.24,,,,,,,,,2.0,,,,,,,,,,,,,,,,,,,
14288883,2026-05-02,Liga Portugal Betclic,Liga Portugal 25/26,32.0,Away,Famalicão,850976,Alexander Bah,D,6,False,5.0,3.0,,,0.0,2.0,2.0,1.0,3.0,1.0,4.0,,,,,,,,,18.0,16.0,6.5,8.0,0.00172418,,,,,,"{'original': 6.5, 'alternative': 6.7}",0,,0.04,-0.1,-0.18,,"{'sportSlug': 'football', 'statisticsType': 'player'}",,,1.0,,1.0,,1.0,2.0,1.0,,1.0,28.57,3.21,8.0,,,1.0,0.42,0.19,0.06,,,,,,,,,,,,,,,,,,,,,,,,,,,,
14288883,2026-05-02,Liga Portugal Betclic,Liga Portugal 25/26,32.0,Away,Famalicão,97012,Bruma,F,7,False,,,,,,,,,,,,,,,,,,,,,,,,,,,,,,,0,,,,,,"{'sportSlug': 'football', 'statisticsType': 'player'}",,,,,,,,,,,,,,,,,,,,,,,,,,,,,,,,,,,,,,,,,,,,,,,,
14288883,2026-05-02,Liga Portugal Betclic,Liga Portugal 25/26,32.0,Away,Famalicão,823631,Dodi Lukebakio,M,11,False,,,,,,,,,,,,,,,,,,,,,,,,,,,,,,,0,,,,,,"{'sportSlug': 'football', 'statisticsType': 'player'}",,,,,,,,,,,,,,,,,,,,,,,,,,,,,,,,,,,,,,,,,,,,,,,,
14288883,2026-05-02,Liga Portugal Betclic,Liga Portugal 25/26,32.0,Away,Famalicão,1087316,Enzo Barrenechea,M,5,False,4.0,3.0,1.0,,0.0,3.0,3.0,,1.0,,1.0,3.0,,,,,,,,33.0,8.0,6.4,1.0,3.02e-06,7.2828154583238,1.0,-0.74714649983774,,,"{'original': 6.4, 'alternative': 6.3}",0,,0.0,0.0,-0.05,,"{'sportSlug': 'football', 'statisticsType': 'player'}",,,2.0,,,,,,,,1.0,29.66,3.68,4.0,,0.0,,0.36,0.15,0.04,2.0,,,,,,,,,,,,,,,,,,,,,,,,,,,
14288883,2026-05-02,Liga Portugal Betclic,Liga Portugal 25/26,32.0,Away,Famalicão,1123925,Georgiy Sudakov,M,10,False,,,,,,,,,,,,,,,,,,,,,,,,,,,,,,,0,,,,,,"{'sportSlug': 'football', 'statisticsType': 'player'}",,,,,,,,,,,,,,,,,,,,,,,,,,,,,,,,,,,,,,,,,,,,,,,,
14288883,2026-05-02,Liga Portugal Betclic,Liga Portugal 25/26,32.0,Away,Famalicão,1085740,Manu Silva,M,16,False,,,,,,,,,,,,,,,,,,,,,,,,,,,,,,,0,,,,,,"{'sportSlug': 'football', 'statisticsType': 'player'}",,,,,,,,,,,,,,,,,,,,,,,,,,,,,,,,,,,,,,,,,,,,,,,,
14288883,2026-05-02,Liga Portugal Betclic,Liga Portugal 25/26,32.0,Away,Famalicão,252577,Rafa Silva,M,27,False,1.0,1.0,,,0.0,,,1.0,1.0,,,,,,,,,,,22.0,3.0,6.5,1.0,0.00130343,10.064657079535,2.0,-1.4531406383508,,,"{'original': 6.5, 'alternative': 6.3}",1,,0.0,-0.16,0.13,,"{'sportSlug': 'football', 'statisticsType': 'player'}",,,1.0,,1.0,,,,,,,31.29,2.33,7.0,,0.0,,0.43,0.18,0.11,,,,,,0.0192,,0.0,,,,,,,,1.0,,,,,,,,,,,,
14288883,2026-05-02,Liga Portugal Betclic,Liga Portugal 25/26,32.0,Away,Famalicão,983550,Samuel Soares,G,24,False,,,,,,,,,,,,,,,,,,,,,,,,,,,,,,,0,,,,,,"{'sportSlug': 'football', 'statisticsType': 'player'}",,,,,,,,,,,,,,,,,,,,,,,,,,,,,,,,,,,,,,,,,,,,,,,,
14288883,2026-05-02,Liga Portugal Betclic,Liga Portugal 25/26,32.0,Away,Famalicão,795236,Vangelis Pavlidis,F,14,False,,,,,,,,,,,,,,,,,,,,,,,,,,,,,,,0,,,,,,"{'sportSlug': 'football', 'statisticsType': 'player'}",,,,,,,,,,,,,,,,,,,,,,,,,,,,,,,,,,,,,,,,,,,,,,,,
14288898,2026-05-11,Liga Portugal Betclic,Liga Portugal 25/26,33.0,Home,Sporting Braga,1102791,Amar Dedić,D,17,True,41.0,34.0,2.0,1.0,0.0,17.0,18.0,17.0,23.0,1.0,6.0,1.0,9.0,,,,,,,90.0,76.0,6.7,10.0,0.0339851,223.12870631335,21.0,132.36322738498,12.574939060528,,"{'original': 6.7, 'alternative': 6.9}",0,,0.05,0.36,-0.21,,"{'sportSlug': 'football', 'statisticsType': 'player'}",2.0,,5.0,,2.0,1.0,1.0,3.0,3.0,,1.0,34.09,9.24,14.0,60.592777730888,4.0,,0.9,0.37,0.21,1.0,,,,2.0,,,,1.0,,,,1.0,,,,,,,,,,,,,,,
14288898,2026-05-11,Liga Portugal Betclic,Liga Portugal 25/26,33.0,Home,Sporting Braga,966616,Anatoliy Trubin,G,1,True,16.0,12.0,8.0,4.0,0.0,11.0,14.0,1.0,2.0,,,,4.0,,,,,,,90.0,17.0,6.0,4.0,0.00050537,23.461488899802,4.0,2.3640048181727,,,"{'original': 6, 'alternative': 6}",0,-1.154,-0.01,-0.01,-0.22,-0.61,"{'sportSlug': 'football', 'statisticsType': 'player'}",,,,,,,,,,,,25.85,2.88,0.0,,0.0,,0.02,0.01,0.0,,,,,,,,,,,,,,,,,,,,,,,,,,,,
14288898,2026-05-11,Liga Portugal Betclic,Liga Portugal 25/26,33.0,Home,Sporting Braga,1100952,Andreas Schjelderup,M,21,True,31.0,20.0,1.0,,0.0,3.0,4.0,17.0,27.0,,12.0,,1.0,,,,,,,90.0,64.0,8.4,22.0,0.0911997,383.9291460313,29.0,272.27145196338,46.224252892097,,"{'original': 8.4, 'alternative': 7.8}",4,,0.26,1.0,-0.13,,"{'sportSlug': 'football', 'statisticsType': 'player'}",,,6.0,2.0,12.0,,,,,4.0,4.0,31.52,8.95,8.0,204.19992455751,9.0,2.0,0.93,0.38,0.12,,,1.0,,,0.2777,,-0.42,,,,,8.0,,,3.0,,,1.0,,,,,,,,,
14288898,2026-05-11,Liga Portugal Betclic,Liga Portugal 25/26,33.0,Home,Sporting Braga,1006069,António Silva,D,4,True,79.0,66.0,9.0,6.0,0.0,29.0,35.0,37.0,44.0,7.0,12.0,1.0,5.0,,,,,,,90.0,94.0,7.3,13.0,0.0214067,278.62366973596,36.0,61.558211397448,,,"{'original': 7.3, 'alternative': 7.3}",3,,0.28,0.18,-0.33,,"{'sportSlug': 'football', 'statisticsType': 'player'}",,,2.0,,,,5.0,3.0,2.0,,2.0,30.33,9.45,5.0,,0.0,,0.94,0.24,0.06,1.0,1.0,2.0,,,0.6807,,-0.49,1.0,,,,,,,1.0,,,,,,,,,,,,
14288898,2026-05-11,Liga Portugal Betclic,Liga Portugal 25/26,33.0,Home,Sporting Braga,1103333,Franjo Ivanović,F,9,True,18.0,12.0,,,0.0,3.0,6.0,9.0,12.0,1.0,4.0,,2.0,,,,,,,61.0,33.0,6.7,13.0,0.0409632,116.21205851339,11.0,40.962028933878,18.376852952616,,"{'original': 6.7, 'alternative': 6.9}",2,,0.08,0.33,-0.09,,"{'sportSlug': 'football', 'statisticsType': 'player'}",1.0,,9.0,2.0,3.0,,,,,3.0,1.0,30.67,6.21,5.0,18.547377847017,1.0,2.0,0.56,0.23,0.09,3.0,,1.0,,1.0,0.0783,,-0.31,2.0,,,,2.0,,1.0,1.0,,,,,,,,,,,,
14288898,2026-05-11,Liga Portugal Betclic,Liga Portugal 25/26,33.0,Home,Sporting Braga,228364,Fredrik Aursnes,M,8,True,54.0,49.0,5.0,4.0,0.0,17.0,17.0,32.0,37.0,1.0,3.0,1.0,2.0,,,,,,,90.0,69.0,7.4,9.0,0.252845,210.95432639877,28.0,93.885779713521,21.496764927101,,"{'original': 7.4, 'alternative': 8}",3,,0.55,0.23,-0.04,,"{'sportSlug': 'football', 'statisticsType': 'player'}",5.0,2.0,3.0,1.0,,1.0,1.0,1.0,1.0,,1.0,29.37,10.36,9.0,47.179929519014,2.0,6.0,1.49,0.38,0.07,1.0,,1.0,1.0,,0.1916,0.0341,-0.18,1.0,,1.0,,,,,1.0,,,,,,,,,,,,
14288898,2026-05-11,Liga Portugal Betclic,Liga Portugal 25/26,33.0,Home,Sporting Braga,1201395,Gianluca Prestianni,M,25,True,29.0,22.0,3.0,1.0,0.0,4.0,5.0,18.0,24.0,1.0,4.0,,2.0,,,,,,,90.0,52.0,7.1,14.0,0.169202,203.88518294711,20.0,93.065441571274,21.590686848419,,"{'original': 7.1, 'alternative': 7.4}",4,,0.54,0.38,-0.1,,"{'sportSlug': 'football', 'statisticsType': 'player'}",1.0,1.0,7.0,3.0,5.0,,,,,2.0,,31.2,9.43,10.0,74.265233240266,5.0,3.0,1.29,0.38,0.14,1.0,,2.0,1.0,1.0,0.1111,0.2489,-0.45,,,,,3.0,,1.0,1.0,,,,,,,,,,,,
14288898,2026-05-11,Liga Portugal Betclic,Liga Portugal 25/26,33.0,Home,Sporting Braga,906800,Leandro Barreiro,M,18,True,31.0,27.0,,,0.0,13.0,13.0,14.0,18.0,,2.0,,2.0,,,,,,,76.0,38.0,6.7,5.0,0.0249701,109.67209021183,12.0,11.310666593856,11.055696877054,,"{'original': 6.7, 'alternative': 6.9}",1,,0.13,0.07,-0.13,,"{'sportSlug': 'football', 'statisticsType': 'player'}",,,4.0,,1.0,,1.0,2.0,,,,28.09,7.76,8.0,16.239055268087,1.0,1.0,1.06,0.3,0.07,,,,1.0,1.0,0.133,0.2213,-0.03,2.0,,,,,,,,,,,,,,,,,,,
14288898,2026-05-11,Liga Portugal Betclic,Liga Portugal 25/26,33.0,Home,Sporting Braga,252577,Rafa Silva,M,27,True,24.0,16.0,,,0.0,7.0,9.0,9.0,15.0,1.0,6.0,,3.0,,,,,,,90.0,37.0,7.7,11.0,0.0450444,111.72779877101,13.0,28.981816364955,10.547001667564,,"{'original': 7.7, 'alternative': 7.7}",2,,-0.09,0.19,-0.25,,"{'sportSlug': 'football', 'statisticsType': 'player'}",,,4.0,,,,,3.0,3.0,2.0,2.0,31.46,8.62,11.0,21.590604809035,2.0,1.0,0.88,0.33,0.12,,,,2.0,,0.3197,1.0636,0.47,4.0,1.0,,,,,,,,,,,,,,,,,,
14288898,2026-05-11,Liga Portugal Betclic,Liga Portugal 25/26,33.0,Home,Sporting Braga,993101,Samuel Dahl,D,26,True,71.0,63.0,4.0,1.0,0.0,25.0,28.0,38.0,43.0,1.0,4.0,1.0,7.0,,,,,,,90.0,89.0,6.9,12.0,0.105251,380.04442521531,41.0,185.23639497391,26.852369254402,,"{'original': 6.9, 'alternative': 7}",0,,0.33,0.31,-0.3,,"{'sportSlug': 'football', 'statisticsType': 'player'}",3.0,1.0,1.0,,1.0,,,2.0,2.0,1.0,,31.1,8.96,8.0,76.006925402319,3.0,1.0,1.02,0.42,0.14,1.0,,,,,,,,,,,,1.0,,,,,,,,,,,,,,,
14288898,2026-05-11,Liga Portugal Betclic,Liga Portugal 25/26,33.0,Home,Sporting Braga,983542,Tomás Araújo,D,44,True,65.0,58.0,8.0,6.0,0.0,38.0,44.0,20.0,21.0,4.0,6.0,3.0,5.0,,,,,,,90.0,77.0,7.0,7.0,0.0140043,239.37216061819,33.0,52.972864097583,17.147670530614,,"{'original': 7, 'alternative': 7.1}",1,,0.18,0.12,-0.23,,"{'sportSlug': 'football', 'statisticsType': 'player'}",,,1.0,,,,1.0,2.0,2.0,,,30.6,8.76,1.0,23.017657222228,1.0,,0.63,0.17,0.03,,,1.0,,1.0,0.084,,-0.18,,,,,,,,,,,,,,,,,,,,
14288898,2026-05-11,Liga Portugal Betclic,Liga Portugal 25/26,33.0,Home,Sporting Braga,850976,Alexander Bah,D,6,False,,,,,,,,,,,,,,,,,,,,,,,,,,,,,,,0,,,,,,"{'sportSlug': 'football', 'statisticsType': 'player'}",,,,,,,,,,,,,,,,,,,,,,,,,,,,,,,,,,,,,,,,,,,,,,,,
14288898,2026-05-11,Liga Portugal Betclic,Liga Portugal 25/26,33.0,Home,Sporting Braga,97012,Bruma,F,7,False,,,,,,,,,,,,,,,,,,,,,,,,,,,,,,,0,,,,,,"{'sportSlug': 'football', 'statisticsType': 'player'}",,,,,,,,,,,,,,,,,,,,,,,,,,,,,,,,,,,,,,,,,,,,,,,,
14288898,2026-05-11,Liga Portugal Betclic,Liga Portugal 25/26,33.0,Home,Sporting Braga,823631,Dodi Lukebakio,M,11,False,3.0,2.0,,,0.0,,,2.0,3.0,,,,1.0,,,,,,,14.0,7.0,7.0,3.0,0.183286,48.549997469855,3.0,41.100487192474,27.076063862932,,"{'original': 7, 'alternative': 6.9}",0,,0.29,0.29,0.0,,"{'sportSlug': 'football', 'statisticsType': 'player'}",4.0,2.0,,,,,,,,,,,,,44.764496710378,2.0,3.0,,,,,,,,,,,,,,,,,,,,,,,,,,,,,,,
14288898,2026-05-11,Liga Portugal Betclic,Liga Portugal 25/26,33.0,Home,Sporting Braga,1087316,Enzo Barrenechea,M,5,False,,,,,,,,,,,,,,,,,,,,,,,,,,,,,,,0,,,,,,"{'sportSlug': 'football', 'statisticsType': 'player'}",,,,,,,,,,,,,,,,,,,,,,,,,,,,,,,,,,,,,,,,,,,,,,,,
14288898,2026-05-11,Liga Portugal Betclic,Liga Portugal 25/26,33.0,Home,Sporting Braga,1123925,Georgiy Sudakov,M,10,False,,,,,,,,,,,,,,,,,,,,,,,,,,,,,,,0,,,,,,"{'sportSlug': 'football', 'statisticsType': 'player'}",,,,,,,,,,,,,,,,,,,,,,,,,,,,,,,,,,,,,,,,,,,,,,,,
14288898,2026-05-11,Liga Portugal Betclic,Liga Portugal 25/26,33.0,Home,Sporting Braga,1432417,Gonçalo Oliveira,D,64,False,,,,,,,,,,,,,,,,,,,,,,,,,,,,,,,0,,,,,,"{'sportSlug': 'football', 'statisticsType': 'player'}",,,,,,,,,,,,,,,,,,,,,,,,,,,,,,,,,,,,,,,,,,,,,,,,
14288898,2026-05-11,Liga Portugal Betclic,Liga Portugal 25/26,33.0,Home,Sporting Braga,1085740,Manu Silva,M,16,False,,,,,,,,,,,,,,,,,,,,,,,,,,,,,,,0,,,,,,"{'sportSlug': 'football', 'statisticsType': 'player'}",,,,,,,,,,,,,,,,,,,,,,,,,,,,,,,,,,,,,,,,,,,,,,,,
14288898,2026-05-11,Liga Portugal Betclic,Liga Portugal 25/26,33.0,Home,Sporting Braga,983550,Samuel Soares,G,24,False,,,,,,,,,,,,,,,,,,,,,,,,,,,,,,,0,,,,,,"{'sportSlug': 'football', 'statisticsType': 'player'}",,,,,,,,,,,,,,,,,,,,,,,,,,,,,,,,,,,,,,,,,,,,,,,,
14288898,2026-05-11,Liga Portugal Betclic,Liga Portugal 25/26,33.0,Home,Sporting Braga,795236,Vangelis Pavlidis,F,14,False,11.0,5.0,,,0.0,1.0,1.0,4.0,10.0,2.0,2.0,,,,,,,,,29.0,15.0,7.1,6.0,0.0266631,18.425462380372,4.0,1.9389133471213,,,"{'original': 7.1, 'alternative': 7.4}",4,,-0.13,0.19,-0.01,,"{'sportSlug': 'football', 'statisticsType': 'player'}",,,,,,,,,,,,28.66,3.38,2.0,,0.0,,0.45,0.21,0.02,,,,3.0,,1.031,1.2727,0.33,,1.0,,,,,,1.0,,,,,,,,,,,,
14336198,2026-05-16,Liga Portugal Betclic,Liga Portugal 25/26,34.0,Away,Estoril Praia,850976,Alexander Bah,D,6,True,32.0,28.0,,,0.0,9.0,10.0,19.0,22.0,1.0,6.0,,5.0,,,,,,,68.0,51.0,7.7,7.0,0.0690157,270.19023552555,20.0,142.07311487577,34.454562684804,,"{'original': 7.7, 'alternative': 7.8}",2,,0.19,0.28,-0.05,,"{'sportSlug': 'football', 'statisticsType': 'player'}",,,4.0,,1.0,,,3.0,,,2.0,31.27,8.1,17.0,132.05069127196,4.0,,1.29,0.58,0.22,,,1.0,1.0,1.0,0.6062,0.3309,0.3,2.0,1.0,,,,,,,,,,,,,,,,,,
14336198,2026-05-16,Liga Portugal Betclic,Liga Portugal 25/26,34.0,Away,Estoril Praia,966616,Anatoliy Trubin,G,1,True,25.0,15.0,14.0,4.0,0.0,13.0,15.0,2.0,10.0,,,,9.0,5.0,,5.0,,,,90.0,38.0,6.8,10.0,0.00039575,42.441657352505,8.0,21.376186831708,,0.3923,"{'original': 6.8, 'alternative': 7.3}",0,-0.1156,0.14,0.03,0.2,0.25,"{'sportSlug': 'football', 'statisticsType': 'player'}",,,,,,,,,,,,26.4,5.25,2.0,,0.0,,0.14,0.07,0.02,,,,,,,,,,,,,,,,,,,,,,,,,,,,
14336198,2026-05-16,Liga Portugal Betclic,Liga Portugal 25/26,34.0,Away,Estoril Praia,1100952,Andreas Schjelderup,M,21,True,26.0,24.0,,,0.0,11.0,12.0,13.0,14.0,1.0,5.0,1.0,3.0,,,,,,,84.0,44.0,7.6,10.0,0.0604415,166.1203745534,13.0,114.70072055633,25.686416637886,,"{'original': 7.6, 'alternative': 7.2}",2,,0.51,0.29,0.18,,"{'sportSlug': 'football', 'statisticsType': 'player'}",2.0,,5.0,,2.0,,,2.0,2.0,5.0,1.0,33.46,9.04,17.0,112.84186336305,5.0,1.0,1.43,0.63,0.25,,,,,3.0,0.1222,,0.02,1.0,,,,1.0,,,2.0,,,,,,,,,,,,
14336198,2026-05-16,Liga Portugal Betclic,Liga Portugal 25/26,34.0,Away,Estoril Praia,228364,Fredrik Aursnes,M,8,True,61.0,54.0,4.0,1.0,0.0,20.0,21.0,34.0,40.0,3.0,3.0,1.0,6.0,,,,,,,80.0,72.0,7.3,12.0,0.0453092,126.61827965571,14.0,21.229315182392,,,"{'original': 7.3, 'alternative': 7.1}",0,,0.22,0.01,0.44,,"{'sportSlug': 'football', 'statisticsType': 'player'}",3.0,,1.0,,,1.0,1.0,,,2.0,,27.64,9.39,11.0,,0.0,,1.62,0.73,0.14,,,,,,,,,1.0,,,,,,,,,,,,,,,,,,,
14336198,2026-05-16,Liga Portugal Betclic,Liga Portugal 25/26,34.0,Away,Estoril Praia,1201395,Gianluca Prestianni,M,25,True,31.0,26.0,2.0,1.0,1.0,6.0,7.0,20.0,24.0,1.0,4.0,1.0,3.0,,,,,,,68.0,52.0,7.2,14.0,0.618223,174.40617755032,17.0,91.019761264445,22.394561378182,,"{'original': 7.2, 'alternative': 7.1}",2,,0.54,0.37,0.14,,"{'sportSlug': 'football', 'statisticsType': 'player'}",7.0,4.0,7.0,1.0,6.0,,,1.0,,1.0,,33.51,7.8,23.0,74.569925848623,5.0,5.0,1.22,0.6,0.4,1.0,2.0,1.0,1.0,1.0,0.8047,0.2777,0.01,,,1.0,,2.0,,,,,,,,,,,,,,,
14336198,2026-05-16,Liga Portugal Betclic,Liga Portugal 25/26,34.0,Away,Estoril Praia,74915,Nicolás Otamendi,D,30,True,60.0,54.0,5.0,3.0,0.0,32.0,34.0,22.0,26.0,3.0,4.0,2.0,1.0,,,,,,,90.0,66.0,6.9,7.0,0.0186888,137.30039937553,17.0,53.623278002369,,,"{'original': 6.9, 'alternative': 6.9}",0,,0.18,0.15,-0.16,,"{'sportSlug': 'football', 'statisticsType': 'player'}",1.0,,,,,,2.0,1.0,1.0,,,32.52,8.75,13.0,,0.0,,0.92,0.46,0.17,,,,,,,,,,,,,,,,,,,,,,,,,,,,
14336198,2026-05-16,Liga Portugal Betclic,Liga Portugal 25/26,34.0,Away,Estoril Praia,252577,Rafa Silva,M,27,True,21.0,14.0,,,0.0,4.0,4.0,10.0,17.0,,1.0,,2.0,,,,,,,68.0,36.0,6.7,15.0,0.285149,41.968373077786,4.0,31.441568125239,,,"{'original': 6.7, 'alternative': 7.2}",2,,-0.48,0.27,-0.09,,"{'sportSlug': 'football', 'statisticsType': 'player'}",,,4.0,2.0,1.0,,,,,6.0,,34.07,7.46,15.0,,0.0,1.0,1.29,0.45,0.3,,1.0,,2.0,,0.3853,0.4168,0.45,2.0,1.0,1.0,,1.0,,,,,,,,,,,,,,,
14336198,2026-05-16,Liga Portugal Betclic,Liga Portugal 25/26,34.0,Away,Estoril Praia,1015292,Richard Ríos,M,20,True,40.0,34.0,2.0,2.0,0.0,17.0,18.0,17.0,22.0,1.0,6.0,,9.0,,,,,,,90.0,64.0,8.3,13.0,0.0201376,133.30711480587,17.0,72.250032741242,17.89677003877,,"{'original': 8.3, 'alternative': 7.8}",4,,0.12,0.8,-0.03,,"{'sportSlug': 'football', 'statisticsType': 'player'}",2.0,,6.0,2.0,1.0,,1.0,3.0,2.0,3.0,1.0,32.67,10.19,20.0,24.049054272444,2.0,,1.73,0.65,0.34,2.0,1.0,1.0,3.0,2.0,1.6316,1.0973,0.4,,1.0,,,1.0,,,,,,,,,,,,,,,
14336198,2026-05-16,Liga Portugal Betclic,Liga Portugal 25/26,34.0,Away,Estoril Praia,993101,Samuel Dahl,D,26,True,37.0,35.0,,,0.0,14.0,15.0,21.0,22.0,,8.0,1.0,6.0,,,,,,,90.0,62.0,7.4,8.0,0.0695185,103.11135760739,9.0,78.567088929273,23.502670889293,,"{'original': 7.4, 'alternative': 7.3}",0,,0.16,0.31,0.13,,"{'sportSlug': 'football', 'statisticsType': 'player'}",1.0,,1.0,1.0,2.0,1.0,1.0,4.0,1.0,3.0,2.0,30.73,9.98,18.0,25.327141488924,1.0,,1.31,0.62,0.27,,,,,1.0,,,,,,,,2.0,,,,,,,,,,,,,,,
14336198,2026-05-16,Liga Portugal Betclic,Liga Portugal 25/26,34.0,Away,Estoril Praia,983542,Tomás Araújo,D,44,True,67.0,60.0,3.0,2.0,1.0,30.0,33.0,30.0,34.0,,1.0,2.0,6.0,,,,,,,90.0,74.0,7.1,7.0,0.0203639,133.16740421515,15.0,77.671763965419,29.498694433028,,"{'original': 7.1, 'alternative': 7.5}",2,,0.47,0.24,-0.13,,"{'sportSlug': 'football', 'statisticsType': 'player'}",,,,,,,1.0,1.0,1.0,,,31.78,9.02,16.0,30.727791980551,1.0,1.0,0.97,0.48,0.21,,,2.0,,,0.235,,-0.53,,,1.0,,,,,,,,,,,,,,,,,
14336198,2026-05-16,Liga Portugal Betclic,Liga Portugal 25/26,34.0,Away,Estoril Praia,795236,Vangelis Pavlidis,F,14,True,30.0,21.0,2.0,2.0,0.0,5.0,5.0,16.0,25.0,2.0,2.0,1.0,1.0,,,,,,,90.0,39.0,5.7,14.0,0.0723602,76.946753293084,7.0,38.230018641969,23.344137812563,,"{'original': 5.7, 'alternative': 6.8}",1,,-0.62,0.11,0.14,,"{'sportSlug': 'football', 'statisticsType': 'player'}",,,4.0,1.0,1.0,,,,,3.0,,31.77,10.53,21.0,40.072363939796,2.0,1.0,1.72,0.92,0.24,1.0,,,,1.0,0.0547,,0.01,,,,,,,2.0,1.0,,,,,,,,,,,,
14336198,2026-05-16,Liga Portugal Betclic,Liga Portugal 25/26,34.0,Away,Estoril Praia,1102791,Amar Dedić,D,17,False,12.0,11.0,,,0.0,5.0,5.0,6.0,7.0,,,,1.0,,,,,,,22.0,15.0,6.4,1.0,0.137715,27.391729396316,4.0,6.5482294594013,,,"{'original': 6.4, 'alternative': 6.5}",0,,0.18,-0.04,-0.18,,"{'sportSlug': 'football', 'statisticsType': 'player'}",1.0,1.0,,,,,,,,,,33.24,2.5,7.0,,0.0,1.0,0.38,0.21,0.13,,,,,,,,,,,,,,,,,,,,,,,,,,,,
14336198,2026-05-16,Liga Portugal Betclic,Liga Portugal 25/26,34.0,Away,Estoril Praia,1006069,António Silva,D,4,False,,,,,,,,,,,,,,,,,,,,,,,,,,,,,,,0,,,,,,"{'sportSlug': 'football', 'statisticsType': 'player'}",,,,,,,,,,,,,,,,,,,,,,,,,,,,,,,,,,,,,,,,,,,,,,,,
14336198,2026-05-16,Liga Portugal Betclic,Liga Portugal 25/26,34.0,Away,Estoril Praia,97012,Bruma,F,7,False,3.0,2.0,,,0.0,1.0,1.0,1.0,2.0,,,,,,,,,,,9.0,3.0,6.5,1.0,0.00014796,8.3086461592729,1.0,7.7213747428644,,,"{'original': 6.5, 'alternative': 6.5}",0,,-0.01,0.01,0.0,,"{'sportSlug': 'football', 'statisticsType': 'player'}",,,,,,,,,,,,28.75,1.01,2.0,,0.0,,0.16,0.07,0.02,,,,,,,,,,,,,,,,,,,,,,,,,,,,
14336198,2026-05-16,Liga Portugal Betclic,Liga Portugal 25/26,34.0,Away,Estoril Praia,823631,Dodi Lukebakio,M,11,False,7.0,5.0,1.0,,0.0,,1.0,5.0,6.0,,1.0,,,,,,,,,22.0,15.0,7.0,5.0,0.196169,61.520568283158,3.0,60.777337534176,25.240201938943,,"{'original': 7, 'alternative': 6.9}",3,,0.29,0.51,-0.04,,"{'sportSlug': 'football', 'statisticsType': 'player'}",3.0,1.0,1.0,,1.0,,,,,,,32.69,2.63,10.0,61.520568283158,3.0,1.0,0.39,0.26,0.12,,,1.0,1.0,1.0,0.1983,0.0366,-0.54,,,,,1.0,,,1.0,,,,,,,,,,,,
14336198,2026-05-16,Liga Portugal Betclic,Liga Portugal 25/26,34.0,Away,Estoril Praia,1103333,Franjo Ivanović,F,9,False,,,,,,,,,,,,,,,,,,,,,,,,,,,,,,,0,,,,,,"{'sportSlug': 'football', 'statisticsType': 'player'}",,,,,,,,,,,,,,,,,,,,,,,,,,,,,,,,,,,,,,,,,,,,,,,,
14336198,2026-05-16,Liga Portugal Betclic,Liga Portugal 25/26,34.0,Away,Estoril Praia,1123925,Georgiy Sudakov,M,10,False,,,,,,,,,,,,,,,,,,,,,,,,,,,,,,,0,,,,,,"{'sportSlug': 'football', 'statisticsType': 'player'}",,,,,,,,,,,,,,,,,,,,,,,,,,,,,,,,,,,,,,,,,,,,,,,,
14336198,2026-05-16,Liga Portugal Betclic,Liga Portugal 25/26,34.0,Away,Estoril Praia,906800,Leandro Barreiro,M,18,False,2.0,2.0,,,0.0,2.0,2.0,,,,1.0,,,,,,,,,22.0,8.0,5.9,1.0,4.225e-05,4.9125725439936,1.0,-2.1577720096369,,,"{'original': 5.9, 'alternative': 6.2}",1,,0.0,-0.21,-0.21,,"{'sportSlug': 'football', 'statisticsType': 'player'}",,,7.0,,1.0,,1.0,,,,1.0,27.36,2.96,5.0,,0.0,,0.73,0.29,0.04,1.0,,1.0,,2.0,0.1101,,-0.53,3.0,,,,,,,,,,,,,,,,,,,
14336198,2026-05-16,Liga Portugal Betclic,Liga Portugal 25/26,34.0,Away,Estoril Praia,1085740,Manu Silva,M,16,False,10.0,8.0,1.0,,0.0,5.0,5.0,3.0,5.0,,1.0,,1.0,,,,,,,10.0,12.0,6.5,2.0,0.00135873,14.112708560722,2.0,-2.7689175367889,,,"{'original': 6.5, 'alternative': 6.6}",0,,0.03,-0.02,-0.05,,"{'sportSlug': 'football', 'statisticsType': 'player'}",,,,,,,,1.0,,,,28.55,1.45,1.0,,0.0,1.0,0.33,0.1,0.01,,,,,,,,,,,,,,,,,,,,,,,,,,,,
14336198,2026-05-16,Liga Portugal Betclic,Liga Portugal 25/26,34.0,Away,Estoril Praia,983550,Samuel Soares,G,24,False,,,,,,,,,,,,,,,,,,,,,,,,,,,,,,,0,,,,,,"{'sportSlug': 'football', 'statisticsType': 'player'}",,,,,,,,,,,,,,,,,,,,,,,,,,,,,,,,,,,,,,,,,,,,,,,,
