event_id,date,competition,round,home_team,away_team,incident_type,incident_class,time,added_time,period,is_home,incident_team,team_side,player_id,player,assist_id,assist,player_in_id,player_in,player_out_id,player_out,home_score,away_score,from_penalty,rescinded,match_minute
14241230,2025-08-06,"UEFA Champions League, Qualification",3.0,Nice,Benfica,substitution,injury,28,,1ST,True,Nice,Opponent,,,,,1127313.0,Tom Louchet,250133.0,Morgan Sanson,,,,,28.0
14241230,2025-08-06,"UEFA Champions League, Qualification",3.0,Nice,Benfica,card,yellow,30,,1ST,True,Nice,Opponent,1606792.0,Abdulay Juma Bah,,,,,,,,,,False,30.0
14241230,2025-08-06,"UEFA Champions League, Qualification",3.0,Nice,Benfica,card,yellow,33,,1ST,False,Benfica,Benfica,1100952.0,Andreas Schjelderup,,,,,,,,,,False,33.0
14241230,2025-08-06,"UEFA Champions League, Qualification",3.0,Nice,Benfica,injuryTime,,45,0.0,1ST,,,,,,,,,,,,,,,,45.0
14241230,2025-08-06,"UEFA Champions League, Qualification",3.0,Nice,Benfica,substitution,regular,46,,2ND,True,Nice,Opponent,,,,,1473092.0,Kojo Peprah Oppong,3577.0,Dante,,,,,46.0
14241230,2025-08-06,"UEFA Champions League, Qualification",3.0,Nice,Benfica,goal,regular,53,,2ND,False,Benfica,Benfica,1103333.0,Franjo Ivanović,228364.0,Fredrik Aursnes,,,,,0.0,1.0,,,53.0
14241230,2025-08-06,"UEFA Champions League, Qualification",3.0,Nice,Benfica,substitution,regular,66,,2ND,False,Benfica,Benfica,,,,,1201395.0,Gianluca Prestianni,1100952.0,Andreas Schjelderup,,,,,66.0
14241230,2025-08-06,"UEFA Champions League, Qualification",3.0,Nice,Benfica,substitution,regular,77,,2ND,False,Benfica,Benfica,,,,,906800.0,Leandro Barreiro,1103333.0,Franjo Ivanović,,,,,77.0
14241230,2025-08-06,"UEFA Champions League, Qualification",3.0,Nice,Benfica,substitution,regular,77,,2ND,False,Benfica,Benfica,,,,,998870.0,Henrique Araújo,795236.0,Vangelis Pavlidis,,,,,77.0
14241230,2025-08-06,"UEFA Champions League, Qualification",3.0,Nice,Benfica,substitution,injury,77,,2ND,False,Benfica,Benfica,,,,,855845.0,Florentino Luís,1087316.0,Enzo Barrenechea,,,,,77.0
14241230,2025-08-06,"UEFA Champions League, Qualification",3.0,Nice,Benfica,card,yellow,79,,2ND,True,Nice,Opponent,1127313.0,Tom Louchet,,,,,,,,,,False,79.0
14241230,2025-08-06,"UEFA Champions League, Qualification",3.0,Nice,Benfica,substitution,regular,79,,2ND,True,Nice,Opponent,,,,,367056.0,Jérémie Boga,962064.0,Isak Jansson,,,,,79.0
14241230,2025-08-06,"UEFA Champions League, Qualification",3.0,Nice,Benfica,substitution,regular,79,,2ND,True,Nice,Opponent,,,,,944164.0,Sofiane Diop,1153265.0,Badredine Bouanani,,,,,79.0
14241230,2025-08-06,"UEFA Champions League, Qualification",3.0,Nice,Benfica,card,yellow,85,,2ND,True,Nice,Opponent,1120615.0,Antoine Mendy,,,,,,,,,,False,85.0
14241230,2025-08-06,"UEFA Champions League, Qualification",3.0,Nice,Benfica,goal,regular,88,,2ND,False,Benfica,Benfica,855845.0,Florentino Luís,993101.0,Samuel Dahl,,,,,0.0,2.0,,,88.0
14241230,2025-08-06,"UEFA Champions League, Qualification",3.0,Nice,Benfica,substitution,regular,89,,2ND,True,Nice,Opponent,,,,,2017474.0,Bernard Nguene,894396.0,Terem Moffi,,,,,89.0
14241230,2025-08-06,"UEFA Champions League, Qualification",3.0,Nice,Benfica,injuryTime,,90,0.0,2ND,,,,,,,,,,,,,,,,90.0
14241230,2025-08-06,"UEFA Champions League, Qualification",3.0,Nice,Benfica,period,,45,999.0,1ST,,,,,,,,,,,,0.0,0.0,,,1044.0
14241230,2025-08-06,"UEFA Champions League, Qualification",3.0,Nice,Benfica,period,,90,999.0,2ND,,,,,,,,,,,,0.0,2.0,,,1089.0
14241253,2025-08-12,"UEFA Champions League, Qualification",3.0,Benfica,Nice,goal,regular,18,,1ST,True,Benfica,Benfica,228364.0,Fredrik Aursnes,1100952.0,Andreas Schjelderup,,,,,1.0,0.0,,,18.0
14241253,2025-08-12,"UEFA Champions League, Qualification",3.0,Benfica,Nice,goal,regular,27,,1ST,True,Benfica,Benfica,1100952.0,Andreas Schjelderup,228364.0,Fredrik Aursnes,,,,,2.0,0.0,,,27.0
14241253,2025-08-12,"UEFA Champions League, Qualification",3.0,Benfica,Nice,card,yellow,33,,1ST,False,Nice,Opponent,1606792.0,Abdulay Juma Bah,,,,,,,,,,False,33.0
14241253,2025-08-12,"UEFA Champions League, Qualification",3.0,Benfica,Nice,injuryTime,,45,0.0,1ST,,,,,,,,,,,,,,,,45.0
14241253,2025-08-12,"UEFA Champions League, Qualification",3.0,Benfica,Nice,substitution,regular,60,,2ND,False,Nice,Opponent,,,,,944164.0,Sofiane Diop,2020789.0,Djibril Coulibaly,,,,,60.0
14241253,2025-08-12,"UEFA Champions League, Qualification",3.0,Benfica,Nice,substitution,regular,63,,2ND,True,Benfica,Benfica,,,,,906800.0,Leandro Barreiro,1103333.0,Franjo Ivanović,,,,,63.0
14241253,2025-08-12,"UEFA Champions League, Qualification",3.0,Benfica,Nice,substitution,regular,63,,2ND,True,Benfica,Benfica,,,,,855845.0,Florentino Luís,1087316.0,Enzo Barrenechea,,,,,63.0
14241253,2025-08-12,"UEFA Champions League, Qualification",3.0,Benfica,Nice,substitution,regular,64,,2ND,True,Benfica,Benfica,,,,,1201395.0,Gianluca Prestianni,1100952.0,Andreas Schjelderup,,,,,64.0
14241253,2025-08-12,"UEFA Champions League, Qualification",3.0,Benfica,Nice,card,yellow,65,,2ND,False,Nice,Opponent,821728.0,Jonathan Clauss,,,,,,,,,,False,65.0
14241253,2025-08-12,"UEFA Champions League, Qualification",3.0,Benfica,Nice,substitution,regular,73,,2ND,False,Nice,Opponent,,,,,1893993.0,Gabin Bernardeau,1153265.0,Badredine Bouanani,,,,,73.0
14241253,2025-08-12,"UEFA Champions League, Qualification",3.0,Benfica,Nice,substitution,regular,73,,2ND,False,Nice,Opponent,,,,,367056.0,Jérémie Boga,962064.0,Isak Jansson,,,,,73.0
14241253,2025-08-12,"UEFA Champions League, Qualification",3.0,Benfica,Nice,substitution,regular,73,,2ND,False,Nice,Opponent,,,,,1597141.0,Hamza Koutoune,821728.0,Jonathan Clauss,,,,,73.0
14241253,2025-08-12,"UEFA Champions League, Qualification",3.0,Benfica,Nice,substitution,regular,81,,2ND,True,Benfica,Benfica,,,,,998870.0,Henrique Araújo,795236.0,Vangelis Pavlidis,,,,,81.0
14241253,2025-08-12,"UEFA Champions League, Qualification",3.0,Benfica,Nice,substitution,regular,82,,2ND,False,Nice,Opponent,,,,,2017474.0,Bernard Nguene,894396.0,Terem Moffi,,,,,82.0
14241253,2025-08-12,"UEFA Champions League, Qualification",3.0,Benfica,Nice,substitution,regular,84,,2ND,True,Benfica,Benfica,,,,,903324.0,Kerem Aktürkoğlu,228364.0,Fredrik Aursnes,,,,,84.0
14241253,2025-08-12,"UEFA Champions League, Qualification",3.0,Benfica,Nice,injuryTime,,90,0.0,2ND,,,,,,,,,,,,,,,,90.0
14241253,2025-08-12,"UEFA Champions League, Qualification",3.0,Benfica,Nice,card,yellow,90,2.0,2ND,True,Benfica,Benfica,1201395.0,Gianluca Prestianni,,,,,,,,,,False,92.0
14241253,2025-08-12,"UEFA Champions League, Qualification",3.0,Benfica,Nice,period,,45,999.0,1ST,,,,,,,,,,,,2.0,0.0,,,1044.0
14241253,2025-08-12,"UEFA Champions League, Qualification",3.0,Benfica,Nice,period,,90,999.0,2ND,,,,,,,,,,,,2.0,0.0,,,1089.0
14131876,2025-08-16,Liga Portugal Betclic,2.0,CF Estrela Amadora,Benfica,card,yellow,25,,1ST,True,CF Estrela Amadora,Opponent,2218660.0,Joao Gastao,,,,,,,,,,False,25.0
14131876,2025-08-16,Liga Portugal Betclic,2.0,CF Estrela Amadora,Benfica,injuryTime,,45,0.0,1ST,,,,,,,,,,,,,,,,45.0
14131876,2025-08-16,Liga Portugal Betclic,2.0,CF Estrela Amadora,Benfica,card,yellow,53,,2ND,False,Benfica,Benfica,74915.0,Nicolás Otamendi,,,,,,,,,,False,53.0
14131876,2025-08-16,Liga Portugal Betclic,2.0,CF Estrela Amadora,Benfica,card,yellow,58,,2ND,True,CF Estrela Amadora,Opponent,1031642.0,Atanas Chernev,,,,,,,,,,False,58.0
14131876,2025-08-16,Liga Portugal Betclic,2.0,CF Estrela Amadora,Benfica,goal,penalty,60,,2ND,False,Benfica,Benfica,795236.0,Vangelis Pavlidis,,,,,,,0.0,1.0,,,60.0
14131876,2025-08-16,Liga Portugal Betclic,2.0,CF Estrela Amadora,Benfica,card,yellow,63,,2ND,False,Benfica,Benfica,1087316.0,Enzo Barrenechea,,,,,,,,,,False,63.0
14131876,2025-08-16,Liga Portugal Betclic,2.0,CF Estrela Amadora,Benfica,substitution,regular,64,,2ND,True,CF Estrela Amadora,Opponent,,,,,910316.0,Ianis Stoica,2218660.0,Joao Gastao,,,,,64.0
14131876,2025-08-16,Liga Portugal Betclic,2.0,CF Estrela Amadora,Benfica,substitution,regular,64,,2ND,True,CF Estrela Amadora,Opponent,,,,,869875.0,Kikas,1015993.0,Alan Godoy,,,,,64.0
14131876,2025-08-16,Liga Portugal Betclic,2.0,CF Estrela Amadora,Benfica,substitution,regular,71,,2ND,False,Benfica,Benfica,,,,,1201395.0,Gianluca Prestianni,1100952.0,Andreas Schjelderup,,,,,71.0
14131876,2025-08-16,Liga Portugal Betclic,2.0,CF Estrela Amadora,Benfica,substitution,regular,74,,2ND,True,CF Estrela Amadora,Opponent,,,,,801339.0,Rodrigo Pinho,1134514.0,Fábio Ronaldo,,,,,74.0
14131876,2025-08-16,Liga Portugal Betclic,2.0,CF Estrela Amadora,Benfica,substitution,regular,82,,2ND,True,CF Estrela Amadora,Opponent,,,,,1006110.0,João Resende,845802.0,Jovane Cabral,,,,,82.0
14131876,2025-08-16,Liga Portugal Betclic,2.0,CF Estrela Amadora,Benfica,substitution,regular,82,,2ND,True,CF Estrela Amadora,Opponent,,,,,1164070.0,Jorge Meireles,1090543.0,Abraham Marcus,,,,,82.0
14131876,2025-08-16,Liga Portugal Betclic,2.0,CF Estrela Amadora,Benfica,card,yellow,84,,2ND,False,Benfica,Benfica,1015292.0,Richard Ríos,,,,,,,,,,False,84.0
14131876,2025-08-16,Liga Portugal Betclic,2.0,CF Estrela Amadora,Benfica,substitution,regular,87,,2ND,False,Benfica,Benfica,,,,,855845.0,Florentino Luís,1087316.0,Enzo Barrenechea,,,,,87.0
14131876,2025-08-16,Liga Portugal Betclic,2.0,CF Estrela Amadora,Benfica,substitution,regular,87,,2ND,False,Benfica,Benfica,,,,,906800.0,Leandro Barreiro,1103333.0,Franjo Ivanović,,,,,87.0
14131876,2025-08-16,Liga Portugal Betclic,2.0,CF Estrela Amadora,Benfica,injuryTime,,90,0.0,2ND,,,,,,,,,,,,,,,,90.0
14131876,2025-08-16,Liga Portugal Betclic,2.0,CF Estrela Amadora,Benfica,substitution,injury,90,4.0,2ND,False,Benfica,Benfica,,,,,976410.0,Tiago Gouveia,1015292.0,Richard Ríos,,,,,94.0
14131876,2025-08-16,Liga Portugal Betclic,2.0,CF Estrela Amadora,Benfica,substitution,regular,90,4.0,2ND,False,Benfica,Benfica,,,,,998870.0,Henrique Araújo,795236.0,Vangelis Pavlidis,,,,,94.0
14131876,2025-08-16,Liga Portugal Betclic,2.0,CF Estrela Amadora,Benfica,card,yellow,90,6.0,2ND,True,CF Estrela Amadora,Opponent,801339.0,Rodrigo Pinho,,,,,,,,,,False,96.0
14131876,2025-08-16,Liga Portugal Betclic,2.0,CF Estrela Amadora,Benfica,period,,45,999.0,1ST,,,,,,,,,,,,0.0,0.0,,,1044.0
14131876,2025-08-16,Liga Portugal Betclic,2.0,CF Estrela Amadora,Benfica,period,,90,999.0,2ND,,,,,,,,,,,,0.0,1.0,,,1089.0
14348668,2025-08-20,"UEFA Champions League, Playoff Round",636.0,Fenerbahçe,Benfica,card,yellow,-5,,1ST,False,Benfica,Benfica,,,,,,,,,,,,False,-5.0
14348668,2025-08-20,"UEFA Champions League, Playoff Round",636.0,Fenerbahçe,Benfica,card,yellow,22,,1ST,False,Benfica,Benfica,1087316.0,Enzo Barrenechea,,,,,,,,,,False,22.0
14348668,2025-08-20,"UEFA Champions League, Playoff Round",636.0,Fenerbahçe,Benfica,card,yellow,27,,1ST,True,Fenerbahçe,Opponent,974577.0,Jhon Durán,,,,,,,,,,False,27.0
14348668,2025-08-20,"UEFA Champions League, Playoff Round",636.0,Fenerbahçe,Benfica,injuryTime,,45,0.0,1ST,,,,,,,,,,,,,,,,45.0
14348668,2025-08-20,"UEFA Champions League, Playoff Round",636.0,Fenerbahçe,Benfica,card,yellow,63,,2ND,False,Benfica,Benfica,1015292.0,Richard Ríos,,,,,,,,,,False,63.0
14348668,2025-08-20,"UEFA Champions League, Playoff Round",636.0,Fenerbahçe,Benfica,substitution,regular,64,,2ND,False,Benfica,Benfica,,,,,1103333.0,Franjo Ivanović,1087316.0,Enzo Barrenechea,,,,,64.0
14348668,2025-08-20,"UEFA Champions League, Playoff Round",636.0,Fenerbahçe,Benfica,substitution,regular,67,,2ND,True,Fenerbahçe,Opponent,,,,,329245.0,Talisca,974577.0,Jhon Durán,,,,,67.0
14348668,2025-08-20,"UEFA Champions League, Playoff Round",636.0,Fenerbahçe,Benfica,card,yellow,69,,2ND,False,Benfica,Benfica,855845.0,Florentino Luís,,,,,,,,,,False,69.0
14348668,2025-08-20,"UEFA Champions League, Playoff Round",636.0,Fenerbahçe,Benfica,card,yellowRed,71,,2ND,False,Benfica,Benfica,855845.0,Florentino Luís,,,,,,,,,,False,71.0
14348668,2025-08-20,"UEFA Champions League, Playoff Round",636.0,Fenerbahçe,Benfica,substitution,regular,77,,2ND,False,Benfica,Benfica,,,,,976410.0,Tiago Gouveia,795236.0,Vangelis Pavlidis,,,,,77.0
14348668,2025-08-20,"UEFA Champions League, Playoff Round",636.0,Fenerbahçe,Benfica,substitution,regular,77,,2ND,False,Benfica,Benfica,,,,,906800.0,Leandro Barreiro,903324.0,Kerem Aktürkoğlu,,,,,77.0
14348668,2025-08-20,"UEFA Champions League, Playoff Round",636.0,Fenerbahçe,Benfica,substitution,regular,79,,2ND,True,Fenerbahçe,Opponent,,,,,999396.0,Oğuz Aydın,836683.0,Mert Müldür,,,,,79.0
14348668,2025-08-20,"UEFA Champions League, Playoff Round",636.0,Fenerbahçe,Benfica,substitution,regular,86,,2ND,True,Fenerbahçe,Opponent,,,,,226986.0,İrfan Can Kahveci,243623.0,Fred,,,,,86.0
14348668,2025-08-20,"UEFA Champions League, Playoff Round",636.0,Fenerbahçe,Benfica,injuryTime,,90,0.0,2ND,,,,,,,,,,,,,,,,90.0
14348668,2025-08-20,"UEFA Champions League, Playoff Round",636.0,Fenerbahçe,Benfica,card,yellow,90,2.0,2ND,True,Fenerbahçe,Opponent,1048324.0,Jayden Oosterwolde,,,,,,,,,,False,92.0
14348668,2025-08-20,"UEFA Champions League, Playoff Round",636.0,Fenerbahçe,Benfica,card,yellow,90,3.0,2ND,True,Fenerbahçe,Opponent,226986.0,İrfan Can Kahveci,,,,,,,,,,False,93.0
14348668,2025-08-20,"UEFA Champions League, Playoff Round",636.0,Fenerbahçe,Benfica,card,yellow,90,3.0,2ND,False,Benfica,Benfica,1006069.0,António Silva,,,,,,,,,,False,93.0
14348668,2025-08-20,"UEFA Champions League, Playoff Round",636.0,Fenerbahçe,Benfica,period,,45,999.0,1ST,,,,,,,,,,,,0.0,0.0,,,1044.0
14348668,2025-08-20,"UEFA Champions League, Playoff Round",636.0,Fenerbahçe,Benfica,period,,90,999.0,2ND,,,,,,,,,,,,0.0,0.0,,,1089.0
14131880,2025-08-23,Liga Portugal Betclic,3.0,Benfica,Tondela,card,yellow,25,,1ST,True,Benfica,Benfica,74915.0,Nicolás Otamendi,,,,,,,,,,False,25.0
14131880,2025-08-23,Liga Portugal Betclic,3.0,Benfica,Tondela,goal,regular,31,,1ST,True,Benfica,Benfica,1103333.0,Franjo Ivanović,1102791.0,Amar Dedić,,,,,1.0,0.0,,,31.0
14131880,2025-08-23,Liga Portugal Betclic,3.0,Benfica,Tondela,card,yellow,34,,1ST,False,Tondela,Opponent,1501056.0,Miro,,,,,,,,,,False,34.0
14131880,2025-08-23,Liga Portugal Betclic,3.0,Benfica,Tondela,goal,regular,42,,1ST,True,Benfica,Benfica,228364.0,Fredrik Aursnes,1100952.0,Andreas Schjelderup,,,,,2.0,0.0,,,42.0
14131880,2025-08-23,Liga Portugal Betclic,3.0,Benfica,Tondela,injuryTime,,45,0.0,1ST,,,,,,,,,,,,,,,,45.0
14131880,2025-08-23,Liga Portugal Betclic,3.0,Benfica,Tondela,substitution,regular,46,,2ND,False,Tondela,Opponent,,,,,822684.0,Sphephelo Sithole,988882.0,Joe Hodge,,,,,46.0
14131880,2025-08-23,Liga Portugal Betclic,3.0,Benfica,Tondela,substitution,regular,46,,2ND,False,Tondela,Opponent,,,,,1100596.0,Xabi Huarte,343909.0,Hélder Tavares,,,,,46.0
14131880,2025-08-23,Liga Portugal Betclic,3.0,Benfica,Tondela,varDecision,penaltyAwarded,52,,2ND,False,Tondela,Opponent,1807776.0,Yarlen,,,,,,,,,,,52.0
14131880,2025-08-23,Liga Portugal Betclic,3.0,Benfica,Tondela,substitution,regular,62,,2ND,False,Tondela,Opponent,,,,,1478262.0,Yefrei Rodriguez,1501056.0,Miro,,,,,62.0
14131880,2025-08-23,Liga Portugal Betclic,3.0,Benfica,Tondela,card,yellow,62,,2ND,True,Benfica,Benfica,1087316.0,Enzo Barrenechea,,,,,,,,,,False,62.0
14131880,2025-08-23,Liga Portugal Betclic,3.0,Benfica,Tondela,substitution,regular,67,,2ND,True,Benfica,Benfica,,,,,903324.0,Kerem Aktürkoğlu,1100952.0,Andreas Schjelderup,,,,,67.0
14131880,2025-08-23,Liga Portugal Betclic,3.0,Benfica,Tondela,substitution,regular,68,,2ND,True,Benfica,Benfica,,,,,1201395.0,Gianluca Prestianni,1102791.0,Amar Dedić,,,,,68.0
14131880,2025-08-23,Liga Portugal Betclic,3.0,Benfica,Tondela,substitution,regular,68,,2ND,True,Benfica,Benfica,,,,,993101.0,Samuel Dahl,1142692.0,Rafael Obrador,,,,,68.0
14131880,2025-08-23,Liga Portugal Betclic,3.0,Benfica,Tondela,substitution,regular,73,,2ND,False,Tondela,Opponent,,,,,1397915.0,Moudjatovic,879917.0,Maranhão,,,,,73.0
14131880,2025-08-23,Liga Portugal Betclic,3.0,Benfica,Tondela,substitution,regular,79,,2ND,True,Benfica,Benfica,,,,,906800.0,Leandro Barreiro,1103333.0,Franjo Ivanović,,,,,79.0
14131880,2025-08-23,Liga Portugal Betclic,3.0,Benfica,Tondela,substitution,regular,80,,2ND,False,Tondela,Opponent,,,,,925839.0,André Ceitil,1482435.0,Juan Rodríguez,,,,,80.0
14131880,2025-08-23,Liga Portugal Betclic,3.0,Benfica,Tondela,substitution,regular,83,,2ND,True,Benfica,Benfica,,,,,855845.0,Florentino Luís,1087316.0,Enzo Barrenechea,,,,,83.0
14131880,2025-08-23,Liga Portugal Betclic,3.0,Benfica,Tondela,card,yellow,84,,2ND,False,Tondela,Opponent,1133070.0,Tiago Manso,,,,,,,,,,False,84.0
14131880,2025-08-23,Liga Portugal Betclic,3.0,Benfica,Tondela,injuryTime,,90,0.0,2ND,,,,,,,,,,,,,,,,90.0
14131880,2025-08-23,Liga Portugal Betclic,3.0,Benfica,Tondela,goal,regular,90,6.0,2ND,True,Benfica,Benfica,1201395.0,Gianluca Prestianni,,,,,,,3.0,0.0,,,96.0
14131880,2025-08-23,Liga Portugal Betclic,3.0,Benfica,Tondela,period,,45,999.0,1ST,,,,,,,,,,,,2.0,0.0,,,1044.0
14131880,2025-08-23,Liga Portugal Betclic,3.0,Benfica,Tondela,period,,90,999.0,2ND,,,,,,,,,,,,3.0,0.0,,,1089.0
14348673,2025-08-27,"UEFA Champions League, Playoff Round",636.0,Benfica,Fenerbahçe,card,yellow,-5,,1ST,True,Benfica,Benfica,,,,,,,,,,,,False,-5.0
14348673,2025-08-27,"UEFA Champions League, Playoff Round",636.0,Benfica,Fenerbahçe,varDecision,goalAwarded,15,,1ST,True,Benfica,Benfica,795236.0,Vangelis Pavlidis,,,,,,,,,,,15.0
14348673,2025-08-27,"UEFA Champions League, Playoff Round",636.0,Benfica,Fenerbahçe,substitution,injury,17,,1ST,False,Fenerbahçe,Opponent,,,,,758608.0,Çağlar Söyüncü,252821.0,Nélson Semedo,,,,,17.0
14348673,2025-08-27,"UEFA Champions League, Playoff Round",636.0,Benfica,Fenerbahçe,card,yellow,30,,1ST,False,Fenerbahçe,Opponent,359272.0,Sofyan Amrabat,,,,,,,,,,False,30.0
14348673,2025-08-27,"UEFA Champions League, Playoff Round",636.0,Benfica,Fenerbahçe,goal,regular,35,,1ST,True,Benfica,Benfica,903324.0,Kerem Aktürkoğlu,906800.0,Leandro Barreiro,,,,,1.0,0.0,,,35.0
14348673,2025-08-27,"UEFA Champions League, Playoff Round",636.0,Benfica,Fenerbahçe,injuryTime,,45,0.0,1ST,,,,,,,,,,,,,,,,45.0
14348673,2025-08-27,"UEFA Champions League, Playoff Round",636.0,Benfica,Fenerbahçe,substitution,regular,46,,2ND,False,Fenerbahçe,Opponent,,,,,952600.0,İsmail Yüksek,359272.0,Sofyan Amrabat,,,,,46.0
14348673,2025-08-27,"UEFA Champions League, Playoff Round",636.0,Benfica,Fenerbahçe,substitution,regular,65,,2ND,False,Fenerbahçe,Opponent,,,,,974577.0,Jhon Durán,1009738.0,Archie Brown,,,,,65.0
14348673,2025-08-27,"UEFA Champions League, Playoff Round",636.0,Benfica,Fenerbahçe,substitution,regular,65,,2ND,False,Fenerbahçe,Opponent,,,,,999396.0,Oğuz Aydın,836683.0,Mert Müldür,,,,,65.0
14348673,2025-08-27,"UEFA Champions League, Playoff Round",636.0,Benfica,Fenerbahçe,card,yellow,69,,2ND,True,Benfica,Benfica,906800.0,Leandro Barreiro,,,,,,,,,,False,69.0
14348673,2025-08-27,"UEFA Champions League, Playoff Round",636.0,Benfica,Fenerbahçe,substitution,regular,76,,2ND,True,Benfica,Benfica,,,,,1103333.0,Franjo Ivanović,795236.0,Vangelis Pavlidis,,,,,76.0
14348673,2025-08-27,"UEFA Champions League, Playoff Round",636.0,Benfica,Fenerbahçe,substitution,regular,76,,2ND,True,Benfica,Benfica,,,,,1100952.0,Andreas Schjelderup,903324.0,Kerem Aktürkoğlu,,,,,76.0
14348673,2025-08-27,"UEFA Champions League, Playoff Round",636.0,Benfica,Fenerbahçe,card,yellow,79,,2ND,False,Fenerbahçe,Opponent,329245.0,Talisca,,,,,,,,,,False,79.0
14348673,2025-08-27,"UEFA Champions League, Playoff Round",636.0,Benfica,Fenerbahçe,card,yellowRed,82,,2ND,False,Fenerbahçe,Opponent,329245.0,Talisca,,,,,,,,,,False,82.0
14348673,2025-08-27,"UEFA Champions League, Playoff Round",636.0,Benfica,Fenerbahçe,card,yellow,85,,2ND,True,Benfica,Benfica,1006069.0,António Silva,,,,,,,,,,False,85.0
14348673,2025-08-27,"UEFA Champions League, Playoff Round",636.0,Benfica,Fenerbahçe,card,yellow,87,,2ND,False,Fenerbahçe,Opponent,758608.0,Çağlar Söyüncü,,,,,,,,,,False,87.0
14348673,2025-08-27,"UEFA Champions League, Playoff Round",636.0,Benfica,Fenerbahçe,injuryTime,,90,0.0,2ND,,,,,,,,,,,,,,,,90.0
14348673,2025-08-27,"UEFA Champions League, Playoff Round",636.0,Benfica,Fenerbahçe,substitution,injury,90,6.0,2ND,False,Fenerbahçe,Opponent,,,,,,,974577.0,Jhon Durán,,,,,96.0
14348673,2025-08-27,"UEFA Champions League, Playoff Round",636.0,Benfica,Fenerbahçe,period,,45,999.0,1ST,,,,,,,,,,,,1.0,0.0,,,1044.0
14348673,2025-08-27,"UEFA Champions League, Playoff Round",636.0,Benfica,Fenerbahçe,period,,90,999.0,2ND,,,,,,,,,,,,1.0,0.0,,,1089.0
14131888,2025-08-31,Liga Portugal Betclic,4.0,FC Alverca,Benfica,goal,regular,5,,1ST,False,Benfica,Benfica,1100952.0,Andreas Schjelderup,,,,,,,0.0,1.0,,,5.0
14131888,2025-08-31,Liga Portugal Betclic,4.0,FC Alverca,Benfica,card,yellow,18,,1ST,False,Benfica,Benfica,1102791.0,Amar Dedić,,,,,,,,,,False,18.0
14131888,2025-08-31,Liga Portugal Betclic,4.0,FC Alverca,Benfica,card,yellow,29,,1ST,True,FC Alverca,Opponent,1915110.0,Isaac James,,,,,,,,,,False,29.0
14131888,2025-08-31,Liga Portugal Betclic,4.0,FC Alverca,Benfica,goal,regular,44,,1ST,False,Benfica,Benfica,1102791.0,Amar Dedić,906800.0,Leandro Barreiro,,,,,0.0,2.0,,,44.0
14131888,2025-08-31,Liga Portugal Betclic,4.0,FC Alverca,Benfica,injuryTime,,45,0.0,1ST,,,,,,,,,,,,,,,,45.0
14131888,2025-08-31,Liga Portugal Betclic,4.0,FC Alverca,Benfica,card,yellow,46,,2ND,False,Benfica,Benfica,1015292.0,Richard Ríos,,,,,,,,,,False,46.0
14131888,2025-08-31,Liga Portugal Betclic,4.0,FC Alverca,Benfica,card,yellow,59,,2ND,False,Benfica,Benfica,74915.0,Nicolás Otamendi,,,,,,,,,,False,59.0
14131888,2025-08-31,Liga Portugal Betclic,4.0,FC Alverca,Benfica,card,yellow,60,,2ND,True,FC Alverca,Opponent,1031485.0,Sabit Abdulai,,,,,,,,,,False,60.0
14131888,2025-08-31,Liga Portugal Betclic,4.0,FC Alverca,Benfica,substitution,regular,65,,2ND,False,Benfica,Benfica,,,,,795236.0,Vangelis Pavlidis,1103333.0,Franjo Ivanović,,,,,65.0
14131888,2025-08-31,Liga Portugal Betclic,4.0,FC Alverca,Benfica,substitution,regular,65,,2ND,False,Benfica,Benfica,,,,,855845.0,Florentino Luís,1015292.0,Richard Ríos,,,,,65.0
14131888,2025-08-31,Liga Portugal Betclic,4.0,FC Alverca,Benfica,substitution,regular,65,,2ND,False,Benfica,Benfica,,,,,1201395.0,Gianluca Prestianni,1100952.0,Andreas Schjelderup,,,,,65.0
14131888,2025-08-31,Liga Portugal Betclic,4.0,FC Alverca,Benfica,substitution,regular,69,,2ND,True,FC Alverca,Opponent,,,,,2033832.0,Davy Gui,1031485.0,Sabit Abdulai,,,,,69.0
14131888,2025-08-31,Liga Portugal Betclic,4.0,FC Alverca,Benfica,substitution,regular,69,,2ND,True,FC Alverca,Opponent,,,,,1158067.0,Francisco Chissumba,1915110.0,Isaac James,,,,,69.0
14131888,2025-08-31,Liga Portugal Betclic,4.0,FC Alverca,Benfica,substitution,regular,69,,2ND,True,FC Alverca,Opponent,,,,,794928.0,Lincoln,1405454.0,Cédric Nuozzi,,,,,69.0
14131888,2025-08-31,Liga Portugal Betclic,4.0,FC Alverca,Benfica,card,yellowRed,70,,2ND,False,Benfica,Benfica,1102791.0,Amar Dedić,,,,,,,,,,False,70.0
14131888,2025-08-31,Liga Portugal Betclic,4.0,FC Alverca,Benfica,substitution,injury,74,,2ND,True,FC Alverca,Opponent,,,,,344023.0,Sandro Lima,1015826.0,Chiquinho,,,,,74.0
14131888,2025-08-31,Liga Portugal Betclic,4.0,FC Alverca,Benfica,substitution,regular,79,,2ND,False,Benfica,Benfica,,,,,1006069.0,António Silva,906800.0,Leandro Barreiro,,,,,79.0
14131888,2025-08-31,Liga Portugal Betclic,4.0,FC Alverca,Benfica,card,yellow,81,,2ND,True,FC Alverca,Opponent,904849.0,Nabil Touaizi,,,,,,,,,,False,81.0
14131888,2025-08-31,Liga Portugal Betclic,4.0,FC Alverca,Benfica,card,yellow,81,,2ND,True,FC Alverca,Opponent,794928.0,Lincoln,,,,,,,,,,False,81.0
14131888,2025-08-31,Liga Portugal Betclic,4.0,FC Alverca,Benfica,substitution,regular,82,,2ND,True,FC Alverca,Opponent,,,,,1130376.0,Gonçalo Esteves,1506777.0,Steven Baseya,,,,,82.0
14131888,2025-08-31,Liga Portugal Betclic,4.0,FC Alverca,Benfica,card,yellow,85,,2ND,False,Benfica,Benfica,983550.0,Samuel Soares,,,,,,,,,,False,85.0
14131888,2025-08-31,Liga Portugal Betclic,4.0,FC Alverca,Benfica,goal,regular,85,,2ND,True,FC Alverca,Opponent,2033832.0,Davy Gui,,,,,,,1.0,2.0,,,85.0
14131888,2025-08-31,Liga Portugal Betclic,4.0,FC Alverca,Benfica,card,yellow,89,,2ND,False,Benfica,Benfica,1087316.0,Enzo Barrenechea,,,,,,,,,,False,89.0
14131888,2025-08-31,Liga Portugal Betclic,4.0,FC Alverca,Benfica,injuryTime,,90,0.0,2ND,,,,,,,,,,,,,,,,90.0
14131888,2025-08-31,Liga Portugal Betclic,4.0,FC Alverca,Benfica,period,,45,999.0,1ST,,,,,,,,,,,,0.0,2.0,,,1044.0
14131888,2025-08-31,Liga Portugal Betclic,4.0,FC Alverca,Benfica,period,,90,999.0,2ND,,,,,,,,,,,,1.0,2.0,,,1089.0
14131901,2025-09-12,Liga Portugal Betclic,5.0,Benfica,Santa Clara,card,yellow,-5,,1ST,False,Santa Clara,Opponent,,,,,,,,,,,,False,-5.0
14131901,2025-09-12,Liga Portugal Betclic,5.0,Benfica,Santa Clara,card,yellow,21,,1ST,False,Santa Clara,Opponent,1046794.0,Gabriel Silva,,,,,,,,,,False,21.0
14131901,2025-09-12,Liga Portugal Betclic,5.0,Benfica,Santa Clara,varDecision,cardUpgrade,37,,1ST,False,Santa Clara,Opponent,1108505.0,Paulo Victor,,,,,,,,,,,37.0
14131901,2025-09-12,Liga Portugal Betclic,5.0,Benfica,Santa Clara,card,red,38,,1ST,False,Santa Clara,Opponent,1108505.0,Paulo Victor,,,,,,,,,,False,38.0
14131901,2025-09-12,Liga Portugal Betclic,5.0,Benfica,Santa Clara,injuryTime,,45,0.0,1ST,,,,,,,,,,,,,,,,45.0
14131901,2025-09-12,Liga Portugal Betclic,5.0,Benfica,Santa Clara,substitution,regular,46,,2ND,True,Benfica,Benfica,,,,,1201395.0,Gianluca Prestianni,983542.0,Tomás Araújo,,,,,46.0
14131901,2025-09-12,Liga Portugal Betclic,5.0,Benfica,Santa Clara,card,yellow,58,,2ND,True,Benfica,Benfica,1087316.0,Enzo Barrenechea,,,,,,,,,,False,58.0
14131901,2025-09-12,Liga Portugal Betclic,5.0,Benfica,Santa Clara,goal,regular,59,,2ND,True,Benfica,Benfica,795236.0,Vangelis Pavlidis,,,,,,,1.0,0.0,,,59.0
14131901,2025-09-12,Liga Portugal Betclic,5.0,Benfica,Santa Clara,substitution,regular,61,,2ND,False,Santa Clara,Opponent,,,,,1001753.0,Vinícius Lopes,1799251.0,Brenner,,,,,61.0
14131901,2025-09-12,Liga Portugal Betclic,5.0,Benfica,Santa Clara,substitution,regular,61,,2ND,False,Santa Clara,Opponent,,,,,892083.0,Diogo Calila,1046794.0,Gabriel Silva,,,,,61.0
14131901,2025-09-12,Liga Portugal Betclic,5.0,Benfica,Santa Clara,substitution,regular,72,,2ND,True,Benfica,Benfica,,,,,1123925.0,Georgiy Sudakov,1100952.0,Andreas Schjelderup,,,,,72.0
14131901,2025-09-12,Liga Portugal Betclic,5.0,Benfica,Santa Clara,substitution,regular,72,,2ND,True,Benfica,Benfica,,,,,998870.0,Henrique Araújo,1103333.0,Franjo Ivanović,,,,,72.0
14131901,2025-09-12,Liga Portugal Betclic,5.0,Benfica,Santa Clara,substitution,regular,72,,2ND,True,Benfica,Benfica,,,,,906800.0,Leandro Barreiro,1015292.0,Richard Ríos,,,,,72.0
14131901,2025-09-12,Liga Portugal Betclic,5.0,Benfica,Santa Clara,substitution,regular,81,,2ND,False,Santa Clara,Opponent,,,,,851277.0,Pedro Ferreira,989383.0,Adriano Firmino,,,,,81.0
14131901,2025-09-12,Liga Portugal Betclic,5.0,Benfica,Santa Clara,substitution,regular,81,,2ND,False,Santa Clara,Opponent,,,,,845787.0,Luquinhas,1019184.0,Serginho,,,,,81.0
14131901,2025-09-12,Liga Portugal Betclic,5.0,Benfica,Santa Clara,substitution,regular,81,,2ND,False,Santa Clara,Opponent,,,,,370010.0,Anthony Carter,1016898.0,Matheus Pereira,,,,,81.0
14131901,2025-09-12,Liga Portugal Betclic,5.0,Benfica,Santa Clara,injuryTime,,90,0.0,2ND,,,,,,,,,,,,,,,,90.0
14131901,2025-09-12,Liga Portugal Betclic,5.0,Benfica,Santa Clara,goal,regular,90,2.0,2ND,False,Santa Clara,Opponent,1001753.0,Vinícius Lopes,370010.0,Anthony Carter,,,,,1.0,1.0,,,92.0
14131901,2025-09-12,Liga Portugal Betclic,5.0,Benfica,Santa Clara,period,,45,999.0,1ST,,,,,,,,,,,,0.0,0.0,,,1044.0
14131901,2025-09-12,Liga Portugal Betclic,5.0,Benfica,Santa Clara,period,,90,999.0,2ND,,,,,,,,,,,,1.0,1.0,,,1089.0
14566738,2025-09-16,UEFA Champions League,1.0,Benfica,Qarabağ FK,goal,regular,6,,1ST,True,Benfica,Benfica,1087316.0,Enzo Barrenechea,1123925.0,Georgiy Sudakov,,,,,1.0,0.0,,,6.0
14566738,2025-09-16,UEFA Champions League,1.0,Benfica,Qarabağ FK,goal,regular,16,,1ST,True,Benfica,Benfica,795236.0,Vangelis Pavlidis,,,,,,,2.0,0.0,,,16.0
14566738,2025-09-16,UEFA Champions League,1.0,Benfica,Qarabağ FK,goal,regular,30,,1ST,False,Qarabağ FK,Opponent,1048905.0,Leandro Andrade,1521132.0,Camilo Durán,,,,,2.0,1.0,,,30.0
14566738,2025-09-16,UEFA Champions League,1.0,Benfica,Qarabağ FK,injuryTime,,45,0.0,1ST,,,,,,,,,,,,,,,,45.0
14566738,2025-09-16,UEFA Champions League,1.0,Benfica,Qarabağ FK,goal,regular,48,,2ND,False,Qarabağ FK,Opponent,1521132.0,Camilo Durán,189009.0,Marko Janković,,,,,2.0,2.0,,,48.0
14566738,2025-09-16,UEFA Champions League,1.0,Benfica,Qarabağ FK,substitution,regular,66,,2ND,False,Qarabağ FK,Opponent,,,,,1398529.0,Emmanuel Addai,1048905.0,Leandro Andrade,,,,,66.0
14566738,2025-09-16,UEFA Champions League,1.0,Benfica,Qarabağ FK,substitution,regular,70,,2ND,True,Benfica,Benfica,,,,,1201395.0,Gianluca Prestianni,1100952.0,Andreas Schjelderup,,,,,70.0
14566738,2025-09-16,UEFA Champions League,1.0,Benfica,Qarabağ FK,substitution,regular,70,,2ND,True,Benfica,Benfica,,,,,1103333.0,Franjo Ivanović,228364.0,Fredrik Aursnes,,,,,70.0
14566738,2025-09-16,UEFA Champions League,1.0,Benfica,Qarabağ FK,substitution,regular,77,,2ND,False,Qarabağ FK,Opponent,,,,,981246.0,Toral Bayramov,1017996.0,Elvin Cafarquliyev,,,,,77.0
14566738,2025-09-16,UEFA Champions League,1.0,Benfica,Qarabağ FK,substitution,injury,77,,2ND,False,Qarabağ FK,Opponent,,,,,880229.0,Olexiy Kashchuk,189009.0,Marko Janković,,,,,77.0
14566738,2025-09-16,UEFA Champions League,1.0,Benfica,Qarabağ FK,substitution,regular,79,,2ND,True,Benfica,Benfica,,,,,906800.0,Leandro Barreiro,1015292.0,Richard Ríos,,,,,79.0
14566738,2025-09-16,UEFA Champions League,1.0,Benfica,Qarabağ FK,substitution,regular,79,,2ND,True,Benfica,Benfica,,,,,998870.0,Henrique Araújo,795236.0,Vangelis Pavlidis,,,,,79.0
14566738,2025-09-16,UEFA Champions League,1.0,Benfica,Qarabağ FK,goal,regular,86,,2ND,False,Qarabağ FK,Opponent,880229.0,Olexiy Kashchuk,214080.0,Abdellah Zoubir,,,,,2.0,3.0,,,86.0
14566738,2025-09-16,UEFA Champions League,1.0,Benfica,Qarabağ FK,substitution,regular,90,,2ND,False,Qarabağ FK,Opponent,,,,,992237.0,Musa Qurbanlı,1521132.0,Camilo Durán,,,,,90.0
14566738,2025-09-16,UEFA Champions League,1.0,Benfica,Qarabağ FK,injuryTime,,90,0.0,2ND,,,,,,,,,,,,,,,,90.0
14566738,2025-09-16,UEFA Champions League,1.0,Benfica,Qarabağ FK,period,,45,999.0,1ST,,,,,,,,,,,,2.0,1.0,,,1044.0
14566738,2025-09-16,UEFA Champions League,1.0,Benfica,Qarabağ FK,period,,90,999.0,2ND,,,,,,,,,,,,2.0,3.0,,,1089.0
14131904,2025-09-20,Liga Portugal Betclic,6.0,AVS - Futebol SAD,Benfica,substitution,injury,16,,1ST,True,AVS - Futebol SAD,Opponent,,,,,1067648.0,Pedro Lima,984810.0,Bruno Lourenço,,,,,16.0
14131904,2025-09-20,Liga Portugal Betclic,6.0,AVS - Futebol SAD,Benfica,card,yellow,29,,1ST,False,Benfica,Benfica,1006069.0,António Silva,,,,,,,,,,False,29.0
14131904,2025-09-20,Liga Portugal Betclic,6.0,AVS - Futebol SAD,Benfica,card,yellow,40,,1ST,True,AVS - Futebol SAD,Opponent,981817.0,Simão,,,,,,,,,,False,40.0
14131904,2025-09-20,Liga Portugal Betclic,6.0,AVS - Futebol SAD,Benfica,injuryTime,,45,0.0,1ST,,,,,,,,,,,,,,,,45.0
14131904,2025-09-20,Liga Portugal Betclic,6.0,AVS - Futebol SAD,Benfica,goal,regular,45,3.0,1ST,False,Benfica,Benfica,1123925.0,Georgiy Sudakov,795236.0,Vangelis Pavlidis,,,,,0.0,1.0,,,48.0
14131904,2025-09-20,Liga Portugal Betclic,6.0,AVS - Futebol SAD,Benfica,goal,penalty,59,,2ND,False,Benfica,Benfica,795236.0,Vangelis Pavlidis,,,,,,,0.0,2.0,,,59.0
14131904,2025-09-20,Liga Portugal Betclic,6.0,AVS - Futebol SAD,Benfica,goal,regular,64,,2ND,False,Benfica,Benfica,1103333.0,Franjo Ivanović,795236.0,Vangelis Pavlidis,,,,,0.0,3.0,,,64.0
14131904,2025-09-20,Liga Portugal Betclic,6.0,AVS - Futebol SAD,Benfica,substitution,regular,66,,2ND,True,AVS - Futebol SAD,Opponent,,,,,988778.0,Daniel Rivas,324345.0,Kiki,,,,,66.0
14131904,2025-09-20,Liga Portugal Betclic,6.0,AVS - Futebol SAD,Benfica,substitution,regular,66,,2ND,True,AVS - Futebol SAD,Opponent,,,,,1900362.0,Guilherme Neiva,1185986.0,Óscar Perea,,,,,66.0
14131904,2025-09-20,Liga Portugal Betclic,6.0,AVS - Futebol SAD,Benfica,substitution,regular,71,,2ND,False,Benfica,Benfica,,,,,1100952.0,Andreas Schjelderup,1103333.0,Franjo Ivanović,,,,,71.0
14131904,2025-09-20,Liga Portugal Betclic,6.0,AVS - Futebol SAD,Benfica,substitution,regular,71,,2ND,False,Benfica,Benfica,,,,,906800.0,Leandro Barreiro,1087316.0,Enzo Barrenechea,,,,,71.0
14131904,2025-09-20,Liga Portugal Betclic,6.0,AVS - Futebol SAD,Benfica,substitution,regular,79,,2ND,True,AVS - Futebol SAD,Opponent,,,,,1003071.0,Diego Duarte,126076.0,Tomané,,,,,79.0
14131904,2025-09-20,Liga Portugal Betclic,6.0,AVS - Futebol SAD,Benfica,substitution,regular,79,,2ND,True,AVS - Futebol SAD,Opponent,,,,,823128.0,Rafael Barbosa,966219.0,Ángel Algobia,,,,,79.0
14131904,2025-09-20,Liga Portugal Betclic,6.0,AVS - Futebol SAD,Benfica,substitution,regular,81,,2ND,False,Benfica,Benfica,,,,,983542.0,Tomás Araújo,1102791.0,Amar Dedić,,,,,81.0
14131904,2025-09-20,Liga Portugal Betclic,6.0,AVS - Futebol SAD,Benfica,substitution,regular,86,,2ND,False,Benfica,Benfica,,,,,1201395.0,Gianluca Prestianni,1123925.0,Georgiy Sudakov,,,,,86.0
14131904,2025-09-20,Liga Portugal Betclic,6.0,AVS - Futebol SAD,Benfica,substitution,regular,86,,2ND,False,Benfica,Benfica,,,,,1158353.0,João Rêgo,228364.0,Fredrik Aursnes,,,,,86.0
14131904,2025-09-20,Liga Portugal Betclic,6.0,AVS - Futebol SAD,Benfica,injuryTime,,90,0.0,2ND,,,,,,,,,,,,,,,,90.0
14131904,2025-09-20,Liga Portugal Betclic,6.0,AVS - Futebol SAD,Benfica,period,,45,999.0,1ST,,,,,,,,,,,,0.0,1.0,,,1044.0
14131904,2025-09-20,Liga Portugal Betclic,6.0,AVS - Futebol SAD,Benfica,period,,90,999.0,2ND,,,,,,,,,,,,0.0,3.0,,,1089.0
14131859,2025-09-23,Liga Portugal Betclic,1.0,Benfica,Rio Ave,card,yellow,10,,1ST,True,Benfica,Benfica,1103333.0,Franjo Ivanović,,,,,,,,,,False,10.0
14131859,2025-09-23,Liga Portugal Betclic,1.0,Benfica,Rio Ave,injuryTime,,45,0.0,1ST,,,,,,,,,,,,,,,,45.0
14131859,2025-09-23,Liga Portugal Betclic,1.0,Benfica,Rio Ave,card,yellow,55,,2ND,False,Rio Ave,Opponent,72020.0,Jakub Brabec,,,,,,,,,,False,55.0
14131859,2025-09-23,Liga Portugal Betclic,1.0,Benfica,Rio Ave,card,yellow,57,,2ND,True,Benfica,Benfica,993101.0,Samuel Dahl,,,,,,,,,,False,57.0
14131859,2025-09-23,Liga Portugal Betclic,1.0,Benfica,Rio Ave,substitution,regular,58,,2ND,False,Rio Ave,Opponent,,,,,1017023.0,Clayton,860683.0,Marc Gual,,,,,58.0
14131859,2025-09-23,Liga Portugal Betclic,1.0,Benfica,Rio Ave,substitution,regular,58,,2ND,False,Rio Ave,Opponent,,,,,1133282.0,André Luiz,826024.0,Dario Špikić,,,,,58.0
14131859,2025-09-23,Liga Portugal Betclic,1.0,Benfica,Rio Ave,card,yellow,60,,2ND,False,Rio Ave,Opponent,938292.0,Cezary Miszta,,,,,,,,,,False,60.0
14131859,2025-09-23,Liga Portugal Betclic,1.0,Benfica,Rio Ave,varDecision,goalAwarded,63,,2ND,True,Benfica,Benfica,1006069.0,António Silva,,,,,,,,,,,63.0
14131859,2025-09-23,Liga Portugal Betclic,1.0,Benfica,Rio Ave,substitution,regular,65,,2ND,True,Benfica,Benfica,,,,,1100952.0,Andreas Schjelderup,993101.0,Samuel Dahl,,,,,65.0
14131859,2025-09-23,Liga Portugal Betclic,1.0,Benfica,Rio Ave,substitution,regular,65,,2ND,True,Benfica,Benfica,,,,,823631.0,Dodi Lukebakio,1103333.0,Franjo Ivanović,,,,,65.0
14131859,2025-09-23,Liga Portugal Betclic,1.0,Benfica,Rio Ave,substitution,regular,68,,2ND,False,Rio Ave,Opponent,,,,,1100204.0,Nikolaos Athanasiou,930273.0,Ole Pohlmann,,,,,68.0
14131859,2025-09-23,Liga Portugal Betclic,1.0,Benfica,Rio Ave,substitution,regular,73,,2ND,False,Rio Ave,Opponent,,,,,946909.0,Georgios Liavas,892483.0,Omar Richards,,,,,73.0
14131859,2025-09-23,Liga Portugal Betclic,1.0,Benfica,Rio Ave,substitution,regular,73,,2ND,False,Rio Ave,Opponent,,,,,1393242.0,Tamás Nikitscher,848521.0,Marios Vrousai,,,,,73.0
14131859,2025-09-23,Liga Portugal Betclic,1.0,Benfica,Rio Ave,goal,regular,86,,2ND,True,Benfica,Benfica,1123925.0,Georgiy Sudakov,823631.0,Dodi Lukebakio,,,,,1.0,0.0,,,86.0
14131859,2025-09-23,Liga Portugal Betclic,1.0,Benfica,Rio Ave,substitution,regular,89,,2ND,True,Benfica,Benfica,,,,,906800.0,Leandro Barreiro,1123925.0,Georgiy Sudakov,,,,,89.0
14131859,2025-09-23,Liga Portugal Betclic,1.0,Benfica,Rio Ave,card,yellow,90,,2ND,False,Rio Ave,Opponent,1017023.0,Clayton,,,,,,,,,,False,90.0
14131859,2025-09-23,Liga Portugal Betclic,1.0,Benfica,Rio Ave,injuryTime,,90,0.0,2ND,,,,,,,,,,,,,,,,90.0
14131859,2025-09-23,Liga Portugal Betclic,1.0,Benfica,Rio Ave,goal,regular,90,1.0,2ND,False,Rio Ave,Opponent,1133282.0,André Luiz,1393242.0,Tamás Nikitscher,,,,,1.0,1.0,,,91.0
14131859,2025-09-23,Liga Portugal Betclic,1.0,Benfica,Rio Ave,substitution,regular,90,2.0,2ND,True,Benfica,Benfica,,,,,998870.0,Henrique Araújo,1015292.0,Richard Ríos,,,,,92.0
14131859,2025-09-23,Liga Portugal Betclic,1.0,Benfica,Rio Ave,card,yellow,90,6.0,2ND,True,Benfica,Benfica,1087316.0,Enzo Barrenechea,,,,,,,,,,False,96.0
14131859,2025-09-23,Liga Portugal Betclic,1.0,Benfica,Rio Ave,period,,45,999.0,1ST,,,,,,,,,,,,0.0,0.0,,,1044.0
14131859,2025-09-23,Liga Portugal Betclic,1.0,Benfica,Rio Ave,period,,90,999.0,2ND,,,,,,,,,,,,1.0,1.0,,,1089.0
14131920,2025-09-26,Liga Portugal Betclic,7.0,Benfica,Gil Vicente,goal,regular,11,,1ST,False,Gil Vicente,Opponent,1097527.0,Luís Esteves,,,,,,,0.0,1.0,,,11.0
14131920,2025-09-26,Liga Portugal Betclic,7.0,Benfica,Gil Vicente,goal,regular,18,,1ST,True,Benfica,Benfica,795236.0,Vangelis Pavlidis,,,,,,,1.0,1.0,,,18.0
14131920,2025-09-26,Liga Portugal Betclic,7.0,Benfica,Gil Vicente,goal,penalty,26,,1ST,True,Benfica,Benfica,795236.0,Vangelis Pavlidis,,,,,,,2.0,1.0,,,26.0
14131920,2025-09-26,Liga Portugal Betclic,7.0,Benfica,Gil Vicente,injuryTime,,45,0.0,1ST,,,,,,,,,,,,,,,,45.0
14131920,2025-09-26,Liga Portugal Betclic,7.0,Benfica,Gil Vicente,substitution,regular,46,,2ND,False,Gil Vicente,Opponent,,,,,1032547.0,Joelson Fernandes,1799336.0,Agustín Moreira,,,,,46.0
14131920,2025-09-26,Liga Portugal Betclic,7.0,Benfica,Gil Vicente,varDecision,goalAwarded,50,,2ND,False,Gil Vicente,Opponent,1101174.0,Pablo Felipe,,,,,,,,,,,50.0
14131920,2025-09-26,Liga Portugal Betclic,7.0,Benfica,Gil Vicente,card,yellow,51,,2ND,False,Gil Vicente,Opponent,1097527.0,Luís Esteves,,,,,,,,,,False,51.0
14131920,2025-09-26,Liga Portugal Betclic,7.0,Benfica,Gil Vicente,card,yellow,56,,2ND,False,Gil Vicente,Opponent,1114164.0,Marvin Elimbi Gilbert,,,,,,,,,,False,56.0
14131920,2025-09-26,Liga Portugal Betclic,7.0,Benfica,Gil Vicente,card,yellow,65,,2ND,True,Benfica,Benfica,1102791.0,Amar Dedić,,,,,,,,,,False,65.0
14131920,2025-09-26,Liga Portugal Betclic,7.0,Benfica,Gil Vicente,substitution,regular,68,,2ND,True,Benfica,Benfica,,,,,1103333.0,Franjo Ivanović,823631.0,Dodi Lukebakio,,,,,68.0
14131920,2025-09-26,Liga Portugal Betclic,7.0,Benfica,Gil Vicente,substitution,regular,68,,2ND,True,Benfica,Benfica,,,,,906800.0,Leandro Barreiro,1100952.0,Andreas Schjelderup,,,,,68.0
14131920,2025-09-26,Liga Portugal Betclic,7.0,Benfica,Gil Vicente,substitution,regular,72,,2ND,False,Gil Vicente,Opponent,,,,,1138915.0,Zé Carlos,1084746.0,Santi García,,,,,72.0
14131920,2025-09-26,Liga Portugal Betclic,7.0,Benfica,Gil Vicente,card,yellow,75,,2ND,True,Benfica,Benfica,74915.0,Nicolás Otamendi,,,,,,,,,,False,75.0
14131920,2025-09-26,Liga Portugal Betclic,7.0,Benfica,Gil Vicente,substitution,regular,79,,2ND,False,Gil Vicente,Opponent,,,,,1083277.0,Martin Fernández,611880.0,Murilo,,,,,79.0
14131920,2025-09-26,Liga Portugal Betclic,7.0,Benfica,Gil Vicente,substitution,regular,79,,2ND,False,Gil Vicente,Opponent,,,,,949449.0,Sergio Bermejo,989837.0,Facundo Cáseres,,,,,79.0
14131920,2025-09-26,Liga Portugal Betclic,7.0,Benfica,Gil Vicente,substitution,regular,80,,2ND,True,Benfica,Benfica,,,,,1158353.0,João Rêgo,1123925.0,Georgiy Sudakov,,,,,80.0
14131920,2025-09-26,Liga Portugal Betclic,7.0,Benfica,Gil Vicente,substitution,regular,80,,2ND,True,Benfica,Benfica,,,,,983542.0,Tomás Araújo,993101.0,Samuel Dahl,,,,,80.0
14131920,2025-09-26,Liga Portugal Betclic,7.0,Benfica,Gil Vicente,substitution,regular,87,,2ND,False,Gil Vicente,Opponent,,,,,1087355.0,Hevertton Santos,1001662.0,Zé Carlos,,,,,87.0
14131920,2025-09-26,Liga Portugal Betclic,7.0,Benfica,Gil Vicente,card,yellow,90,,2ND,True,Benfica,Benfica,1015292.0,Richard Ríos,,,,,,,,,,False,90.0
14131920,2025-09-26,Liga Portugal Betclic,7.0,Benfica,Gil Vicente,injuryTime,,90,0.0,2ND,,,,,,,,,,,,,,,,90.0
14131920,2025-09-26,Liga Portugal Betclic,7.0,Benfica,Gil Vicente,card,yellow,90,4.0,2ND,False,Gil Vicente,Opponent,1087355.0,Hevertton Santos,,,,,,,,,,False,94.0
14131920,2025-09-26,Liga Portugal Betclic,7.0,Benfica,Gil Vicente,card,yellowRed,90,9.0,2ND,False,Gil Vicente,Opponent,1087355.0,Hevertton Santos,,,,,,,,,,False,99.0
14131920,2025-09-26,Liga Portugal Betclic,7.0,Benfica,Gil Vicente,substitution,regular,90,10.0,2ND,True,Benfica,Benfica,,,,,1215905.0,João Veloso,795236.0,Vangelis Pavlidis,,,,,100.0
14131920,2025-09-26,Liga Portugal Betclic,7.0,Benfica,Gil Vicente,period,,45,999.0,1ST,,,,,,,,,,,,2.0,1.0,,,1044.0
14131920,2025-09-26,Liga Portugal Betclic,7.0,Benfica,Gil Vicente,period,,90,999.0,2ND,,,,,,,,,,,,2.0,1.0,,,1089.0
14566581,2025-09-30,UEFA Champions League,2.0,Chelsea,Benfica,card,yellow,-5,,1ST,False,Benfica,Benfica,,,,,,,,,,,,False,-5.0
14566581,2025-09-30,UEFA Champions League,2.0,Chelsea,Benfica,goal,ownGoal,18,,1ST,True,Chelsea,Opponent,1015292.0,Richard Ríos,,,,,,,1.0,0.0,,,18.0
14566581,2025-09-30,UEFA Champions League,2.0,Chelsea,Benfica,card,yellow,34,,1ST,False,Benfica,Benfica,1087316.0,Enzo Barrenechea,,,,,,,,,,False,34.0
14566581,2025-09-30,UEFA Champions League,2.0,Chelsea,Benfica,injuryTime,,45,0.0,1ST,,,,,,,,,,,,,,,,45.0
14566581,2025-09-30,UEFA Champions League,2.0,Chelsea,Benfica,card,yellow,46,,2ND,True,Chelsea,Opponent,1117025.0,Facundo Buonanotte,,,,,,,,,,False,46.0
14566581,2025-09-30,UEFA Champions League,2.0,Chelsea,Benfica,card,yellow,45,1.0,1ST,True,Chelsea,Opponent,974505.0,Enzo Fernández,,,,,,,,,,False,46.0
14566581,2025-09-30,UEFA Champions League,2.0,Chelsea,Benfica,card,yellow,49,,2ND,False,Benfica,Benfica,1015292.0,Richard Ríos,,,,,,,,,,False,49.0
14566581,2025-09-30,UEFA Champions League,2.0,Chelsea,Benfica,substitution,regular,54,,2ND,True,Chelsea,Opponent,,,,,1597265.0,Estêvão,1117025.0,Facundo Buonanotte,,,,,54.0
14566581,2025-09-30,UEFA Champions League,2.0,Chelsea,Benfica,substitution,regular,61,,2ND,True,Chelsea,Opponent,,,,,1140599.0,Jamie Gittens,1135873.0,Alejandro Garnacho,,,,,61.0
14566581,2025-09-30,UEFA Champions League,2.0,Chelsea,Benfica,substitution,regular,61,,2ND,True,Chelsea,Opponent,,,,,975079.0,João Pedro,1403061.0,Tyrique George,,,,,61.0
14566581,2025-09-30,UEFA Champions League,2.0,Chelsea,Benfica,card,yellow,62,,2ND,True,Chelsea,Opponent,975079.0,João Pedro,,,,,,,,,,False,62.0
14566581,2025-09-30,UEFA Champions League,2.0,Chelsea,Benfica,card,yellow,63,,2ND,False,Benfica,Benfica,228364.0,Fredrik Aursnes,,,,,,,,,,False,63.0
14566581,2025-09-30,UEFA Champions League,2.0,Chelsea,Benfica,substitution,injury,73,,2ND,False,Benfica,Benfica,,,,,983542.0,Tomás Araújo,1006069.0,António Silva,,,,,73.0
14566581,2025-09-30,UEFA Champions League,2.0,Chelsea,Benfica,substitution,regular,77,,2ND,False,Benfica,Benfica,,,,,906800.0,Leandro Barreiro,1015292.0,Richard Ríos,,,,,77.0
14566581,2025-09-30,UEFA Champions League,2.0,Chelsea,Benfica,substitution,regular,77,,2ND,False,Benfica,Benfica,,,,,1103333.0,Franjo Ivanović,1123925.0,Georgiy Sudakov,,,,,77.0
14566581,2025-09-30,UEFA Champions League,2.0,Chelsea,Benfica,substitution,regular,77,,2ND,False,Benfica,Benfica,,,,,1100952.0,Andreas Schjelderup,823631.0,Dodi Lukebakio,,,,,77.0
14566581,2025-09-30,UEFA Champions League,2.0,Chelsea,Benfica,substitution,regular,81,,2ND,True,Chelsea,Opponent,,,,,1403050.0,Josh Acheampong,904827.0,Benoît Badiashile,,,,,81.0
14566581,2025-09-30,UEFA Champions League,2.0,Chelsea,Benfica,substitution,regular,81,,2ND,True,Chelsea,Opponent,,,,,885908.0,Reece James,996958.0,Malo Gusto,,,,,81.0
14566581,2025-09-30,UEFA Champions League,2.0,Chelsea,Benfica,card,yellow,83,,2ND,False,Benfica,Benfica,74915.0,Nicolás Otamendi,,,,,,,,,,False,83.0
14566581,2025-09-30,UEFA Champions League,2.0,Chelsea,Benfica,card,yellow,88,,2ND,False,Benfica,Benfica,983542.0,Tomás Araújo,,,,,,,,,,False,88.0
14566581,2025-09-30,UEFA Champions League,2.0,Chelsea,Benfica,substitution,regular,89,,2ND,False,Benfica,Benfica,,,,,998870.0,Henrique Araújo,228364.0,Fredrik Aursnes,,,,,89.0
14566581,2025-09-30,UEFA Champions League,2.0,Chelsea,Benfica,injuryTime,,90,0.0,2ND,,,,,,,,,,,,,,,,90.0
14566581,2025-09-30,UEFA Champions League,2.0,Chelsea,Benfica,card,yellowRed,90,6.0,2ND,True,Chelsea,Opponent,975079.0,João Pedro,,,,,,,,,,False,96.0
14566581,2025-09-30,UEFA Champions League,2.0,Chelsea,Benfica,period,,45,999.0,1ST,,,,,,,,,,,,1.0,0.0,,,1044.0
14566581,2025-09-30,UEFA Champions League,2.0,Chelsea,Benfica,period,,90,999.0,2ND,,,,,,,,,,,,1.0,0.0,,,1089.0
14131931,2025-10-05,Liga Portugal Betclic,8.0,FC Porto,Benfica,card,yellow,45,,1ST,False,Benfica,Benfica,1015292.0,Richard Ríos,,,,,,,,,,False,45.0
14131931,2025-10-05,Liga Portugal Betclic,8.0,FC Porto,Benfica,injuryTime,,45,0.0,1ST,,,,,,,,,,,,,,,,45.0
14131931,2025-10-05,Liga Portugal Betclic,8.0,FC Porto,Benfica,card,yellow,48,,2ND,True,FC Porto,Opponent,286085.0,Jan Bednarek,,,,,,,,,,False,48.0
14131931,2025-10-05,Liga Portugal Betclic,8.0,FC Porto,Benfica,substitution,regular,62,,2ND,True,FC Porto,Opponent,,,,,1639250.0,William Gomes,882664.0,Pepê,,,,,62.0
14131931,2025-10-05,Liga Portugal Betclic,8.0,FC Porto,Benfica,card,yellow,62,,2ND,True,FC Porto,Opponent,882664.0,Pepê,,,,,,,,,,False,62.0
14131931,2025-10-05,Liga Portugal Betclic,8.0,FC Porto,Benfica,substitution,regular,63,,2ND,True,FC Porto,Opponent,,,,,804472.0,Pablo Rosario,1010505.0,Gabri Veiga,,,,,63.0
14131931,2025-10-05,Liga Portugal Betclic,8.0,FC Porto,Benfica,substitution,regular,75,,2ND,True,FC Porto,Opponent,,,,,1407720.0,Deniz Gül,1503836.0,Samu Aghehowa,,,,,75.0
14131931,2025-10-05,Liga Portugal Betclic,8.0,FC Porto,Benfica,card,yellow,77,,2ND,True,FC Porto,Opponent,1066560.0,Alan Varela,,,,,,,,,,False,77.0
14131931,2025-10-05,Liga Portugal Betclic,8.0,FC Porto,Benfica,card,yellow,80,,2ND,True,FC Porto,Opponent,804472.0,Pablo Rosario,,,,,,,,,,False,80.0
14131931,2025-10-05,Liga Portugal Betclic,8.0,FC Porto,Benfica,substitution,injury,80,,2ND,False,Benfica,Benfica,,,,,906800.0,Leandro Barreiro,823631.0,Dodi Lukebakio,,,,,80.0
14131931,2025-10-05,Liga Portugal Betclic,8.0,FC Porto,Benfica,substitution,regular,90,,2ND,False,Benfica,Benfica,,,,,983542.0,Tomás Araújo,1123925.0,Georgiy Sudakov,,,,,90.0
14131931,2025-10-05,Liga Portugal Betclic,8.0,FC Porto,Benfica,substitution,regular,90,,2ND,True,FC Porto,Opponent,,,,,1410240.0,Rodrigo Mora,1066560.0,Alan Varela,,,,,90.0
14131931,2025-10-05,Liga Portugal Betclic,8.0,FC Porto,Benfica,injuryTime,,90,0.0,2ND,,,,,,,,,,,,,,,,90.0
14131931,2025-10-05,Liga Portugal Betclic,8.0,FC Porto,Benfica,substitution,regular,90,4.0,2ND,False,Benfica,Benfica,,,,,1158353.0,João Rêgo,993101.0,Samuel Dahl,,,,,94.0
14131931,2025-10-05,Liga Portugal Betclic,8.0,FC Porto,Benfica,card,yellow,90,5.0,2ND,True,FC Porto,Opponent,985138.0,Francisco Moura,,,,,,,,,,False,95.0
14131931,2025-10-05,Liga Portugal Betclic,8.0,FC Porto,Benfica,card,yellow,90,6.0,2ND,True,FC Porto,Opponent,992567.0,Borja Sainz,,,,,,,,,,False,96.0
14131931,2025-10-05,Liga Portugal Betclic,8.0,FC Porto,Benfica,card,yellow,90,6.0,2ND,False,Benfica,Benfica,1102791.0,Amar Dedić,,,,,,,,,,False,96.0
14131931,2025-10-05,Liga Portugal Betclic,8.0,FC Porto,Benfica,period,,45,999.0,1ST,,,,,,,,,,,,0.0,0.0,,,1044.0
14131931,2025-10-05,Liga Portugal Betclic,8.0,FC Porto,Benfica,period,,90,999.0,2ND,,,,,,,,,,,,0.0,0.0,,,1089.0
14773643,2025-10-17,Taça de Portugal,3.0,Chaves,Benfica,goal,regular,8,,1ST,False,Benfica,Benfica,795236.0,Vangelis Pavlidis,,,,,,,0.0,1.0,,,8.0
14773643,2025-10-17,Taça de Portugal,3.0,Chaves,Benfica,card,yellow,29,,1ST,False,Benfica,Benfica,1158353.0,João Rêgo,,,,,,,,,,False,29.0
14773643,2025-10-17,Taça de Portugal,3.0,Chaves,Benfica,card,yellow,42,,1ST,True,Chaves,Opponent,252717.0,Ricardo Alves,,,,,,,,,,False,42.0
14773643,2025-10-17,Taça de Portugal,3.0,Chaves,Benfica,substitution,regular,46,,2ND,True,Chaves,Opponent,,,,,1145834.0,Tiago Simões,252717.0,Ricardo Alves,,,,,46.0
14773643,2025-10-17,Taça de Portugal,3.0,Chaves,Benfica,substitution,regular,46,,2ND,False,Benfica,Benfica,,,,,1100952.0,Andreas Schjelderup,1158353.0,João Rêgo,,,,,46.0
14773643,2025-10-17,Taça de Portugal,3.0,Chaves,Benfica,substitution,regular,60,,2ND,True,Chaves,Opponent,,,,,1905294.0,David Kusso,1100647.0,Henrique Pereira,,,,,60.0
14773643,2025-10-17,Taça de Portugal,3.0,Chaves,Benfica,card,yellow,68,,2ND,True,Chaves,Opponent,1021100.0,Bruno Rodrigues,,,,,,,,,,False,68.0
14773643,2025-10-17,Taça de Portugal,3.0,Chaves,Benfica,card,yellow,71,,2ND,False,Benfica,Benfica,1087316.0,Enzo Barrenechea,,,,,,,,,,False,71.0
14773643,2025-10-17,Taça de Portugal,3.0,Chaves,Benfica,substitution,regular,74,,2ND,True,Chaves,Opponent,,,,,842334.0,Wellington Carvalho,1423627.0,Kiko Pereira,,,,,74.0
14773643,2025-10-17,Taça de Portugal,3.0,Chaves,Benfica,substitution,regular,74,,2ND,True,Chaves,Opponent,,,,,208636.0,Mamadou Tounkara,1021100.0,Bruno Rodrigues,,,,,74.0
14773643,2025-10-17,Taça de Portugal,3.0,Chaves,Benfica,substitution,regular,76,,2ND,False,Benfica,Benfica,,,,,906800.0,Leandro Barreiro,823631.0,Dodi Lukebakio,,,,,76.0
14773643,2025-10-17,Taça de Portugal,3.0,Chaves,Benfica,goal,regular,79,,2ND,False,Benfica,Benfica,795236.0,Vangelis Pavlidis,1123925.0,Georgiy Sudakov,,,,,0.0,2.0,,,79.0
14773643,2025-10-17,Taça de Portugal,3.0,Chaves,Benfica,substitution,regular,81,,2ND,True,Chaves,Opponent,,,,,2229173.0,Gabriel Rodrigues,1107995.0,Paulo Victor,,,,,81.0
14773643,2025-10-17,Taça de Portugal,3.0,Chaves,Benfica,substitution,regular,82,,2ND,False,Benfica,Benfica,,,,,1103333.0,Franjo Ivanović,795236.0,Vangelis Pavlidis,,,,,82.0
14773643,2025-10-17,Taça de Portugal,3.0,Chaves,Benfica,substitution,regular,90,,2ND,False,Benfica,Benfica,,,,,1215905.0,João Veloso,228364.0,Fredrik Aursnes,,,,,90.0
14773643,2025-10-17,Taça de Portugal,3.0,Chaves,Benfica,substitution,regular,90,,2ND,False,Benfica,Benfica,,,,,1158181.0,Ivan Lima,1123925.0,Georgiy Sudakov,,,,,90.0
14773643,2025-10-17,Taça de Portugal,3.0,Chaves,Benfica,injuryTime,,90,0.0,2ND,,,,,,,,,,,,,,,,90.0
14773643,2025-10-17,Taça de Portugal,3.0,Chaves,Benfica,period,,45,999.0,1ST,,,,,,,,,,,,0.0,1.0,,,1044.0
14773643,2025-10-17,Taça de Portugal,3.0,Chaves,Benfica,period,,90,999.0,2ND,,,,,,,,,,,,0.0,2.0,,,1089.0
14566956,2025-10-21,UEFA Champions League,3.0,Newcastle United,Benfica,card,yellow,17,,1ST,True,Newcastle United,Opponent,1014286.0,Malick Thiaw,,,,,,,,,,False,17.0
14566956,2025-10-21,UEFA Champions League,3.0,Newcastle United,Benfica,goal,regular,32,,1ST,True,Newcastle United,Opponent,914902.0,Anthony Gordon,372336.0,Jacob Murphy,,,,,1.0,0.0,,,32.0
14566956,2025-10-21,UEFA Champions League,3.0,Newcastle United,Benfica,card,yellow,45,,1ST,False,Benfica,Benfica,823631.0,Dodi Lukebakio,,,,,,,,,,False,45.0
14566956,2025-10-21,UEFA Champions League,3.0,Newcastle United,Benfica,injuryTime,,45,0.0,1ST,,,,,,,,,,,,,,,,45.0
14566956,2025-10-21,UEFA Champions League,3.0,Newcastle United,Benfica,substitution,injury,63,,2ND,False,Benfica,Benfica,,,,,1103333.0,Franjo Ivanović,1102791.0,Amar Dedić,,,,,63.0
14566956,2025-10-21,UEFA Champions League,3.0,Newcastle United,Benfica,substitution,regular,63,,2ND,True,Newcastle United,Opponent,,,,,560128.0,Joelinton,975937.0,Jacob Ramsey,,,,,63.0
14566956,2025-10-21,UEFA Champions League,3.0,Newcastle United,Benfica,substitution,regular,63,,2ND,True,Newcastle United,Opponent,,,,,855647.0,Harvey Barnes,372336.0,Jacob Murphy,,,,,63.0
14566956,2025-10-21,UEFA Champions League,3.0,Newcastle United,Benfica,goal,regular,70,,2ND,True,Newcastle United,Opponent,855647.0,Harvey Barnes,162653.0,Nick Pope,,,,,2.0,0.0,,,70.0
14566956,2025-10-21,UEFA Champions League,3.0,Newcastle United,Benfica,goal,regular,83,,2ND,True,Newcastle United,Opponent,855647.0,Harvey Barnes,914902.0,Anthony Gordon,,,,,3.0,0.0,,,83.0
14566956,2025-10-21,UEFA Champions League,3.0,Newcastle United,Benfica,substitution,regular,85,,2ND,True,Newcastle United,Opponent,,,,,1122603.0,William Osula,980623.0,Nick Woltemade,,,,,85.0
14566956,2025-10-21,UEFA Champions League,3.0,Newcastle United,Benfica,substitution,regular,85,,2ND,True,Newcastle United,Opponent,,,,,979232.0,Anthony Elanga,914902.0,Anthony Gordon,,,,,85.0
14566956,2025-10-21,UEFA Champions League,3.0,Newcastle United,Benfica,substitution,regular,90,,2ND,True,Newcastle United,Opponent,,,,,888550.0,Joe Willock,866469.0,Bruno Guimarães,,,,,90.0
14566956,2025-10-21,UEFA Champions League,3.0,Newcastle United,Benfica,injuryTime,,90,0.0,2ND,,,,,,,,,,,,,,,,90.0
14566956,2025-10-21,UEFA Champions League,3.0,Newcastle United,Benfica,period,,45,999.0,1ST,,,,,,,,,,,,1.0,0.0,,,1044.0
14566956,2025-10-21,UEFA Champions League,3.0,Newcastle United,Benfica,period,,90,999.0,2ND,,,,,,,,,,,,3.0,0.0,,,1089.0
14131939,2025-10-25,Liga Portugal Betclic,9.0,Benfica,FC Arouca,varDecision,penaltyNotAwarded,7,,1ST,True,Benfica,Benfica,1123925.0,Georgiy Sudakov,,,,,,,,,,,7.0
14131939,2025-10-25,Liga Portugal Betclic,9.0,Benfica,FC Arouca,goal,penalty,9,,1ST,True,Benfica,Benfica,795236.0,Vangelis Pavlidis,,,,,,,1.0,0.0,,,9.0
14131939,2025-10-25,Liga Portugal Betclic,9.0,Benfica,FC Arouca,varDecision,penaltyNotAwarded,20,,1ST,True,Benfica,Benfica,1201395.0,Gianluca Prestianni,,,,,,,,,,,20.0
14131939,2025-10-25,Liga Portugal Betclic,9.0,Benfica,FC Arouca,goal,penalty,22,,1ST,True,Benfica,Benfica,795236.0,Vangelis Pavlidis,,,,,,,2.0,0.0,,,22.0
14131939,2025-10-25,Liga Portugal Betclic,9.0,Benfica,FC Arouca,card,yellow,43,,1ST,False,FC Arouca,Opponent,863637.0,Tiago Esgaio,,,,,,,,,,False,43.0
14131939,2025-10-25,Liga Portugal Betclic,9.0,Benfica,FC Arouca,injuryTime,,45,0.0,1ST,,,,,,,,,,,,,,,,45.0
14131939,2025-10-25,Liga Portugal Betclic,9.0,Benfica,FC Arouca,substitution,regular,46,,2ND,False,FC Arouca,Opponent,,,,,1191120.0,Hyun-ju Lee,1126965.0,Espen Van Ee,,,,,46.0
14131939,2025-10-25,Liga Portugal Betclic,9.0,Benfica,FC Arouca,substitution,regular,46,,2ND,False,FC Arouca,Opponent,,,,,1105857.0,Taichi Fukui,996932.0,Pablo Gozálbez,,,,,46.0
14131939,2025-10-25,Liga Portugal Betclic,9.0,Benfica,FC Arouca,goal,regular,50,,2ND,True,Benfica,Benfica,795236.0,Vangelis Pavlidis,1201395.0,Gianluca Prestianni,,,,,4.0,0.0,,,50.0
14131939,2025-10-25,Liga Portugal Betclic,9.0,Benfica,FC Arouca,goal,regular,45,6.0,1ST,True,Benfica,Benfica,74915.0,Nicolás Otamendi,823631.0,Dodi Lukebakio,,,,,3.0,0.0,,,51.0
14131939,2025-10-25,Liga Portugal Betclic,9.0,Benfica,FC Arouca,card,yellow,59,,2ND,True,Benfica,Benfica,823631.0,Dodi Lukebakio,,,,,,,,,,False,59.0
14131939,2025-10-25,Liga Portugal Betclic,9.0,Benfica,FC Arouca,substitution,regular,62,,2ND,False,FC Arouca,Opponent,,,,,955133.0,Naïs Djouahra,973517.0,Alfonso Trezza,,,,,62.0
14131939,2025-10-25,Liga Portugal Betclic,9.0,Benfica,FC Arouca,card,yellow,62,,2ND,True,Benfica,Benfica,1201395.0,Gianluca Prestianni,,,,,,,,,,False,62.0
14131939,2025-10-25,Liga Portugal Betclic,9.0,Benfica,FC Arouca,substitution,regular,63,,2ND,True,Benfica,Benfica,,,,,1100952.0,Andreas Schjelderup,1201395.0,Gianluca Prestianni,,,,,63.0
14131939,2025-10-25,Liga Portugal Betclic,9.0,Benfica,FC Arouca,substitution,regular,63,,2ND,True,Benfica,Benfica,,,,,906800.0,Leandro Barreiro,1123925.0,Georgiy Sudakov,,,,,63.0
14131939,2025-10-25,Liga Portugal Betclic,9.0,Benfica,FC Arouca,substitution,regular,67,,2ND,True,Benfica,Benfica,,,,,1158353.0,João Rêgo,1015292.0,Richard Ríos,,,,,67.0
14131939,2025-10-25,Liga Portugal Betclic,9.0,Benfica,FC Arouca,substitution,regular,77,,2ND,True,Benfica,Benfica,,,,,1103333.0,Franjo Ivanović,795236.0,Vangelis Pavlidis,,,,,77.0
14131939,2025-10-25,Liga Portugal Betclic,9.0,Benfica,FC Arouca,substitution,regular,77,,2ND,True,Benfica,Benfica,,,,,1158181.0,Ivan Lima,823631.0,Dodi Lukebakio,,,,,77.0
14131939,2025-10-25,Liga Portugal Betclic,9.0,Benfica,FC Arouca,card,yellow,82,,2ND,False,FC Arouca,Opponent,1393731.0,Omar Fayed,,,,,,,,,,False,82.0
14131939,2025-10-25,Liga Portugal Betclic,9.0,Benfica,FC Arouca,substitution,regular,86,,2ND,False,FC Arouca,Opponent,,,,,1116649.0,Brian Mansilla,913728.0,Ivan Barbero,,,,,86.0
14131939,2025-10-25,Liga Portugal Betclic,9.0,Benfica,FC Arouca,substitution,regular,89,,2ND,False,FC Arouca,Opponent,,,,,982610.0,Amadou Dante,997025.0,Arnau Solà,,,,,89.0
14131939,2025-10-25,Liga Portugal Betclic,9.0,Benfica,FC Arouca,injuryTime,,90,0.0,2ND,,,,,,,,,,,,,,,,90.0
14131939,2025-10-25,Liga Portugal Betclic,9.0,Benfica,FC Arouca,goal,penalty,90,3.0,2ND,True,Benfica,Benfica,1103333.0,Franjo Ivanović,,,,,,,5.0,0.0,,,93.0
14131939,2025-10-25,Liga Portugal Betclic,9.0,Benfica,FC Arouca,period,,45,999.0,1ST,,,,,,,,,,,,3.0,0.0,,,1044.0
14131939,2025-10-25,Liga Portugal Betclic,9.0,Benfica,FC Arouca,period,,90,999.0,2ND,,,,,,,,,,,,5.0,0.0,,,1089.0
14886529,2025-10-29,Taca da Liga,27.0,Benfica,Tondela,card,yellow,-5,,1ST,False,Tondela,Opponent,,,,,,,,,,,,False,-5.0
14886529,2025-10-29,Taca da Liga,27.0,Benfica,Tondela,card,yellow,23,,1ST,False,Tondela,Opponent,1187281.0,Brayan Medina,,,,,,,,,,False,23.0
14886529,2025-10-29,Taca da Liga,27.0,Benfica,Tondela,varDecision,penaltyNotAwarded,39,,1ST,True,Benfica,Benfica,906800.0,Leandro Barreiro,,,,,,,,,,,39.0
14886529,2025-10-29,Taca da Liga,27.0,Benfica,Tondela,goal,penalty,41,,1ST,True,Benfica,Benfica,74915.0,Nicolás Otamendi,,,,,,,1.0,0.0,,,41.0
14886529,2025-10-29,Taca da Liga,27.0,Benfica,Tondela,injuryTime,,45,0.0,1ST,,,,,,,,,,,,,,,,45.0
14886529,2025-10-29,Taca da Liga,27.0,Benfica,Tondela,substitution,regular,46,,2ND,False,Tondela,Opponent,,,,,988964.0,Christian Marques,1187281.0,Brayan Medina,,,,,46.0
14886529,2025-10-29,Taca da Liga,27.0,Benfica,Tondela,varDecision,goalAwarded,51,,2ND,True,Benfica,Benfica,1123925.0,Georgiy Sudakov,,,,,,,,,,,51.0
14886529,2025-10-29,Taca da Liga,27.0,Benfica,Tondela,card,yellow,60,,2ND,False,Tondela,Opponent,1133070.0,Tiago Manso,,,,,,,,,,False,60.0
14886529,2025-10-29,Taca da Liga,27.0,Benfica,Tondela,substitution,regular,62,,2ND,False,Tondela,Opponent,,,,,1482435.0,Juan Rodríguez,1495552.0,Afonso Rodrigues,,,,,62.0
14886529,2025-10-29,Taca da Liga,27.0,Benfica,Tondela,substitution,regular,62,,2ND,False,Tondela,Opponent,,,,,879917.0,Maranhão,343909.0,Hélder Tavares,,,,,62.0
14886529,2025-10-29,Taca da Liga,27.0,Benfica,Tondela,substitution,regular,64,,2ND,True,Benfica,Benfica,,,,,795236.0,Vangelis Pavlidis,1103333.0,Franjo Ivanović,,,,,64.0
14886529,2025-10-29,Taca da Liga,27.0,Benfica,Tondela,substitution,regular,64,,2ND,True,Benfica,Benfica,,,,,1201395.0,Gianluca Prestianni,1100952.0,Andreas Schjelderup,,,,,64.0
14886529,2025-10-29,Taca da Liga,27.0,Benfica,Tondela,substitution,regular,72,,2ND,False,Tondela,Opponent,,,,,788786.0,Jordan Siebatcheu,1478262.0,Yefrei Rodriguez,,,,,72.0
14886529,2025-10-29,Taca da Liga,27.0,Benfica,Tondela,substitution,regular,77,,2ND,True,Benfica,Benfica,,,,,1015292.0,Richard Ríos,1123925.0,Georgiy Sudakov,,,,,77.0
14886529,2025-10-29,Taca da Liga,27.0,Benfica,Tondela,substitution,regular,78,,2ND,False,Tondela,Opponent,,,,,190147.0,Rony Lopes,988882.0,Joe Hodge,,,,,78.0
14886529,2025-10-29,Taca da Liga,27.0,Benfica,Tondela,goal,regular,83,,2ND,True,Benfica,Benfica,823631.0,Dodi Lukebakio,1015292.0,Richard Ríos,,,,,2.0,0.0,,,83.0
14886529,2025-10-29,Taca da Liga,27.0,Benfica,Tondela,substitution,regular,85,,2ND,True,Benfica,Benfica,,,,,983542.0,Tomás Araújo,228364.0,Fredrik Aursnes,,,,,85.0
14886529,2025-10-29,Taca da Liga,27.0,Benfica,Tondela,substitution,regular,85,,2ND,True,Benfica,Benfica,,,,,1158353.0,João Rêgo,823631.0,Dodi Lukebakio,,,,,85.0
14886529,2025-10-29,Taca da Liga,27.0,Benfica,Tondela,card,yellow,86,,2ND,True,Benfica,Benfica,1015292.0,Richard Ríos,,,,,,,,,,False,86.0
14886529,2025-10-29,Taca da Liga,27.0,Benfica,Tondela,goal,regular,90,5.0,2ND,True,Benfica,Benfica,795236.0,Vangelis Pavlidis,906800.0,Leandro Barreiro,,,,,3.0,0.0,,,95.0
14886529,2025-10-29,Taca da Liga,27.0,Benfica,Tondela,period,,45,999.0,1ST,,,,,,,,,,,,1.0,0.0,,,1044.0
14886529,2025-10-29,Taca da Liga,27.0,Benfica,Tondela,period,,90,999.0,2ND,,,,,,,,,,,,3.0,0.0,,,1089.0
14131949,2025-11-01,Liga Portugal Betclic,10.0,Vitória SC,Benfica,card,yellow,43,,1ST,False,Benfica,Benfica,795236.0,Vangelis Pavlidis,,,,,,,,,,False,43.0
14131949,2025-11-01,Liga Portugal Betclic,10.0,Vitória SC,Benfica,injuryTime,,45,0.0,1ST,,,,,,,,,,,,,,,,45.0
14131949,2025-11-01,Liga Portugal Betclic,10.0,Vitória SC,Benfica,substitution,regular,46,,2ND,False,Benfica,Benfica,,,,,1100952.0,Andreas Schjelderup,1201395.0,Gianluca Prestianni,,,,,46.0
14131949,2025-11-01,Liga Portugal Betclic,10.0,Vitória SC,Benfica,substitution,regular,46,,2ND,False,Benfica,Benfica,,,,,906800.0,Leandro Barreiro,1123925.0,Georgiy Sudakov,,,,,46.0
14131949,2025-11-01,Liga Portugal Betclic,10.0,Vitória SC,Benfica,card,yellow,45,1.0,1ST,False,Benfica,Benfica,1123925.0,Georgiy Sudakov,,,,,,,,,,False,46.0
14131949,2025-11-01,Liga Portugal Betclic,10.0,Vitória SC,Benfica,card,yellow,45,2.0,1ST,True,Vitória SC,Opponent,1131047.0,Miguel Maga,,,,,,,,,,False,47.0
14131949,2025-11-01,Liga Portugal Betclic,10.0,Vitória SC,Benfica,card,yellow,45,2.0,1ST,False,Benfica,Benfica,1201395.0,Gianluca Prestianni,,,,,,,,,,False,47.0
14131949,2025-11-01,Liga Portugal Betclic,10.0,Vitória SC,Benfica,card,yellow,52,,2ND,True,Vitória SC,Opponent,1002367.0,Beni Mukendi,,,,,,,,,,False,52.0
14131949,2025-11-01,Liga Portugal Betclic,10.0,Vitória SC,Benfica,goal,regular,53,,2ND,False,Benfica,Benfica,983542.0,Tomás Araújo,823631.0,Dodi Lukebakio,,,,,0.0,1.0,,,53.0
14131949,2025-11-01,Liga Portugal Betclic,10.0,Vitória SC,Benfica,card,red,56,,2ND,True,Vitória SC,Opponent,1130363.0,Fabio Blanco,,,,,,,,,,False,56.0
14131949,2025-11-01,Liga Portugal Betclic,10.0,Vitória SC,Benfica,substitution,regular,61,,2ND,True,Vitória SC,Opponent,,,,,1066233.0,Miguel Nóbrega,1131047.0,Miguel Maga,,,,,61.0
14131949,2025-11-01,Liga Portugal Betclic,10.0,Vitória SC,Benfica,substitution,regular,61,,2ND,True,Vitória SC,Opponent,,,,,1166097.0,Matija Mitrović,1434543.0,Diogo Sousa,,,,,61.0
14131949,2025-11-01,Liga Portugal Betclic,10.0,Vitória SC,Benfica,goal,regular,62,,2ND,False,Benfica,Benfica,993101.0,Samuel Dahl,906800.0,Leandro Barreiro,,,,,0.0,2.0,,,62.0
14131949,2025-11-01,Liga Portugal Betclic,10.0,Vitória SC,Benfica,substitution,regular,62,,2ND,True,Vitória SC,Opponent,,,,,1520997.0,Vando Félix,1035280.0,Telmo Arcanjo,,,,,62.0
14131949,2025-11-01,Liga Portugal Betclic,10.0,Vitória SC,Benfica,substitution,regular,73,,2ND,True,Vitória SC,Opponent,,,,,42898.0,Nélson Oliveira,785808.0,Samu,,,,,73.0
14131949,2025-11-01,Liga Portugal Betclic,10.0,Vitória SC,Benfica,substitution,regular,79,,2ND,True,Vitória SC,Opponent,,,,,1153328.0,Noah Saviolo,1563640.0,Oumar Camara,,,,,79.0
14131949,2025-11-01,Liga Portugal Betclic,10.0,Vitória SC,Benfica,substitution,regular,83,,2ND,False,Benfica,Benfica,,,,,1158353.0,João Rêgo,823631.0,Dodi Lukebakio,,,,,83.0
14131949,2025-11-01,Liga Portugal Betclic,10.0,Vitória SC,Benfica,goal,regular,87,,2ND,False,Benfica,Benfica,1158353.0,João Rêgo,,,,,,,0.0,3.0,,,87.0
14131949,2025-11-01,Liga Portugal Betclic,10.0,Vitória SC,Benfica,card,yellow,89,,2ND,True,Vitória SC,Opponent,1520997.0,Vando Félix,,,,,,,,,,False,89.0
14131949,2025-11-01,Liga Portugal Betclic,10.0,Vitória SC,Benfica,substitution,regular,90,,2ND,False,Benfica,Benfica,,,,,998870.0,Henrique Araújo,795236.0,Vangelis Pavlidis,,,,,90.0
14131949,2025-11-01,Liga Portugal Betclic,10.0,Vitória SC,Benfica,card,yellow,90,,2ND,False,Benfica,Benfica,74915.0,Nicolás Otamendi,,,,,,,,,,False,90.0
14131949,2025-11-01,Liga Portugal Betclic,10.0,Vitória SC,Benfica,injuryTime,,90,0.0,2ND,,,,,,,,,,,,,,,,90.0
14131949,2025-11-01,Liga Portugal Betclic,10.0,Vitória SC,Benfica,substitution,regular,90,1.0,2ND,False,Benfica,Benfica,,,,,1215905.0,João Veloso,1015292.0,Richard Ríos,,,,,91.0
14131949,2025-11-01,Liga Portugal Betclic,10.0,Vitória SC,Benfica,period,,45,999.0,1ST,,,,,,,,,,,,0.0,0.0,,,1044.0
14131949,2025-11-01,Liga Portugal Betclic,10.0,Vitória SC,Benfica,period,,90,999.0,2ND,,,,,,,,,,,,0.0,3.0,,,1089.0
14566736,2025-11-05,UEFA Champions League,4.0,Benfica,Bayer 04 Leverkusen,card,yellow,41,,1ST,False,Bayer 04 Leverkusen,Opponent,1407524.0,Ibrahim Maza,,,,,,,,,,False,41.0
14566736,2025-11-05,UEFA Champions League,4.0,Benfica,Bayer 04 Leverkusen,injuryTime,,45,0.0,1ST,,,,,,,,,,,,,,,,45.0
14566736,2025-11-05,UEFA Champions League,4.0,Benfica,Bayer 04 Leverkusen,card,yellow,55,,2ND,False,Bayer 04 Leverkusen,Opponent,883262.0,Edmond Tapsoba,,,,,,,,,,False,55.0
14566736,2025-11-05,UEFA Champions League,4.0,Benfica,Bayer 04 Leverkusen,substitution,regular,57,,2ND,False,Bayer 04 Leverkusen,Opponent,,,,,975798.0,Malik Tillman,1482424.0,Claudio Echeverri,,,,,57.0
14566736,2025-11-05,UEFA Champions League,4.0,Benfica,Bayer 04 Leverkusen,substitution,regular,57,,2ND,False,Bayer 04 Leverkusen,Opponent,,,,,280609.0,Patrik Schick,2029648.0,Christian Kofane,,,,,57.0
14566736,2025-11-05,UEFA Champions League,4.0,Benfica,Bayer 04 Leverkusen,card,yellow,62,,2ND,True,Benfica,Benfica,823631.0,Dodi Lukebakio,,,,,,,,,,False,62.0
14566736,2025-11-05,UEFA Champions League,4.0,Benfica,Bayer 04 Leverkusen,goal,regular,65,,2ND,False,Bayer 04 Leverkusen,Opponent,280609.0,Patrik Schick,,,,,,,0.0,1.0,,,65.0
14566736,2025-11-05,UEFA Champions League,4.0,Benfica,Bayer 04 Leverkusen,substitution,regular,69,,2ND,True,Benfica,Benfica,,,,,1201395.0,Gianluca Prestianni,1123925.0,Georgiy Sudakov,,,,,69.0
14566736,2025-11-05,UEFA Champions League,4.0,Benfica,Bayer 04 Leverkusen,substitution,regular,69,,2ND,True,Benfica,Benfica,,,,,1102791.0,Amar Dedić,906800.0,Leandro Barreiro,,,,,69.0
14566736,2025-11-05,UEFA Champions League,4.0,Benfica,Bayer 04 Leverkusen,substitution,regular,69,,2ND,True,Benfica,Benfica,,,,,1100952.0,Andreas Schjelderup,993101.0,Samuel Dahl,,,,,69.0
14566736,2025-11-05,UEFA Champions League,4.0,Benfica,Bayer 04 Leverkusen,card,yellow,78,,2ND,True,Benfica,Benfica,74915.0,Nicolás Otamendi,,,,,,,,,,False,78.0
14566736,2025-11-05,UEFA Champions League,4.0,Benfica,Bayer 04 Leverkusen,card,yellow,79,,2ND,False,Bayer 04 Leverkusen,Opponent,975798.0,Malik Tillman,,,,,,,,,,False,79.0
14566736,2025-11-05,UEFA Champions League,4.0,Benfica,Bayer 04 Leverkusen,substitution,injury,88,,2ND,False,Bayer 04 Leverkusen,Opponent,,,,,1394353.0,Eliesse Ben Seghir,1119502.0,Ernest Poku,,,,,88.0
14566736,2025-11-05,UEFA Champions League,4.0,Benfica,Bayer 04 Leverkusen,injuryTime,,90,0.0,2ND,,,,,,,,,,,,,,,,90.0
14566736,2025-11-05,UEFA Champions League,4.0,Benfica,Bayer 04 Leverkusen,period,,45,999.0,1ST,,,,,,,,,,,,0.0,0.0,,,1044.0
14566736,2025-11-05,UEFA Champions League,4.0,Benfica,Bayer 04 Leverkusen,period,,90,999.0,2ND,,,,,,,,,,,,0.0,1.0,,,1089.0
14131956,2025-11-09,Liga Portugal Betclic,11.0,Benfica,Casa Pia,card,red,-5,,1ST,False,Casa Pia,Opponent,,,,,,,,,,,,False,-5.0
14131956,2025-11-09,Liga Portugal Betclic,11.0,Benfica,Casa Pia,card,yellow,-5,,1ST,True,Benfica,Benfica,,,,,,,,,,,,False,-5.0
14131956,2025-11-09,Liga Portugal Betclic,11.0,Benfica,Casa Pia,card,yellow,13,,1ST,False,Casa Pia,Opponent,1015932.0,David Sousa,,,,,,,,,,False,13.0
14131956,2025-11-09,Liga Portugal Betclic,11.0,Benfica,Casa Pia,goal,regular,17,,1ST,True,Benfica,Benfica,1123925.0,Georgiy Sudakov,795236.0,Vangelis Pavlidis,,,,,1.0,0.0,,,17.0
14131956,2025-11-09,Liga Portugal Betclic,11.0,Benfica,Casa Pia,injuryTime,,45,0.0,1ST,,,,,,,,,,,,,,,,45.0
14131956,2025-11-09,Liga Portugal Betclic,11.0,Benfica,Casa Pia,substitution,injury,46,,2ND,True,Benfica,Benfica,,,,,1201395.0,Gianluca Prestianni,1087316.0,Enzo Barrenechea,,,,,46.0
14131956,2025-11-09,Liga Portugal Betclic,11.0,Benfica,Casa Pia,card,yellow,53,,2ND,True,Benfica,Benfica,1123925.0,Georgiy Sudakov,,,,,,,,,,False,53.0
14131956,2025-11-09,Liga Portugal Betclic,11.0,Benfica,Casa Pia,goal,penalty,60,,2ND,True,Benfica,Benfica,795236.0,Vangelis Pavlidis,,,,,,,2.0,0.0,,,60.0
14131956,2025-11-09,Liga Portugal Betclic,11.0,Benfica,Casa Pia,card,yellow,63,,2ND,True,Benfica,Benfica,1006069.0,António Silva,,,,,,,,,,False,63.0
14131956,2025-11-09,Liga Portugal Betclic,11.0,Benfica,Casa Pia,goal,ownGoal,65,,2ND,False,Casa Pia,Opponent,983542.0,Tomás Araújo,,,,,,,2.0,1.0,,,65.0
14131956,2025-11-09,Liga Portugal Betclic,11.0,Benfica,Casa Pia,inGamePenalty,missed,65,,2ND,False,Casa Pia,Opponent,157023.0,Cassiano,,,,,,,,,,,65.0
14131956,2025-11-09,Liga Portugal Betclic,11.0,Benfica,Casa Pia,substitution,regular,66,,2ND,False,Casa Pia,Opponent,,,,,1155358.0,Dailon Rocha Livramento,157023.0,Cassiano,,,,,66.0
14131956,2025-11-09,Liga Portugal Betclic,11.0,Benfica,Casa Pia,substitution,regular,66,,2ND,False,Casa Pia,Opponent,,,,,936367.0,Miguel Sousa,980407.0,Kelian Nsona,,,,,66.0
14131956,2025-11-09,Liga Portugal Betclic,11.0,Benfica,Casa Pia,substitution,regular,76,,2ND,False,Casa Pia,Opponent,,,,,2119726.0,Renato Nhaga,983537.0,Rafael Brito,,,,,76.0
14131956,2025-11-09,Liga Portugal Betclic,11.0,Benfica,Casa Pia,substitution,regular,79,,2ND,True,Benfica,Benfica,,,,,906800.0,Leandro Barreiro,1123925.0,Georgiy Sudakov,,,,,79.0
14131956,2025-11-09,Liga Portugal Betclic,11.0,Benfica,Casa Pia,varDecision,goalAwarded,83,,2ND,True,Benfica,Benfica,906800.0,Leandro Barreiro,,,,,,,,,,,83.0
14131956,2025-11-09,Liga Portugal Betclic,11.0,Benfica,Casa Pia,substitution,regular,84,,2ND,False,Casa Pia,Opponent,,,,,1464186.0,Kevin Prieto,963990.0,Kaique Rocha,,,,,84.0
14131956,2025-11-09,Liga Portugal Betclic,11.0,Benfica,Casa Pia,substitution,regular,84,,2ND,False,Casa Pia,Opponent,,,,,1067284.0,Tiago Morais,158597.0,Sebastián Pérez,,,,,84.0
14131956,2025-11-09,Liga Portugal Betclic,11.0,Benfica,Casa Pia,card,yellow,87,,2ND,True,Benfica,Benfica,1015292.0,Richard Ríos,,,,,,,,,,False,87.0
14131956,2025-11-09,Liga Portugal Betclic,11.0,Benfica,Casa Pia,substitution,regular,89,,2ND,True,Benfica,Benfica,,,,,1158353.0,João Rêgo,823631.0,Dodi Lukebakio,,,,,89.0
14131956,2025-11-09,Liga Portugal Betclic,11.0,Benfica,Casa Pia,substitution,regular,89,,2ND,True,Benfica,Benfica,,,,,1103333.0,Franjo Ivanović,795236.0,Vangelis Pavlidis,,,,,89.0
14131956,2025-11-09,Liga Portugal Betclic,11.0,Benfica,Casa Pia,injuryTime,,90,0.0,2ND,,,,,,,,,,,,,,,,90.0
14131956,2025-11-09,Liga Portugal Betclic,11.0,Benfica,Casa Pia,goal,regular,90,1.0,2ND,False,Casa Pia,Opponent,2119726.0,Renato Nhaga,,,,,,,2.0,2.0,,,91.0
14131956,2025-11-09,Liga Portugal Betclic,11.0,Benfica,Casa Pia,substitution,injury,90,5.0,2ND,True,Benfica,Benfica,,,,,998870.0,Henrique Araújo,1015292.0,Richard Ríos,,,,,95.0
14131956,2025-11-09,Liga Portugal Betclic,11.0,Benfica,Casa Pia,card,yellow,90,6.0,2ND,False,Casa Pia,Opponent,821628.0,Patrick Sequeira,,,,,,,,,,False,96.0
14131956,2025-11-09,Liga Portugal Betclic,11.0,Benfica,Casa Pia,period,,45,999.0,1ST,,,,,,,,,,,,1.0,0.0,,,1044.0
14131956,2025-11-09,Liga Portugal Betclic,11.0,Benfica,Casa Pia,period,,90,999.0,2ND,,,,,,,,,,,,2.0,2.0,,,1089.0
14917422,2025-11-21,Taça de Portugal,4.0,Atletico CP,Benfica,card,yellow,37,,1ST,False,Benfica,Benfica,74915.0,Nicolás Otamendi,,,,,,,,,,False,37.0
14917422,2025-11-21,Taça de Portugal,4.0,Atletico CP,Benfica,card,yellow,40,,1ST,False,Benfica,Benfica,1103333.0,Franjo Ivanović,,,,,,,,,,False,40.0
14917422,2025-11-21,Taça de Portugal,4.0,Atletico CP,Benfica,card,yellow,44,,1ST,True,Atletico CP,Opponent,1397565.0,Almeida,,,,,,,,,,False,44.0
14917422,2025-11-21,Taça de Portugal,4.0,Atletico CP,Benfica,injuryTime,,45,0.0,1ST,,,,,,,,,,,,,,,,45.0
14917422,2025-11-21,Taça de Portugal,4.0,Atletico CP,Benfica,substitution,regular,46,,2ND,False,Benfica,Benfica,,,,,993101.0,Samuel Dahl,983542.0,Tomás Araújo,,,,,46.0
14917422,2025-11-21,Taça de Portugal,4.0,Atletico CP,Benfica,substitution,regular,46,,2ND,False,Benfica,Benfica,,,,,906800.0,Leandro Barreiro,1158353.0,João Rêgo,,,,,46.0
14917422,2025-11-21,Taça de Portugal,4.0,Atletico CP,Benfica,substitution,regular,46,,2ND,False,Benfica,Benfica,,,,,1015292.0,Richard Ríos,1087316.0,Enzo Barrenechea,,,,,46.0
14917422,2025-11-21,Taça de Portugal,4.0,Atletico CP,Benfica,substitution,regular,46,,2ND,False,Benfica,Benfica,,,,,1100952.0,Andreas Schjelderup,1103333.0,Franjo Ivanović,,,,,46.0
14917422,2025-11-21,Taça de Portugal,4.0,Atletico CP,Benfica,card,yellow,52,,2ND,True,Atletico CP,Opponent,1561720.0,Délcio Fernandes,,,,,,,,,,False,52.0
14917422,2025-11-21,Taça de Portugal,4.0,Atletico CP,Benfica,substitution,regular,62,,2ND,True,Atletico CP,Opponent,,,,,1528328.0,Juan Herrera,1161021.0,João Fernandes,,,,,62.0
14917422,2025-11-21,Taça de Portugal,4.0,Atletico CP,Benfica,card,yellow,67,,2ND,True,Atletico CP,Opponent,1902003.0,Caio Santana,,,,,,,,,,False,67.0
14917422,2025-11-21,Taça de Portugal,4.0,Atletico CP,Benfica,card,yellow,67,,2ND,True,Atletico CP,Opponent,1528336.0,Paulinho,,,,,,,,,,False,67.0
14917422,2025-11-21,Taça de Portugal,4.0,Atletico CP,Benfica,goal,regular,73,,2ND,False,Benfica,Benfica,1015292.0,Richard Ríos,228364.0,Fredrik Aursnes,,,,,0.0,1.0,,,73.0
14917422,2025-11-21,Taça de Portugal,4.0,Atletico CP,Benfica,goal,penalty,77,,2ND,False,Benfica,Benfica,795236.0,Vangelis Pavlidis,,,,,,,0.0,2.0,,,77.0
14917422,2025-11-21,Taça de Portugal,4.0,Atletico CP,Benfica,substitution,regular,78,,2ND,True,Atletico CP,Opponent,,,,,1512415.0,Duarte Henriques,1397565.0,Almeida,,,,,78.0
14917422,2025-11-21,Taça de Portugal,4.0,Atletico CP,Benfica,substitution,regular,79,,2ND,False,Benfica,Benfica,,,,,998870.0,Henrique Araújo,795236.0,Vangelis Pavlidis,,,,,79.0
14917422,2025-11-21,Taça de Portugal,4.0,Atletico CP,Benfica,substitution,regular,79,,2ND,True,Atletico CP,Opponent,,,,,1534436.0,Nicolas Souza,1417526.0,Caleb,,,,,79.0
14917422,2025-11-21,Taça de Portugal,4.0,Atletico CP,Benfica,substitution,regular,79,,2ND,True,Atletico CP,Opponent,,,,,867260.0,Francis Okoli,2216527.0,Catarino Pascoal,,,,,79.0
14917422,2025-11-21,Taça de Portugal,4.0,Atletico CP,Benfica,substitution,regular,83,,2ND,True,Atletico CP,Opponent,,,,,901002.0,Rúben Marques,93164.0,Ricardo Dias,,,,,83.0
14917422,2025-11-21,Taça de Portugal,4.0,Atletico CP,Benfica,card,yellow,87,,2ND,False,Benfica,Benfica,1102791.0,Amar Dedić,,,,,,,,,,False,87.0
14917422,2025-11-21,Taça de Portugal,4.0,Atletico CP,Benfica,injuryTime,,90,0.0,2ND,,,,,,,,,,,,,,,,90.0
14917422,2025-11-21,Taça de Portugal,4.0,Atletico CP,Benfica,card,yellow,90,2.0,2ND,True,Atletico CP,Opponent,1512415.0,Duarte Henriques,,,,,,,,,,False,92.0
14917422,2025-11-21,Taça de Portugal,4.0,Atletico CP,Benfica,inGamePenalty,missed,90,3.0,2ND,False,Benfica,Benfica,74915.0,Nicolás Otamendi,,,,,,,,,,,93.0
14917422,2025-11-21,Taça de Portugal,4.0,Atletico CP,Benfica,period,,45,999.0,1ST,,,,,,,,,,,,0.0,0.0,,,1044.0
14917422,2025-11-21,Taça de Portugal,4.0,Atletico CP,Benfica,period,,90,999.0,2ND,,,,,,,,,,,,0.0,2.0,,,1089.0
14566874,2025-11-25,UEFA Champions League,5.0,AFC Ajax,Benfica,goal,regular,6,,1ST,False,Benfica,Benfica,993101.0,Samuel Dahl,,,,,,,0.0,1.0,,,6.0
14566874,2025-11-25,UEFA Champions League,5.0,AFC Ajax,Benfica,injuryTime,,45,0.0,1ST,,,,,,,,,,,,,,,,45.0
14566874,2025-11-25,UEFA Champions League,5.0,AFC Ajax,Benfica,substitution,regular,60,,2ND,True,AFC Ajax,Opponent,,,,,1563462.0,Jorthy Mokio,836673.0,Owen Wijndal,,,,,60.0
14566874,2025-11-25,UEFA Champions League,5.0,AFC Ajax,Benfica,card,yellow,69,,2ND,True,AFC Ajax,Opponent,252215.0,Wout Weghorst,,,,,,,,,,False,69.0
14566874,2025-11-25,UEFA Champions League,5.0,AFC Ajax,Benfica,substitution,regular,74,,2ND,True,AFC Ajax,Opponent,,,,,1001945.0,Kian Fitz-Jim,97410.0,Davy Klaassen,,,,,74.0
14566874,2025-11-25,UEFA Champions League,5.0,AFC Ajax,Benfica,substitution,regular,74,,2ND,True,AFC Ajax,Opponent,,,,,1155158.0,Oscar Gloukh,1403090.0,Rayane Bounida,,,,,74.0
14566874,2025-11-25,UEFA Champions League,5.0,AFC Ajax,Benfica,card,yellow,74,,2ND,False,Benfica,Benfica,993101.0,Samuel Dahl,,,,,,,,,,False,74.0
14566874,2025-11-25,UEFA Champions League,5.0,AFC Ajax,Benfica,substitution,regular,75,,2ND,True,AFC Ajax,Opponent,,,,,795761.0,Kasper Dolberg,1149146.0,Mika Godts,,,,,75.0
14566874,2025-11-25,UEFA Champions League,5.0,AFC Ajax,Benfica,substitution,regular,81,,2ND,False,Benfica,Benfica,,,,,983542.0,Tomás Araújo,1123925.0,Georgiy Sudakov,,,,,81.0
14566874,2025-11-25,UEFA Champions League,5.0,AFC Ajax,Benfica,substitution,regular,83,,2ND,True,AFC Ajax,Opponent,,,,,980383.0,Raúl Moro,996940.0,Youri Regeer,,,,,83.0
14566874,2025-11-25,UEFA Champions League,5.0,AFC Ajax,Benfica,goal,regular,90,,2ND,False,Benfica,Benfica,906800.0,Leandro Barreiro,228364.0,Fredrik Aursnes,,,,,0.0,2.0,,,90.0
14566874,2025-11-25,UEFA Champions League,5.0,AFC Ajax,Benfica,injuryTime,,90,0.0,2ND,,,,,,,,,,,,,,,,90.0
14566874,2025-11-25,UEFA Champions League,5.0,AFC Ajax,Benfica,substitution,regular,90,2.0,2ND,False,Benfica,Benfica,,,,,1085740.0,Manu Silva,795236.0,Vangelis Pavlidis,,,,,92.0
14566874,2025-11-25,UEFA Champions League,5.0,AFC Ajax,Benfica,substitution,regular,90,3.0,2ND,False,Benfica,Benfica,,,,,1184329.0,Rodrigo Rego,906800.0,Leandro Barreiro,,,,,93.0
14566874,2025-11-25,UEFA Champions League,5.0,AFC Ajax,Benfica,period,,45,999.0,1ST,,,,,,,,,,,,0.0,1.0,,,1044.0
14566874,2025-11-25,UEFA Champions League,5.0,AFC Ajax,Benfica,period,,90,999.0,2ND,,,,,,,,,,,,0.0,2.0,,,1089.0
14131968,2025-11-29,Liga Portugal Betclic,12.0,CD Nacional,Benfica,injuryTime,,45,0.0,1ST,,,,,,,,,,,,,,,,45.0
14131968,2025-11-29,Liga Portugal Betclic,12.0,CD Nacional,Benfica,card,yellow,55,,2ND,True,CD Nacional,Opponent,1640310.0,Motez Nourani,,,,,,,,,,False,55.0
14131968,2025-11-29,Liga Portugal Betclic,12.0,CD Nacional,Benfica,card,yellow,55,,2ND,False,Benfica,Benfica,1087316.0,Enzo Barrenechea,,,,,,,,,,False,55.0
14131968,2025-11-29,Liga Portugal Betclic,12.0,CD Nacional,Benfica,substitution,regular,58,,2ND,False,Benfica,Benfica,,,,,1201395.0,Gianluca Prestianni,1184329.0,Rodrigo Rego,,,,,58.0
14131968,2025-11-29,Liga Portugal Betclic,12.0,CD Nacional,Benfica,substitution,regular,59,,2ND,True,CD Nacional,Opponent,,,,,1011997.0,Chiheb Labidi,902051.0,Miguel Baeza,,,,,59.0
14131968,2025-11-29,Liga Portugal Betclic,12.0,CD Nacional,Benfica,substitution,regular,59,,2ND,True,CD Nacional,Opponent,,,,,786269.0,Witi,1640310.0,Motez Nourani,,,,,59.0
14131968,2025-11-29,Liga Portugal Betclic,12.0,CD Nacional,Benfica,goal,regular,60,,2ND,True,CD Nacional,Opponent,987597.0,Jesús Ramírez,912781.0,Paulinho Bóia,,,,,1.0,0.0,,,60.0
14131968,2025-11-29,Liga Portugal Betclic,12.0,CD Nacional,Benfica,substitution,regular,64,,2ND,False,Benfica,Benfica,,,,,1103333.0,Franjo Ivanović,1087316.0,Enzo Barrenechea,,,,,64.0
14131968,2025-11-29,Liga Portugal Betclic,12.0,CD Nacional,Benfica,card,yellow,65,,2ND,True,CD Nacional,Opponent,1011997.0,Chiheb Labidi,,,,,,,,,,False,65.0
14131968,2025-11-29,Liga Portugal Betclic,12.0,CD Nacional,Benfica,card,yellow,71,,2ND,True,CD Nacional,Opponent,987597.0,Jesús Ramírez,,,,,,,,,,False,71.0
14131968,2025-11-29,Liga Portugal Betclic,12.0,CD Nacional,Benfica,substitution,regular,77,,2ND,False,Benfica,Benfica,,,,,1100952.0,Andreas Schjelderup,906800.0,Leandro Barreiro,,,,,77.0
14131968,2025-11-29,Liga Portugal Betclic,12.0,CD Nacional,Benfica,substitution,regular,78,,2ND,True,CD Nacional,Opponent,,,,,253837.0,Lucas João,987597.0,Jesús Ramírez,,,,,78.0
14131968,2025-11-29,Liga Portugal Betclic,12.0,CD Nacional,Benfica,substitution,regular,84,,2ND,True,CD Nacional,Opponent,,,,,1393991.0,Joel Silva,912781.0,Paulinho Bóia,,,,,84.0
14131968,2025-11-29,Liga Portugal Betclic,12.0,CD Nacional,Benfica,card,yellow,84,,2ND,False,Benfica,Benfica,1201395.0,Gianluca Prestianni,,,,,,,,,,False,84.0
14131968,2025-11-29,Liga Portugal Betclic,12.0,CD Nacional,Benfica,goal,regular,89,,2ND,False,Benfica,Benfica,1201395.0,Gianluca Prestianni,1102791.0,Amar Dedić,,,,,1.0,1.0,,,89.0
14131968,2025-11-29,Liga Portugal Betclic,12.0,CD Nacional,Benfica,injuryTime,,90,0.0,2ND,,,,,,,,,,,,,,,,90.0
14131968,2025-11-29,Liga Portugal Betclic,12.0,CD Nacional,Benfica,card,yellow,90,5.0,2ND,True,CD Nacional,Opponent,786269.0,Witi,,,,,,,,,,False,95.0
14131968,2025-11-29,Liga Portugal Betclic,12.0,CD Nacional,Benfica,goal,regular,90,5.0,2ND,False,Benfica,Benfica,795236.0,Vangelis Pavlidis,1100952.0,Andreas Schjelderup,,,,,1.0,2.0,,,95.0
14131968,2025-11-29,Liga Portugal Betclic,12.0,CD Nacional,Benfica,period,,45,999.0,1ST,,,,,,,,,,,,0.0,0.0,,,1044.0
14131968,2025-11-29,Liga Portugal Betclic,12.0,CD Nacional,Benfica,period,,90,999.0,2ND,,,,,,,,,,,,1.0,2.0,,,1089.0
14131973,2025-12-05,Liga Portugal Betclic,13.0,Benfica,Sporting CP,card,yellow,-5,,1ST,True,Benfica,Benfica,,,,,,,,,,,,False,-5.0
14131973,2025-12-05,Liga Portugal Betclic,13.0,Benfica,Sporting CP,card,yellow,-5,,1ST,False,Sporting CP,Opponent,895764.0,Pedro Gonçalves,,,,,,,,,,False,-5.0
14131973,2025-12-05,Liga Portugal Betclic,13.0,Benfica,Sporting CP,goal,regular,12,,1ST,False,Sporting CP,Opponent,895764.0,Pedro Gonçalves,859917.0,Morten Hjulmand,,,,,0.0,1.0,,,12.0
14131973,2025-12-05,Liga Portugal Betclic,13.0,Benfica,Sporting CP,goal,regular,27,,1ST,True,Benfica,Benfica,1123925.0,Georgiy Sudakov,1102791.0,Amar Dedić,,,,,1.0,1.0,,,27.0
14131973,2025-12-05,Liga Portugal Betclic,13.0,Benfica,Sporting CP,card,yellow,30,,1ST,False,Sporting CP,Opponent,926560.0,Hidemasa Morita,,,,,,,,,,False,30.0
14131973,2025-12-05,Liga Portugal Betclic,13.0,Benfica,Sporting CP,injuryTime,,45,0.0,1ST,,,,,,,,,,,,,,,,45.0
14131973,2025-12-05,Liga Portugal Betclic,13.0,Benfica,Sporting CP,card,yellow,56,,2ND,True,Benfica,Benfica,906800.0,Leandro Barreiro,,,,,,,,,,False,56.0
14131973,2025-12-05,Liga Portugal Betclic,13.0,Benfica,Sporting CP,substitution,regular,61,,2ND,False,Sporting CP,Opponent,,,,,1403165.0,Geovany Quenda,926560.0,Hidemasa Morita,,,,,61.0
14131973,2025-12-05,Liga Portugal Betclic,13.0,Benfica,Sporting CP,substitution,regular,61,,2ND,False,Sporting CP,Opponent,,,,,1410209.0,João Simões,895764.0,Pedro Gonçalves,,,,,61.0
14131973,2025-12-05,Liga Portugal Betclic,13.0,Benfica,Sporting CP,card,yellow,65,,2ND,False,Sporting CP,Opponent,914213.0,Luis Javier Suárez,,,,,,,,,,False,65.0
14131973,2025-12-05,Liga Portugal Betclic,13.0,Benfica,Sporting CP,card,yellow,67,,2ND,True,Benfica,Benfica,795236.0,Vangelis Pavlidis,,,,,,,,,,False,67.0
14131973,2025-12-05,Liga Portugal Betclic,13.0,Benfica,Sporting CP,card,yellow,72,,2ND,False,Sporting CP,Opponent,1167818.0,Iván Fresneda,,,,,,,,,,False,72.0
14131973,2025-12-05,Liga Portugal Betclic,13.0,Benfica,Sporting CP,card,yellow,75,,2ND,False,Sporting CP,Opponent,929193.0,Maximiliano Araújo,,,,,,,,,,False,75.0
14131973,2025-12-05,Liga Portugal Betclic,13.0,Benfica,Sporting CP,substitution,regular,81,,2ND,True,Benfica,Benfica,,,,,1201395.0,Gianluca Prestianni,1123925.0,Georgiy Sudakov,,,,,81.0
14131973,2025-12-05,Liga Portugal Betclic,13.0,Benfica,Sporting CP,substitution,regular,86,,2ND,False,Sporting CP,Opponent,,,,,903679.0,Fotis Ioannidis,914213.0,Luis Javier Suárez,,,,,86.0
14131973,2025-12-05,Liga Portugal Betclic,13.0,Benfica,Sporting CP,substitution,regular,86,,2ND,True,Benfica,Benfica,,,,,1103333.0,Franjo Ivanović,795236.0,Vangelis Pavlidis,,,,,86.0
14131973,2025-12-05,Liga Portugal Betclic,13.0,Benfica,Sporting CP,substitution,regular,86,,2ND,False,Sporting CP,Opponent,,,,,1122835.0,Alisson Santos,830431.0,Francisco Trincão,,,,,86.0
14131973,2025-12-05,Liga Portugal Betclic,13.0,Benfica,Sporting CP,substitution,regular,88,,2ND,True,Benfica,Benfica,,,,,1085740.0,Manu Silva,1087316.0,Enzo Barrenechea,,,,,88.0
14131973,2025-12-05,Liga Portugal Betclic,13.0,Benfica,Sporting CP,injuryTime,,90,0.0,2ND,,,,,,,,,,,,,,,,90.0
14131973,2025-12-05,Liga Portugal Betclic,13.0,Benfica,Sporting CP,varDecision,cardUpgrade,90,,2ND,True,Benfica,Benfica,1201395.0,Gianluca Prestianni,,,,,,,,,,,90.0
14131973,2025-12-05,Liga Portugal Betclic,13.0,Benfica,Sporting CP,card,red,90,2.0,2ND,True,Benfica,Benfica,1201395.0,Gianluca Prestianni,,,,,,,,,,False,92.0
14131973,2025-12-05,Liga Portugal Betclic,13.0,Benfica,Sporting CP,period,,45,999.0,1ST,,,,,,,,,,,,1.0,1.0,,,1044.0
14131973,2025-12-05,Liga Portugal Betclic,13.0,Benfica,Sporting CP,period,,90,999.0,2ND,,,,,,,,,,,,1.0,1.0,,,1089.0
14566737,2025-12-10,UEFA Champions League,6.0,Benfica,SSC Napoli,goal,regular,20,,1ST,True,Benfica,Benfica,1015292.0,Richard Ríos,,,,,,,1.0,0.0,,,20.0
14566737,2025-12-10,UEFA Champions League,6.0,Benfica,SSC Napoli,injuryTime,,45,0.0,1ST,,,,,,,,,,,,,,,,45.0
14566737,2025-12-10,UEFA Champions League,6.0,Benfica,SSC Napoli,substitution,regular,46,,2ND,False,SSC Napoli,Opponent,,,,,235672.0,Matteo Politano,898815.0,Sam Beukema,,,,,46.0
14566737,2025-12-10,UEFA Champions League,6.0,Benfica,SSC Napoli,substitution,regular,46,,2ND,False,SSC Napoli,Opponent,,,,,148899.0,Leonardo Spinazzola,805078.0,Mathías Olivera,,,,,46.0
14566737,2025-12-10,UEFA Champions League,6.0,Benfica,SSC Napoli,goal,regular,49,,2ND,True,Benfica,Benfica,906800.0,Leandro Barreiro,1015292.0,Richard Ríos,,,,,2.0,0.0,,,49.0
14566737,2025-12-10,UEFA Champions League,6.0,Benfica,SSC Napoli,card,yellow,52,,2ND,False,SSC Napoli,Opponent,875136.0,Noa Lang,,,,,,,,,,False,52.0
14566737,2025-12-10,UEFA Champions League,6.0,Benfica,SSC Napoli,substitution,regular,59,,2ND,False,SSC Napoli,Opponent,,,,,108484.0,Juan Jesus,870263.0,Alessandro Buongiorno,,,,,59.0
14566737,2025-12-10,UEFA Champions League,6.0,Benfica,SSC Napoli,substitution,regular,74,,2ND,False,SSC Napoli,Opponent,,,,,962364.0,Lorenzo Lucca,875136.0,Noa Lang,,,,,74.0
14566737,2025-12-10,UEFA Champions League,6.0,Benfica,SSC Napoli,substitution,regular,76,,2ND,True,Benfica,Benfica,,,,,1006069.0,António Silva,1123925.0,Georgiy Sudakov,,,,,76.0
14566737,2025-12-10,UEFA Champions League,6.0,Benfica,SSC Napoli,substitution,regular,76,,2ND,True,Benfica,Benfica,,,,,795236.0,Vangelis Pavlidis,1103333.0,Franjo Ivanović,,,,,76.0
14566737,2025-12-10,UEFA Champions League,6.0,Benfica,SSC Napoli,card,yellow,78,,2ND,True,Benfica,Benfica,1102791.0,Amar Dedić,,,,,,,,,,False,78.0
14566737,2025-12-10,UEFA Champions League,6.0,Benfica,SSC Napoli,substitution,regular,81,,2ND,False,SSC Napoli,Opponent,,,,,1069560.0,Antonio Vergara,838232.0,Eljif Elmas,,,,,81.0
14566737,2025-12-10,UEFA Champions League,6.0,Benfica,SSC Napoli,card,yellow,87,,2ND,False,SSC Napoli,Opponent,1069560.0,Antonio Vergara,,,,,,,,,,False,87.0
14566737,2025-12-10,UEFA Champions League,6.0,Benfica,SSC Napoli,injuryTime,,90,0.0,2ND,,,,,,,,,,,,,,,,90.0
14566737,2025-12-10,UEFA Champions League,6.0,Benfica,SSC Napoli,substitution,regular,90,4.0,2ND,True,Benfica,Benfica,,,,,1410243.0,Tiago Freitas,228364.0,Fredrik Aursnes,,,,,94.0
14566737,2025-12-10,UEFA Champions League,6.0,Benfica,SSC Napoli,substitution,regular,90,5.0,2ND,True,Benfica,Benfica,,,,,1961117.0,José Neto,906800.0,Leandro Barreiro,,,,,95.0
14566737,2025-12-10,UEFA Champions League,6.0,Benfica,SSC Napoli,period,,45,999.0,1ST,,,,,,,,,,,,1.0,0.0,,,1044.0
14566737,2025-12-10,UEFA Champions League,6.0,Benfica,SSC Napoli,period,,90,999.0,2ND,,,,,,,,,,,,2.0,0.0,,,1089.0
14131986,2025-12-14,Liga Portugal Betclic,14.0,Moreirense,Benfica,card,yellow,28,,1ST,True,Moreirense,Opponent,1166006.0,Mateja Stjepanović,,,,,,,,,,False,28.0
14131986,2025-12-14,Liga Portugal Betclic,14.0,Moreirense,Benfica,card,yellow,33,,1ST,True,Moreirense,Opponent,1006995.0,Vasco Sousa,,,,,,,,,,False,33.0
14131986,2025-12-14,Liga Portugal Betclic,14.0,Moreirense,Benfica,goal,regular,36,,1ST,False,Benfica,Benfica,795236.0,Vangelis Pavlidis,228364.0,Fredrik Aursnes,,,,,0.0,1.0,,,36.0
14131986,2025-12-14,Liga Portugal Betclic,14.0,Moreirense,Benfica,injuryTime,,45,0.0,1ST,,,,,,,,,,,,,,,,45.0
14131986,2025-12-14,Liga Portugal Betclic,14.0,Moreirense,Benfica,substitution,injury,46,,2ND,False,Benfica,Benfica,,,,,1184329.0,Rodrigo Rego,906800.0,Leandro Barreiro,,,,,46.0
14131986,2025-12-14,Liga Portugal Betclic,14.0,Moreirense,Benfica,substitution,regular,46,,2ND,True,Moreirense,Opponent,,,,,2030567.0,Afonso Assis,1166006.0,Mateja Stjepanović,,,,,46.0
14131986,2025-12-14,Liga Portugal Betclic,14.0,Moreirense,Benfica,substitution,injury,45,6.0,1ST,True,Moreirense,Opponent,,,,,1142254.0,Rodrigo Alonso,1006995.0,Vasco Sousa,,,,,51.0
14131986,2025-12-14,Liga Portugal Betclic,14.0,Moreirense,Benfica,goal,regular,57,,2ND,False,Benfica,Benfica,795236.0,Vangelis Pavlidis,228364.0,Fredrik Aursnes,,,,,0.0,2.0,,,57.0
14131986,2025-12-14,Liga Portugal Betclic,14.0,Moreirense,Benfica,substitution,regular,66,,2ND,True,Moreirense,Opponent,,,,,1082948.0,Kiko Bondoso,845811.0,Bernardo Martins,,,,,66.0
14131986,2025-12-14,Liga Portugal Betclic,14.0,Moreirense,Benfica,substitution,regular,66,,2ND,True,Moreirense,Opponent,,,,,1115751.0,Luís Semedo,856119.0,Guilherme Schettine,,,,,66.0
14131986,2025-12-14,Liga Portugal Betclic,14.0,Moreirense,Benfica,goal,regular,70,,2ND,False,Benfica,Benfica,795236.0,Vangelis Pavlidis,,,,,,,0.0,3.0,,,70.0
14131986,2025-12-14,Liga Portugal Betclic,14.0,Moreirense,Benfica,goal,regular,76,,2ND,False,Benfica,Benfica,228364.0,Fredrik Aursnes,,,,,,,0.0,4.0,,,76.0
14131986,2025-12-14,Liga Portugal Betclic,14.0,Moreirense,Benfica,substitution,regular,77,,2ND,False,Benfica,Benfica,,,,,1100952.0,Andreas Schjelderup,1123925.0,Georgiy Sudakov,,,,,77.0
14131986,2025-12-14,Liga Portugal Betclic,14.0,Moreirense,Benfica,substitution,regular,77,,2ND,False,Benfica,Benfica,,,,,1103333.0,Franjo Ivanović,795236.0,Vangelis Pavlidis,,,,,77.0
14131986,2025-12-14,Liga Portugal Betclic,14.0,Moreirense,Benfica,substitution,regular,82,,2ND,False,Benfica,Benfica,,,,,1085740.0,Manu Silva,1087316.0,Enzo Barrenechea,,,,,82.0
14131986,2025-12-14,Liga Portugal Betclic,14.0,Moreirense,Benfica,substitution,regular,82,,2ND,True,Moreirense,Opponent,,,,,1175474.0,Álvaro Martínez,1395583.0,Kiko,,,,,82.0
14131986,2025-12-14,Liga Portugal Betclic,14.0,Moreirense,Benfica,substitution,regular,86,,2ND,False,Benfica,Benfica,,,,,1961117.0,José Neto,993101.0,Samuel Dahl,,,,,86.0
14131986,2025-12-14,Liga Portugal Betclic,14.0,Moreirense,Benfica,injuryTime,,90,0.0,2ND,,,,,,,,,,,,,,,,90.0
14131986,2025-12-14,Liga Portugal Betclic,14.0,Moreirense,Benfica,period,,45,999.0,1ST,,,,,,,,,,,,0.0,1.0,,,1044.0
14131986,2025-12-14,Liga Portugal Betclic,14.0,Moreirense,Benfica,period,,90,999.0,2ND,,,,,,,,,,,,0.0,4.0,,,1089.0
15150335,2025-12-17,Taça de Portugal,5.0,SC Farense,Benfica,goal,regular,11,,1ST,False,Benfica,Benfica,1015292.0,Richard Ríos,1123925.0,Georgiy Sudakov,,,,,0.0,1.0,,,11.0
15150335,2025-12-17,Taça de Portugal,5.0,SC Farense,Benfica,inGamePenalty,missed,28,,1ST,False,Benfica,Benfica,74915.0,Nicolás Otamendi,,,,,,,,,,,28.0
15150335,2025-12-17,Taça de Portugal,5.0,SC Farense,Benfica,card,yellow,29,,1ST,True,SC Farense,Opponent,1862608.0,Rafinha,,,,,,,,,,False,29.0
15150335,2025-12-17,Taça de Portugal,5.0,SC Farense,Benfica,substitution,injury,36,,1ST,False,Benfica,Benfica,,,,,228364.0,Fredrik Aursnes,1123925.0,Georgiy Sudakov,,,,,36.0
15150335,2025-12-17,Taça de Portugal,5.0,SC Farense,Benfica,injuryTime,,45,0.0,1ST,,,,,,,,,,,,,,,,45.0
15150335,2025-12-17,Taça de Portugal,5.0,SC Farense,Benfica,card,yellow,46,,2ND,True,SC Farense,Opponent,924860.0,Franco Romero,,,,,,,,,,False,46.0
15150335,2025-12-17,Taça de Portugal,5.0,SC Farense,Benfica,substitution,regular,46,,2ND,True,SC Farense,Opponent,,,,,924860.0,Franco Romero,59751.0,Rúben Fernandes,,,,,46.0
15150335,2025-12-17,Taça de Portugal,5.0,SC Farense,Benfica,substitution,injury,46,,2ND,False,Benfica,Benfica,,,,,966616.0,Anatoliy Trubin,983550.0,Samuel Soares,,,,,46.0
15150335,2025-12-17,Taça de Portugal,5.0,SC Farense,Benfica,varDecision,cardUpgrade,48,,2ND,True,SC Farense,Opponent,924860.0,Franco Romero,,,,,,,,,,,48.0
15150335,2025-12-17,Taça de Portugal,5.0,SC Farense,Benfica,goal,regular,56,,2ND,False,Benfica,Benfica,1103333.0,Franjo Ivanović,,,,,,,0.0,2.0,,,56.0
15150335,2025-12-17,Taça de Portugal,5.0,SC Farense,Benfica,substitution,regular,63,,2ND,True,SC Farense,Opponent,,,,,1397200.0,Dário Miranda,845782.0,Rui Costa,,,,,63.0
15150335,2025-12-17,Taça de Portugal,5.0,SC Farense,Benfica,substitution,regular,63,,2ND,True,SC Farense,Opponent,,,,,836600.0,Darío Poveda,1066011.0,Fran Delgado,,,,,63.0
15150335,2025-12-17,Taça de Portugal,5.0,SC Farense,Benfica,card,yellow,64,,2ND,True,SC Farense,Opponent,1890492.0,Gio Almeida,,,,,,,,,,False,64.0
15150335,2025-12-17,Taça de Portugal,5.0,SC Farense,Benfica,card,yellow,67,,2ND,True,SC Farense,Opponent,1429773.0,Duarte Furtado,,,,,,,,,,False,67.0
15150335,2025-12-17,Taça de Portugal,5.0,SC Farense,Benfica,substitution,regular,69,,2ND,True,SC Farense,Opponent,,,,,941314.0,Bruno Almeida,1163100.0,Miguel Menino,,,,,69.0
15150335,2025-12-17,Taça de Portugal,5.0,SC Farense,Benfica,substitution,regular,73,,2ND,True,SC Farense,Opponent,,,,,893536.0,Diego Dorregaray,829583.0,Jaiminho,,,,,73.0
15150335,2025-12-17,Taça de Portugal,5.0,SC Farense,Benfica,substitution,regular,82,,2ND,False,Benfica,Benfica,,,,,1158353.0,João Rêgo,1100952.0,Andreas Schjelderup,,,,,82.0
15150335,2025-12-17,Taça de Portugal,5.0,SC Farense,Benfica,card,yellow,85,,2ND,False,Benfica,Benfica,1201395.0,Gianluca Prestianni,,,,,,,,,,False,85.0
15150335,2025-12-17,Taça de Portugal,5.0,SC Farense,Benfica,card,yellow,85,,2ND,False,Benfica,Benfica,1015292.0,Richard Ríos,,,,,,,,,,False,85.0
15150335,2025-12-17,Taça de Portugal,5.0,SC Farense,Benfica,substitution,regular,88,,2ND,False,Benfica,Benfica,,,,,1961109.0,Daniel Banjaqui,1201395.0,Gianluca Prestianni,,,,,88.0
15150335,2025-12-17,Taça de Portugal,5.0,SC Farense,Benfica,injuryTime,,90,0.0,2ND,,,,,,,,,,,,,,,,90.0
15150335,2025-12-17,Taça de Portugal,5.0,SC Farense,Benfica,varDecision,goalAwarded,90,7.0,2ND,True,SC Farense,Opponent,924860.0,Franco Romero,,,,,,,,,,,97.0
15150335,2025-12-17,Taça de Portugal,5.0,SC Farense,Benfica,period,,45,999.0,1ST,,,,,,,,,,,,0.0,1.0,,,1044.0
15150335,2025-12-17,Taça de Portugal,5.0,SC Farense,Benfica,period,,90,999.0,2ND,,,,,,,,,,,,0.0,2.0,,,1089.0
14288840,2025-12-22,Liga Portugal Betclic,15.0,Benfica,Famalicão,varDecision,penaltyNotAwarded,31,,1ST,True,Benfica,Benfica,74915.0,Nicolás Otamendi,,,,,,,,,,,31.0
14288840,2025-12-22,Liga Portugal Betclic,15.0,Benfica,Famalicão,card,yellow,33,,1ST,False,Famalicão,Opponent,876255.0,Justin De Haas,,,,,,,,,,False,33.0
14288840,2025-12-22,Liga Portugal Betclic,15.0,Benfica,Famalicão,goal,penalty,34,,1ST,True,Benfica,Benfica,795236.0,Vangelis Pavlidis,,,,,,,1.0,0.0,,,34.0
14288840,2025-12-22,Liga Portugal Betclic,15.0,Benfica,Famalicão,injuryTime,,45,0.0,1ST,,,,,,,,,,,,,,,,45.0
14288840,2025-12-22,Liga Portugal Betclic,15.0,Benfica,Famalicão,substitution,injury,56,,2ND,True,Benfica,Benfica,,,,,1006069.0,António Silva,983542.0,Tomás Araújo,,,,,56.0
14288840,2025-12-22,Liga Portugal Betclic,15.0,Benfica,Famalicão,substitution,regular,69,,2ND,False,Famalicão,Opponent,,,,,1463265.0,Antoine Joujou,190137.0,Rafa Soares,,,,,69.0
14288840,2025-12-22,Liga Portugal Betclic,15.0,Benfica,Famalicão,substitution,regular,69,,2ND,False,Famalicão,Opponent,,,,,1049526.0,Simon Elisor,1511656.0,Mathias De Amorim,,,,,69.0
14288840,2025-12-22,Liga Portugal Betclic,15.0,Benfica,Famalicão,substitution,regular,80,,2ND,False,Famalicão,Opponent,,,,,1195796.0,Romeo Beney,1105595.0,Sorriso,,,,,80.0
14288840,2025-12-22,Liga Portugal Betclic,15.0,Benfica,Famalicão,substitution,regular,81,,2ND,True,Benfica,Benfica,,,,,1184329.0,Rodrigo Rego,1123925.0,Georgiy Sudakov,,,,,81.0
14288840,2025-12-22,Liga Portugal Betclic,15.0,Benfica,Famalicão,substitution,regular,81,,2ND,True,Benfica,Benfica,,,,,1103333.0,Franjo Ivanović,795236.0,Vangelis Pavlidis,,,,,81.0
14288840,2025-12-22,Liga Portugal Betclic,15.0,Benfica,Famalicão,substitution,regular,87,,2ND,True,Benfica,Benfica,,,,,1085740.0,Manu Silva,1201395.0,Gianluca Prestianni,,,,,87.0
14288840,2025-12-22,Liga Portugal Betclic,15.0,Benfica,Famalicão,injuryTime,,90,0.0,2ND,,,,,,,,,,,,,,,,90.0
14288840,2025-12-22,Liga Portugal Betclic,15.0,Benfica,Famalicão,period,,45,999.0,1ST,,,,,,,,,,,,1.0,0.0,,,1044.0
14288840,2025-12-22,Liga Portugal Betclic,15.0,Benfica,Famalicão,period,,90,999.0,2ND,,,,,,,,,,,,1.0,0.0,,,1089.0
14288915,2025-12-28,Liga Portugal Betclic,16.0,Sporting Braga,Benfica,card,yellow,15,,1ST,False,Benfica,Benfica,983542.0,Tomás Araújo,,,,,,,,,,False,15.0
14288915,2025-12-28,Liga Portugal Betclic,16.0,Sporting Braga,Benfica,goal,regular,29,,1ST,False,Benfica,Benfica,74915.0,Nicolás Otamendi,,,,,,,0.0,1.0,,,29.0
14288915,2025-12-28,Liga Portugal Betclic,16.0,Sporting Braga,Benfica,card,yellow,30,,1ST,True,Sporting Braga,Opponent,6562.0,João Moutinho,,,,,,,,,,False,30.0
14288915,2025-12-28,Liga Portugal Betclic,16.0,Sporting Braga,Benfica,goal,penalty,38,,1ST,True,Sporting Braga,Opponent,966575.0,Rodrigo Zalazar,,,,,,,1.0,1.0,,,38.0
14288915,2025-12-28,Liga Portugal Betclic,16.0,Sporting Braga,Benfica,injuryTime,,45,0.0,1ST,,,,,,,,,,,,,,,,45.0
14288915,2025-12-28,Liga Portugal Betclic,16.0,Sporting Braga,Benfica,goal,regular,45,1.0,1ST,True,Sporting Braga,Opponent,1031567.0,Pau Víctor,,,,,,,2.0,1.0,,,46.0
14288915,2025-12-28,Liga Portugal Betclic,16.0,Sporting Braga,Benfica,goal,regular,53,,2ND,False,Benfica,Benfica,228364.0,Fredrik Aursnes,795236.0,Vangelis Pavlidis,,,,,2.0,2.0,,,53.0
14288915,2025-12-28,Liga Portugal Betclic,16.0,Sporting Braga,Benfica,card,yellow,65,,2ND,True,Sporting Braga,Opponent,314380.0,Ricardo Horta,,,,,,,,,,False,65.0
14288915,2025-12-28,Liga Portugal Betclic,16.0,Sporting Braga,Benfica,card,yellow,74,,2ND,False,Benfica,Benfica,1015292.0,Richard Ríos,,,,,,,,,,False,74.0
14288915,2025-12-28,Liga Portugal Betclic,16.0,Sporting Braga,Benfica,substitution,regular,77,,2ND,True,Sporting Braga,Opponent,,,,,186719.0,Florian Grillitsch,6562.0,João Moutinho,,,,,77.0
14288915,2025-12-28,Liga Portugal Betclic,16.0,Sporting Braga,Benfica,substitution,regular,77,,2ND,True,Sporting Braga,Opponent,,,,,1134430.0,Gabriel Martínez,1396015.0,Mario Dorgeles,,,,,77.0
14288915,2025-12-28,Liga Portugal Betclic,16.0,Sporting Braga,Benfica,substitution,regular,77,,2ND,True,Sporting Braga,Opponent,,,,,914772.0,Fran Navarro,1031567.0,Pau Víctor,,,,,77.0
14288915,2025-12-28,Liga Portugal Betclic,16.0,Sporting Braga,Benfica,substitution,regular,80,,2ND,False,Benfica,Benfica,,,,,1103333.0,Franjo Ivanović,906800.0,Leandro Barreiro,,,,,80.0
14288915,2025-12-28,Liga Portugal Betclic,16.0,Sporting Braga,Benfica,substitution,regular,80,,2ND,False,Benfica,Benfica,,,,,1201395.0,Gianluca Prestianni,1123925.0,Georgiy Sudakov,,,,,80.0
14288915,2025-12-28,Liga Portugal Betclic,16.0,Sporting Braga,Benfica,substitution,regular,86,,2ND,True,Sporting Braga,Opponent,,,,,1485309.0,Gabriel Moscardo,966575.0,Rodrigo Zalazar,,,,,86.0
14288915,2025-12-28,Liga Portugal Betclic,16.0,Sporting Braga,Benfica,card,yellow,88,,2ND,True,Sporting Braga,Opponent,1485309.0,Gabriel Moscardo,,,,,,,,,,False,88.0
14288915,2025-12-28,Liga Portugal Betclic,16.0,Sporting Braga,Benfica,injuryTime,,90,0.0,2ND,,,,,,,,,,,,,,,,90.0
14288915,2025-12-28,Liga Portugal Betclic,16.0,Sporting Braga,Benfica,card,yellowRed,90,3.0,2ND,True,Sporting Braga,Opponent,314380.0,Ricardo Horta,,,,,,,,,,False,93.0
14288915,2025-12-28,Liga Portugal Betclic,16.0,Sporting Braga,Benfica,substitution,regular,90,6.0,2ND,True,Sporting Braga,Opponent,,,,,106751.0,Paulo Oliveira,877918.0,Victor Gómez,,,,,96.0
14288915,2025-12-28,Liga Portugal Betclic,16.0,Sporting Braga,Benfica,period,,45,999.0,1ST,,,,,,,,,,,,2.0,1.0,,,1044.0
14288915,2025-12-28,Liga Portugal Betclic,16.0,Sporting Braga,Benfica,period,,90,999.0,2ND,,,,,,,,,,,,2.0,2.0,,,1089.0
14288921,2026-01-03,Liga Portugal Betclic,17.0,Benfica,Estoril Praia,varDecision,penaltyNotAwarded,31,,1ST,True,Benfica,Benfica,1123925.0,Georgiy Sudakov,,,,,,,,,,,31.0
14288921,2026-01-03,Liga Portugal Betclic,17.0,Benfica,Estoril Praia,goal,penalty,34,,1ST,True,Benfica,Benfica,795236.0,Vangelis Pavlidis,,,,,,,1.0,0.0,,,34.0
14288921,2026-01-03,Liga Portugal Betclic,17.0,Benfica,Estoril Praia,injuryTime,,45,0.0,1ST,,,,,,,,,,,,,,,,45.0
14288921,2026-01-03,Liga Portugal Betclic,17.0,Benfica,Estoril Praia,goal,regular,45,1.0,1ST,True,Benfica,Benfica,795236.0,Vangelis Pavlidis,906800.0,Leandro Barreiro,,,,,2.0,0.0,,,46.0
14288921,2026-01-03,Liga Portugal Betclic,17.0,Benfica,Estoril Praia,goal,regular,45,3.0,1ST,False,Estoril Praia,Opponent,548044.0,João Carvalho,826210.0,Rafik Guitane,,,,,2.0,1.0,,,48.0
14288921,2026-01-03,Liga Portugal Betclic,17.0,Benfica,Estoril Praia,substitution,regular,59,,2ND,False,Estoril Praia,Opponent,,,,,994532.0,Antef Tsoungui,986726.0,Ricard Sánchez,,,,,59.0
14288921,2026-01-03,Liga Portugal Betclic,17.0,Benfica,Estoril Praia,substitution,regular,66,,2ND,False,Estoril Praia,Opponent,,,,,1190120.0,Fabrício Garcia,929894.0,Alejandro Marqués,,,,,66.0
14288921,2026-01-03,Liga Portugal Betclic,17.0,Benfica,Estoril Praia,card,yellow,69,,2ND,False,Estoril Praia,Opponent,943525.0,Felix Bacher,,,,,,,,,,False,69.0
14288921,2026-01-03,Liga Portugal Betclic,17.0,Benfica,Estoril Praia,substitution,injury,77,,2ND,False,Estoril Praia,Opponent,,,,,1403144.0,Tiago Parente,834247.0,Pedro Amaral,,,,,77.0
14288921,2026-01-03,Liga Portugal Betclic,17.0,Benfica,Estoril Praia,substitution,regular,77,,2ND,False,Estoril Praia,Opponent,,,,,77725.0,Pizzi,877920.0,Jandro Orellana,,,,,77.0
14288921,2026-01-03,Liga Portugal Betclic,17.0,Benfica,Estoril Praia,substitution,regular,77,,2ND,True,Benfica,Benfica,,,,,228364.0,Fredrik Aursnes,1123925.0,Georgiy Sudakov,,,,,77.0
14288921,2026-01-03,Liga Portugal Betclic,17.0,Benfica,Estoril Praia,substitution,regular,77,,2ND,True,Benfica,Benfica,,,,,1117723.0,Sidny Lopes Cabral,1201395.0,Gianluca Prestianni,,,,,77.0
14288921,2026-01-03,Liga Portugal Betclic,17.0,Benfica,Estoril Praia,goal,regular,80,,2ND,True,Benfica,Benfica,795236.0,Vangelis Pavlidis,,,,,,,3.0,1.0,,,80.0
14288921,2026-01-03,Liga Portugal Betclic,17.0,Benfica,Estoril Praia,substitution,regular,87,,2ND,True,Benfica,Benfica,,,,,1103333.0,Franjo Ivanović,795236.0,Vangelis Pavlidis,,,,,87.0
14288921,2026-01-03,Liga Portugal Betclic,17.0,Benfica,Estoril Praia,card,yellow,87,,2ND,False,Estoril Praia,Opponent,1403144.0,Tiago Parente,,,,,,,,,,False,87.0
14288921,2026-01-03,Liga Portugal Betclic,17.0,Benfica,Estoril Praia,injuryTime,,90,0.0,2ND,,,,,,,,,,,,,,,,90.0
14288921,2026-01-03,Liga Portugal Betclic,17.0,Benfica,Estoril Praia,substitution,regular,90,2.0,2ND,True,Benfica,Benfica,,,,,1158353.0,João Rêgo,906800.0,Leandro Barreiro,,,,,92.0
14288921,2026-01-03,Liga Portugal Betclic,17.0,Benfica,Estoril Praia,period,,45,999.0,1ST,,,,,,,,,,,,2.0,1.0,,,1044.0
14288921,2026-01-03,Liga Portugal Betclic,17.0,Benfica,Estoril Praia,period,,90,999.0,2ND,,,,,,,,,,,,3.0,1.0,,,1089.0
15014414,2026-01-07,Taca da Liga,28.0,Benfica,Sporting Braga,card,yellow,11,,1ST,True,Benfica,Benfica,74915.0,Nicolás Otamendi,,,,,,,,,,False,11.0
15014414,2026-01-07,Taca da Liga,28.0,Benfica,Sporting Braga,varDecision,penaltyAwarded,11,,1ST,False,Sporting Braga,Opponent,966575.0,Rodrigo Zalazar,,,,,,,,,,,11.0
15014414,2026-01-07,Taca da Liga,28.0,Benfica,Sporting Braga,goal,regular,19,,1ST,False,Sporting Braga,Opponent,1031567.0,Pau Víctor,966575.0,Rodrigo Zalazar,,,,,0.0,1.0,,,19.0
15014414,2026-01-07,Taca da Liga,28.0,Benfica,Sporting Braga,card,yellow,32,,1ST,False,Sporting Braga,Opponent,963744.0,Lukáš Horníček,,,,,,,,,,False,32.0
15014414,2026-01-07,Taca da Liga,28.0,Benfica,Sporting Braga,goal,regular,33,,1ST,False,Sporting Braga,Opponent,966575.0,Rodrigo Zalazar,1396015.0,Mario Dorgeles,,,,,0.0,2.0,,,33.0
15014414,2026-01-07,Taca da Liga,28.0,Benfica,Sporting Braga,injuryTime,,45,0.0,1ST,,,,,,,,,,,,,,,,45.0
15014414,2026-01-07,Taca da Liga,28.0,Benfica,Sporting Braga,substitution,regular,46,,2ND,True,Benfica,Benfica,,,,,1201395.0,Gianluca Prestianni,1085740.0,Manu Silva,,,,,46.0
15014414,2026-01-07,Taca da Liga,28.0,Benfica,Sporting Braga,card,yellow,48,,2ND,False,Sporting Braga,Opponent,887754.0,Vítor Carvalho,,,,,,,,,,False,48.0
15014414,2026-01-07,Taca da Liga,28.0,Benfica,Sporting Braga,substitution,regular,59,,2ND,False,Sporting Braga,Opponent,,,,,914772.0,Fran Navarro,1031567.0,Pau Víctor,,,,,59.0
15014414,2026-01-07,Taca da Liga,28.0,Benfica,Sporting Braga,substitution,regular,59,,2ND,False,Sporting Braga,Opponent,,,,,877918.0,Victor Gómez,1396015.0,Mario Dorgeles,,,,,59.0
15014414,2026-01-07,Taca da Liga,28.0,Benfica,Sporting Braga,substitution,regular,59,,2ND,False,Sporting Braga,Opponent,,,,,106751.0,Paulo Oliveira,887754.0,Vítor Carvalho,,,,,59.0
15014414,2026-01-07,Taca da Liga,28.0,Benfica,Sporting Braga,substitution,regular,64,,2ND,True,Benfica,Benfica,,,,,1117723.0,Sidny Lopes Cabral,1123925.0,Georgiy Sudakov,,,,,64.0
15014414,2026-01-07,Taca da Liga,28.0,Benfica,Sporting Braga,goal,penalty,64,,2ND,True,Benfica,Benfica,795236.0,Vangelis Pavlidis,,,,,,,1.0,2.0,,,64.0
15014414,2026-01-07,Taca da Liga,28.0,Benfica,Sporting Braga,card,yellow,69,,2ND,True,Benfica,Benfica,1201395.0,Gianluca Prestianni,,,,,,,,,,False,69.0
15014414,2026-01-07,Taca da Liga,28.0,Benfica,Sporting Braga,card,yellow,72,,2ND,False,Sporting Braga,Opponent,965263.0,Gustaf Lagerbielke,,,,,,,,,,False,72.0
15014414,2026-01-07,Taca da Liga,28.0,Benfica,Sporting Braga,card,yellow,78,,2ND,False,Sporting Braga,Opponent,914772.0,Fran Navarro,,,,,,,,,,False,78.0
15014414,2026-01-07,Taca da Liga,28.0,Benfica,Sporting Braga,substitution,regular,80,,2ND,True,Benfica,Benfica,,,,,1103333.0,Franjo Ivanović,228364.0,Fredrik Aursnes,,,,,80.0
15014414,2026-01-07,Taca da Liga,28.0,Benfica,Sporting Braga,goal,regular,81,,2ND,False,Sporting Braga,Opponent,965263.0,Gustaf Lagerbielke,,,,,,,1.0,3.0,,,81.0
15014414,2026-01-07,Taca da Liga,28.0,Benfica,Sporting Braga,substitution,regular,85,,2ND,False,Sporting Braga,Opponent,,,,,1485309.0,Gabriel Moscardo,966575.0,Rodrigo Zalazar,,,,,85.0
15014414,2026-01-07,Taca da Liga,28.0,Benfica,Sporting Braga,card,yellowRed,89,,2ND,True,Benfica,Benfica,74915.0,Nicolás Otamendi,,,,,,,,,,False,89.0
15014414,2026-01-07,Taca da Liga,28.0,Benfica,Sporting Braga,injuryTime,,90,0.0,2ND,,,,,,,,,,,,,,,,90.0
15014414,2026-01-07,Taca da Liga,28.0,Benfica,Sporting Braga,substitution,regular,90,1.0,2ND,False,Sporting Braga,Opponent,,,,,1184326.0,Diego Rodrigues,314380.0,Ricardo Horta,,,,,91.0
15014414,2026-01-07,Taca da Liga,28.0,Benfica,Sporting Braga,period,,45,999.0,1ST,,,,,,,,,,,,0.0,2.0,,,1044.0
15014414,2026-01-07,Taca da Liga,28.0,Benfica,Sporting Braga,period,,90,999.0,2ND,,,,,,,,,,,,1.0,3.0,,,1089.0
15267916,2026-01-14,Taça de Portugal,27.0,FC Porto,Benfica,card,yellow,-5,,1ST,False,Benfica,Benfica,1201395.0,Gianluca Prestianni,,,,,,,,,,False,-5.0
15267916,2026-01-14,Taça de Portugal,27.0,FC Porto,Benfica,card,yellow,-5,,1ST,True,FC Porto,Opponent,1010505.0,Gabri Veiga,,,,,,,,,,False,-5.0
15267916,2026-01-14,Taça de Portugal,27.0,FC Porto,Benfica,goal,regular,15,,1ST,True,FC Porto,Opponent,286085.0,Jan Bednarek,1010505.0,Gabri Veiga,,,,,1.0,0.0,,,15.0
15267916,2026-01-14,Taça de Portugal,27.0,FC Porto,Benfica,card,yellow,39,,1ST,False,Benfica,Benfica,1015292.0,Richard Ríos,,,,,,,,,,False,39.0
15267916,2026-01-14,Taça de Portugal,27.0,FC Porto,Benfica,substitution,injury,44,,1ST,False,Benfica,Benfica,,,,,1123925.0,Georgiy Sudakov,1015292.0,Richard Ríos,,,,,44.0
15267916,2026-01-14,Taça de Portugal,27.0,FC Porto,Benfica,injuryTime,,45,0.0,1ST,,,,,,,,,,,,,,,,45.0
15267916,2026-01-14,Taça de Portugal,27.0,FC Porto,Benfica,card,yellow,45,2.0,1ST,False,Benfica,Benfica,795236.0,Vangelis Pavlidis,,,,,,,,,,False,47.0
15267916,2026-01-14,Taça de Portugal,27.0,FC Porto,Benfica,card,yellow,45,3.0,1ST,True,FC Porto,Opponent,1503836.0,Samu Aghehowa,,,,,,,,,,False,48.0
15267916,2026-01-14,Taça de Portugal,27.0,FC Porto,Benfica,card,yellow,45,3.0,1ST,False,Benfica,Benfica,1102791.0,Amar Dedić,,,,,,,,,,False,48.0
15267916,2026-01-14,Taça de Portugal,27.0,FC Porto,Benfica,card,yellow,45,7.0,1ST,True,FC Porto,Opponent,286085.0,Jan Bednarek,,,,,,,,,,False,52.0
15267916,2026-01-14,Taça de Portugal,27.0,FC Porto,Benfica,substitution,regular,62,,2ND,True,FC Porto,Opponent,,,,,1410240.0,Rodrigo Mora,1010505.0,Gabri Veiga,,,,,62.0
15267916,2026-01-14,Taça de Portugal,27.0,FC Porto,Benfica,substitution,regular,62,,2ND,True,FC Porto,Opponent,,,,,1639250.0,William Gomes,992567.0,Borja Sainz,,,,,62.0
15267916,2026-01-14,Taça de Portugal,27.0,FC Porto,Benfica,card,yellow,68,,2ND,False,Benfica,Benfica,983542.0,Tomás Araújo,,,,,,,,,,False,68.0
15267916,2026-01-14,Taça de Portugal,27.0,FC Porto,Benfica,card,yellow,68,,2ND,True,FC Porto,Opponent,882664.0,Pepê,,,,,,,,,,False,68.0
15267916,2026-01-14,Taça de Portugal,27.0,FC Porto,Benfica,substitution,regular,74,,2ND,False,Benfica,Benfica,,,,,1100952.0,Andreas Schjelderup,1201395.0,Gianluca Prestianni,,,,,74.0
15267916,2026-01-14,Taça de Portugal,27.0,FC Porto,Benfica,substitution,regular,76,,2ND,True,FC Porto,Opponent,,,,,1160957.0,Alberto Costa,1142585.0,Martim Fernandes,,,,,76.0
15267916,2026-01-14,Taça de Portugal,27.0,FC Porto,Benfica,substitution,injury,76,,2ND,True,FC Porto,Opponent,,,,,1066560.0,Alan Varela,286085.0,Jan Bednarek,,,,,76.0
15267916,2026-01-14,Taça de Portugal,27.0,FC Porto,Benfica,substitution,regular,83,,2ND,False,Benfica,Benfica,,,,,1103333.0,Franjo Ivanović,1117723.0,Sidny Lopes Cabral,,,,,83.0
15267916,2026-01-14,Taça de Portugal,27.0,FC Porto,Benfica,card,yellow,85,,2ND,True,FC Porto,Opponent,1410240.0,Rodrigo Mora,,,,,,,,,,False,85.0
15267916,2026-01-14,Taça de Portugal,27.0,FC Porto,Benfica,substitution,regular,88,,2ND,True,FC Porto,Opponent,,,,,886223.0,Stephen Eustaquio,882664.0,Pepê,,,,,88.0
15267916,2026-01-14,Taça de Portugal,27.0,FC Porto,Benfica,injuryTime,,90,0.0,2ND,,,,,,,,,,,,,,,,90.0
15267916,2026-01-14,Taça de Portugal,27.0,FC Porto,Benfica,card,yellow,90,6.0,2ND,False,Benfica,Benfica,228364.0,Fredrik Aursnes,,,,,,,,,,False,96.0
15267916,2026-01-14,Taça de Portugal,27.0,FC Porto,Benfica,card,yellow,90,7.0,2ND,False,Benfica,Benfica,906800.0,Leandro Barreiro,,,,,,,,,,False,97.0
15267916,2026-01-14,Taça de Portugal,27.0,FC Porto,Benfica,period,,45,999.0,1ST,,,,,,,,,,,,1.0,0.0,,,1044.0
15267916,2026-01-14,Taça de Portugal,27.0,FC Porto,Benfica,period,,90,999.0,2ND,,,,,,,,,,,,1.0,0.0,,,1089.0
14288934,2026-01-17,Liga Portugal Betclic,18.0,Rio Ave,Benfica,goal,regular,16,,1ST,False,Benfica,Benfica,906800.0,Leandro Barreiro,1123925.0,Georgiy Sudakov,,,,,0.0,1.0,,,16.0
14288934,2026-01-17,Liga Portugal Betclic,18.0,Rio Ave,Benfica,varDecision,penaltyAwarded,23,,1ST,False,Benfica,Benfica,1102791.0,Amar Dedić,,,,,,,,,,,23.0
14288934,2026-01-17,Liga Portugal Betclic,18.0,Rio Ave,Benfica,goal,ownGoal,25,,1ST,False,Benfica,Benfica,1005992.0,Andreas Ndoj,,,,,,,0.0,2.0,,,25.0
14288934,2026-01-17,Liga Portugal Betclic,18.0,Rio Ave,Benfica,injuryTime,,45,0.0,1ST,,,,,,,,,,,,,,,,45.0
14288934,2026-01-17,Liga Portugal Betclic,18.0,Rio Ave,Benfica,card,yellow,59,,2ND,False,Benfica,Benfica,1100952.0,Andreas Schjelderup,,,,,,,,,,False,59.0
14288934,2026-01-17,Liga Portugal Betclic,18.0,Rio Ave,Benfica,substitution,regular,62,,2ND,False,Benfica,Benfica,,,,,1117723.0,Sidny Lopes Cabral,1100952.0,Andreas Schjelderup,,,,,62.0
14288934,2026-01-17,Liga Portugal Betclic,18.0,Rio Ave,Benfica,card,yellow,66,,2ND,True,Rio Ave,Opponent,1005992.0,Andreas Ndoj,,,,,,,,,,False,66.0
14288934,2026-01-17,Liga Portugal Betclic,18.0,Rio Ave,Benfica,substitution,regular,72,,2ND,True,Rio Ave,Opponent,,,,,1196014.0,Antonis Papakanellos,1100204.0,Nikolaos Athanasiou,,,,,72.0
14288934,2026-01-17,Liga Portugal Betclic,18.0,Rio Ave,Benfica,substitution,regular,73,,2ND,True,Rio Ave,Opponent,,,,,930273.0,Ole Pohlmann,1133282.0,André Luiz,,,,,73.0
14288934,2026-01-17,Liga Portugal Betclic,18.0,Rio Ave,Benfica,substitution,regular,73,,2ND,True,Rio Ave,Opponent,,,,,1393242.0,Tamás Nikitscher,1005992.0,Andreas Ndoj,,,,,73.0
14288934,2026-01-17,Liga Portugal Betclic,18.0,Rio Ave,Benfica,substitution,regular,78,,2ND,False,Benfica,Benfica,,,,,1158353.0,João Rêgo,1201395.0,Gianluca Prestianni,,,,,78.0
14288934,2026-01-17,Liga Portugal Betclic,18.0,Rio Ave,Benfica,substitution,regular,80,,2ND,True,Rio Ave,Opponent,,,,,1176881.0,Diogo Bezerra,826024.0,Dario Špikić,,,,,80.0
14288934,2026-01-17,Liga Portugal Betclic,18.0,Rio Ave,Benfica,substitution,regular,80,,2ND,True,Rio Ave,Opponent,,,,,946909.0,Georgios Liavas,1020203.0,Brandon Aguilera,,,,,80.0
14288934,2026-01-17,Liga Portugal Betclic,18.0,Rio Ave,Benfica,substitution,regular,90,,2ND,False,Benfica,Benfica,,,,,1085740.0,Manu Silva,1123925.0,Georgiy Sudakov,,,,,90.0
14288934,2026-01-17,Liga Portugal Betclic,18.0,Rio Ave,Benfica,injuryTime,,90,0.0,2ND,,,,,,,,,,,,,,,,90.0
14288934,2026-01-17,Liga Portugal Betclic,18.0,Rio Ave,Benfica,card,yellow,90,1.0,2ND,False,Benfica,Benfica,993101.0,Samuel Dahl,,,,,,,,,,False,91.0
14288934,2026-01-17,Liga Portugal Betclic,18.0,Rio Ave,Benfica,period,,45,999.0,1ST,,,,,,,,,,,,0.0,2.0,,,1044.0
14288934,2026-01-17,Liga Portugal Betclic,18.0,Rio Ave,Benfica,period,,90,999.0,2ND,,,,,,,,,,,,0.0,2.0,,,1089.0
14566765,2026-01-21,UEFA Champions League,7.0,Juventus,Benfica,substitution,regular,46,,2ND,True,Juventus,Opponent,,,,,979222.0,Francisco Conceição,1010223.0,Fabio Miretti,,,,,46.0
14566765,2026-01-21,UEFA Champions League,7.0,Juventus,Benfica,card,yellow,49,,2ND,True,Juventus,Opponent,363860.0,Manuel Locatelli,,,,,,,,,,False,49.0
14566765,2026-01-21,UEFA Champions League,7.0,Juventus,Benfica,goal,regular,55,,2ND,True,Juventus,Opponent,904832.0,Khéphren Thuram,,,,,,,1.0,0.0,,,55.0
14566765,2026-01-21,UEFA Champions League,7.0,Juventus,Benfica,goal,regular,64,,2ND,True,Juventus,Opponent,881931.0,Weston McKennie,935564.0,Jonathan David,,,,,2.0,0.0,,,64.0
14566765,2026-01-21,UEFA Champions League,7.0,Juventus,Benfica,substitution,regular,69,,2ND,False,Benfica,Benfica,,,,,1087316.0,Enzo Barrenechea,1123925.0,Georgiy Sudakov,,,,,69.0
14566765,2026-01-21,UEFA Champions League,7.0,Juventus,Benfica,substitution,regular,69,,2ND,False,Benfica,Benfica,,,,,1103333.0,Franjo Ivanović,1100952.0,Andreas Schjelderup,,,,,69.0
14566765,2026-01-21,UEFA Champions League,7.0,Juventus,Benfica,substitution,regular,70,,2ND,True,Juventus,Opponent,,,,,988037.0,Juan Cabal,917048.0,Andrea Cambiaso,,,,,70.0
14566765,2026-01-21,UEFA Champions League,7.0,Juventus,Benfica,substitution,regular,70,,2ND,True,Juventus,Opponent,,,,,835480.0,Loïs Openda,935564.0,Jonathan David,,,,,70.0
14566765,2026-01-21,UEFA Champions League,7.0,Juventus,Benfica,substitution,injury,77,,2ND,False,Benfica,Benfica,,,,,1158353.0,João Rêgo,1201395.0,Gianluca Prestianni,,,,,77.0
14566765,2026-01-21,UEFA Champions League,7.0,Juventus,Benfica,varDecision,penaltyNotAwarded,80,,2ND,False,Benfica,Benfica,906800.0,Leandro Barreiro,,,,,,,,,,,80.0
14566765,2026-01-21,UEFA Champions League,7.0,Juventus,Benfica,inGamePenalty,missed,81,,2ND,False,Benfica,Benfica,795236.0,Vangelis Pavlidis,,,,,,,,,,,81.0
14566765,2026-01-21,UEFA Champions League,7.0,Juventus,Benfica,substitution,regular,82,,2ND,True,Juventus,Opponent,,,,,126588.0,Filip Kostić,1149011.0,Kenan Yıldız,,,,,82.0
14566765,2026-01-21,UEFA Champions League,7.0,Juventus,Benfica,substitution,regular,87,,2ND,True,Juventus,Opponent,,,,,803033.0,Teun Koopmeiners,363860.0,Manuel Locatelli,,,,,87.0
14566765,2026-01-21,UEFA Champions League,7.0,Juventus,Benfica,card,yellow,88,,2ND,True,Juventus,Opponent,865167.0,Lloyd Kelly,,,,,,,,,,False,88.0
14566765,2026-01-21,UEFA Champions League,7.0,Juventus,Benfica,injuryTime,,90,0.0,2ND,,,,,,,,,,,,,,,,90.0
14566765,2026-01-21,UEFA Champions League,7.0,Juventus,Benfica,period,,45,999.0,1ST,,,,,,,,,,,,0.0,0.0,,,1044.0
14566765,2026-01-21,UEFA Champions League,7.0,Juventus,Benfica,period,,90,999.0,2ND,,,,,,,,,,,,2.0,0.0,,,1089.0
14288958,2026-01-25,Liga Portugal Betclic,19.0,Benfica,CF Estrela Amadora,card,yellow,15,,1ST,False,CF Estrela Amadora,Opponent,989449.0,Kevin Höög Jansson,,,,,,,,,,False,15.0
14288958,2026-01-25,Liga Portugal Betclic,19.0,Benfica,CF Estrela Amadora,card,yellow,33,,1ST,False,CF Estrela Amadora,Opponent,910316.0,Ianis Stoica,,,,,,,,,,False,33.0
14288958,2026-01-25,Liga Portugal Betclic,19.0,Benfica,CF Estrela Amadora,card,yellow,37,,1ST,True,Benfica,Benfica,1087316.0,Enzo Barrenechea,,,,,,,,,,False,37.0
14288958,2026-01-25,Liga Portugal Betclic,19.0,Benfica,CF Estrela Amadora,goal,regular,42,,1ST,True,Benfica,Benfica,795236.0,Vangelis Pavlidis,1117723.0,Sidny Lopes Cabral,,,,,1.0,0.0,,,42.0
14288958,2026-01-25,Liga Portugal Betclic,19.0,Benfica,CF Estrela Amadora,card,yellow,45,,1ST,True,Benfica,Benfica,228364.0,Fredrik Aursnes,,,,,,,,,,False,45.0
14288958,2026-01-25,Liga Portugal Betclic,19.0,Benfica,CF Estrela Amadora,card,yellow,45,,1ST,True,Benfica,Benfica,1006069.0,António Silva,,,,,,,,,,False,45.0
14288958,2026-01-25,Liga Portugal Betclic,19.0,Benfica,CF Estrela Amadora,injuryTime,,45,0.0,1ST,,,,,,,,,,,,,,,,45.0
14288958,2026-01-25,Liga Portugal Betclic,19.0,Benfica,CF Estrela Amadora,substitution,regular,46,,2ND,True,Benfica,Benfica,,,,,906800.0,Leandro Barreiro,1087316.0,Enzo Barrenechea,,,,,46.0
14288958,2026-01-25,Liga Portugal Betclic,19.0,Benfica,CF Estrela Amadora,card,yellow,52,,2ND,False,CF Estrela Amadora,Opponent,851283.0,Jefferson Encada,,,,,,,,,,False,52.0
14288958,2026-01-25,Liga Portugal Betclic,19.0,Benfica,CF Estrela Amadora,goal,penalty,55,,2ND,True,Benfica,Benfica,795236.0,Vangelis Pavlidis,,,,,,,2.0,0.0,,,55.0
14288958,2026-01-25,Liga Portugal Betclic,19.0,Benfica,CF Estrela Amadora,substitution,regular,56,,2ND,False,CF Estrela Amadora,Opponent,,,,,2368703.0,Eddy Doué,1210450.0,Tom Moustier,,,,,56.0
14288958,2026-01-25,Liga Portugal Betclic,19.0,Benfica,CF Estrela Amadora,goal,regular,58,,2ND,True,Benfica,Benfica,1117723.0,Sidny Lopes Cabral,,,,,,,3.0,0.0,,,58.0
14288958,2026-01-25,Liga Portugal Betclic,19.0,Benfica,CF Estrela Amadora,substitution,regular,60,,2ND,True,Benfica,Benfica,,,,,1100952.0,Andreas Schjelderup,1201395.0,Gianluca Prestianni,,,,,60.0
14288958,2026-01-25,Liga Portugal Betclic,19.0,Benfica,CF Estrela Amadora,substitution,injury,65,,2ND,False,CF Estrela Amadora,Opponent,,,,,2037671.0,Alex Sola,989449.0,Kevin Höög Jansson,,,,,65.0
14288958,2026-01-25,Liga Portugal Betclic,19.0,Benfica,CF Estrela Amadora,substitution,regular,73,,2ND,True,Benfica,Benfica,,,,,252577.0,Rafa Silva,1123925.0,Georgiy Sudakov,,,,,73.0
14288958,2026-01-25,Liga Portugal Betclic,19.0,Benfica,CF Estrela Amadora,substitution,regular,73,,2ND,True,Benfica,Benfica,,,,,1146008.0,Diogo Prioste,228364.0,Fredrik Aursnes,,,,,73.0
14288958,2026-01-25,Liga Portugal Betclic,19.0,Benfica,CF Estrela Amadora,substitution,regular,75,,2ND,False,CF Estrela Amadora,Opponent,,,,,1864305.0,Alisson Souza de Jesus,1164070.0,Jorge Meireles,,,,,75.0
14288958,2026-01-25,Liga Portugal Betclic,19.0,Benfica,CF Estrela Amadora,substitution,regular,75,,2ND,False,CF Estrela Amadora,Opponent,,,,,2058164.0,Robinho,1158547.0,Leandro Antonetti,,,,,75.0
14288958,2026-01-25,Liga Portugal Betclic,19.0,Benfica,CF Estrela Amadora,substitution,regular,75,,2ND,False,CF Estrela Amadora,Opponent,,,,,801339.0,Rodrigo Pinho,910316.0,Ianis Stoica,,,,,75.0
14288958,2026-01-25,Liga Portugal Betclic,19.0,Benfica,CF Estrela Amadora,card,yellow,76,,2ND,False,CF Estrela Amadora,Opponent,1090646.0,Paulo Moreira,,,,,,,,,,False,76.0
14288958,2026-01-25,Liga Portugal Betclic,19.0,Benfica,CF Estrela Amadora,substitution,regular,83,,2ND,True,Benfica,Benfica,,,,,2163561.0,Anísio Cabral,795236.0,Vangelis Pavlidis,,,,,83.0
14288958,2026-01-25,Liga Portugal Betclic,19.0,Benfica,CF Estrela Amadora,goal,regular,84,,2ND,True,Benfica,Benfica,2163561.0,Anísio Cabral,,,,,,,4.0,0.0,,,84.0
14288958,2026-01-25,Liga Portugal Betclic,19.0,Benfica,CF Estrela Amadora,injuryTime,,90,0.0,2ND,,,,,,,,,,,,,,,,90.0
14288958,2026-01-25,Liga Portugal Betclic,19.0,Benfica,CF Estrela Amadora,period,,45,999.0,1ST,,,,,,,,,,,,1.0,0.0,,,1044.0
14288958,2026-01-25,Liga Portugal Betclic,19.0,Benfica,CF Estrela Amadora,period,,90,999.0,2ND,,,,,,,,,,,,4.0,0.0,,,1089.0
14566735,2026-01-28,UEFA Champions League,8.0,Benfica,Real Madrid,card,yellow,3,,1ST,False,Real Madrid,Opponent,859025.0,Aurélien Tchouaméni,,,,,,,,,,False,3.0
14566735,2026-01-28,UEFA Champions League,8.0,Benfica,Real Madrid,card,yellow,10,,1ST,True,Benfica,Benfica,906800.0,Leandro Barreiro,,,,,,,,,,False,10.0
14566735,2026-01-28,UEFA Champions League,8.0,Benfica,Real Madrid,varDecision,penaltyAwarded,17,,1ST,True,Benfica,Benfica,1201395.0,Gianluca Prestianni,,,,,,,,,,,17.0
14566735,2026-01-28,UEFA Champions League,8.0,Benfica,Real Madrid,goal,regular,30,,1ST,False,Real Madrid,Opponent,826643.0,Kylian Mbappé,1156645.0,Raúl Asencio,,,,,0.0,1.0,,,30.0
14566735,2026-01-28,UEFA Champions League,8.0,Benfica,Real Madrid,goal,regular,36,,1ST,True,Benfica,Benfica,1100952.0,Andreas Schjelderup,795236.0,Vangelis Pavlidis,,,,,1.0,1.0,,,36.0
14566735,2026-01-28,UEFA Champions League,8.0,Benfica,Real Madrid,injuryTime,,45,0.0,1ST,,,,,,,,,,,,,,,,45.0
14566735,2026-01-28,UEFA Champions League,8.0,Benfica,Real Madrid,card,yellow,45,4.0,1ST,False,Real Madrid,Opponent,1156645.0,Raúl Asencio,,,,,,,,,,False,49.0
14566735,2026-01-28,UEFA Champions League,8.0,Benfica,Real Madrid,goal,penalty,45,5.0,1ST,True,Benfica,Benfica,795236.0,Vangelis Pavlidis,,,,,,,2.0,1.0,,,50.0
14566735,2026-01-28,UEFA Champions League,8.0,Benfica,Real Madrid,goal,regular,54,,2ND,True,Benfica,Benfica,1100952.0,Andreas Schjelderup,795236.0,Vangelis Pavlidis,,,,,3.0,1.0,,,54.0
14566735,2026-01-28,UEFA Champions League,8.0,Benfica,Real Madrid,substitution,regular,55,,2ND,False,Real Madrid,Opponent,,,,,973887.0,Eduardo Camavinga,859025.0,Aurélien Tchouaméni,,,,,55.0
14566735,2026-01-28,UEFA Champions League,8.0,Benfica,Real Madrid,substitution,regular,55,,2ND,False,Real Madrid,Opponent,,,,,910536.0,Rodrygo,1403559.0,Franco Mastantuono,,,,,55.0
14566735,2026-01-28,UEFA Champions League,8.0,Benfica,Real Madrid,goal,regular,58,,2ND,False,Real Madrid,Opponent,826643.0,Kylian Mbappé,1091116.0,Arda Güler,,,,,3.0,2.0,,,58.0
14566735,2026-01-28,UEFA Champions League,8.0,Benfica,Real Madrid,card,yellow,62,,2ND,False,Real Madrid,Opponent,1176744.0,Dean Huijsen,,,,,,,,,,False,62.0
14566735,2026-01-28,UEFA Champions League,8.0,Benfica,Real Madrid,card,yellow,66,,2ND,False,Real Madrid,Opponent,1085081.0,Álvaro Carreras,,,,,,,,,,False,66.0
14566735,2026-01-28,UEFA Champions League,8.0,Benfica,Real Madrid,substitution,regular,78,,2ND,False,Real Madrid,Opponent,,,,,66492.0,David Alaba,1176744.0,Dean Huijsen,,,,,78.0
14566735,2026-01-28,UEFA Champions League,8.0,Benfica,Real Madrid,substitution,regular,79,,2ND,False,Real Madrid,Opponent,,,,,835485.0,Brahim Díaz,1091116.0,Arda Güler,,,,,79.0
14566735,2026-01-28,UEFA Champions League,8.0,Benfica,Real Madrid,substitution,regular,79,,2ND,False,Real Madrid,Opponent,,,,,1590121.0,Jorge Cestero,1085081.0,Álvaro Carreras,,,,,79.0
14566735,2026-01-28,UEFA Champions League,8.0,Benfica,Real Madrid,substitution,regular,83,,2ND,True,Benfica,Benfica,,,,,1087316.0,Enzo Barrenechea,1123925.0,Georgiy Sudakov,,,,,83.0
14566735,2026-01-28,UEFA Champions League,8.0,Benfica,Real Madrid,card,yellow,85,,2ND,True,Benfica,Benfica,993101.0,Samuel Dahl,,,,,,,,,,False,85.0
14566735,2026-01-28,UEFA Champions League,8.0,Benfica,Real Madrid,substitution,regular,87,,2ND,True,Benfica,Benfica,,,,,1158353.0,João Rêgo,1201395.0,Gianluca Prestianni,,,,,87.0
14566735,2026-01-28,UEFA Champions League,8.0,Benfica,Real Madrid,injuryTime,,90,0.0,2ND,,,,,,,,,,,,,,,,90.0
14566735,2026-01-28,UEFA Champions League,8.0,Benfica,Real Madrid,card,yellowRed,90,2.0,2ND,False,Real Madrid,Opponent,1156645.0,Raúl Asencio,,,,,,,,,,False,92.0
14566735,2026-01-28,UEFA Champions League,8.0,Benfica,Real Madrid,substitution,regular,90,3.0,2ND,True,Benfica,Benfica,,,,,1006069.0,António Silva,1100952.0,Andreas Schjelderup,,,,,93.0
14566735,2026-01-28,UEFA Champions League,8.0,Benfica,Real Madrid,substitution,regular,90,3.0,2ND,True,Benfica,Benfica,,,,,1103333.0,Franjo Ivanović,795236.0,Vangelis Pavlidis,,,,,93.0
14566735,2026-01-28,UEFA Champions League,8.0,Benfica,Real Madrid,card,red,90,6.0,2ND,False,Real Madrid,Opponent,910536.0,Rodrygo,,,,,,,,,,False,96.0
14566735,2026-01-28,UEFA Champions League,8.0,Benfica,Real Madrid,card,yellow,90,6.0,2ND,False,Real Madrid,Opponent,910536.0,Rodrygo,,,,,,,,,,False,96.0
14566735,2026-01-28,UEFA Champions League,8.0,Benfica,Real Madrid,goal,regular,90,8.0,2ND,True,Benfica,Benfica,966616.0,Anatoliy Trubin,228364.0,Fredrik Aursnes,,,,,4.0,2.0,,,98.0
14566735,2026-01-28,UEFA Champions League,8.0,Benfica,Real Madrid,period,,45,999.0,1ST,,,,,,,,,,,,2.0,1.0,,,1044.0
14566735,2026-01-28,UEFA Champions League,8.0,Benfica,Real Madrid,period,,90,999.0,2ND,,,,,,,,,,,,4.0,2.0,,,1089.0
14288966,2026-02-01,Liga Portugal Betclic,20.0,Tondela,Benfica,card,yellow,-5,,1ST,True,Tondela,Opponent,1022248.0,Lucas Cañizares,,,,,,,,,,False,-5.0
14288966,2026-02-01,Liga Portugal Betclic,20.0,Tondela,Benfica,card,yellow,36,,1ST,True,Tondela,Opponent,822684.0,Sphephelo Sithole,,,,,,,,,,False,36.0
14288966,2026-02-01,Liga Portugal Betclic,20.0,Tondela,Benfica,varDecision,penaltyAwarded,40,,1ST,False,Benfica,Benfica,906800.0,Leandro Barreiro,,,,,,,,,,,40.0
14288966,2026-02-01,Liga Portugal Betclic,20.0,Tondela,Benfica,card,yellow,42,,1ST,True,Tondela,Opponent,1111880.0,Emmanuel Maviram,,,,,,,,,,False,42.0
14288966,2026-02-01,Liga Portugal Betclic,20.0,Tondela,Benfica,injuryTime,,45,0.0,1ST,,,,,,,,,,,,,,,,45.0
14288966,2026-02-01,Liga Portugal Betclic,20.0,Tondela,Benfica,card,yellow,60,,2ND,True,Tondela,Opponent,988964.0,Christian Marques,,,,,,,,,,False,60.0
14288966,2026-02-01,Liga Portugal Betclic,20.0,Tondela,Benfica,substitution,regular,63,,2ND,False,Benfica,Benfica,,,,,1117723.0,Sidny Lopes Cabral,1961109.0,Daniel Banjaqui,,,,,63.0
14288966,2026-02-01,Liga Portugal Betclic,20.0,Tondela,Benfica,substitution,regular,63,,2ND,False,Benfica,Benfica,,,,,252577.0,Rafa Silva,1100952.0,Andreas Schjelderup,,,,,63.0
14288966,2026-02-01,Liga Portugal Betclic,20.0,Tondela,Benfica,substitution,injury,64,,2ND,True,Tondela,Opponent,,,,,1133070.0,Tiago Manso,1111880.0,Emmanuel Maviram,,,,,64.0
14288966,2026-02-01,Liga Portugal Betclic,20.0,Tondela,Benfica,substitution,regular,66,,2ND,True,Tondela,Opponent,,,,,879917.0,Maranhão,988882.0,Joe Hodge,,,,,66.0
14288966,2026-02-01,Liga Portugal Betclic,20.0,Tondela,Benfica,card,yellow,80,,2ND,True,Tondela,Opponent,945121.0,Rodrigo Conceição,,,,,,,,,,False,80.0
14288966,2026-02-01,Liga Portugal Betclic,20.0,Tondela,Benfica,substitution,regular,82,,2ND,False,Benfica,Benfica,,,,,2163561.0,Anísio Cabral,1201395.0,Gianluca Prestianni,,,,,82.0
14288966,2026-02-01,Liga Portugal Betclic,20.0,Tondela,Benfica,substitution,regular,82,,2ND,False,Benfica,Benfica,,,,,97012.0,Bruma,1123925.0,Georgiy Sudakov,,,,,82.0
14288966,2026-02-01,Liga Portugal Betclic,20.0,Tondela,Benfica,injuryTime,,90,0.0,2ND,,,,,,,,,,,,,,,,90.0
14288966,2026-02-01,Liga Portugal Betclic,20.0,Tondela,Benfica,substitution,regular,90,3.0,2ND,True,Tondela,Opponent,,,,,584158.0,João Afonso,788786.0,Jordan Siebatcheu,,,,,93.0
14288966,2026-02-01,Liga Portugal Betclic,20.0,Tondela,Benfica,period,,45,999.0,1ST,,,,,,,,,,,,0.0,0.0,,,1044.0
14288966,2026-02-01,Liga Portugal Betclic,20.0,Tondela,Benfica,period,,90,999.0,2ND,,,,,,,,,,,,0.0,0.0,,,1089.0
14288979,2026-02-08,Liga Portugal Betclic,21.0,Benfica,FC Alverca,card,yellow,-5,,1ST,True,Benfica,Benfica,,,,,,,,,,,,False,-5.0
14288979,2026-02-08,Liga Portugal Betclic,21.0,Benfica,FC Alverca,card,yellow,8,,1ST,False,FC Alverca,Opponent,794928.0,Lincoln,,,,,,,,,,False,8.0
14288979,2026-02-08,Liga Portugal Betclic,21.0,Benfica,FC Alverca,goal,regular,16,,1ST,True,Benfica,Benfica,1100952.0,Andreas Schjelderup,,,,,,,1.0,0.0,,,16.0
14288979,2026-02-08,Liga Portugal Betclic,21.0,Benfica,FC Alverca,card,yellow,23,,1ST,True,Benfica,Benfica,1117723.0,Sidny Lopes Cabral,,,,,,,,,,False,23.0
14288979,2026-02-08,Liga Portugal Betclic,21.0,Benfica,FC Alverca,goal,regular,30,,1ST,False,FC Alverca,Opponent,1105790.0,Figueiredo,1100957.0,Marko Milovanović,,,,,1.0,1.0,,,30.0
14288979,2026-02-08,Liga Portugal Betclic,21.0,Benfica,FC Alverca,card,yellow,39,,1ST,False,FC Alverca,Opponent,1018555.0,Matheus Mendes,,,,,,,,,,False,39.0
14288979,2026-02-08,Liga Portugal Betclic,21.0,Benfica,FC Alverca,injuryTime,,45,0.0,1ST,,,,,,,,,,,,,,,,45.0
14288979,2026-02-08,Liga Portugal Betclic,21.0,Benfica,FC Alverca,substitution,regular,46,,2ND,False,FC Alverca,Opponent,,,,,1190120.0,Fabrício Garcia,1015826.0,Chiquinho,,,,,46.0
14288979,2026-02-08,Liga Portugal Betclic,21.0,Benfica,FC Alverca,varDecision,goalAwarded,62,,2ND,True,Benfica,Benfica,795236.0,Vangelis Pavlidis,,,,,,,,,,,62.0
14288979,2026-02-08,Liga Portugal Betclic,21.0,Benfica,FC Alverca,card,yellow,66,,2ND,True,Benfica,Benfica,1201395.0,Gianluca Prestianni,,,,,,,,,,False,66.0
14288979,2026-02-08,Liga Portugal Betclic,21.0,Benfica,FC Alverca,substitution,regular,71,,2ND,False,FC Alverca,Opponent,,,,,992024.0,Rhaldney,794928.0,Lincoln,,,,,71.0
14288979,2026-02-08,Liga Portugal Betclic,21.0,Benfica,FC Alverca,substitution,regular,73,,2ND,True,Benfica,Benfica,,,,,1123925.0,Georgiy Sudakov,1117723.0,Sidny Lopes Cabral,,,,,73.0
14288979,2026-02-08,Liga Portugal Betclic,21.0,Benfica,FC Alverca,substitution,regular,81,,2ND,False,FC Alverca,Opponent,,,,,1168617.0,Mathis Clairicia,1100957.0,Marko Milovanović,,,,,81.0
14288979,2026-02-08,Liga Portugal Betclic,21.0,Benfica,FC Alverca,substitution,regular,81,,2ND,False,FC Alverca,Opponent,,,,,1405454.0,Cédric Nuozzi,1105790.0,Figueiredo,,,,,81.0
14288979,2026-02-08,Liga Portugal Betclic,21.0,Benfica,FC Alverca,substitution,regular,85,,2ND,True,Benfica,Benfica,,,,,2163561.0,Anísio Cabral,1100952.0,Andreas Schjelderup,,,,,85.0
14288979,2026-02-08,Liga Portugal Betclic,21.0,Benfica,FC Alverca,substitution,regular,85,,2ND,True,Benfica,Benfica,,,,,97012.0,Bruma,1201395.0,Gianluca Prestianni,,,,,85.0
14288979,2026-02-08,Liga Portugal Betclic,21.0,Benfica,FC Alverca,goal,regular,86,,2ND,True,Benfica,Benfica,2163561.0,Anísio Cabral,993101.0,Samuel Dahl,,,,,2.0,1.0,,,86.0
14288979,2026-02-08,Liga Portugal Betclic,21.0,Benfica,FC Alverca,substitution,regular,88,,2ND,False,FC Alverca,Opponent,,,,,1915110.0,Isaac James,1405973.0,Bastien Meupiyou,,,,,88.0
14288979,2026-02-08,Liga Portugal Betclic,21.0,Benfica,FC Alverca,substitution,regular,88,,2ND,True,Benfica,Benfica,,,,,1087316.0,Enzo Barrenechea,252577.0,Rafa Silva,,,,,88.0
14288979,2026-02-08,Liga Portugal Betclic,21.0,Benfica,FC Alverca,substitution,regular,88,,2ND,True,Benfica,Benfica,,,,,1006069.0,António Silva,795236.0,Vangelis Pavlidis,,,,,88.0
14288979,2026-02-08,Liga Portugal Betclic,21.0,Benfica,FC Alverca,injuryTime,,90,0.0,2ND,,,,,,,,,,,,,,,,90.0
14288979,2026-02-08,Liga Portugal Betclic,21.0,Benfica,FC Alverca,card,yellow,90,7.0,2ND,True,Benfica,Benfica,983542.0,Tomás Araújo,,,,,,,,,,False,97.0
14288979,2026-02-08,Liga Portugal Betclic,21.0,Benfica,FC Alverca,period,,45,999.0,1ST,,,,,,,,,,,,1.0,1.0,,,1044.0
14288979,2026-02-08,Liga Portugal Betclic,21.0,Benfica,FC Alverca,period,,90,999.0,2ND,,,,,,,,,,,,2.0,1.0,,,1089.0
14288997,2026-02-13,Liga Portugal Betclic,22.0,Santa Clara,Benfica,goal,regular,16,,1ST,False,Benfica,Benfica,795236.0,Vangelis Pavlidis,983542.0,Tomás Araújo,,,,,0.0,1.0,,,16.0
14288997,2026-02-13,Liga Portugal Betclic,22.0,Santa Clara,Benfica,goal,ownGoal,38,,1ST,False,Benfica,Benfica,1108505.0,Paulo Victor,,,,,,,0.0,2.0,,,38.0
14288997,2026-02-13,Liga Portugal Betclic,22.0,Santa Clara,Benfica,card,yellow,45,,1ST,True,Santa Clara,Opponent,1001753.0,Vinícius Lopes,,,,,,,,,,False,45.0
14288997,2026-02-13,Liga Portugal Betclic,22.0,Santa Clara,Benfica,injuryTime,,45,0.0,1ST,,,,,,,,,,,,,,,,45.0
14288997,2026-02-13,Liga Portugal Betclic,22.0,Santa Clara,Benfica,substitution,regular,46,,2ND,True,Santa Clara,Opponent,,,,,883908.0,Guilherme Romão,1108505.0,Paulo Victor,,,,,46.0
14288997,2026-02-13,Liga Portugal Betclic,22.0,Santa Clara,Benfica,goal,regular,47,,2ND,True,Santa Clara,Opponent,138890.0,Gonçalo Paciência,1162051.0,Gustavo Klismahn,,,,,1.0,2.0,,,47.0
14288997,2026-02-13,Liga Portugal Betclic,22.0,Santa Clara,Benfica,card,yellow,59,,2ND,True,Santa Clara,Opponent,138890.0,Gonçalo Paciência,,,,,,,,,,False,59.0
14288997,2026-02-13,Liga Portugal Betclic,22.0,Santa Clara,Benfica,substitution,regular,62,,2ND,True,Santa Clara,Opponent,,,,,2155276.0,José Tavares,851277.0,Pedro Ferreira,,,,,62.0
14288997,2026-02-13,Liga Portugal Betclic,22.0,Santa Clara,Benfica,substitution,regular,62,,2ND,True,Santa Clara,Opponent,,,,,1459634.0,Luis Fernando,138890.0,Gonçalo Paciência,,,,,62.0
14288997,2026-02-13,Liga Portugal Betclic,22.0,Santa Clara,Benfica,card,yellow,66,,2ND,True,Santa Clara,Opponent,991358.0,Lucas Soares,,,,,,,,,,False,66.0
14288997,2026-02-13,Liga Portugal Betclic,22.0,Santa Clara,Benfica,substitution,regular,68,,2ND,False,Benfica,Benfica,,,,,1117723.0,Sidny Lopes Cabral,1100952.0,Andreas Schjelderup,,,,,68.0
14288997,2026-02-13,Liga Portugal Betclic,22.0,Santa Clara,Benfica,substitution,regular,73,,2ND,True,Santa Clara,Opponent,,,,,989385.0,Welinton Torrao,1001753.0,Vinícius Lopes,,,,,73.0
14288997,2026-02-13,Liga Portugal Betclic,22.0,Santa Clara,Benfica,card,yellow,78,,2ND,True,Santa Clara,Opponent,254815.0,Frederico Venâncio,,,,,,,,,,False,78.0
14288997,2026-02-13,Liga Portugal Betclic,22.0,Santa Clara,Benfica,substitution,regular,79,,2ND,False,Benfica,Benfica,,,,,1123925.0,Georgiy Sudakov,252577.0,Rafa Silva,,,,,79.0
14288997,2026-02-13,Liga Portugal Betclic,22.0,Santa Clara,Benfica,card,yellow,84,,2ND,True,Santa Clara,Opponent,2155276.0,José Tavares,,,,,,,,,,False,84.0
14288997,2026-02-13,Liga Portugal Betclic,22.0,Santa Clara,Benfica,substitution,regular,86,,2ND,True,Santa Clara,Opponent,,,,,1799251.0,Brenner,1162051.0,Gustavo Klismahn,,,,,86.0
14288997,2026-02-13,Liga Portugal Betclic,22.0,Santa Clara,Benfica,substitution,regular,90,,2ND,False,Benfica,Benfica,,,,,1085740.0,Manu Silva,1201395.0,Gianluca Prestianni,,,,,90.0
14288997,2026-02-13,Liga Portugal Betclic,22.0,Santa Clara,Benfica,card,yellow,90,,2ND,False,Benfica,Benfica,1201395.0,Gianluca Prestianni,,,,,,,,,,False,90.0
14288997,2026-02-13,Liga Portugal Betclic,22.0,Santa Clara,Benfica,injuryTime,,90,0.0,2ND,,,,,,,,,,,,,,,,90.0
14288997,2026-02-13,Liga Portugal Betclic,22.0,Santa Clara,Benfica,card,yellow,90,1.0,2ND,False,Benfica,Benfica,983542.0,Tomás Araújo,,,,,,,,,,False,91.0
14288997,2026-02-13,Liga Portugal Betclic,22.0,Santa Clara,Benfica,card,yellowRed,90,2.0,2ND,True,Santa Clara,Opponent,991358.0,Lucas Soares,,,,,,,,,,False,92.0
14288997,2026-02-13,Liga Portugal Betclic,22.0,Santa Clara,Benfica,period,,45,999.0,1ST,,,,,,,,,,,,0.0,2.0,,,1044.0
14288997,2026-02-13,Liga Portugal Betclic,22.0,Santa Clara,Benfica,period,,90,999.0,2ND,,,,,,,,,,,,1.0,2.0,,,1089.0
15452742,2026-02-17,"UEFA Champions League, Knockout stage",636.0,Benfica,Real Madrid,card,yellowRed,-5,,1ST,True,Benfica,Benfica,,,,,,,,,,,,False,-5.0
15452742,2026-02-17,"UEFA Champions League, Knockout stage",636.0,Benfica,Real Madrid,card,yellow,-5,,1ST,True,Benfica,Benfica,,,,,,,,,,,,False,-5.0
15452742,2026-02-17,"UEFA Champions League, Knockout stage",636.0,Benfica,Real Madrid,injuryTime,,45,0.0,1ST,,,,,,,,,,,,,,,,45.0
15452742,2026-02-17,"UEFA Champions League, Knockout stage",636.0,Benfica,Real Madrid,goal,regular,50,,2ND,False,Real Madrid,Opponent,868812.0,Vinícius Júnior,826643.0,Kylian Mbappé,,,,,0.0,1.0,,,50.0
15452742,2026-02-17,"UEFA Champions League, Knockout stage",636.0,Benfica,Real Madrid,card,yellow,51,,2ND,False,Real Madrid,Opponent,868812.0,Vinícius Júnior,,,,,,,,,,False,51.0
15452742,2026-02-17,"UEFA Champions League, Knockout stage",636.0,Benfica,Real Madrid,substitution,regular,74,,2ND,True,Benfica,Benfica,,,,,1123925.0,Georgiy Sudakov,1100952.0,Andreas Schjelderup,,,,,74.0
15452742,2026-02-17,"UEFA Champions League, Knockout stage",636.0,Benfica,Real Madrid,substitution,regular,74,,2ND,True,Benfica,Benfica,,,,,1015292.0,Richard Ríos,252577.0,Rafa Silva,,,,,74.0
15452742,2026-02-17,"UEFA Champions League, Knockout stage",636.0,Benfica,Real Madrid,card,yellow,78,,2ND,True,Benfica,Benfica,1201395.0,Gianluca Prestianni,,,,,,,,,,False,78.0
15452742,2026-02-17,"UEFA Champions League, Knockout stage",636.0,Benfica,Real Madrid,substitution,regular,80,,2ND,True,Benfica,Benfica,,,,,1117723.0,Sidny Lopes Cabral,228364.0,Fredrik Aursnes,,,,,80.0
15452742,2026-02-17,"UEFA Champions League, Knockout stage",636.0,Benfica,Real Madrid,substitution,regular,81,,2ND,True,Benfica,Benfica,,,,,823631.0,Dodi Lukebakio,1201395.0,Gianluca Prestianni,,,,,81.0
15452742,2026-02-17,"UEFA Champions League, Knockout stage",636.0,Benfica,Real Madrid,substitution,regular,86,,2ND,False,Real Madrid,Opponent,,,,,835485.0,Brahim Díaz,1091116.0,Arda Güler,,,,,86.0
15452742,2026-02-17,"UEFA Champions League, Knockout stage",636.0,Benfica,Real Madrid,card,yellow,87,,2ND,False,Real Madrid,Opponent,826643.0,Kylian Mbappé,,,,,,,,,,False,87.0
15452742,2026-02-17,"UEFA Champions League, Knockout stage",636.0,Benfica,Real Madrid,injuryTime,,90,0.0,2ND,,,,,,,,,,,,,,,,90.0
15452742,2026-02-17,"UEFA Champions League, Knockout stage",636.0,Benfica,Real Madrid,card,yellow,90,2.0,2ND,True,Benfica,Benfica,1123925.0,Georgiy Sudakov,,,,,,,,,,False,92.0
15452742,2026-02-17,"UEFA Champions League, Knockout stage",636.0,Benfica,Real Madrid,substitution,regular,90,4.0,2ND,False,Real Madrid,Opponent,,,,,2237795.0,Thiago Pitarch,973887.0,Eduardo Camavinga,,,,,94.0
15452742,2026-02-17,"UEFA Champions League, Knockout stage",636.0,Benfica,Real Madrid,substitution,regular,90,9.0,2ND,False,Real Madrid,Opponent,,,,,138572.0,Dani Carvajal,1085081.0,Álvaro Carreras,,,,,99.0
15452742,2026-02-17,"UEFA Champions League, Knockout stage",636.0,Benfica,Real Madrid,period,,45,999.0,1ST,,,,,,,,,,,,0.0,0.0,,,1044.0
15452742,2026-02-17,"UEFA Champions League, Knockout stage",636.0,Benfica,Real Madrid,period,,90,999.0,2ND,,,,,,,,,,,,0.0,1.0,,,1089.0
14289000,2026-02-21,Liga Portugal Betclic,23.0,Benfica,AVS - Futebol SAD,goal,regular,11,,1ST,True,Benfica,Benfica,850976.0,Alexander Bah,,,,,,,1.0,0.0,,,11.0
14289000,2026-02-21,Liga Portugal Betclic,23.0,Benfica,AVS - Futebol SAD,goal,regular,30,,1ST,True,Benfica,Benfica,1087316.0,Enzo Barrenechea,1015292.0,Richard Ríos,,,,,2.0,0.0,,,30.0
14289000,2026-02-21,Liga Portugal Betclic,23.0,Benfica,AVS - Futebol SAD,goal,regular,43,,1ST,True,Benfica,Benfica,252577.0,Rafa Silva,1117723.0,Sidny Lopes Cabral,,,,,3.0,0.0,,,43.0
14289000,2026-02-21,Liga Portugal Betclic,23.0,Benfica,AVS - Futebol SAD,injuryTime,,45,0.0,1ST,,,,,,,,,,,,,,,,45.0
14289000,2026-02-21,Liga Portugal Betclic,23.0,Benfica,AVS - Futebol SAD,substitution,regular,46,,2ND,False,AVS - Futebol SAD,Opponent,,,,,129617.0,Aderllan Santos,1067320.0,Cristian Castro,,,,,46.0
14289000,2026-02-21,Liga Portugal Betclic,23.0,Benfica,AVS - Futebol SAD,substitution,regular,46,,2ND,False,AVS - Futebol SAD,Opponent,,,,,964173.0,Guillem Molina,929688.0,Mateus Pivô,,,,,46.0
14289000,2026-02-21,Liga Portugal Betclic,23.0,Benfica,AVS - Futebol SAD,substitution,regular,46,,2ND,True,Benfica,Benfica,,,,,983542.0,Tomás Araújo,74915.0,Nicolás Otamendi,,,,,46.0
14289000,2026-02-21,Liga Portugal Betclic,23.0,Benfica,AVS - Futebol SAD,substitution,regular,54,,2ND,False,AVS - Futebol SAD,Opponent,,,,,1185986.0,Óscar Perea,1133063.0,Tunde Akinsola,,,,,54.0
14289000,2026-02-21,Liga Portugal Betclic,23.0,Benfica,AVS - Futebol SAD,substitution,regular,54,,2ND,False,AVS - Futebol SAD,Opponent,,,,,1018546.0,Tiago Galletto,1006114.0,Gustavo Mendonca,,,,,54.0
14289000,2026-02-21,Liga Portugal Betclic,23.0,Benfica,AVS - Futebol SAD,substitution,regular,71,,2ND,True,Benfica,Benfica,,,,,823631.0,Dodi Lukebakio,1100952.0,Andreas Schjelderup,,,,,71.0
14289000,2026-02-21,Liga Portugal Betclic,23.0,Benfica,AVS - Futebol SAD,substitution,regular,71,,2ND,True,Benfica,Benfica,,,,,1103333.0,Franjo Ivanović,850976.0,Alexander Bah,,,,,71.0
14289000,2026-02-21,Liga Portugal Betclic,23.0,Benfica,AVS - Futebol SAD,substitution,regular,81,,2ND,True,Benfica,Benfica,,,,,2163561.0,Anísio Cabral,795236.0,Vangelis Pavlidis,,,,,81.0
14289000,2026-02-21,Liga Portugal Betclic,23.0,Benfica,AVS - Futebol SAD,substitution,regular,81,,2ND,False,AVS - Futebol SAD,Opponent,,,,,324345.0,Kiki,988778.0,Daniel Rivas,,,,,81.0
14289000,2026-02-21,Liga Portugal Betclic,23.0,Benfica,AVS - Futebol SAD,substitution,regular,86,,2ND,True,Benfica,Benfica,,,,,1146008.0,Diogo Prioste,252577.0,Rafa Silva,,,,,86.0
14289000,2026-02-21,Liga Portugal Betclic,23.0,Benfica,AVS - Futebol SAD,injuryTime,,90,0.0,2ND,,,,,,,,,,,,,,,,90.0
14289000,2026-02-21,Liga Portugal Betclic,23.0,Benfica,AVS - Futebol SAD,period,,45,999.0,1ST,,,,,,,,,,,,3.0,0.0,,,1044.0
14289000,2026-02-21,Liga Portugal Betclic,23.0,Benfica,AVS - Futebol SAD,period,,90,999.0,2ND,,,,,,,,,,,,3.0,0.0,,,1089.0
15452752,2026-02-25,"UEFA Champions League, Knockout stage",636.0,Real Madrid,Benfica,goal,regular,14,,1ST,False,Benfica,Benfica,252577.0,Rafa Silva,,,,,,,0.0,1.0,,,14.0
15452752,2026-02-25,"UEFA Champions League, Knockout stage",636.0,Real Madrid,Benfica,goal,regular,16,,1ST,True,Real Madrid,Opponent,859025.0,Aurélien Tchouaméni,831808.0,Federico Valverde,,,,,1.0,1.0,,,16.0
15452752,2026-02-25,"UEFA Champions League, Knockout stage",636.0,Real Madrid,Benfica,varDecision,goalAwarded,34,,1ST,True,Real Madrid,Opponent,1091116.0,Arda Güler,,,,,,,,,,,34.0
15452752,2026-02-25,"UEFA Champions League, Knockout stage",636.0,Real Madrid,Benfica,card,yellow,35,,1ST,False,Benfica,Benfica,1015292.0,Richard Ríos,,,,,,,,,,False,35.0
15452752,2026-02-25,"UEFA Champions League, Knockout stage",636.0,Real Madrid,Benfica,injuryTime,,45,0.0,1ST,,,,,,,,,,,,,,,,45.0
15452752,2026-02-25,"UEFA Champions League, Knockout stage",636.0,Real Madrid,Benfica,card,yellow,51,,2ND,False,Benfica,Benfica,74915.0,Nicolás Otamendi,,,,,,,,,,False,51.0
15452752,2026-02-25,"UEFA Champions League, Knockout stage",636.0,Real Madrid,Benfica,card,yellow,57,,2ND,True,Real Madrid,Opponent,1156645.0,Raúl Asencio,,,,,,,,,,False,57.0
15452752,2026-02-25,"UEFA Champions League, Knockout stage",636.0,Real Madrid,Benfica,substitution,regular,77,,2ND,True,Real Madrid,Opponent,,,,,66492.0,David Alaba,973887.0,Eduardo Camavinga,,,,,77.0
15452752,2026-02-25,"UEFA Champions League, Knockout stage",636.0,Real Madrid,Benfica,substitution,injury,77,,2ND,True,Real Madrid,Opponent,,,,,1403559.0,Franco Mastantuono,1156645.0,Raúl Asencio,,,,,77.0
15452752,2026-02-25,"UEFA Champions League, Knockout stage",636.0,Real Madrid,Benfica,goal,regular,80,,2ND,True,Real Madrid,Opponent,868812.0,Vinícius Júnior,831808.0,Federico Valverde,,,,,2.0,1.0,,,80.0
15452752,2026-02-25,"UEFA Champions League, Knockout stage",636.0,Real Madrid,Benfica,substitution,regular,84,,2ND,True,Real Madrid,Opponent,,,,,1402688.0,César Palacios,1091116.0,Arda Güler,,,,,84.0
15452752,2026-02-25,"UEFA Champions League, Knockout stage",636.0,Real Madrid,Benfica,substitution,regular,84,,2ND,True,Real Madrid,Opponent,,,,,2237795.0,Thiago Pitarch,1402716.0,Gonzalo García,,,,,84.0
15452752,2026-02-25,"UEFA Champions League, Knockout stage",636.0,Real Madrid,Benfica,substitution,regular,85,,2ND,False,Benfica,Benfica,,,,,1103333.0,Franjo Ivanović,1100952.0,Andreas Schjelderup,,,,,85.0
15452752,2026-02-25,"UEFA Champions League, Knockout stage",636.0,Real Madrid,Benfica,substitution,regular,85,,2ND,False,Benfica,Benfica,,,,,1087316.0,Enzo Barrenechea,228364.0,Fredrik Aursnes,,,,,85.0
15452752,2026-02-25,"UEFA Champions League, Knockout stage",636.0,Real Madrid,Benfica,injuryTime,,90,0.0,2ND,,,,,,,,,,,,,,,,90.0
15452752,2026-02-25,"UEFA Champions League, Knockout stage",636.0,Real Madrid,Benfica,substitution,regular,90,1.0,2ND,True,Real Madrid,Opponent,,,,,851271.0,Fran García,1085081.0,Álvaro Carreras,,,,,91.0
15452752,2026-02-25,"UEFA Champions League, Knockout stage",636.0,Real Madrid,Benfica,substitution,regular,90,1.0,2ND,False,Benfica,Benfica,,,,,1117723.0,Sidny Lopes Cabral,906800.0,Leandro Barreiro,,,,,91.0
15452752,2026-02-25,"UEFA Champions League, Knockout stage",636.0,Real Madrid,Benfica,card,yellow,90,6.0,2ND,True,Real Madrid,Opponent,1402688.0,César Palacios,,,,,,,,,,False,96.0
15452752,2026-02-25,"UEFA Champions League, Knockout stage",636.0,Real Madrid,Benfica,period,,45,999.0,1ST,,,,,,,,,,,,1.0,1.0,,,1044.0
15452752,2026-02-25,"UEFA Champions League, Knockout stage",636.0,Real Madrid,Benfica,period,,90,999.0,2ND,,,,,,,,,,,,2.0,1.0,,,1089.0
14288810,2026-03-02,Liga Portugal Betclic,24.0,Gil Vicente,Benfica,card,yellow,-5,,1ST,True,Gil Vicente,Opponent,,,,,,,,,,,,False,-5.0
14288810,2026-03-02,Liga Portugal Betclic,24.0,Gil Vicente,Benfica,goal,regular,35,,1ST,False,Benfica,Benfica,1006069.0,António Silva,228364.0,Fredrik Aursnes,,,,,0.0,1.0,,,35.0
14288810,2026-03-02,Liga Portugal Betclic,24.0,Gil Vicente,Benfica,card,yellow,39,,1ST,False,Benfica,Benfica,74915.0,Nicolás Otamendi,,,,,,,,,,False,39.0
14288810,2026-03-02,Liga Portugal Betclic,24.0,Gil Vicente,Benfica,injuryTime,,45,0.0,1ST,,,,,,,,,,,,,,,,45.0
14288810,2026-03-02,Liga Portugal Betclic,24.0,Gil Vicente,Benfica,substitution,injury,50,,2ND,False,Benfica,Benfica,,,,,1087316.0,Enzo Barrenechea,228364.0,Fredrik Aursnes,,,,,50.0
14288810,2026-03-02,Liga Portugal Betclic,24.0,Gil Vicente,Benfica,goal,regular,51,,2ND,True,Gil Vicente,Opponent,352448.0,Héctor Hernández,1084746.0,Santi García,,,,,1.0,1.0,,,51.0
14288810,2026-03-02,Liga Portugal Betclic,24.0,Gil Vicente,Benfica,card,yellow,57,,2ND,True,Gil Vicente,Opponent,989837.0,Facundo Cáseres,,,,,,,,,,False,57.0
14288810,2026-03-02,Liga Portugal Betclic,24.0,Gil Vicente,Benfica,substitution,regular,68,,2ND,True,Gil Vicente,Opponent,,,,,1032547.0,Joelson Fernandes,1799336.0,Agustín Moreira,,,,,68.0
14288810,2026-03-02,Liga Portugal Betclic,24.0,Gil Vicente,Benfica,substitution,regular,68,,2ND,True,Gil Vicente,Opponent,,,,,1014254.0,Carlos Eduardo,352448.0,Héctor Hernández,,,,,68.0
14288810,2026-03-02,Liga Portugal Betclic,24.0,Gil Vicente,Benfica,substitution,regular,69,,2ND,False,Benfica,Benfica,,,,,823631.0,Dodi Lukebakio,1201395.0,Gianluca Prestianni,,,,,69.0
14288810,2026-03-02,Liga Portugal Betclic,24.0,Gil Vicente,Benfica,substitution,regular,69,,2ND,False,Benfica,Benfica,,,,,1015292.0,Richard Ríos,906800.0,Leandro Barreiro,,,,,69.0
14288810,2026-03-02,Liga Portugal Betclic,24.0,Gil Vicente,Benfica,goal,regular,73,,2ND,False,Benfica,Benfica,1100952.0,Andreas Schjelderup,,,,,,,1.0,2.0,,,73.0
14288810,2026-03-02,Liga Portugal Betclic,24.0,Gil Vicente,Benfica,card,yellow,76,,2ND,False,Benfica,Benfica,1100952.0,Andreas Schjelderup,,,,,,,,,,False,76.0
14288810,2026-03-02,Liga Portugal Betclic,24.0,Gil Vicente,Benfica,substitution,regular,82,,2ND,False,Benfica,Benfica,,,,,850976.0,Alexander Bah,1100952.0,Andreas Schjelderup,,,,,82.0
14288810,2026-03-02,Liga Portugal Betclic,24.0,Gil Vicente,Benfica,substitution,regular,83,,2ND,True,Gil Vicente,Opponent,,,,,1087355.0,Hevertton Santos,1001662.0,Zé Carlos,,,,,83.0
14288810,2026-03-02,Liga Portugal Betclic,24.0,Gil Vicente,Benfica,substitution,regular,83,,2ND,True,Gil Vicente,Opponent,,,,,1083277.0,Martin Fernández,989837.0,Facundo Cáseres,,,,,83.0
14288810,2026-03-02,Liga Portugal Betclic,24.0,Gil Vicente,Benfica,card,yellow,87,,2ND,True,Gil Vicente,Opponent,1114164.0,Marvin Elimbi Gilbert,,,,,,,,,,False,87.0
14288810,2026-03-02,Liga Portugal Betclic,24.0,Gil Vicente,Benfica,injuryTime,,90,0.0,2ND,,,,,,,,,,,,,,,,90.0
14288810,2026-03-02,Liga Portugal Betclic,24.0,Gil Vicente,Benfica,card,yellow,90,1.0,2ND,False,Benfica,Benfica,850976.0,Alexander Bah,,,,,,,,,,False,91.0
14288810,2026-03-02,Liga Portugal Betclic,24.0,Gil Vicente,Benfica,period,,45,999.0,1ST,,,,,,,,,,,,0.0,1.0,,,1044.0
14288810,2026-03-02,Liga Portugal Betclic,24.0,Gil Vicente,Benfica,period,,90,999.0,2ND,,,,,,,,,,,,1.0,2.0,,,1089.0
14288822,2026-03-08,Liga Portugal Betclic,25.0,Benfica,FC Porto,card,yellow,-5,,1ST,True,Benfica,Benfica,1201395.0,Gianluca Prestianni,,,,,,,,,,False,-5.0
14288822,2026-03-08,Liga Portugal Betclic,25.0,Benfica,FC Porto,card,red,-5,,1ST,True,Benfica,Benfica,,,,,,,,,,,,False,-5.0
14288822,2026-03-08,Liga Portugal Betclic,25.0,Benfica,FC Porto,goal,regular,10,,1ST,False,FC Porto,Opponent,1406639.0,Victor Froholdt,,,,,,,0.0,1.0,,,10.0
14288822,2026-03-08,Liga Portugal Betclic,25.0,Benfica,FC Porto,card,yellow,26,,1ST,False,FC Porto,Opponent,882664.0,Pepê,,,,,,,,,,False,26.0
14288822,2026-03-08,Liga Portugal Betclic,25.0,Benfica,FC Porto,card,yellow,35,,1ST,False,FC Porto,Opponent,1010505.0,Gabri Veiga,,,,,,,,,,False,35.0
14288822,2026-03-08,Liga Portugal Betclic,25.0,Benfica,FC Porto,card,yellow,35,,1ST,True,Benfica,Benfica,74915.0,Nicolás Otamendi,,,,,,,,,,False,35.0
14288822,2026-03-08,Liga Portugal Betclic,25.0,Benfica,FC Porto,goal,regular,40,,1ST,False,FC Porto,Opponent,1548929.0,Oskar Pietuszewski,1010505.0,Gabri Veiga,,,,,0.0,2.0,,,40.0
14288822,2026-03-08,Liga Portugal Betclic,25.0,Benfica,FC Porto,injuryTime,,45,0.0,1ST,,,,,,,,,,,,,,,,45.0
14288822,2026-03-08,Liga Portugal Betclic,25.0,Benfica,FC Porto,substitution,regular,46,,2ND,False,FC Porto,Opponent,,,,,191188.0,Seko Fofana,1010505.0,Gabri Veiga,,,,,46.0
14288822,2026-03-08,Liga Portugal Betclic,25.0,Benfica,FC Porto,substitution,regular,46,,2ND,False,FC Porto,Opponent,,,,,1639250.0,William Gomes,882664.0,Pepê,,,,,46.0
14288822,2026-03-08,Liga Portugal Betclic,25.0,Benfica,FC Porto,card,yellow,45,5.0,1ST,False,FC Porto,Opponent,843115.0,Diogo Costa,,,,,,,,,,False,50.0
14288822,2026-03-08,Liga Portugal Betclic,25.0,Benfica,FC Porto,substitution,regular,58,,2ND,False,FC Porto,Opponent,,,,,985138.0,Francisco Moura,1142585.0,Martim Fernandes,,,,,58.0
14288822,2026-03-08,Liga Portugal Betclic,25.0,Benfica,FC Porto,card,yellow,58,,2ND,False,FC Porto,Opponent,1142585.0,Martim Fernandes,,,,,,,,,,False,58.0
14288822,2026-03-08,Liga Portugal Betclic,25.0,Benfica,FC Porto,substitution,regular,64,,2ND,False,FC Porto,Opponent,,,,,992567.0,Borja Sainz,1548929.0,Oskar Pietuszewski,,,,,64.0
14288822,2026-03-08,Liga Portugal Betclic,25.0,Benfica,FC Porto,substitution,regular,65,,2ND,True,Benfica,Benfica,,,,,1103333.0,Franjo Ivanović,252577.0,Rafa Silva,,,,,65.0
14288822,2026-03-08,Liga Portugal Betclic,25.0,Benfica,FC Porto,substitution,regular,65,,2ND,True,Benfica,Benfica,,,,,823631.0,Dodi Lukebakio,1201395.0,Gianluca Prestianni,,,,,65.0
14288822,2026-03-08,Liga Portugal Betclic,25.0,Benfica,FC Porto,goal,regular,69,,2ND,True,Benfica,Benfica,1100952.0,Andreas Schjelderup,,,,,,,1.0,2.0,,,69.0
14288822,2026-03-08,Liga Portugal Betclic,25.0,Benfica,FC Porto,substitution,regular,75,,2ND,True,Benfica,Benfica,,,,,906800.0,Leandro Barreiro,1087316.0,Enzo Barrenechea,,,,,75.0
14288822,2026-03-08,Liga Portugal Betclic,25.0,Benfica,FC Porto,substitution,injury,75,,2ND,True,Benfica,Benfica,,,,,1006069.0,António Silva,74915.0,Nicolás Otamendi,,,,,75.0
14288822,2026-03-08,Liga Portugal Betclic,25.0,Benfica,FC Porto,card,yellow,78,,2ND,False,FC Porto,Opponent,1160957.0,Alberto Costa,,,,,,,,,,False,78.0
14288822,2026-03-08,Liga Portugal Betclic,25.0,Benfica,FC Porto,substitution,regular,78,,2ND,False,FC Porto,Opponent,,,,,894396.0,Terem Moffi,1407720.0,Deniz Gül,,,,,78.0
14288822,2026-03-08,Liga Portugal Betclic,25.0,Benfica,FC Porto,card,yellow,81,,2ND,False,FC Porto,Opponent,1639250.0,William Gomes,,,,,,,,,,False,81.0
14288822,2026-03-08,Liga Portugal Betclic,25.0,Benfica,FC Porto,substitution,regular,83,,2ND,True,Benfica,Benfica,,,,,850976.0,Alexander Bah,1102791.0,Amar Dedić,,,,,83.0
14288822,2026-03-08,Liga Portugal Betclic,25.0,Benfica,FC Porto,goal,regular,88,,2ND,True,Benfica,Benfica,906800.0,Leandro Barreiro,1103333.0,Franjo Ivanović,,,,,2.0,2.0,,,88.0
14288822,2026-03-08,Liga Portugal Betclic,25.0,Benfica,FC Porto,injuryTime,,90,0.0,2ND,,,,,,,,,,,,,,,,90.0
14288822,2026-03-08,Liga Portugal Betclic,25.0,Benfica,FC Porto,card,yellow,90,7.0,2ND,False,FC Porto,Opponent,1066560.0,Alan Varela,,,,,,,,,,False,97.0
14288822,2026-03-08,Liga Portugal Betclic,25.0,Benfica,FC Porto,card,yellow,90,7.0,2ND,True,Benfica,Benfica,1006069.0,António Silva,,,,,,,,,,False,97.0
14288822,2026-03-08,Liga Portugal Betclic,25.0,Benfica,FC Porto,period,,45,999.0,1ST,,,,,,,,,,,,0.0,2.0,,,1044.0
14288822,2026-03-08,Liga Portugal Betclic,25.0,Benfica,FC Porto,period,,90,999.0,2ND,,,,,,,,,,,,2.0,2.0,,,1089.0
14288830,2026-03-14,Liga Portugal Betclic,26.0,FC Arouca,Benfica,varDecision,penaltyNotAwarded,5,,1ST,True,FC Arouca,Opponent,913728.0,Ivan Barbero,,,,,,,,,,,5.0
14288830,2026-03-14,Liga Portugal Betclic,26.0,FC Arouca,Benfica,goal,penalty,7,,1ST,True,FC Arouca,Opponent,913728.0,Ivan Barbero,,,,,,,1.0,0.0,,,7.0
14288830,2026-03-14,Liga Portugal Betclic,26.0,FC Arouca,Benfica,card,yellow,22,,1ST,True,FC Arouca,Opponent,943713.0,Javi Sánchez,,,,,,,,,,False,22.0
14288830,2026-03-14,Liga Portugal Betclic,26.0,FC Arouca,Benfica,injuryTime,,45,0.0,1ST,,,,,,,,,,,,,,,,45.0
14288830,2026-03-14,Liga Portugal Betclic,26.0,FC Arouca,Benfica,card,yellow,48,,2ND,True,FC Arouca,Opponent,1191120.0,Hyun-ju Lee,,,,,,,,,,False,48.0
14288830,2026-03-14,Liga Portugal Betclic,26.0,FC Arouca,Benfica,card,yellow,45,3.0,1ST,True,FC Arouca,Opponent,913728.0,Ivan Barbero,,,,,,,,,,False,48.0
14288830,2026-03-14,Liga Portugal Betclic,26.0,FC Arouca,Benfica,goal,regular,50,,2ND,False,Benfica,Benfica,1015292.0,Richard Ríos,1100952.0,Andreas Schjelderup,,,,,1.0,1.0,,,50.0
14288830,2026-03-14,Liga Portugal Betclic,26.0,FC Arouca,Benfica,card,yellow,59,,2ND,False,Benfica,Benfica,1015292.0,Richard Ríos,,,,,,,,,,False,59.0
14288830,2026-03-14,Liga Portugal Betclic,26.0,FC Arouca,Benfica,card,yellow,59,,2ND,False,Benfica,Benfica,1006069.0,António Silva,,,,,,,,,,False,59.0
14288830,2026-03-14,Liga Portugal Betclic,26.0,FC Arouca,Benfica,substitution,regular,70,,2ND,True,FC Arouca,Opponent,,,,,996932.0,Pablo Gozálbez,1191120.0,Hyun-ju Lee,,,,,70.0
14288830,2026-03-14,Liga Portugal Betclic,26.0,FC Arouca,Benfica,substitution,regular,73,,2ND,False,Benfica,Benfica,,,,,1123925.0,Georgiy Sudakov,252577.0,Rafa Silva,,,,,73.0
14288830,2026-03-14,Liga Portugal Betclic,26.0,FC Arouca,Benfica,substitution,regular,73,,2ND,False,Benfica,Benfica,,,,,1102791.0,Amar Dedić,850976.0,Alexander Bah,,,,,73.0
14288830,2026-03-14,Liga Portugal Betclic,26.0,FC Arouca,Benfica,substitution,regular,74,,2ND,False,Benfica,Benfica,,,,,1201395.0,Gianluca Prestianni,823631.0,Dodi Lukebakio,,,,,74.0
14288830,2026-03-14,Liga Portugal Betclic,26.0,FC Arouca,Benfica,substitution,injury,74,,2ND,False,Benfica,Benfica,,,,,1103333.0,Franjo Ivanović,1006069.0,António Silva,,,,,74.0
14288830,2026-03-14,Liga Portugal Betclic,26.0,FC Arouca,Benfica,substitution,regular,75,,2ND,True,FC Arouca,Opponent,,,,,1520738.0,José Silva,1095652.0,Diogo Monteiro,,,,,75.0
14288830,2026-03-14,Liga Portugal Betclic,26.0,FC Arouca,Benfica,substitution,regular,75,,2ND,True,FC Arouca,Opponent,,,,,1000680.0,Miguel Puche,955133.0,Naïs Djouahra,,,,,75.0
14288830,2026-03-14,Liga Portugal Betclic,26.0,FC Arouca,Benfica,card,yellow,77,,2ND,True,FC Arouca,Opponent,996932.0,Pablo Gozálbez,,,,,,,,,,False,77.0
14288830,2026-03-14,Liga Portugal Betclic,26.0,FC Arouca,Benfica,substitution,regular,79,,2ND,True,FC Arouca,Opponent,,,,,1510444.0,Dylan Nandín,913728.0,Ivan Barbero,,,,,79.0
14288830,2026-03-14,Liga Portugal Betclic,26.0,FC Arouca,Benfica,substitution,regular,79,,2ND,True,FC Arouca,Opponent,,,,,902050.0,Boris Popović,943713.0,Javi Sánchez,,,,,79.0
14288830,2026-03-14,Liga Portugal Betclic,26.0,FC Arouca,Benfica,card,yellow,80,,2ND,True,FC Arouca,Opponent,789933.0,Ignacio de Arruabarrena,,,,,,,,,,False,80.0
14288830,2026-03-14,Liga Portugal Betclic,26.0,FC Arouca,Benfica,substitution,regular,85,,2ND,False,Benfica,Benfica,,,,,2163561.0,Anísio Cabral,1100952.0,Andreas Schjelderup,,,,,85.0
14288830,2026-03-14,Liga Portugal Betclic,26.0,FC Arouca,Benfica,injuryTime,,90,0.0,2ND,,,,,,,,,,,,,,,,90.0
14288830,2026-03-14,Liga Portugal Betclic,26.0,FC Arouca,Benfica,goal,regular,90,6.0,2ND,False,Benfica,Benfica,1103333.0,Franjo Ivanović,1201395.0,Gianluca Prestianni,,,,,1.0,2.0,,,96.0
14288830,2026-03-14,Liga Portugal Betclic,26.0,FC Arouca,Benfica,card,yellow,90,8.0,2ND,False,Benfica,Benfica,983542.0,Tomás Araújo,,,,,,,,,,False,98.0
14288830,2026-03-14,Liga Portugal Betclic,26.0,FC Arouca,Benfica,card,red,90,8.0,2ND,False,Benfica,Benfica,1102791.0,Amar Dedić,,,,,,,,,,False,98.0
14288830,2026-03-14,Liga Portugal Betclic,26.0,FC Arouca,Benfica,card,red,90,8.0,2ND,True,FC Arouca,Opponent,973517.0,Alfonso Trezza,,,,,,,,,,False,98.0
14288830,2026-03-14,Liga Portugal Betclic,26.0,FC Arouca,Benfica,card,yellow,90,9.0,2ND,False,Benfica,Benfica,795236.0,Vangelis Pavlidis,,,,,,,,,,False,99.0
14288830,2026-03-14,Liga Portugal Betclic,26.0,FC Arouca,Benfica,card,yellow,90,11.0,2ND,False,Benfica,Benfica,1201395.0,Gianluca Prestianni,,,,,,,,,,False,101.0
14288830,2026-03-14,Liga Portugal Betclic,26.0,FC Arouca,Benfica,card,yellow,90,11.0,2ND,False,Benfica,Benfica,966616.0,Anatoliy Trubin,,,,,,,,,,False,101.0
14288830,2026-03-14,Liga Portugal Betclic,26.0,FC Arouca,Benfica,period,,45,999.0,1ST,,,,,,,,,,,,1.0,0.0,,,1044.0
14288830,2026-03-14,Liga Portugal Betclic,26.0,FC Arouca,Benfica,period,,90,999.0,2ND,,,,,,,,,,,,1.0,2.0,,,1089.0
14288841,2026-03-21,Liga Portugal Betclic,27.0,Benfica,Vitória SC,goal,regular,14,,1ST,True,Benfica,Benfica,1201395.0,Gianluca Prestianni,1015292.0,Richard Ríos,,,,,1.0,0.0,,,14.0
14288841,2026-03-21,Liga Portugal Betclic,27.0,Benfica,Vitória SC,injuryTime,,45,0.0,1ST,,,,,,,,,,,,,,,,45.0
14288841,2026-03-21,Liga Portugal Betclic,27.0,Benfica,Vitória SC,goal,regular,55,,2ND,True,Benfica,Benfica,795236.0,Vangelis Pavlidis,1015292.0,Richard Ríos,,,,,2.0,0.0,,,55.0
14288841,2026-03-21,Liga Portugal Betclic,27.0,Benfica,Vitória SC,substitution,regular,59,,2ND,False,Vitória SC,Opponent,,,,,1153328.0,Noah Saviolo,1563640.0,Oumar Camara,,,,,59.0
14288841,2026-03-21,Liga Portugal Betclic,27.0,Benfica,Vitória SC,substitution,regular,59,,2ND,False,Vitória SC,Opponent,,,,,1468082.0,Gustavo Silva,42898.0,Nélson Oliveira,,,,,59.0
14288841,2026-03-21,Liga Portugal Betclic,27.0,Benfica,Vitória SC,card,yellow,69,,2ND,False,Vitória SC,Opponent,1468082.0,Gustavo Silva,,,,,,,,,,False,69.0
14288841,2026-03-21,Liga Portugal Betclic,27.0,Benfica,Vitória SC,substitution,regular,70,,2ND,False,Vitória SC,Opponent,,,,,1035280.0,Telmo Arcanjo,2140143.0,Miguel Nogueira,,,,,70.0
14288841,2026-03-21,Liga Portugal Betclic,27.0,Benfica,Vitória SC,substitution,regular,70,,2ND,False,Vitória SC,Opponent,,,,,1434543.0,Diogo Sousa,1161004.0,Gonçalo Nogueira,,,,,70.0
14288841,2026-03-21,Liga Portugal Betclic,27.0,Benfica,Vitória SC,goal,ownGoal,74,,2ND,True,Benfica,Benfica,1002367.0,Beni Mukendi,,,,,,,3.0,0.0,,,74.0
14288841,2026-03-21,Liga Portugal Betclic,27.0,Benfica,Vitória SC,substitution,regular,77,,2ND,True,Benfica,Benfica,,,,,1117723.0,Sidny Lopes Cabral,1123925.0,Georgiy Sudakov,,,,,77.0
14288841,2026-03-21,Liga Portugal Betclic,27.0,Benfica,Vitória SC,substitution,regular,77,,2ND,True,Benfica,Benfica,,,,,252577.0,Rafa Silva,1100952.0,Andreas Schjelderup,,,,,77.0
14288841,2026-03-21,Liga Portugal Betclic,27.0,Benfica,Vitória SC,substitution,regular,82,,2ND,True,Benfica,Benfica,,,,,823631.0,Dodi Lukebakio,1201395.0,Gianluca Prestianni,,,,,82.0
14288841,2026-03-21,Liga Portugal Betclic,27.0,Benfica,Vitória SC,substitution,regular,82,,2ND,True,Benfica,Benfica,,,,,1103333.0,Franjo Ivanović,795236.0,Vangelis Pavlidis,,,,,82.0
14288841,2026-03-21,Liga Portugal Betclic,27.0,Benfica,Vitória SC,substitution,regular,85,,2ND,True,Benfica,Benfica,,,,,1085740.0,Manu Silva,906800.0,Leandro Barreiro,,,,,85.0
14288841,2026-03-21,Liga Portugal Betclic,27.0,Benfica,Vitória SC,injuryTime,,90,0.0,2ND,,,,,,,,,,,,,,,,90.0
14288841,2026-03-21,Liga Portugal Betclic,27.0,Benfica,Vitória SC,period,,45,999.0,1ST,,,,,,,,,,,,1.0,0.0,,,1044.0
14288841,2026-03-21,Liga Portugal Betclic,27.0,Benfica,Vitória SC,period,,90,999.0,2ND,,,,,,,,,,,,3.0,0.0,,,1089.0
14288848,2026-04-06,Liga Portugal Betclic,28.0,Casa Pia,Benfica,injuryTime,,45,0.0,1ST,,,,,,,,,,,,,,,,45.0
14288848,2026-04-06,Liga Portugal Betclic,28.0,Casa Pia,Benfica,substitution,regular,46,,2ND,True,Casa Pia,Opponent,,,,,1190517.0,Oluwakorede Osundina,1067284.0,Tiago Morais,,,,,46.0
14288848,2026-04-06,Liga Portugal Betclic,28.0,Casa Pia,Benfica,substitution,regular,58,,2ND,False,Benfica,Benfica,,,,,1201395.0,Gianluca Prestianni,823631.0,Dodi Lukebakio,,,,,58.0
14288848,2026-04-06,Liga Portugal Betclic,28.0,Casa Pia,Benfica,goal,regular,68,,2ND,False,Benfica,Benfica,1015292.0,Richard Ríos,1100952.0,Andreas Schjelderup,,,,,0.0,1.0,,,68.0
14288848,2026-04-06,Liga Portugal Betclic,28.0,Casa Pia,Benfica,substitution,regular,70,,2ND,False,Benfica,Benfica,,,,,1123925.0,Georgiy Sudakov,252577.0,Rafa Silva,,,,,70.0
14288848,2026-04-06,Liga Portugal Betclic,28.0,Casa Pia,Benfica,substitution,regular,70,,2ND,True,Casa Pia,Opponent,,,,,1012448.0,Claudio Mendes,157023.0,Cassiano,,,,,70.0
14288848,2026-04-06,Liga Portugal Betclic,28.0,Casa Pia,Benfica,goal,regular,78,,2ND,True,Casa Pia,Opponent,983537.0,Rafael Brito,,,,,,,1.0,1.0,,,78.0
14288848,2026-04-06,Liga Portugal Betclic,28.0,Casa Pia,Benfica,substitution,regular,81,,2ND,False,Benfica,Benfica,,,,,1103333.0,Franjo Ivanović,850976.0,Alexander Bah,,,,,81.0
14288848,2026-04-06,Liga Portugal Betclic,28.0,Casa Pia,Benfica,substitution,regular,81,,2ND,False,Benfica,Benfica,,,,,2163561.0,Anísio Cabral,1087316.0,Enzo Barrenechea,,,,,81.0
14288848,2026-04-06,Liga Portugal Betclic,28.0,Casa Pia,Benfica,card,yellow,85,,2ND,True,Casa Pia,Opponent,821628.0,Patrick Sequeira,,,,,,,,,,False,85.0
14288848,2026-04-06,Liga Portugal Betclic,28.0,Casa Pia,Benfica,substitution,regular,87,,2ND,True,Casa Pia,Opponent,,,,,851276.0,Abdu Conté,1091103.0,Pedro Rosas,,,,,87.0
14288848,2026-04-06,Liga Portugal Betclic,28.0,Casa Pia,Benfica,substitution,regular,87,,2ND,True,Casa Pia,Opponent,,,,,1087321.0,João Marques,983537.0,Rafael Brito,,,,,87.0
14288848,2026-04-06,Liga Portugal Betclic,28.0,Casa Pia,Benfica,injuryTime,,90,0.0,2ND,,,,,,,,,,,,,,,,90.0
14288848,2026-04-06,Liga Portugal Betclic,28.0,Casa Pia,Benfica,substitution,regular,90,3.0,2ND,True,Casa Pia,Opponent,,,,,980407.0,Kelian Nsona,826054.0,Jérémy Livolant,,,,,93.0
14288848,2026-04-06,Liga Portugal Betclic,28.0,Casa Pia,Benfica,period,,45,999.0,1ST,,,,,,,,,,,,0.0,0.0,,,1044.0
14288848,2026-04-06,Liga Portugal Betclic,28.0,Casa Pia,Benfica,period,,90,999.0,2ND,,,,,,,,,,,,1.0,1.0,,,1089.0
14288859,2026-04-12,Liga Portugal Betclic,29.0,Benfica,CD Nacional,goal,regular,3,,1ST,True,Benfica,Benfica,1100952.0,Andreas Schjelderup,1201395.0,Gianluca Prestianni,,,,,1.0,0.0,,,3.0
14288859,2026-04-12,Liga Portugal Betclic,29.0,Benfica,CD Nacional,goal,regular,14,,1ST,True,Benfica,Benfica,252577.0,Rafa Silva,1201395.0,Gianluca Prestianni,,,,,2.0,0.0,,,14.0
14288859,2026-04-12,Liga Portugal Betclic,29.0,Benfica,CD Nacional,card,yellow,22,,1ST,True,Benfica,Benfica,993101.0,Samuel Dahl,,,,,,,,,,False,22.0
14288859,2026-04-12,Liga Portugal Betclic,29.0,Benfica,CD Nacional,injuryTime,,45,0.0,1ST,,,,,,,,,,,,,,,,45.0
14288859,2026-04-12,Liga Portugal Betclic,29.0,Benfica,CD Nacional,card,yellow,50,,2ND,False,CD Nacional,Opponent,786269.0,Witi,,,,,,,,,,False,50.0
14288859,2026-04-12,Liga Portugal Betclic,29.0,Benfica,CD Nacional,card,yellow,56,,2ND,False,CD Nacional,Opponent,822509.0,Léo Santos,,,,,,,,,,False,56.0
14288859,2026-04-12,Liga Portugal Betclic,29.0,Benfica,CD Nacional,card,yellow,58,,2ND,False,CD Nacional,Opponent,1020610.0,Matheus Dias,,,,,,,,,,False,58.0
14288859,2026-04-12,Liga Portugal Betclic,29.0,Benfica,CD Nacional,inGamePenalty,missed,58,,2ND,True,Benfica,Benfica,795236.0,Vangelis Pavlidis,,,,,,,,,,,58.0
14288859,2026-04-12,Liga Portugal Betclic,29.0,Benfica,CD Nacional,substitution,regular,61,,2ND,False,CD Nacional,Opponent,,,,,851030.0,Filipe Soares,1020610.0,Matheus Dias,,,,,61.0
14288859,2026-04-12,Liga Portugal Betclic,29.0,Benfica,CD Nacional,substitution,regular,61,,2ND,False,CD Nacional,Opponent,,,,,1579664.0,Pablo Messias Cardozo,786269.0,Witi,,,,,61.0
14288859,2026-04-12,Liga Portugal Betclic,29.0,Benfica,CD Nacional,substitution,regular,77,,2ND,True,Benfica,Benfica,,,,,1103333.0,Franjo Ivanović,795236.0,Vangelis Pavlidis,,,,,77.0
14288859,2026-04-12,Liga Portugal Betclic,29.0,Benfica,CD Nacional,substitution,regular,78,,2ND,True,Benfica,Benfica,,,,,823631.0,Dodi Lukebakio,1201395.0,Gianluca Prestianni,,,,,78.0
14288859,2026-04-12,Liga Portugal Betclic,29.0,Benfica,CD Nacional,substitution,regular,78,,2ND,True,Benfica,Benfica,,,,,228364.0,Fredrik Aursnes,252577.0,Rafa Silva,,,,,78.0
14288859,2026-04-12,Liga Portugal Betclic,29.0,Benfica,CD Nacional,substitution,injury,79,,2ND,True,Benfica,Benfica,,,,,1087316.0,Enzo Barrenechea,1015292.0,Richard Ríos,,,,,79.0
14288859,2026-04-12,Liga Portugal Betclic,29.0,Benfica,CD Nacional,substitution,regular,83,,2ND,False,CD Nacional,Opponent,,,,,878283.0,Lenny Vallier,344181.0,José Gomes,,,,,83.0
14288859,2026-04-12,Liga Portugal Betclic,29.0,Benfica,CD Nacional,substitution,regular,83,,2ND,False,CD Nacional,Opponent,,,,,1393991.0,Joel Silva,1011997.0,Chiheb Labidi,,,,,83.0
14288859,2026-04-12,Liga Portugal Betclic,29.0,Benfica,CD Nacional,card,yellow,90,,2ND,False,CD Nacional,Opponent,1393991.0,Joel Silva,,,,,,,,,,False,90.0
14288859,2026-04-12,Liga Portugal Betclic,29.0,Benfica,CD Nacional,injuryTime,,90,0.0,2ND,,,,,,,,,,,,,,,,90.0
14288859,2026-04-12,Liga Portugal Betclic,29.0,Benfica,CD Nacional,substitution,regular,90,1.0,2ND,False,CD Nacional,Opponent,,,,,44684.0,João Aurélio,1172052.0,Daniel Júnior,,,,,91.0
14288859,2026-04-12,Liga Portugal Betclic,29.0,Benfica,CD Nacional,substitution,regular,90,2.0,2ND,True,Benfica,Benfica,,,,,1410195.0,Gonçalo Moreira,1100952.0,Andreas Schjelderup,,,,,92.0
14288859,2026-04-12,Liga Portugal Betclic,29.0,Benfica,CD Nacional,card,yellow,90,4.0,2ND,False,CD Nacional,Opponent,878283.0,Lenny Vallier,,,,,,,,,,False,94.0
14288859,2026-04-12,Liga Portugal Betclic,29.0,Benfica,CD Nacional,period,,45,999.0,1ST,,,,,,,,,,,,2.0,0.0,,,1044.0
14288859,2026-04-12,Liga Portugal Betclic,29.0,Benfica,CD Nacional,period,,90,999.0,2ND,,,,,,,,,,,,2.0,0.0,,,1089.0
14288865,2026-04-19,Liga Portugal Betclic,30.0,Sporting CP,Benfica,varDecision,penaltyNotAwarded,16,,1ST,True,Sporting CP,Opponent,830431.0,Francisco Trincão,,,,,,,,,,,16.0
14288865,2026-04-19,Liga Portugal Betclic,30.0,Sporting CP,Benfica,inGamePenalty,missed,19,,1ST,True,Sporting CP,Opponent,914213.0,Luis Javier Suárez,,,,,,,,,,,19.0
14288865,2026-04-19,Liga Portugal Betclic,30.0,Sporting CP,Benfica,goal,penalty,27,,1ST,False,Benfica,Benfica,1100952.0,Andreas Schjelderup,,,,,,,0.0,1.0,,,27.0
14288865,2026-04-19,Liga Portugal Betclic,30.0,Sporting CP,Benfica,card,yellow,36,,1ST,True,Sporting CP,Opponent,859917.0,Morten Hjulmand,,,,,,,,,,False,36.0
14288865,2026-04-19,Liga Portugal Betclic,30.0,Sporting CP,Benfica,injuryTime,,45,0.0,1ST,,,,,,,,,,,,,,,,45.0
14288865,2026-04-19,Liga Portugal Betclic,30.0,Sporting CP,Benfica,card,yellow,53,,2ND,True,Sporting CP,Opponent,253809.0,Rui Silva,,,,,,,,,,False,53.0
14288865,2026-04-19,Liga Portugal Betclic,30.0,Sporting CP,Benfica,substitution,regular,60,,2ND,True,Sporting CP,Opponent,,,,,1126512.0,Zeno Debast,1394342.0,Ousmane Diomande,,,,,60.0
14288865,2026-04-19,Liga Portugal Betclic,30.0,Sporting CP,Benfica,substitution,regular,61,,2ND,True,Sporting CP,Opponent,,,,,1166952.0,Georgios Vagiannidis,989841.0,Eduardo Quaresma,,,,,61.0
14288865,2026-04-19,Liga Portugal Betclic,30.0,Sporting CP,Benfica,substitution,regular,68,,2ND,True,Sporting CP,Opponent,,,,,1403165.0,Geovany Quenda,895764.0,Pedro Gonçalves,,,,,68.0
14288865,2026-04-19,Liga Portugal Betclic,30.0,Sporting CP,Benfica,goal,regular,72,,2ND,True,Sporting CP,Opponent,926560.0,Hidemasa Morita,1126512.0,Zeno Debast,,,,,1.0,1.0,,,72.0
14288865,2026-04-19,Liga Portugal Betclic,30.0,Sporting CP,Benfica,card,yellow,75,,2ND,False,Benfica,Benfica,966616.0,Anatoliy Trubin,,,,,,,,,,False,75.0
14288865,2026-04-19,Liga Portugal Betclic,30.0,Sporting CP,Benfica,substitution,regular,77,,2ND,False,Benfica,Benfica,,,,,795236.0,Vangelis Pavlidis,1103333.0,Franjo Ivanović,,,,,77.0
14288865,2026-04-19,Liga Portugal Betclic,30.0,Sporting CP,Benfica,substitution,regular,78,,2ND,False,Benfica,Benfica,,,,,823631.0,Dodi Lukebakio,1201395.0,Gianluca Prestianni,,,,,78.0
14288865,2026-04-19,Liga Portugal Betclic,30.0,Sporting CP,Benfica,substitution,regular,78,,2ND,False,Benfica,Benfica,,,,,252577.0,Rafa Silva,1100952.0,Andreas Schjelderup,,,,,78.0
14288865,2026-04-19,Liga Portugal Betclic,30.0,Sporting CP,Benfica,substitution,injury,78,,2ND,False,Benfica,Benfica,,,,,1006069.0,António Silva,983542.0,Tomás Araújo,,,,,78.0
14288865,2026-04-19,Liga Portugal Betclic,30.0,Sporting CP,Benfica,substitution,regular,88,,2ND,True,Sporting CP,Opponent,,,,,861979.0,Daniel Bragança,926560.0,Hidemasa Morita,,,,,88.0
14288865,2026-04-19,Liga Portugal Betclic,30.0,Sporting CP,Benfica,substitution,regular,88,,2ND,True,Sporting CP,Opponent,,,,,1464415.0,Rafael Nel,1001140.0,Geny Catamo,,,,,88.0
14288865,2026-04-19,Liga Portugal Betclic,30.0,Sporting CP,Benfica,injuryTime,,90,0.0,2ND,,,,,,,,,,,,,,,,90.0
14288865,2026-04-19,Liga Portugal Betclic,30.0,Sporting CP,Benfica,goal,regular,90,3.0,2ND,False,Benfica,Benfica,252577.0,Rafa Silva,906800.0,Leandro Barreiro,,,,,1.0,2.0,,,93.0
14288865,2026-04-19,Liga Portugal Betclic,30.0,Sporting CP,Benfica,substitution,regular,90,4.0,2ND,False,Benfica,Benfica,,,,,1087316.0,Enzo Barrenechea,906800.0,Leandro Barreiro,,,,,94.0
14288865,2026-04-19,Liga Portugal Betclic,30.0,Sporting CP,Benfica,period,,45,999.0,1ST,,,,,,,,,,,,0.0,1.0,,,1044.0
14288865,2026-04-19,Liga Portugal Betclic,30.0,Sporting CP,Benfica,period,,90,999.0,2ND,,,,,,,,,,,,1.0,2.0,,,1089.0
14288877,2026-04-25,Liga Portugal Betclic,31.0,Benfica,Moreirense,goal,regular,2,,1ST,True,Benfica,Benfica,906800.0,Leandro Barreiro,1006069.0,António Silva,,,,,1.0,0.0,,,2.0
14288877,2026-04-25,Liga Portugal Betclic,31.0,Benfica,Moreirense,goal,regular,26,,1ST,False,Moreirense,Opponent,1142578.0,Diogo Travassos,788197.0,André Ferreira,,,,,1.0,1.0,,,26.0
14288877,2026-04-25,Liga Portugal Betclic,31.0,Benfica,Moreirense,goal,regular,29,,1ST,True,Benfica,Benfica,1015292.0,Richard Ríos,906800.0,Leandro Barreiro,,,,,2.0,1.0,,,29.0
14288877,2026-04-25,Liga Portugal Betclic,31.0,Benfica,Moreirense,card,yellow,32,,1ST,True,Benfica,Benfica,228364.0,Fredrik Aursnes,,,,,,,,,,False,32.0
14288877,2026-04-25,Liga Portugal Betclic,31.0,Benfica,Moreirense,card,yellow,40,,1ST,False,Moreirense,Opponent,2030567.0,Afonso Assis,,,,,,,,,,False,40.0
14288877,2026-04-25,Liga Portugal Betclic,31.0,Benfica,Moreirense,card,yellow,41,,1ST,True,Benfica,Benfica,1015292.0,Richard Ríos,,,,,,,,,,False,41.0
14288877,2026-04-25,Liga Portugal Betclic,31.0,Benfica,Moreirense,injuryTime,,45,0.0,1ST,,,,,,,,,,,,,,,,45.0
14288877,2026-04-25,Liga Portugal Betclic,31.0,Benfica,Moreirense,substitution,regular,46,,2ND,False,Moreirense,Opponent,,,,,1001848.0,Nile John,2030567.0,Afonso Assis,,,,,46.0
14288877,2026-04-25,Liga Portugal Betclic,31.0,Benfica,Moreirense,substitution,regular,58,,2ND,True,Benfica,Benfica,,,,,1201395.0,Gianluca Prestianni,823631.0,Dodi Lukebakio,,,,,58.0
14288877,2026-04-25,Liga Portugal Betclic,31.0,Benfica,Moreirense,substitution,regular,58,,2ND,True,Benfica,Benfica,,,,,1100952.0,Andreas Schjelderup,252577.0,Rafa Silva,,,,,58.0
14288877,2026-04-25,Liga Portugal Betclic,31.0,Benfica,Moreirense,substitution,regular,58,,2ND,True,Benfica,Benfica,,,,,1102791.0,Amar Dedić,850976.0,Alexander Bah,,,,,58.0
14288877,2026-04-25,Liga Portugal Betclic,31.0,Benfica,Moreirense,card,yellow,60,,2ND,False,Moreirense,Opponent,1130513.0,Fabiano Souza,,,,,,,,,,False,60.0
14288877,2026-04-25,Liga Portugal Betclic,31.0,Benfica,Moreirense,substitution,regular,67,,2ND,False,Moreirense,Opponent,,,,,910033.0,Cedric Teguia,1082948.0,Kiko Bondoso,,,,,67.0
14288877,2026-04-25,Liga Portugal Betclic,31.0,Benfica,Moreirense,substitution,regular,67,,2ND,False,Moreirense,Opponent,,,,,1395583.0,Kiko,1471229.0,Landerson,,,,,67.0
14288877,2026-04-25,Liga Portugal Betclic,31.0,Benfica,Moreirense,substitution,regular,75,,2ND,True,Benfica,Benfica,,,,,1103333.0,Franjo Ivanović,795236.0,Vangelis Pavlidis,,,,,75.0
14288877,2026-04-25,Liga Portugal Betclic,31.0,Benfica,Moreirense,substitution,regular,79,,2ND,False,Moreirense,Opponent,,,,,1188685.0,Yan Maranhão,1166006.0,Mateja Stjepanović,,,,,79.0
14288877,2026-04-25,Liga Portugal Betclic,31.0,Benfica,Moreirense,substitution,regular,79,,2ND,False,Moreirense,Opponent,,,,,1115751.0,Luís Semedo,905455.0,Alan,,,,,79.0
14288877,2026-04-25,Liga Portugal Betclic,31.0,Benfica,Moreirense,goal,regular,89,,2ND,True,Benfica,Benfica,1103333.0,Franjo Ivanović,1015292.0,Richard Ríos,,,,,3.0,1.0,,,89.0
14288877,2026-04-25,Liga Portugal Betclic,31.0,Benfica,Moreirense,injuryTime,,90,0.0,2ND,,,,,,,,,,,,,,,,90.0
14288877,2026-04-25,Liga Portugal Betclic,31.0,Benfica,Moreirense,substitution,regular,90,1.0,2ND,True,Benfica,Benfica,,,,,1085740.0,Manu Silva,1015292.0,Richard Ríos,,,,,91.0
14288877,2026-04-25,Liga Portugal Betclic,31.0,Benfica,Moreirense,goal,regular,90,2.0,2ND,True,Benfica,Benfica,1103333.0,Franjo Ivanović,1102791.0,Amar Dedić,,,,,4.0,1.0,,,92.0
14288877,2026-04-25,Liga Portugal Betclic,31.0,Benfica,Moreirense,period,,45,999.0,1ST,,,,,,,,,,,,2.0,1.0,,,1044.0
14288877,2026-04-25,Liga Portugal Betclic,31.0,Benfica,Moreirense,period,,90,999.0,2ND,,,,,,,,,,,,4.0,1.0,,,1089.0
14288883,2026-05-02,Liga Portugal Betclic,32.0,Famalicão,Benfica,varDecision,penaltyNotAwarded,11,,1ST,False,Benfica,Benfica,1103333.0,Franjo Ivanović,,,,,,,,,,,11.0
14288883,2026-05-02,Liga Portugal Betclic,32.0,Famalicão,Benfica,goal,penalty,12,,1ST,False,Benfica,Benfica,1100952.0,Andreas Schjelderup,,,,,,,0.0,1.0,,,12.0
14288883,2026-05-02,Liga Portugal Betclic,32.0,Famalicão,Benfica,goal,regular,19,,1ST,False,Benfica,Benfica,1015292.0,Richard Ríos,1100952.0,Andreas Schjelderup,,,,,0.0,2.0,,,19.0
14288883,2026-05-02,Liga Portugal Betclic,32.0,Famalicão,Benfica,injuryTime,,45,0.0,1ST,,,,,,,,,,,,,,,,45.0
14288883,2026-05-02,Liga Portugal Betclic,32.0,Famalicão,Benfica,varDecision,cardUpgrade,54,,2ND,False,Benfica,Benfica,74915.0,Nicolás Otamendi,,,,,,,,,,,54.0
14288883,2026-05-02,Liga Portugal Betclic,32.0,Famalicão,Benfica,card,red,55,,2ND,False,Benfica,Benfica,74915.0,Nicolás Otamendi,,,,,,,,,,False,55.0
14288883,2026-05-02,Liga Portugal Betclic,32.0,Famalicão,Benfica,substitution,regular,57,,2ND,False,Benfica,Benfica,,,,,1087316.0,Enzo Barrenechea,1201395.0,Gianluca Prestianni,,,,,57.0
14288883,2026-05-02,Liga Portugal Betclic,32.0,Famalicão,Benfica,goal,regular,67,,2ND,True,Famalicão,Opponent,1511656.0,Mathias De Amorim,977676.0,Léo Realpe,,,,,1.0,2.0,,,67.0
14288883,2026-05-02,Liga Portugal Betclic,32.0,Famalicão,Benfica,substitution,regular,72,,2ND,True,Famalicão,Opponent,,,,,1195796.0,Romeo Beney,583838.0,Gil Dias,,,,,72.0
14288883,2026-05-02,Liga Portugal Betclic,32.0,Famalicão,Benfica,substitution,regular,72,,2ND,True,Famalicão,Opponent,,,,,2194737.0,Umar Abubakar,1049526.0,Simon Elisor,,,,,72.0
14288883,2026-05-02,Liga Portugal Betclic,32.0,Famalicão,Benfica,substitution,regular,72,,2ND,False,Benfica,Benfica,,,,,850976.0,Alexander Bah,1100952.0,Andreas Schjelderup,,,,,72.0
14288883,2026-05-02,Liga Portugal Betclic,32.0,Famalicão,Benfica,card,yellow,74,,2ND,True,Famalicão,Opponent,1563665.0,Gustavo Sá,,,,,,,,,,False,74.0
14288883,2026-05-02,Liga Portugal Betclic,32.0,Famalicão,Benfica,goal,regular,78,,2ND,True,Famalicão,Opponent,2194737.0,Umar Abubakar,1511656.0,Mathias De Amorim,,,,,2.0,2.0,,,78.0
14288883,2026-05-02,Liga Portugal Betclic,32.0,Famalicão,Benfica,card,yellow,83,,2ND,True,Famalicão,Opponent,991924.0,Rodrigo Pinheiro,,,,,,,,,,False,83.0
14288883,2026-05-02,Liga Portugal Betclic,32.0,Famalicão,Benfica,substitution,regular,85,,2ND,False,Benfica,Benfica,,,,,252577.0,Rafa Silva,1103333.0,Franjo Ivanović,,,,,85.0
14288883,2026-05-02,Liga Portugal Betclic,32.0,Famalicão,Benfica,injuryTime,,90,0.0,2ND,,,,,,,,,,,,,,,,90.0
14288883,2026-05-02,Liga Portugal Betclic,32.0,Famalicão,Benfica,substitution,regular,90,3.0,2ND,True,Famalicão,Opponent,,,,,1120040.0,Pedro Santos,1511656.0,Mathias De Amorim,,,,,93.0
14288883,2026-05-02,Liga Portugal Betclic,32.0,Famalicão,Benfica,card,yellow,90,9.0,2ND,False,Benfica,Benfica,1006069.0,António Silva,,,,,,,,,,False,99.0
14288883,2026-05-02,Liga Portugal Betclic,32.0,Famalicão,Benfica,card,yellow,90,12.0,2ND,False,Benfica,Benfica,1015292.0,Richard Ríos,,,,,,,,,,False,102.0
14288883,2026-05-02,Liga Portugal Betclic,32.0,Famalicão,Benfica,period,,45,999.0,1ST,,,,,,,,,,,,0.0,2.0,,,1044.0
14288883,2026-05-02,Liga Portugal Betclic,32.0,Famalicão,Benfica,period,,90,999.0,2ND,,,,,,,,,,,,2.0,2.0,,,1089.0
14288898,2026-05-11,Liga Portugal Betclic,33.0,Benfica,Sporting Braga,injuryTime,,45,0.0,1ST,,,,,,,,,,,,,,,,45.0
14288898,2026-05-11,Liga Portugal Betclic,33.0,Benfica,Sporting Braga,goal,regular,46,,2ND,True,Benfica,Benfica,252577.0,Rafa Silva,,,,,,,1.0,0.0,,,46.0
14288898,2026-05-11,Liga Portugal Betclic,33.0,Benfica,Sporting Braga,goal,regular,48,,2ND,False,Sporting Braga,Opponent,1031567.0,Pau Víctor,877918.0,Victor Gómez,,,,,1.0,1.0,,,48.0
14288898,2026-05-11,Liga Portugal Betclic,33.0,Benfica,Sporting Braga,card,yellow,56,,2ND,False,Sporting Braga,Opponent,963744.0,Lukáš Horníček,,,,,,,,,,False,56.0
14288898,2026-05-11,Liga Portugal Betclic,33.0,Benfica,Sporting Braga,card,yellow,57,,2ND,False,Sporting Braga,Opponent,1006865.0,Leonardo Lelo,,,,,,,,,,False,57.0
14288898,2026-05-11,Liga Portugal Betclic,33.0,Benfica,Sporting Braga,substitution,regular,61,,2ND,True,Benfica,Benfica,,,,,795236.0,Vangelis Pavlidis,1103333.0,Franjo Ivanović,,,,,61.0
14288898,2026-05-11,Liga Portugal Betclic,33.0,Benfica,Sporting Braga,varDecision,goalAwarded,65,,2ND,True,Benfica,Benfica,795236.0,Vangelis Pavlidis,,,,,,,,,,,65.0
14288898,2026-05-11,Liga Portugal Betclic,33.0,Benfica,Sporting Braga,substitution,regular,67,,2ND,False,Sporting Braga,Opponent,,,,,1396015.0,Mario Dorgeles,1134430.0,Gabriel Martínez,,,,,67.0
14288898,2026-05-11,Liga Portugal Betclic,33.0,Benfica,Sporting Braga,substitution,regular,74,,2ND,False,Sporting Braga,Opponent,,,,,966575.0,Rodrigo Zalazar,914772.0,Fran Navarro,,,,,74.0
14288898,2026-05-11,Liga Portugal Betclic,33.0,Benfica,Sporting Braga,substitution,regular,76,,2ND,True,Benfica,Benfica,,,,,823631.0,Dodi Lukebakio,906800.0,Leandro Barreiro,,,,,76.0
14288898,2026-05-11,Liga Portugal Betclic,33.0,Benfica,Sporting Braga,substitution,injury,82,,2ND,False,Sporting Braga,Opponent,,,,,1485309.0,Gabriel Moscardo,1006865.0,Leonardo Lelo,,,,,82.0
14288898,2026-05-11,Liga Portugal Betclic,33.0,Benfica,Sporting Braga,card,yellow,87,,2ND,True,Benfica,Benfica,1102791.0,Amar Dedić,,,,,,,,,,False,87.0
14288898,2026-05-11,Liga Portugal Betclic,33.0,Benfica,Sporting Braga,goal,regular,88,,2ND,False,Sporting Braga,Opponent,1120039.0,Jean-Baptiste Gorby,1396015.0,Mario Dorgeles,,,,,1.0,2.0,,,88.0
14288898,2026-05-11,Liga Portugal Betclic,33.0,Benfica,Sporting Braga,injuryTime,,90,0.0,2ND,,,,,,,,,,,,,,,,90.0
14288898,2026-05-11,Liga Portugal Betclic,33.0,Benfica,Sporting Braga,varDecision,penaltyNotAwarded,90,2.0,2ND,True,Benfica,Benfica,1100952.0,Andreas Schjelderup,,,,,,,,,,,92.0
14288898,2026-05-11,Liga Portugal Betclic,33.0,Benfica,Sporting Braga,card,yellow,90,3.0,2ND,False,Sporting Braga,Opponent,887754.0,Vítor Carvalho,,,,,,,,,,False,93.0
14288898,2026-05-11,Liga Portugal Betclic,33.0,Benfica,Sporting Braga,goal,penalty,90,5.0,2ND,True,Benfica,Benfica,795236.0,Vangelis Pavlidis,,,,,,,2.0,2.0,,,95.0
14288898,2026-05-11,Liga Portugal Betclic,33.0,Benfica,Sporting Braga,card,yellow,90,6.0,2ND,False,Sporting Braga,Opponent,877918.0,Victor Gómez,,,,,,,,,,False,96.0
14288898,2026-05-11,Liga Portugal Betclic,33.0,Benfica,Sporting Braga,period,,45,999.0,1ST,,,,,,,,,,,,0.0,0.0,,,1044.0
14288898,2026-05-11,Liga Portugal Betclic,33.0,Benfica,Sporting Braga,period,,90,999.0,2ND,,,,,,,,,,,,2.0,2.0,,,1089.0
14336198,2026-05-16,Liga Portugal Betclic,34.0,Estoril Praia,Benfica,goal,regular,7,,1ST,False,Benfica,Benfica,1015292.0,Richard Ríos,,,,,,,0.0,1.0,,,7.0
14336198,2026-05-16,Liga Portugal Betclic,34.0,Estoril Praia,Benfica,goal,regular,15,,1ST,False,Benfica,Benfica,850976.0,Alexander Bah,983542.0,Tomás Araújo,,,,,0.0,2.0,,,15.0
14336198,2026-05-16,Liga Portugal Betclic,34.0,Estoril Praia,Benfica,goal,regular,16,,1ST,False,Benfica,Benfica,252577.0,Rafa Silva,1201395.0,Gianluca Prestianni,,,,,0.0,3.0,,,16.0
14336198,2026-05-16,Liga Portugal Betclic,34.0,Estoril Praia,Benfica,card,yellow,22,,1ST,True,Estoril Praia,Opponent,1087354.0,Gonçalo Costa,,,,,,,,,,False,22.0
14336198,2026-05-16,Liga Portugal Betclic,34.0,Estoril Praia,Benfica,injuryTime,,45,0.0,1ST,,,,,,,,,,,,,,,,45.0
14336198,2026-05-16,Liga Portugal Betclic,34.0,Estoril Praia,Benfica,substitution,regular,46,,2ND,True,Estoril Praia,Opponent,,,,,834247.0,Pedro Amaral,1087354.0,Gonçalo Costa,,,,,46.0
14336198,2026-05-16,Liga Portugal Betclic,34.0,Estoril Praia,Benfica,substitution,regular,46,,2ND,True,Estoril Praia,Opponent,,,,,1049465.0,Kévin Boma,357734.0,Ferro,,,,,46.0
14336198,2026-05-16,Liga Portugal Betclic,34.0,Estoril Praia,Benfica,card,yellow,47,,2ND,False,Benfica,Benfica,850976.0,Alexander Bah,,,,,,,,,,False,47.0
14336198,2026-05-16,Liga Portugal Betclic,34.0,Estoril Praia,Benfica,card,yellow,52,,2ND,True,Estoril Praia,Opponent,1120679.0,André Lacximicant,,,,,,,,,,False,52.0
14336198,2026-05-16,Liga Portugal Betclic,34.0,Estoril Praia,Benfica,substitution,regular,58,,2ND,True,Estoril Praia,Opponent,,,,,826210.0,Rafik Guitane,77725.0,Pizzi,,,,,58.0
14336198,2026-05-16,Liga Portugal Betclic,34.0,Estoril Praia,Benfica,card,yellow,65,,2ND,True,Estoril Praia,Opponent,826210.0,Rafik Guitane,,,,,,,,,,False,65.0
14336198,2026-05-16,Liga Portugal Betclic,34.0,Estoril Praia,Benfica,substitution,regular,68,,2ND,False,Benfica,Benfica,,,,,1102791.0,Amar Dedić,850976.0,Alexander Bah,,,,,68.0
14336198,2026-05-16,Liga Portugal Betclic,34.0,Estoril Praia,Benfica,substitution,regular,68,,2ND,False,Benfica,Benfica,,,,,823631.0,Dodi Lukebakio,1201395.0,Gianluca Prestianni,,,,,68.0
14336198,2026-05-16,Liga Portugal Betclic,34.0,Estoril Praia,Benfica,substitution,regular,68,,2ND,True,Estoril Praia,Opponent,,,,,1513647.0,Peixinho,1120679.0,André Lacximicant,,,,,68.0
14336198,2026-05-16,Liga Portugal Betclic,34.0,Estoril Praia,Benfica,substitution,regular,68,,2ND,False,Benfica,Benfica,,,,,906800.0,Leandro Barreiro,252577.0,Rafa Silva,,,,,68.0
14336198,2026-05-16,Liga Portugal Betclic,34.0,Estoril Praia,Benfica,card,yellow,68,,2ND,False,Benfica,Benfica,1201395.0,Gianluca Prestianni,,,,,,,,,,False,68.0
14336198,2026-05-16,Liga Portugal Betclic,34.0,Estoril Praia,Benfica,substitution,regular,78,,2ND,True,Estoril Praia,Opponent,,,,,1001313.0,Nodar Lominadze,858705.0,Xeka,,,,,78.0
14336198,2026-05-16,Liga Portugal Betclic,34.0,Estoril Praia,Benfica,substitution,regular,80,,2ND,False,Benfica,Benfica,,,,,1085740.0,Manu Silva,228364.0,Fredrik Aursnes,,,,,80.0
14336198,2026-05-16,Liga Portugal Betclic,34.0,Estoril Praia,Benfica,substitution,regular,84,,2ND,False,Benfica,Benfica,,,,,97012.0,Bruma,1100952.0,Andreas Schjelderup,,,,,84.0
14336198,2026-05-16,Liga Portugal Betclic,34.0,Estoril Praia,Benfica,injuryTime,,90,0.0,2ND,,,,,,,,,,,,,,,,90.0
14336198,2026-05-16,Liga Portugal Betclic,34.0,Estoril Praia,Benfica,goal,regular,90,1.0,2ND,True,Estoril Praia,Opponent,1513647.0,Peixinho,1049465.0,Kévin Boma,,,,,1.0,3.0,,,91.0
14336198,2026-05-16,Liga Portugal Betclic,34.0,Estoril Praia,Benfica,period,,45,999.0,1ST,,,,,,,,,,,,0.0,3.0,,,1044.0
14336198,2026-05-16,Liga Portugal Betclic,34.0,Estoril Praia,Benfica,period,,90,999.0,2ND,,,,,,,,,,,,1.0,3.0,,,1089.0
