event_id,date,competition,season,round,venue,opponent,home_team,away_team,period,group,metric,benfica_value,opponent_value,home_value,away_value
14241230,2025-08-06,"UEFA Champions League, Qualification",UEFA Champions League 25/26,3.0,Away,Nice,Nice,Benfica,1ST,Attack,Big chances missed,1,0,0,1
14241230,2025-08-06,"UEFA Champions League, Qualification",UEFA Champions League 25/26,3.0,Away,Nice,Nice,Benfica,1ST,Attack,Big chances scored,0,0,0,0
14241230,2025-08-06,"UEFA Champions League, Qualification",UEFA Champions League 25/26,3.0,Away,Nice,Nice,Benfica,1ST,Attack,Fouled in final third,1,0,0,1
14241230,2025-08-06,"UEFA Champions League, Qualification",UEFA Champions League 25/26,3.0,Away,Nice,Nice,Benfica,1ST,Attack,Offsides,3,1,1,3
14241230,2025-08-06,"UEFA Champions League, Qualification",UEFA Champions League 25/26,3.0,Away,Nice,Nice,Benfica,1ST,Defending,Clearances,13,10,10,13
14241230,2025-08-06,"UEFA Champions League, Qualification",UEFA Champions League 25/26,3.0,Away,Nice,Nice,Benfica,1ST,Defending,Interceptions,5,4,4,5
14241230,2025-08-06,"UEFA Champions League, Qualification",UEFA Champions League 25/26,3.0,Away,Nice,Nice,Benfica,1ST,Defending,Recoveries,16,18,18,16
14241230,2025-08-06,"UEFA Champions League, Qualification",UEFA Champions League 25/26,3.0,Away,Nice,Nice,Benfica,1ST,Defending,Tackles won,89%,40%,40%,89%
14241230,2025-08-06,"UEFA Champions League, Qualification",UEFA Champions League 25/26,3.0,Away,Nice,Nice,Benfica,1ST,Defending,Total tackles,9,5,5,9
14241230,2025-08-06,"UEFA Champions League, Qualification",UEFA Champions League 25/26,3.0,Away,Nice,Nice,Benfica,1ST,Duels,Aerial duels,6/7 (86%),1/7 (14%),1/7 (14%),6/7 (86%)
14241230,2025-08-06,"UEFA Champions League, Qualification",UEFA Champions League 25/26,3.0,Away,Nice,Nice,Benfica,1ST,Duels,Dispossessed,4,4,4,4
14241230,2025-08-06,"UEFA Champions League, Qualification",UEFA Champions League 25/26,3.0,Away,Nice,Nice,Benfica,1ST,Duels,Dribbles,4/5 (80%),3/8 (38%),3/8 (38%),4/5 (80%)
14241230,2025-08-06,"UEFA Champions League, Qualification",UEFA Champions League 25/26,3.0,Away,Nice,Nice,Benfica,1ST,Duels,Duels,62%,38%,38%,62%
14241230,2025-08-06,"UEFA Champions League, Qualification",UEFA Champions League 25/26,3.0,Away,Nice,Nice,Benfica,1ST,Duels,Ground duels,18/32 (56%),14/32 (44%),14/32 (44%),18/32 (56%)
14241230,2025-08-06,"UEFA Champions League, Qualification",UEFA Champions League 25/26,3.0,Away,Nice,Nice,Benfica,1ST,Goalkeeping,Goal kicks,5,3,3,5
14241230,2025-08-06,"UEFA Champions League, Qualification",UEFA Champions League 25/26,3.0,Away,Nice,Nice,Benfica,1ST,Goalkeeping,Total saves,1,3,3,1
14241230,2025-08-06,"UEFA Champions League, Qualification",UEFA Champions League 25/26,3.0,Away,Nice,Nice,Benfica,1ST,Match overview,Ball possession,61%,39%,39%,61%
14241230,2025-08-06,"UEFA Champions League, Qualification",UEFA Champions League 25/26,3.0,Away,Nice,Nice,Benfica,1ST,Match overview,Big chances,1,0,0,1
14241230,2025-08-06,"UEFA Champions League, Qualification",UEFA Champions League 25/26,3.0,Away,Nice,Nice,Benfica,1ST,Match overview,Corner kicks,5,3,3,5
14241230,2025-08-06,"UEFA Champions League, Qualification",UEFA Champions League 25/26,3.0,Away,Nice,Nice,Benfica,1ST,Match overview,Free kicks,5,6,6,5
14241230,2025-08-06,"UEFA Champions League, Qualification",UEFA Champions League 25/26,3.0,Away,Nice,Nice,Benfica,1ST,Match overview,Goalkeeper saves,1,3,3,1
14241230,2025-08-06,"UEFA Champions League, Qualification",UEFA Champions League 25/26,3.0,Away,Nice,Nice,Benfica,1ST,Match overview,Passes,251,162,162,251
14241230,2025-08-06,"UEFA Champions League, Qualification",UEFA Champions League 25/26,3.0,Away,Nice,Nice,Benfica,1ST,Match overview,Tackles,9,5,5,9
14241230,2025-08-06,"UEFA Champions League, Qualification",UEFA Champions League 25/26,3.0,Away,Nice,Nice,Benfica,1ST,Match overview,Total shots,8,5,5,8
14241230,2025-08-06,"UEFA Champions League, Qualification",UEFA Champions League 25/26,3.0,Away,Nice,Nice,Benfica,1ST,Match overview,Yellow cards,1,1,1,1
14241230,2025-08-06,"UEFA Champions League, Qualification",UEFA Champions League 25/26,3.0,Away,Nice,Nice,Benfica,1ST,Passes,Accurate passes,218,141,141,218
14241230,2025-08-06,"UEFA Champions League, Qualification",UEFA Champions League 25/26,3.0,Away,Nice,Nice,Benfica,1ST,Passes,Crosses,3/8 (38%),0/5 (0%),0/5 (0%),3/8 (38%)
14241230,2025-08-06,"UEFA Champions League, Qualification",UEFA Champions League 25/26,3.0,Away,Nice,Nice,Benfica,1ST,Passes,Final third entries,29,8,8,29
14241230,2025-08-06,"UEFA Champions League, Qualification",UEFA Champions League 25/26,3.0,Away,Nice,Nice,Benfica,1ST,Passes,Long balls,12/26 (46%),10/18 (56%),10/18 (56%),12/26 (46%)
14241230,2025-08-06,"UEFA Champions League, Qualification",UEFA Champions League 25/26,3.0,Away,Nice,Nice,Benfica,1ST,Passes,Throw-ins,6,8,8,6
14241230,2025-08-06,"UEFA Champions League, Qualification",UEFA Champions League 25/26,3.0,Away,Nice,Nice,Benfica,1ST,Shots,Blocked shots,4,0,0,4
14241230,2025-08-06,"UEFA Champions League, Qualification",UEFA Champions League 25/26,3.0,Away,Nice,Nice,Benfica,1ST,Shots,Hit woodwork,0,0,0,0
14241230,2025-08-06,"UEFA Champions League, Qualification",UEFA Champions League 25/26,3.0,Away,Nice,Nice,Benfica,1ST,Shots,Shots inside box,6,2,2,6
14241230,2025-08-06,"UEFA Champions League, Qualification",UEFA Champions League 25/26,3.0,Away,Nice,Nice,Benfica,1ST,Shots,Shots off target,1,4,4,1
14241230,2025-08-06,"UEFA Champions League, Qualification",UEFA Champions League 25/26,3.0,Away,Nice,Nice,Benfica,1ST,Shots,Shots on target,3,1,1,3
14241230,2025-08-06,"UEFA Champions League, Qualification",UEFA Champions League 25/26,3.0,Away,Nice,Nice,Benfica,1ST,Shots,Shots outside box,2,3,3,2
14241230,2025-08-06,"UEFA Champions League, Qualification",UEFA Champions League 25/26,3.0,Away,Nice,Nice,Benfica,1ST,Shots,Total shots,8,5,5,8
14241230,2025-08-06,"UEFA Champions League, Qualification",UEFA Champions League 25/26,3.0,Away,Nice,Nice,Benfica,2ND,Attack,Big chances missed,1,1,1,1
14241230,2025-08-06,"UEFA Champions League, Qualification",UEFA Champions League 25/26,3.0,Away,Nice,Nice,Benfica,2ND,Attack,Big chances scored,1,0,0,1
14241230,2025-08-06,"UEFA Champions League, Qualification",UEFA Champions League 25/26,3.0,Away,Nice,Nice,Benfica,2ND,Attack,Fouled in final third,0,2,2,0
14241230,2025-08-06,"UEFA Champions League, Qualification",UEFA Champions League 25/26,3.0,Away,Nice,Nice,Benfica,2ND,Attack,Offsides,0,0,0,0
14241230,2025-08-06,"UEFA Champions League, Qualification",UEFA Champions League 25/26,3.0,Away,Nice,Nice,Benfica,2ND,Defending,Clearances,15,4,4,15
14241230,2025-08-06,"UEFA Champions League, Qualification",UEFA Champions League 25/26,3.0,Away,Nice,Nice,Benfica,2ND,Defending,Interceptions,8,6,6,8
14241230,2025-08-06,"UEFA Champions League, Qualification",UEFA Champions League 25/26,3.0,Away,Nice,Nice,Benfica,2ND,Defending,Recoveries,28,23,23,28
14241230,2025-08-06,"UEFA Champions League, Qualification",UEFA Champions League 25/26,3.0,Away,Nice,Nice,Benfica,2ND,Defending,Tackles won,79%,43%,43%,79%
14241230,2025-08-06,"UEFA Champions League, Qualification",UEFA Champions League 25/26,3.0,Away,Nice,Nice,Benfica,2ND,Defending,Total tackles,14,7,7,14
14241230,2025-08-06,"UEFA Champions League, Qualification",UEFA Champions League 25/26,3.0,Away,Nice,Nice,Benfica,2ND,Duels,Aerial duels,4/11 (36%),7/11 (64%),7/11 (64%),4/11 (36%)
14241230,2025-08-06,"UEFA Champions League, Qualification",UEFA Champions League 25/26,3.0,Away,Nice,Nice,Benfica,2ND,Duels,Dispossessed,4,5,5,4
14241230,2025-08-06,"UEFA Champions League, Qualification",UEFA Champions League 25/26,3.0,Away,Nice,Nice,Benfica,2ND,Duels,Dribbles,4/7 (57%),9/18 (50%),9/18 (50%),4/7 (57%)
14241230,2025-08-06,"UEFA Champions League, Qualification",UEFA Champions League 25/26,3.0,Away,Nice,Nice,Benfica,2ND,Duels,Duels,46%,54%,54%,46%
14241230,2025-08-06,"UEFA Champions League, Qualification",UEFA Champions League 25/26,3.0,Away,Nice,Nice,Benfica,2ND,Duels,Ground duels,22/46 (48%),24/46 (52%),24/46 (52%),22/46 (48%)
14241230,2025-08-06,"UEFA Champions League, Qualification",UEFA Champions League 25/26,3.0,Away,Nice,Nice,Benfica,2ND,Goalkeeping,Goal kicks,6,3,3,6
14241230,2025-08-06,"UEFA Champions League, Qualification",UEFA Champions League 25/26,3.0,Away,Nice,Nice,Benfica,2ND,Goalkeeping,Total saves,1,1,1,1
14241230,2025-08-06,"UEFA Champions League, Qualification",UEFA Champions League 25/26,3.0,Away,Nice,Nice,Benfica,2ND,Match overview,Ball possession,46%,54%,54%,46%
14241230,2025-08-06,"UEFA Champions League, Qualification",UEFA Champions League 25/26,3.0,Away,Nice,Nice,Benfica,2ND,Match overview,Big chances,2,1,1,2
14241230,2025-08-06,"UEFA Champions League, Qualification",UEFA Champions League 25/26,3.0,Away,Nice,Nice,Benfica,2ND,Match overview,Corner kicks,0,1,1,0
14241230,2025-08-06,"UEFA Champions League, Qualification",UEFA Champions League 25/26,3.0,Away,Nice,Nice,Benfica,2ND,Match overview,Free kicks,4,8,8,4
14241230,2025-08-06,"UEFA Champions League, Qualification",UEFA Champions League 25/26,3.0,Away,Nice,Nice,Benfica,2ND,Match overview,Goalkeeper saves,1,1,1,1
14241230,2025-08-06,"UEFA Champions League, Qualification",UEFA Champions League 25/26,3.0,Away,Nice,Nice,Benfica,2ND,Match overview,Passes,237,272,272,237
14241230,2025-08-06,"UEFA Champions League, Qualification",UEFA Champions League 25/26,3.0,Away,Nice,Nice,Benfica,2ND,Match overview,Tackles,14,7,7,14
14241230,2025-08-06,"UEFA Champions League, Qualification",UEFA Champions League 25/26,3.0,Away,Nice,Nice,Benfica,2ND,Match overview,Total shots,5,7,7,5
14241230,2025-08-06,"UEFA Champions League, Qualification",UEFA Champions League 25/26,3.0,Away,Nice,Nice,Benfica,2ND,Match overview,Yellow cards,0,2,2,0
14241230,2025-08-06,"UEFA Champions League, Qualification",UEFA Champions League 25/26,3.0,Away,Nice,Nice,Benfica,2ND,Passes,Accurate passes,201,236,236,201
14241230,2025-08-06,"UEFA Champions League, Qualification",UEFA Champions League 25/26,3.0,Away,Nice,Nice,Benfica,2ND,Passes,Crosses,1/3 (33%),0/5 (0%),0/5 (0%),1/3 (33%)
14241230,2025-08-06,"UEFA Champions League, Qualification",UEFA Champions League 25/26,3.0,Away,Nice,Nice,Benfica,2ND,Passes,Final third entries,23,27,27,23
14241230,2025-08-06,"UEFA Champions League, Qualification",UEFA Champions League 25/26,3.0,Away,Nice,Nice,Benfica,2ND,Passes,Long balls,12/27 (44%),8/18 (44%),8/18 (44%),12/27 (44%)
14241230,2025-08-06,"UEFA Champions League, Qualification",UEFA Champions League 25/26,3.0,Away,Nice,Nice,Benfica,2ND,Passes,Throw-ins,6,12,12,6
14241230,2025-08-06,"UEFA Champions League, Qualification",UEFA Champions League 25/26,3.0,Away,Nice,Nice,Benfica,2ND,Shots,Blocked shots,0,3,3,0
14241230,2025-08-06,"UEFA Champions League, Qualification",UEFA Champions League 25/26,3.0,Away,Nice,Nice,Benfica,2ND,Shots,Hit woodwork,0,0,0,0
14241230,2025-08-06,"UEFA Champions League, Qualification",UEFA Champions League 25/26,3.0,Away,Nice,Nice,Benfica,2ND,Shots,Shots inside box,3,3,3,3
14241230,2025-08-06,"UEFA Champions League, Qualification",UEFA Champions League 25/26,3.0,Away,Nice,Nice,Benfica,2ND,Shots,Shots off target,2,3,3,2
14241230,2025-08-06,"UEFA Champions League, Qualification",UEFA Champions League 25/26,3.0,Away,Nice,Nice,Benfica,2ND,Shots,Shots on target,3,1,1,3
14241230,2025-08-06,"UEFA Champions League, Qualification",UEFA Champions League 25/26,3.0,Away,Nice,Nice,Benfica,2ND,Shots,Shots outside box,2,4,4,2
14241230,2025-08-06,"UEFA Champions League, Qualification",UEFA Champions League 25/26,3.0,Away,Nice,Nice,Benfica,2ND,Shots,Total shots,5,7,7,5
14241230,2025-08-06,"UEFA Champions League, Qualification",UEFA Champions League 25/26,3.0,Away,Nice,Nice,Benfica,ALL,Attack,Big chances missed,2,1,1,2
14241230,2025-08-06,"UEFA Champions League, Qualification",UEFA Champions League 25/26,3.0,Away,Nice,Nice,Benfica,ALL,Attack,Big chances scored,1,0,0,1
14241230,2025-08-06,"UEFA Champions League, Qualification",UEFA Champions League 25/26,3.0,Away,Nice,Nice,Benfica,ALL,Attack,Fouled in final third,1,2,2,1
14241230,2025-08-06,"UEFA Champions League, Qualification",UEFA Champions League 25/26,3.0,Away,Nice,Nice,Benfica,ALL,Attack,Offsides,3,1,1,3
14241230,2025-08-06,"UEFA Champions League, Qualification",UEFA Champions League 25/26,3.0,Away,Nice,Nice,Benfica,ALL,Attack,Touches in penalty area,21,15,15,21
14241230,2025-08-06,"UEFA Champions League, Qualification",UEFA Champions League 25/26,3.0,Away,Nice,Nice,Benfica,ALL,Defending,Clearances,28,14,14,28
14241230,2025-08-06,"UEFA Champions League, Qualification",UEFA Champions League 25/26,3.0,Away,Nice,Nice,Benfica,ALL,Defending,Errors lead to a shot,0,2,2,0
14241230,2025-08-06,"UEFA Champions League, Qualification",UEFA Champions League 25/26,3.0,Away,Nice,Nice,Benfica,ALL,Defending,Interceptions,13,10,10,13
14241230,2025-08-06,"UEFA Champions League, Qualification",UEFA Champions League 25/26,3.0,Away,Nice,Nice,Benfica,ALL,Defending,Recoveries,44,41,41,44
14241230,2025-08-06,"UEFA Champions League, Qualification",UEFA Champions League 25/26,3.0,Away,Nice,Nice,Benfica,ALL,Defending,Tackles won,83%,42%,42%,83%
14241230,2025-08-06,"UEFA Champions League, Qualification",UEFA Champions League 25/26,3.0,Away,Nice,Nice,Benfica,ALL,Defending,Total tackles,23,12,12,23
14241230,2025-08-06,"UEFA Champions League, Qualification",UEFA Champions League 25/26,3.0,Away,Nice,Nice,Benfica,ALL,Duels,Aerial duels,10/18 (56%),8/18 (44%),8/18 (44%),10/18 (56%)
14241230,2025-08-06,"UEFA Champions League, Qualification",UEFA Champions League 25/26,3.0,Away,Nice,Nice,Benfica,ALL,Duels,Dispossessed,8,9,9,8
14241230,2025-08-06,"UEFA Champions League, Qualification",UEFA Champions League 25/26,3.0,Away,Nice,Nice,Benfica,ALL,Duels,Dribbles,8/12 (67%),12/26 (46%),12/26 (46%),8/12 (67%)
14241230,2025-08-06,"UEFA Champions League, Qualification",UEFA Champions League 25/26,3.0,Away,Nice,Nice,Benfica,ALL,Duels,Duels,52%,48%,48%,52%
14241230,2025-08-06,"UEFA Champions League, Qualification",UEFA Champions League 25/26,3.0,Away,Nice,Nice,Benfica,ALL,Duels,Ground duels,40/78 (51%),38/78 (49%),38/78 (49%),40/78 (51%)
14241230,2025-08-06,"UEFA Champions League, Qualification",UEFA Champions League 25/26,3.0,Away,Nice,Nice,Benfica,ALL,Goalkeeping,Big saves,0,2,2,0
14241230,2025-08-06,"UEFA Champions League, Qualification",UEFA Champions League 25/26,3.0,Away,Nice,Nice,Benfica,ALL,Goalkeeping,Goal kicks,11,6,6,11
14241230,2025-08-06,"UEFA Champions League, Qualification",UEFA Champions League 25/26,3.0,Away,Nice,Nice,Benfica,ALL,Goalkeeping,High claims,0,2,2,0
14241230,2025-08-06,"UEFA Champions League, Qualification",UEFA Champions League 25/26,3.0,Away,Nice,Nice,Benfica,ALL,Goalkeeping,Total saves,2,4,4,2
14241230,2025-08-06,"UEFA Champions League, Qualification",UEFA Champions League 25/26,3.0,Away,Nice,Nice,Benfica,ALL,Match overview,Ball possession,53%,47%,47%,53%
14241230,2025-08-06,"UEFA Champions League, Qualification",UEFA Champions League 25/26,3.0,Away,Nice,Nice,Benfica,ALL,Match overview,Big chances,3,1,1,3
14241230,2025-08-06,"UEFA Champions League, Qualification",UEFA Champions League 25/26,3.0,Away,Nice,Nice,Benfica,ALL,Match overview,Corner kicks,5,4,4,5
14241230,2025-08-06,"UEFA Champions League, Qualification",UEFA Champions League 25/26,3.0,Away,Nice,Nice,Benfica,ALL,Match overview,Fouls,14,9,9,14
14241230,2025-08-06,"UEFA Champions League, Qualification",UEFA Champions League 25/26,3.0,Away,Nice,Nice,Benfica,ALL,Match overview,Free kicks,9,14,14,9
14241230,2025-08-06,"UEFA Champions League, Qualification",UEFA Champions League 25/26,3.0,Away,Nice,Nice,Benfica,ALL,Match overview,Goalkeeper saves,2,4,4,2
14241230,2025-08-06,"UEFA Champions League, Qualification",UEFA Champions League 25/26,3.0,Away,Nice,Nice,Benfica,ALL,Match overview,Passes,488,434,434,488
14241230,2025-08-06,"UEFA Champions League, Qualification",UEFA Champions League 25/26,3.0,Away,Nice,Nice,Benfica,ALL,Match overview,Tackles,23,12,12,23
14241230,2025-08-06,"UEFA Champions League, Qualification",UEFA Champions League 25/26,3.0,Away,Nice,Nice,Benfica,ALL,Match overview,Total shots,13,12,12,13
14241230,2025-08-06,"UEFA Champions League, Qualification",UEFA Champions League 25/26,3.0,Away,Nice,Nice,Benfica,ALL,Match overview,Yellow cards,1,3,3,1
14241230,2025-08-06,"UEFA Champions League, Qualification",UEFA Champions League 25/26,3.0,Away,Nice,Nice,Benfica,ALL,Passes,Accurate passes,419,377,377,419
14241230,2025-08-06,"UEFA Champions League, Qualification",UEFA Champions League 25/26,3.0,Away,Nice,Nice,Benfica,ALL,Passes,Crosses,4/11 (36%),0/10 (0%),0/10 (0%),4/11 (36%)
14241230,2025-08-06,"UEFA Champions League, Qualification",UEFA Champions League 25/26,3.0,Away,Nice,Nice,Benfica,ALL,Passes,Final third entries,52,35,35,52
14241230,2025-08-06,"UEFA Champions League, Qualification",UEFA Champions League 25/26,3.0,Away,Nice,Nice,Benfica,ALL,Passes,Final third phase,82/113 (73%),77/101 (76%),77/101 (76%),82/113 (73%)
14241230,2025-08-06,"UEFA Champions League, Qualification",UEFA Champions League 25/26,3.0,Away,Nice,Nice,Benfica,ALL,Passes,Long balls,24/53 (45%),18/36 (50%),18/36 (50%),24/53 (45%)
14241230,2025-08-06,"UEFA Champions League, Qualification",UEFA Champions League 25/26,3.0,Away,Nice,Nice,Benfica,ALL,Passes,Throw-ins,12,20,20,12
14241230,2025-08-06,"UEFA Champions League, Qualification",UEFA Champions League 25/26,3.0,Away,Nice,Nice,Benfica,ALL,Shots,Blocked shots,4,3,3,4
14241230,2025-08-06,"UEFA Champions League, Qualification",UEFA Champions League 25/26,3.0,Away,Nice,Nice,Benfica,ALL,Shots,Hit woodwork,0,0,0,0
14241230,2025-08-06,"UEFA Champions League, Qualification",UEFA Champions League 25/26,3.0,Away,Nice,Nice,Benfica,ALL,Shots,Shots inside box,9,5,5,9
14241230,2025-08-06,"UEFA Champions League, Qualification",UEFA Champions League 25/26,3.0,Away,Nice,Nice,Benfica,ALL,Shots,Shots off target,3,7,7,3
14241230,2025-08-06,"UEFA Champions League, Qualification",UEFA Champions League 25/26,3.0,Away,Nice,Nice,Benfica,ALL,Shots,Shots on target,6,2,2,6
14241230,2025-08-06,"UEFA Champions League, Qualification",UEFA Champions League 25/26,3.0,Away,Nice,Nice,Benfica,ALL,Shots,Shots outside box,4,7,7,4
14241230,2025-08-06,"UEFA Champions League, Qualification",UEFA Champions League 25/26,3.0,Away,Nice,Nice,Benfica,ALL,Shots,Total shots,13,12,12,13
14241253,2025-08-12,"UEFA Champions League, Qualification",UEFA Champions League 25/26,3.0,Home,Nice,Benfica,Nice,1ST,Attack,Big chances missed,0,0,0,0
14241253,2025-08-12,"UEFA Champions League, Qualification",UEFA Champions League 25/26,3.0,Home,Nice,Benfica,Nice,1ST,Attack,Big chances scored,1,0,1,0
14241253,2025-08-12,"UEFA Champions League, Qualification",UEFA Champions League 25/26,3.0,Home,Nice,Benfica,Nice,1ST,Attack,Fouled in final third,1,0,1,0
14241253,2025-08-12,"UEFA Champions League, Qualification",UEFA Champions League 25/26,3.0,Home,Nice,Benfica,Nice,1ST,Attack,Offsides,1,1,1,1
14241253,2025-08-12,"UEFA Champions League, Qualification",UEFA Champions League 25/26,3.0,Home,Nice,Benfica,Nice,1ST,Attack,Through balls,0,0,0,0
14241253,2025-08-12,"UEFA Champions League, Qualification",UEFA Champions League 25/26,3.0,Home,Nice,Benfica,Nice,1ST,Defending,Clearances,14,11,14,11
14241253,2025-08-12,"UEFA Champions League, Qualification",UEFA Champions League 25/26,3.0,Home,Nice,Benfica,Nice,1ST,Defending,Interceptions,1,5,1,5
14241253,2025-08-12,"UEFA Champions League, Qualification",UEFA Champions League 25/26,3.0,Home,Nice,Benfica,Nice,1ST,Defending,Recoveries,18,14,18,14
14241253,2025-08-12,"UEFA Champions League, Qualification",UEFA Champions League 25/26,3.0,Home,Nice,Benfica,Nice,1ST,Defending,Tackles won,33%,50%,33%,50%
14241253,2025-08-12,"UEFA Champions League, Qualification",UEFA Champions League 25/26,3.0,Home,Nice,Benfica,Nice,1ST,Defending,Total tackles,6,4,6,4
14241253,2025-08-12,"UEFA Champions League, Qualification",UEFA Champions League 25/26,3.0,Home,Nice,Benfica,Nice,1ST,Duels,Aerial duels,8/11 (73%),3/11 (27%),8/11 (73%),3/11 (27%)
14241253,2025-08-12,"UEFA Champions League, Qualification",UEFA Champions League 25/26,3.0,Home,Nice,Benfica,Nice,1ST,Duels,Dispossessed,1,3,1,3
14241253,2025-08-12,"UEFA Champions League, Qualification",UEFA Champions League 25/26,3.0,Home,Nice,Benfica,Nice,1ST,Duels,Dribbles,1/4 (25%),1/4 (25%),1/4 (25%),1/4 (25%)
14241253,2025-08-12,"UEFA Champions League, Qualification",UEFA Champions League 25/26,3.0,Home,Nice,Benfica,Nice,1ST,Duels,Duels,75%,25%,75%,25%
14241253,2025-08-12,"UEFA Champions League, Qualification",UEFA Champions League 25/26,3.0,Home,Nice,Benfica,Nice,1ST,Duels,Ground duels,16/21 (76%),5/21 (24%),16/21 (76%),5/21 (24%)
14241253,2025-08-12,"UEFA Champions League, Qualification",UEFA Champions League 25/26,3.0,Home,Nice,Benfica,Nice,1ST,Goalkeeping,Goal kicks,5,4,5,4
14241253,2025-08-12,"UEFA Champions League, Qualification",UEFA Champions League 25/26,3.0,Home,Nice,Benfica,Nice,1ST,Goalkeeping,Total saves,0,2,0,2
14241253,2025-08-12,"UEFA Champions League, Qualification",UEFA Champions League 25/26,3.0,Home,Nice,Benfica,Nice,1ST,Match overview,Ball possession,63%,37%,63%,37%
14241253,2025-08-12,"UEFA Champions League, Qualification",UEFA Champions League 25/26,3.0,Home,Nice,Benfica,Nice,1ST,Match overview,Big chances,1,0,1,0
14241253,2025-08-12,"UEFA Champions League, Qualification",UEFA Champions League 25/26,3.0,Home,Nice,Benfica,Nice,1ST,Match overview,Corner kicks,4,2,4,2
14241253,2025-08-12,"UEFA Champions League, Qualification",UEFA Champions League 25/26,3.0,Home,Nice,Benfica,Nice,1ST,Match overview,Free kicks,9,0,9,0
14241253,2025-08-12,"UEFA Champions League, Qualification",UEFA Champions League 25/26,3.0,Home,Nice,Benfica,Nice,1ST,Match overview,Goalkeeper saves,0,2,0,2
14241253,2025-08-12,"UEFA Champions League, Qualification",UEFA Champions League 25/26,3.0,Home,Nice,Benfica,Nice,1ST,Match overview,Passes,288,162,288,162
14241253,2025-08-12,"UEFA Champions League, Qualification",UEFA Champions League 25/26,3.0,Home,Nice,Benfica,Nice,1ST,Match overview,Tackles,6,4,6,4
14241253,2025-08-12,"UEFA Champions League, Qualification",UEFA Champions League 25/26,3.0,Home,Nice,Benfica,Nice,1ST,Match overview,Total shots,13,6,13,6
14241253,2025-08-12,"UEFA Champions League, Qualification",UEFA Champions League 25/26,3.0,Home,Nice,Benfica,Nice,1ST,Match overview,Yellow cards,0,1,0,1
14241253,2025-08-12,"UEFA Champions League, Qualification",UEFA Champions League 25/26,3.0,Home,Nice,Benfica,Nice,1ST,Passes,Accurate passes,252,127,252,127
14241253,2025-08-12,"UEFA Champions League, Qualification",UEFA Champions League 25/26,3.0,Home,Nice,Benfica,Nice,1ST,Passes,Crosses,3/6 (50%),2/8 (25%),3/6 (50%),2/8 (25%)
14241253,2025-08-12,"UEFA Champions League, Qualification",UEFA Champions League 25/26,3.0,Home,Nice,Benfica,Nice,1ST,Passes,Final third entries,23,15,23,15
14241253,2025-08-12,"UEFA Champions League, Qualification",UEFA Champions League 25/26,3.0,Home,Nice,Benfica,Nice,1ST,Passes,Long balls,22/34 (65%),6/18 (33%),22/34 (65%),6/18 (33%)
14241253,2025-08-12,"UEFA Champions League, Qualification",UEFA Champions League 25/26,3.0,Home,Nice,Benfica,Nice,1ST,Passes,Throw-ins,9,10,9,10
14241253,2025-08-12,"UEFA Champions League, Qualification",UEFA Champions League 25/26,3.0,Home,Nice,Benfica,Nice,1ST,Shots,Blocked shots,5,3,5,3
14241253,2025-08-12,"UEFA Champions League, Qualification",UEFA Champions League 25/26,3.0,Home,Nice,Benfica,Nice,1ST,Shots,Hit woodwork,0,1,0,1
14241253,2025-08-12,"UEFA Champions League, Qualification",UEFA Champions League 25/26,3.0,Home,Nice,Benfica,Nice,1ST,Shots,Shots inside box,7,5,7,5
14241253,2025-08-12,"UEFA Champions League, Qualification",UEFA Champions League 25/26,3.0,Home,Nice,Benfica,Nice,1ST,Shots,Shots off target,4,3,4,3
14241253,2025-08-12,"UEFA Champions League, Qualification",UEFA Champions League 25/26,3.0,Home,Nice,Benfica,Nice,1ST,Shots,Shots on target,4,0,4,0
14241253,2025-08-12,"UEFA Champions League, Qualification",UEFA Champions League 25/26,3.0,Home,Nice,Benfica,Nice,1ST,Shots,Shots outside box,6,1,6,1
14241253,2025-08-12,"UEFA Champions League, Qualification",UEFA Champions League 25/26,3.0,Home,Nice,Benfica,Nice,1ST,Shots,Total shots,13,6,13,6
14241253,2025-08-12,"UEFA Champions League, Qualification",UEFA Champions League 25/26,3.0,Home,Nice,Benfica,Nice,2ND,Attack,Big chances missed,1,0,1,0
14241253,2025-08-12,"UEFA Champions League, Qualification",UEFA Champions League 25/26,3.0,Home,Nice,Benfica,Nice,2ND,Attack,Big chances scored,0,0,0,0
14241253,2025-08-12,"UEFA Champions League, Qualification",UEFA Champions League 25/26,3.0,Home,Nice,Benfica,Nice,2ND,Attack,Fouled in final third,0,4,0,4
14241253,2025-08-12,"UEFA Champions League, Qualification",UEFA Champions League 25/26,3.0,Home,Nice,Benfica,Nice,2ND,Attack,Offsides,1,1,1,1
14241253,2025-08-12,"UEFA Champions League, Qualification",UEFA Champions League 25/26,3.0,Home,Nice,Benfica,Nice,2ND,Attack,Through balls,2,0,2,0
14241253,2025-08-12,"UEFA Champions League, Qualification",UEFA Champions League 25/26,3.0,Home,Nice,Benfica,Nice,2ND,Defending,Clearances,16,9,16,9
14241253,2025-08-12,"UEFA Champions League, Qualification",UEFA Champions League 25/26,3.0,Home,Nice,Benfica,Nice,2ND,Defending,Interceptions,7,5,7,5
14241253,2025-08-12,"UEFA Champions League, Qualification",UEFA Champions League 25/26,3.0,Home,Nice,Benfica,Nice,2ND,Defending,Recoveries,27,29,27,29
14241253,2025-08-12,"UEFA Champions League, Qualification",UEFA Champions League 25/26,3.0,Home,Nice,Benfica,Nice,2ND,Defending,Tackles won,90%,73%,90%,73%
14241253,2025-08-12,"UEFA Champions League, Qualification",UEFA Champions League 25/26,3.0,Home,Nice,Benfica,Nice,2ND,Defending,Total tackles,10,11,10,11
14241253,2025-08-12,"UEFA Champions League, Qualification",UEFA Champions League 25/26,3.0,Home,Nice,Benfica,Nice,2ND,Duels,Aerial duels,9/15 (60%),6/15 (40%),9/15 (60%),6/15 (40%)
14241253,2025-08-12,"UEFA Champions League, Qualification",UEFA Champions League 25/26,3.0,Home,Nice,Benfica,Nice,2ND,Duels,Dispossessed,7,3,7,3
14241253,2025-08-12,"UEFA Champions League, Qualification",UEFA Champions League 25/26,3.0,Home,Nice,Benfica,Nice,2ND,Duels,Dribbles,2/6 (33%),3/10 (30%),2/6 (33%),3/10 (30%)
14241253,2025-08-12,"UEFA Champions League, Qualification",UEFA Champions League 25/26,3.0,Home,Nice,Benfica,Nice,2ND,Duels,Duels,47%,53%,47%,53%
14241253,2025-08-12,"UEFA Champions League, Qualification",UEFA Champions League 25/26,3.0,Home,Nice,Benfica,Nice,2ND,Duels,Ground duels,16/38 (42%),22/38 (58%),16/38 (42%),22/38 (58%)
14241253,2025-08-12,"UEFA Champions League, Qualification",UEFA Champions League 25/26,3.0,Home,Nice,Benfica,Nice,2ND,Goalkeeping,Goal kicks,3,3,3,3
14241253,2025-08-12,"UEFA Champions League, Qualification",UEFA Champions League 25/26,3.0,Home,Nice,Benfica,Nice,2ND,Goalkeeping,Total saves,0,1,0,1
14241253,2025-08-12,"UEFA Champions League, Qualification",UEFA Champions League 25/26,3.0,Home,Nice,Benfica,Nice,2ND,Match overview,Ball possession,53%,47%,53%,47%
14241253,2025-08-12,"UEFA Champions League, Qualification",UEFA Champions League 25/26,3.0,Home,Nice,Benfica,Nice,2ND,Match overview,Big chances,1,0,1,0
14241253,2025-08-12,"UEFA Champions League, Qualification",UEFA Champions League 25/26,3.0,Home,Nice,Benfica,Nice,2ND,Match overview,Corner kicks,2,4,2,4
14241253,2025-08-12,"UEFA Champions League, Qualification",UEFA Champions League 25/26,3.0,Home,Nice,Benfica,Nice,2ND,Match overview,Free kicks,4,9,4,9
14241253,2025-08-12,"UEFA Champions League, Qualification",UEFA Champions League 25/26,3.0,Home,Nice,Benfica,Nice,2ND,Match overview,Goalkeeper saves,0,1,0,1
14241253,2025-08-12,"UEFA Champions League, Qualification",UEFA Champions League 25/26,3.0,Home,Nice,Benfica,Nice,2ND,Match overview,Passes,248,208,248,208
14241253,2025-08-12,"UEFA Champions League, Qualification",UEFA Champions League 25/26,3.0,Home,Nice,Benfica,Nice,2ND,Match overview,Tackles,10,11,10,11
14241253,2025-08-12,"UEFA Champions League, Qualification",UEFA Champions League 25/26,3.0,Home,Nice,Benfica,Nice,2ND,Match overview,Total shots,8,3,8,3
14241253,2025-08-12,"UEFA Champions League, Qualification",UEFA Champions League 25/26,3.0,Home,Nice,Benfica,Nice,2ND,Match overview,Yellow cards,1,1,1,1
14241253,2025-08-12,"UEFA Champions League, Qualification",UEFA Champions League 25/26,3.0,Home,Nice,Benfica,Nice,2ND,Passes,Accurate passes,217,171,217,171
14241253,2025-08-12,"UEFA Champions League, Qualification",UEFA Champions League 25/26,3.0,Home,Nice,Benfica,Nice,2ND,Passes,Crosses,3/6 (50%),2/14 (14%),3/6 (50%),2/14 (14%)
14241253,2025-08-12,"UEFA Champions League, Qualification",UEFA Champions League 25/26,3.0,Home,Nice,Benfica,Nice,2ND,Passes,Final third entries,28,20,28,20
14241253,2025-08-12,"UEFA Champions League, Qualification",UEFA Champions League 25/26,3.0,Home,Nice,Benfica,Nice,2ND,Passes,Long balls,11/22 (50%),4/11 (36%),11/22 (50%),4/11 (36%)
14241253,2025-08-12,"UEFA Champions League, Qualification",UEFA Champions League 25/26,3.0,Home,Nice,Benfica,Nice,2ND,Passes,Throw-ins,9,9,9,9
14241253,2025-08-12,"UEFA Champions League, Qualification",UEFA Champions League 25/26,3.0,Home,Nice,Benfica,Nice,2ND,Shots,Blocked shots,3,2,3,2
14241253,2025-08-12,"UEFA Champions League, Qualification",UEFA Champions League 25/26,3.0,Home,Nice,Benfica,Nice,2ND,Shots,Hit woodwork,1,0,1,0
14241253,2025-08-12,"UEFA Champions League, Qualification",UEFA Champions League 25/26,3.0,Home,Nice,Benfica,Nice,2ND,Shots,Shots inside box,7,3,7,3
14241253,2025-08-12,"UEFA Champions League, Qualification",UEFA Champions League 25/26,3.0,Home,Nice,Benfica,Nice,2ND,Shots,Shots off target,4,1,4,1
14241253,2025-08-12,"UEFA Champions League, Qualification",UEFA Champions League 25/26,3.0,Home,Nice,Benfica,Nice,2ND,Shots,Shots on target,1,0,1,0
14241253,2025-08-12,"UEFA Champions League, Qualification",UEFA Champions League 25/26,3.0,Home,Nice,Benfica,Nice,2ND,Shots,Shots outside box,1,0,1,0
14241253,2025-08-12,"UEFA Champions League, Qualification",UEFA Champions League 25/26,3.0,Home,Nice,Benfica,Nice,2ND,Shots,Total shots,8,3,8,3
14241253,2025-08-12,"UEFA Champions League, Qualification",UEFA Champions League 25/26,3.0,Home,Nice,Benfica,Nice,ALL,Attack,Big chances missed,1,0,1,0
14241253,2025-08-12,"UEFA Champions League, Qualification",UEFA Champions League 25/26,3.0,Home,Nice,Benfica,Nice,ALL,Attack,Big chances scored,1,0,1,0
14241253,2025-08-12,"UEFA Champions League, Qualification",UEFA Champions League 25/26,3.0,Home,Nice,Benfica,Nice,ALL,Attack,Fouled in final third,1,4,1,4
14241253,2025-08-12,"UEFA Champions League, Qualification",UEFA Champions League 25/26,3.0,Home,Nice,Benfica,Nice,ALL,Attack,Offsides,2,2,2,2
14241253,2025-08-12,"UEFA Champions League, Qualification",UEFA Champions League 25/26,3.0,Home,Nice,Benfica,Nice,ALL,Attack,Through balls,2,0,2,0
14241253,2025-08-12,"UEFA Champions League, Qualification",UEFA Champions League 25/26,3.0,Home,Nice,Benfica,Nice,ALL,Attack,Touches in penalty area,45,17,45,17
14241253,2025-08-12,"UEFA Champions League, Qualification",UEFA Champions League 25/26,3.0,Home,Nice,Benfica,Nice,ALL,Defending,Clearances,30,20,30,20
14241253,2025-08-12,"UEFA Champions League, Qualification",UEFA Champions League 25/26,3.0,Home,Nice,Benfica,Nice,ALL,Defending,Errors lead to a shot,1,0,1,0
14241253,2025-08-12,"UEFA Champions League, Qualification",UEFA Champions League 25/26,3.0,Home,Nice,Benfica,Nice,ALL,Defending,Interceptions,8,10,8,10
14241253,2025-08-12,"UEFA Champions League, Qualification",UEFA Champions League 25/26,3.0,Home,Nice,Benfica,Nice,ALL,Defending,Recoveries,45,43,45,43
14241253,2025-08-12,"UEFA Champions League, Qualification",UEFA Champions League 25/26,3.0,Home,Nice,Benfica,Nice,ALL,Defending,Tackles won,69%,67%,69%,67%
14241253,2025-08-12,"UEFA Champions League, Qualification",UEFA Champions League 25/26,3.0,Home,Nice,Benfica,Nice,ALL,Defending,Total tackles,16,15,16,15
14241253,2025-08-12,"UEFA Champions League, Qualification",UEFA Champions League 25/26,3.0,Home,Nice,Benfica,Nice,ALL,Duels,Aerial duels,17/26 (65%),9/26 (35%),17/26 (65%),9/26 (35%)
14241253,2025-08-12,"UEFA Champions League, Qualification",UEFA Champions League 25/26,3.0,Home,Nice,Benfica,Nice,ALL,Duels,Dispossessed,8,6,8,6
14241253,2025-08-12,"UEFA Champions League, Qualification",UEFA Champions League 25/26,3.0,Home,Nice,Benfica,Nice,ALL,Duels,Dribbles,3/10 (30%),4/14 (29%),3/10 (30%),4/14 (29%)
14241253,2025-08-12,"UEFA Champions League, Qualification",UEFA Champions League 25/26,3.0,Home,Nice,Benfica,Nice,ALL,Duels,Duels,58%,42%,58%,42%
14241253,2025-08-12,"UEFA Champions League, Qualification",UEFA Champions League 25/26,3.0,Home,Nice,Benfica,Nice,ALL,Duels,Ground duels,32/59 (54%),27/59 (46%),32/59 (54%),27/59 (46%)
14241253,2025-08-12,"UEFA Champions League, Qualification",UEFA Champions League 25/26,3.0,Home,Nice,Benfica,Nice,ALL,Goalkeeping,Goal kicks,8,7,8,7
14241253,2025-08-12,"UEFA Champions League, Qualification",UEFA Champions League 25/26,3.0,Home,Nice,Benfica,Nice,ALL,Goalkeeping,High claims,2,0,2,0
14241253,2025-08-12,"UEFA Champions League, Qualification",UEFA Champions League 25/26,3.0,Home,Nice,Benfica,Nice,ALL,Goalkeeping,Punches,1,0,1,0
14241253,2025-08-12,"UEFA Champions League, Qualification",UEFA Champions League 25/26,3.0,Home,Nice,Benfica,Nice,ALL,Goalkeeping,Total saves,0,3,0,3
14241253,2025-08-12,"UEFA Champions League, Qualification",UEFA Champions League 25/26,3.0,Home,Nice,Benfica,Nice,ALL,Match overview,Ball possession,58%,42%,58%,42%
14241253,2025-08-12,"UEFA Champions League, Qualification",UEFA Champions League 25/26,3.0,Home,Nice,Benfica,Nice,ALL,Match overview,Big chances,2,0,2,0
14241253,2025-08-12,"UEFA Champions League, Qualification",UEFA Champions League 25/26,3.0,Home,Nice,Benfica,Nice,ALL,Match overview,Corner kicks,6,6,6,6
14241253,2025-08-12,"UEFA Champions League, Qualification",UEFA Champions League 25/26,3.0,Home,Nice,Benfica,Nice,ALL,Match overview,Fouls,9,13,9,13
14241253,2025-08-12,"UEFA Champions League, Qualification",UEFA Champions League 25/26,3.0,Home,Nice,Benfica,Nice,ALL,Match overview,Free kicks,13,9,13,9
14241253,2025-08-12,"UEFA Champions League, Qualification",UEFA Champions League 25/26,3.0,Home,Nice,Benfica,Nice,ALL,Match overview,Goalkeeper saves,0,3,0,3
14241253,2025-08-12,"UEFA Champions League, Qualification",UEFA Champions League 25/26,3.0,Home,Nice,Benfica,Nice,ALL,Match overview,Passes,536,370,536,370
14241253,2025-08-12,"UEFA Champions League, Qualification",UEFA Champions League 25/26,3.0,Home,Nice,Benfica,Nice,ALL,Match overview,Tackles,16,15,16,15
14241253,2025-08-12,"UEFA Champions League, Qualification",UEFA Champions League 25/26,3.0,Home,Nice,Benfica,Nice,ALL,Match overview,Total shots,21,9,21,9
14241253,2025-08-12,"UEFA Champions League, Qualification",UEFA Champions League 25/26,3.0,Home,Nice,Benfica,Nice,ALL,Match overview,Yellow cards,1,2,1,2
14241253,2025-08-12,"UEFA Champions League, Qualification",UEFA Champions League 25/26,3.0,Home,Nice,Benfica,Nice,ALL,Passes,Accurate passes,469,298,469,298
14241253,2025-08-12,"UEFA Champions League, Qualification",UEFA Champions League 25/26,3.0,Home,Nice,Benfica,Nice,ALL,Passes,Crosses,6/12 (50%),4/22 (18%),6/12 (50%),4/22 (18%)
14241253,2025-08-12,"UEFA Champions League, Qualification",UEFA Champions League 25/26,3.0,Home,Nice,Benfica,Nice,ALL,Passes,Final third entries,51,35,51,35
14241253,2025-08-12,"UEFA Champions League, Qualification",UEFA Champions League 25/26,3.0,Home,Nice,Benfica,Nice,ALL,Passes,Final third phase,99/133 (74%),72/100 (72%),99/133 (74%),72/100 (72%)
14241253,2025-08-12,"UEFA Champions League, Qualification",UEFA Champions League 25/26,3.0,Home,Nice,Benfica,Nice,ALL,Passes,Long balls,33/56 (59%),10/29 (34%),33/56 (59%),10/29 (34%)
14241253,2025-08-12,"UEFA Champions League, Qualification",UEFA Champions League 25/26,3.0,Home,Nice,Benfica,Nice,ALL,Passes,Throw-ins,18,19,18,19
14241253,2025-08-12,"UEFA Champions League, Qualification",UEFA Champions League 25/26,3.0,Home,Nice,Benfica,Nice,ALL,Shots,Blocked shots,8,5,8,5
14241253,2025-08-12,"UEFA Champions League, Qualification",UEFA Champions League 25/26,3.0,Home,Nice,Benfica,Nice,ALL,Shots,Hit woodwork,1,1,1,1
14241253,2025-08-12,"UEFA Champions League, Qualification",UEFA Champions League 25/26,3.0,Home,Nice,Benfica,Nice,ALL,Shots,Shots inside box,14,8,14,8
14241253,2025-08-12,"UEFA Champions League, Qualification",UEFA Champions League 25/26,3.0,Home,Nice,Benfica,Nice,ALL,Shots,Shots off target,8,4,8,4
14241253,2025-08-12,"UEFA Champions League, Qualification",UEFA Champions League 25/26,3.0,Home,Nice,Benfica,Nice,ALL,Shots,Shots on target,5,0,5,0
14241253,2025-08-12,"UEFA Champions League, Qualification",UEFA Champions League 25/26,3.0,Home,Nice,Benfica,Nice,ALL,Shots,Shots outside box,7,1,7,1
14241253,2025-08-12,"UEFA Champions League, Qualification",UEFA Champions League 25/26,3.0,Home,Nice,Benfica,Nice,ALL,Shots,Total shots,21,9,21,9
14131876,2025-08-16,Liga Portugal Betclic,Liga Portugal 25/26,2.0,Away,CF Estrela Amadora,CF Estrela Amadora,Benfica,1ST,Attack,Big chances missed,1,1,1,1
14131876,2025-08-16,Liga Portugal Betclic,Liga Portugal 25/26,2.0,Away,CF Estrela Amadora,CF Estrela Amadora,Benfica,1ST,Attack,Big chances scored,0,0,0,0
14131876,2025-08-16,Liga Portugal Betclic,Liga Portugal 25/26,2.0,Away,CF Estrela Amadora,CF Estrela Amadora,Benfica,1ST,Attack,Fouled in final third,1,0,0,1
14131876,2025-08-16,Liga Portugal Betclic,Liga Portugal 25/26,2.0,Away,CF Estrela Amadora,CF Estrela Amadora,Benfica,1ST,Attack,Offsides,0,1,1,0
14131876,2025-08-16,Liga Portugal Betclic,Liga Portugal 25/26,2.0,Away,CF Estrela Amadora,CF Estrela Amadora,Benfica,1ST,Defending,Clearances,6,11,11,6
14131876,2025-08-16,Liga Portugal Betclic,Liga Portugal 25/26,2.0,Away,CF Estrela Amadora,CF Estrela Amadora,Benfica,1ST,Defending,Interceptions,2,2,2,2
14131876,2025-08-16,Liga Portugal Betclic,Liga Portugal 25/26,2.0,Away,CF Estrela Amadora,CF Estrela Amadora,Benfica,1ST,Defending,Recoveries,19,19,19,19
14131876,2025-08-16,Liga Portugal Betclic,Liga Portugal 25/26,2.0,Away,CF Estrela Amadora,CF Estrela Amadora,Benfica,1ST,Defending,Tackles won,63%,75%,75%,63%
14131876,2025-08-16,Liga Portugal Betclic,Liga Portugal 25/26,2.0,Away,CF Estrela Amadora,CF Estrela Amadora,Benfica,1ST,Defending,Total tackles,8,8,8,8
14131876,2025-08-16,Liga Portugal Betclic,Liga Portugal 25/26,2.0,Away,CF Estrela Amadora,CF Estrela Amadora,Benfica,1ST,Duels,Aerial duels,12/22 (55%),10/22 (45%),10/22 (45%),12/22 (55%)
14131876,2025-08-16,Liga Portugal Betclic,Liga Portugal 25/26,2.0,Away,CF Estrela Amadora,CF Estrela Amadora,Benfica,1ST,Duels,Dispossessed,2,5,5,2
14131876,2025-08-16,Liga Portugal Betclic,Liga Portugal 25/26,2.0,Away,CF Estrela Amadora,CF Estrela Amadora,Benfica,1ST,Duels,Dribbles,0/6 (0%),4/7 (57%),4/7 (57%),0/6 (0%)
14131876,2025-08-16,Liga Portugal Betclic,Liga Portugal 25/26,2.0,Away,CF Estrela Amadora,CF Estrela Amadora,Benfica,1ST,Duels,Duels,44%,56%,56%,44%
14131876,2025-08-16,Liga Portugal Betclic,Liga Portugal 25/26,2.0,Away,CF Estrela Amadora,CF Estrela Amadora,Benfica,1ST,Duels,Ground duels,14/37 (38%),23/37 (62%),23/37 (62%),14/37 (38%)
14131876,2025-08-16,Liga Portugal Betclic,Liga Portugal 25/26,2.0,Away,CF Estrela Amadora,CF Estrela Amadora,Benfica,1ST,Goalkeeping,Goal kicks,4,7,7,4
14131876,2025-08-16,Liga Portugal Betclic,Liga Portugal 25/26,2.0,Away,CF Estrela Amadora,CF Estrela Amadora,Benfica,1ST,Goalkeeping,Total saves,1,0,0,1
14131876,2025-08-16,Liga Portugal Betclic,Liga Portugal 25/26,2.0,Away,CF Estrela Amadora,CF Estrela Amadora,Benfica,1ST,Match overview,Ball possession,59%,41%,41%,59%
14131876,2025-08-16,Liga Portugal Betclic,Liga Portugal 25/26,2.0,Away,CF Estrela Amadora,CF Estrela Amadora,Benfica,1ST,Match overview,Big chances,1,1,1,1
14131876,2025-08-16,Liga Portugal Betclic,Liga Portugal 25/26,2.0,Away,CF Estrela Amadora,CF Estrela Amadora,Benfica,1ST,Match overview,Corner kicks,3,2,2,3
14131876,2025-08-16,Liga Portugal Betclic,Liga Portugal 25/26,2.0,Away,CF Estrela Amadora,CF Estrela Amadora,Benfica,1ST,Match overview,Expected goals,1.16,0.74,0.74,1.16
14131876,2025-08-16,Liga Portugal Betclic,Liga Portugal 25/26,2.0,Away,CF Estrela Amadora,CF Estrela Amadora,Benfica,1ST,Match overview,Free kicks,7,12,12,7
14131876,2025-08-16,Liga Portugal Betclic,Liga Portugal 25/26,2.0,Away,CF Estrela Amadora,CF Estrela Amadora,Benfica,1ST,Match overview,Goalkeeper saves,1,0,0,1
14131876,2025-08-16,Liga Portugal Betclic,Liga Portugal 25/26,2.0,Away,CF Estrela Amadora,CF Estrela Amadora,Benfica,1ST,Match overview,Passes,195,135,135,195
14131876,2025-08-16,Liga Portugal Betclic,Liga Portugal 25/26,2.0,Away,CF Estrela Amadora,CF Estrela Amadora,Benfica,1ST,Match overview,Tackles,8,8,8,8
14131876,2025-08-16,Liga Portugal Betclic,Liga Portugal 25/26,2.0,Away,CF Estrela Amadora,CF Estrela Amadora,Benfica,1ST,Match overview,Total shots,6,6,6,6
14131876,2025-08-16,Liga Portugal Betclic,Liga Portugal 25/26,2.0,Away,CF Estrela Amadora,CF Estrela Amadora,Benfica,1ST,Match overview,Yellow cards,0,1,1,0
14131876,2025-08-16,Liga Portugal Betclic,Liga Portugal 25/26,2.0,Away,CF Estrela Amadora,CF Estrela Amadora,Benfica,1ST,Passes,Accurate passes,155,103,103,155
14131876,2025-08-16,Liga Portugal Betclic,Liga Portugal 25/26,2.0,Away,CF Estrela Amadora,CF Estrela Amadora,Benfica,1ST,Passes,Crosses,3/9 (33%),1/3 (33%),1/3 (33%),3/9 (33%)
14131876,2025-08-16,Liga Portugal Betclic,Liga Portugal 25/26,2.0,Away,CF Estrela Amadora,CF Estrela Amadora,Benfica,1ST,Passes,Final third entries,25,15,15,25
14131876,2025-08-16,Liga Portugal Betclic,Liga Portugal 25/26,2.0,Away,CF Estrela Amadora,CF Estrela Amadora,Benfica,1ST,Passes,Long balls,13/25 (52%),16/30 (53%),16/30 (53%),13/25 (52%)
14131876,2025-08-16,Liga Portugal Betclic,Liga Portugal 25/26,2.0,Away,CF Estrela Amadora,CF Estrela Amadora,Benfica,1ST,Passes,Throw-ins,15,11,11,15
14131876,2025-08-16,Liga Portugal Betclic,Liga Portugal 25/26,2.0,Away,CF Estrela Amadora,CF Estrela Amadora,Benfica,1ST,Shots,Blocked shots,1,2,2,1
14131876,2025-08-16,Liga Portugal Betclic,Liga Portugal 25/26,2.0,Away,CF Estrela Amadora,CF Estrela Amadora,Benfica,1ST,Shots,Hit woodwork,0,1,1,0
14131876,2025-08-16,Liga Portugal Betclic,Liga Portugal 25/26,2.0,Away,CF Estrela Amadora,CF Estrela Amadora,Benfica,1ST,Shots,Shots inside box,4,2,2,4
14131876,2025-08-16,Liga Portugal Betclic,Liga Portugal 25/26,2.0,Away,CF Estrela Amadora,CF Estrela Amadora,Benfica,1ST,Shots,Shots off target,5,3,3,5
14131876,2025-08-16,Liga Portugal Betclic,Liga Portugal 25/26,2.0,Away,CF Estrela Amadora,CF Estrela Amadora,Benfica,1ST,Shots,Shots on target,0,1,1,0
14131876,2025-08-16,Liga Portugal Betclic,Liga Portugal 25/26,2.0,Away,CF Estrela Amadora,CF Estrela Amadora,Benfica,1ST,Shots,Shots outside box,2,4,4,2
14131876,2025-08-16,Liga Portugal Betclic,Liga Portugal 25/26,2.0,Away,CF Estrela Amadora,CF Estrela Amadora,Benfica,1ST,Shots,Total shots,6,6,6,6
14131876,2025-08-16,Liga Portugal Betclic,Liga Portugal 25/26,2.0,Away,CF Estrela Amadora,CF Estrela Amadora,Benfica,2ND,Attack,Big chances missed,0,2,2,0
14131876,2025-08-16,Liga Portugal Betclic,Liga Portugal 25/26,2.0,Away,CF Estrela Amadora,CF Estrela Amadora,Benfica,2ND,Attack,Big chances scored,1,0,0,1
14131876,2025-08-16,Liga Portugal Betclic,Liga Portugal 25/26,2.0,Away,CF Estrela Amadora,CF Estrela Amadora,Benfica,2ND,Attack,Fouled in final third,2,4,4,2
14131876,2025-08-16,Liga Portugal Betclic,Liga Portugal 25/26,2.0,Away,CF Estrela Amadora,CF Estrela Amadora,Benfica,2ND,Attack,Offsides,1,0,0,1
14131876,2025-08-16,Liga Portugal Betclic,Liga Portugal 25/26,2.0,Away,CF Estrela Amadora,CF Estrela Amadora,Benfica,2ND,Defending,Clearances,12,10,10,12
14131876,2025-08-16,Liga Portugal Betclic,Liga Portugal 25/26,2.0,Away,CF Estrela Amadora,CF Estrela Amadora,Benfica,2ND,Defending,Interceptions,2,3,3,2
14131876,2025-08-16,Liga Portugal Betclic,Liga Portugal 25/26,2.0,Away,CF Estrela Amadora,CF Estrela Amadora,Benfica,2ND,Defending,Recoveries,16,24,24,16
14131876,2025-08-16,Liga Portugal Betclic,Liga Portugal 25/26,2.0,Away,CF Estrela Amadora,CF Estrela Amadora,Benfica,2ND,Defending,Tackles won,100%,100%,100%,100%
14131876,2025-08-16,Liga Portugal Betclic,Liga Portugal 25/26,2.0,Away,CF Estrela Amadora,CF Estrela Amadora,Benfica,2ND,Defending,Total tackles,2,6,6,2
14131876,2025-08-16,Liga Portugal Betclic,Liga Portugal 25/26,2.0,Away,CF Estrela Amadora,CF Estrela Amadora,Benfica,2ND,Duels,Aerial duels,10/23 (43%),13/23 (57%),13/23 (57%),10/23 (43%)
14131876,2025-08-16,Liga Portugal Betclic,Liga Portugal 25/26,2.0,Away,CF Estrela Amadora,CF Estrela Amadora,Benfica,2ND,Duels,Dispossessed,5,2,2,5
14131876,2025-08-16,Liga Portugal Betclic,Liga Portugal 25/26,2.0,Away,CF Estrela Amadora,CF Estrela Amadora,Benfica,2ND,Duels,Dribbles,1/2 (50%),4/4 (100%),4/4 (100%),1/2 (50%)
14131876,2025-08-16,Liga Portugal Betclic,Liga Portugal 25/26,2.0,Away,CF Estrela Amadora,CF Estrela Amadora,Benfica,2ND,Duels,Duels,37%,63%,63%,37%
14131876,2025-08-16,Liga Portugal Betclic,Liga Portugal 25/26,2.0,Away,CF Estrela Amadora,CF Estrela Amadora,Benfica,2ND,Duels,Ground duels,9/29 (31%),20/29 (69%),20/29 (69%),9/29 (31%)
14131876,2025-08-16,Liga Portugal Betclic,Liga Portugal 25/26,2.0,Away,CF Estrela Amadora,CF Estrela Amadora,Benfica,2ND,Goalkeeping,Goal kicks,8,2,2,8
14131876,2025-08-16,Liga Portugal Betclic,Liga Portugal 25/26,2.0,Away,CF Estrela Amadora,CF Estrela Amadora,Benfica,2ND,Goalkeeping,Total saves,1,2,2,1
14131876,2025-08-16,Liga Portugal Betclic,Liga Portugal 25/26,2.0,Away,CF Estrela Amadora,CF Estrela Amadora,Benfica,2ND,Match overview,Ball possession,54%,46%,46%,54%
14131876,2025-08-16,Liga Portugal Betclic,Liga Portugal 25/26,2.0,Away,CF Estrela Amadora,CF Estrela Amadora,Benfica,2ND,Match overview,Big chances,1,2,2,1
14131876,2025-08-16,Liga Portugal Betclic,Liga Portugal 25/26,2.0,Away,CF Estrela Amadora,CF Estrela Amadora,Benfica,2ND,Match overview,Corner kicks,1,3,3,1
14131876,2025-08-16,Liga Portugal Betclic,Liga Portugal 25/26,2.0,Away,CF Estrela Amadora,CF Estrela Amadora,Benfica,2ND,Match overview,Expected goals,1.25,0.67,0.67,1.25
14131876,2025-08-16,Liga Portugal Betclic,Liga Portugal 25/26,2.0,Away,CF Estrela Amadora,CF Estrela Amadora,Benfica,2ND,Match overview,Free kicks,6,11,11,6
14131876,2025-08-16,Liga Portugal Betclic,Liga Portugal 25/26,2.0,Away,CF Estrela Amadora,CF Estrela Amadora,Benfica,2ND,Match overview,Goalkeeper saves,1,2,2,1
14131876,2025-08-16,Liga Portugal Betclic,Liga Portugal 25/26,2.0,Away,CF Estrela Amadora,CF Estrela Amadora,Benfica,2ND,Match overview,Passes,170,140,140,170
14131876,2025-08-16,Liga Portugal Betclic,Liga Portugal 25/26,2.0,Away,CF Estrela Amadora,CF Estrela Amadora,Benfica,2ND,Match overview,Tackles,2,6,6,2
14131876,2025-08-16,Liga Portugal Betclic,Liga Portugal 25/26,2.0,Away,CF Estrela Amadora,CF Estrela Amadora,Benfica,2ND,Match overview,Total shots,8,9,9,8
14131876,2025-08-16,Liga Portugal Betclic,Liga Portugal 25/26,2.0,Away,CF Estrela Amadora,CF Estrela Amadora,Benfica,2ND,Match overview,Yellow cards,3,2,2,3
14131876,2025-08-16,Liga Portugal Betclic,Liga Portugal 25/26,2.0,Away,CF Estrela Amadora,CF Estrela Amadora,Benfica,2ND,Passes,Accurate passes,132,104,104,132
14131876,2025-08-16,Liga Portugal Betclic,Liga Portugal 25/26,2.0,Away,CF Estrela Amadora,CF Estrela Amadora,Benfica,2ND,Passes,Crosses,1/2 (50%),2/6 (33%),2/6 (33%),1/2 (50%)
14131876,2025-08-16,Liga Portugal Betclic,Liga Portugal 25/26,2.0,Away,CF Estrela Amadora,CF Estrela Amadora,Benfica,2ND,Passes,Final third entries,25,27,27,25
14131876,2025-08-16,Liga Portugal Betclic,Liga Portugal 25/26,2.0,Away,CF Estrela Amadora,CF Estrela Amadora,Benfica,2ND,Passes,Long balls,17/38 (45%),13/26 (50%),13/26 (50%),17/38 (45%)
14131876,2025-08-16,Liga Portugal Betclic,Liga Portugal 25/26,2.0,Away,CF Estrela Amadora,CF Estrela Amadora,Benfica,2ND,Passes,Throw-ins,9,7,7,9
14131876,2025-08-16,Liga Portugal Betclic,Liga Portugal 25/26,2.0,Away,CF Estrela Amadora,CF Estrela Amadora,Benfica,2ND,Shots,Blocked shots,3,2,2,3
14131876,2025-08-16,Liga Portugal Betclic,Liga Portugal 25/26,2.0,Away,CF Estrela Amadora,CF Estrela Amadora,Benfica,2ND,Shots,Hit woodwork,0,0,0,0
14131876,2025-08-16,Liga Portugal Betclic,Liga Portugal 25/26,2.0,Away,CF Estrela Amadora,CF Estrela Amadora,Benfica,2ND,Shots,Shots inside box,5,3,3,5
14131876,2025-08-16,Liga Portugal Betclic,Liga Portugal 25/26,2.0,Away,CF Estrela Amadora,CF Estrela Amadora,Benfica,2ND,Shots,Shots off target,2,6,6,2
14131876,2025-08-16,Liga Portugal Betclic,Liga Portugal 25/26,2.0,Away,CF Estrela Amadora,CF Estrela Amadora,Benfica,2ND,Shots,Shots on target,3,1,1,3
14131876,2025-08-16,Liga Portugal Betclic,Liga Portugal 25/26,2.0,Away,CF Estrela Amadora,CF Estrela Amadora,Benfica,2ND,Shots,Shots outside box,3,6,6,3
14131876,2025-08-16,Liga Portugal Betclic,Liga Portugal 25/26,2.0,Away,CF Estrela Amadora,CF Estrela Amadora,Benfica,2ND,Shots,Total shots,8,9,9,8
14131876,2025-08-16,Liga Portugal Betclic,Liga Portugal 25/26,2.0,Away,CF Estrela Amadora,CF Estrela Amadora,Benfica,ALL,Attack,Big chances missed,1,3,3,1
14131876,2025-08-16,Liga Portugal Betclic,Liga Portugal 25/26,2.0,Away,CF Estrela Amadora,CF Estrela Amadora,Benfica,ALL,Attack,Big chances scored,1,0,0,1
14131876,2025-08-16,Liga Portugal Betclic,Liga Portugal 25/26,2.0,Away,CF Estrela Amadora,CF Estrela Amadora,Benfica,ALL,Attack,Fouled in final third,3,4,4,3
14131876,2025-08-16,Liga Portugal Betclic,Liga Portugal 25/26,2.0,Away,CF Estrela Amadora,CF Estrela Amadora,Benfica,ALL,Attack,Offsides,1,1,1,1
14131876,2025-08-16,Liga Portugal Betclic,Liga Portugal 25/26,2.0,Away,CF Estrela Amadora,CF Estrela Amadora,Benfica,ALL,Attack,Touches in penalty area,24,13,13,24
14131876,2025-08-16,Liga Portugal Betclic,Liga Portugal 25/26,2.0,Away,CF Estrela Amadora,CF Estrela Amadora,Benfica,ALL,Defending,Clearances,18,21,21,18
14131876,2025-08-16,Liga Portugal Betclic,Liga Portugal 25/26,2.0,Away,CF Estrela Amadora,CF Estrela Amadora,Benfica,ALL,Defending,Errors lead to a shot,2,1,1,2
14131876,2025-08-16,Liga Portugal Betclic,Liga Portugal 25/26,2.0,Away,CF Estrela Amadora,CF Estrela Amadora,Benfica,ALL,Defending,Interceptions,4,5,5,4
14131876,2025-08-16,Liga Portugal Betclic,Liga Portugal 25/26,2.0,Away,CF Estrela Amadora,CF Estrela Amadora,Benfica,ALL,Defending,Recoveries,35,43,43,35
14131876,2025-08-16,Liga Portugal Betclic,Liga Portugal 25/26,2.0,Away,CF Estrela Amadora,CF Estrela Amadora,Benfica,ALL,Defending,Tackles won,70%,86%,86%,70%
14131876,2025-08-16,Liga Portugal Betclic,Liga Portugal 25/26,2.0,Away,CF Estrela Amadora,CF Estrela Amadora,Benfica,ALL,Defending,Total tackles,10,14,14,10
14131876,2025-08-16,Liga Portugal Betclic,Liga Portugal 25/26,2.0,Away,CF Estrela Amadora,CF Estrela Amadora,Benfica,ALL,Duels,Aerial duels,22/45 (49%),23/45 (51%),23/45 (51%),22/45 (49%)
14131876,2025-08-16,Liga Portugal Betclic,Liga Portugal 25/26,2.0,Away,CF Estrela Amadora,CF Estrela Amadora,Benfica,ALL,Duels,Dispossessed,7,7,7,7
14131876,2025-08-16,Liga Portugal Betclic,Liga Portugal 25/26,2.0,Away,CF Estrela Amadora,CF Estrela Amadora,Benfica,ALL,Duels,Dribbles,1/8 (13%),8/11 (73%),8/11 (73%),1/8 (13%)
14131876,2025-08-16,Liga Portugal Betclic,Liga Portugal 25/26,2.0,Away,CF Estrela Amadora,CF Estrela Amadora,Benfica,ALL,Duels,Duels,41%,59%,59%,41%
14131876,2025-08-16,Liga Portugal Betclic,Liga Portugal 25/26,2.0,Away,CF Estrela Amadora,CF Estrela Amadora,Benfica,ALL,Duels,Ground duels,23/66 (35%),43/66 (65%),43/66 (65%),23/66 (35%)
14131876,2025-08-16,Liga Portugal Betclic,Liga Portugal 25/26,2.0,Away,CF Estrela Amadora,CF Estrela Amadora,Benfica,ALL,Goalkeeping,Big saves,1,1,1,1
14131876,2025-08-16,Liga Portugal Betclic,Liga Portugal 25/26,2.0,Away,CF Estrela Amadora,CF Estrela Amadora,Benfica,ALL,Goalkeeping,Goal kicks,12,9,9,12
14131876,2025-08-16,Liga Portugal Betclic,Liga Portugal 25/26,2.0,Away,CF Estrela Amadora,CF Estrela Amadora,Benfica,ALL,Goalkeeping,Goals prevented,0.39,0.78,0.78,0.39
14131876,2025-08-16,Liga Portugal Betclic,Liga Portugal 25/26,2.0,Away,CF Estrela Amadora,CF Estrela Amadora,Benfica,ALL,Goalkeeping,High claims,1,0,0,1
14131876,2025-08-16,Liga Portugal Betclic,Liga Portugal 25/26,2.0,Away,CF Estrela Amadora,CF Estrela Amadora,Benfica,ALL,Goalkeeping,Punches,1,0,0,1
14131876,2025-08-16,Liga Portugal Betclic,Liga Portugal 25/26,2.0,Away,CF Estrela Amadora,CF Estrela Amadora,Benfica,ALL,Goalkeeping,Total saves,2,2,2,2
14131876,2025-08-16,Liga Portugal Betclic,Liga Portugal 25/26,2.0,Away,CF Estrela Amadora,CF Estrela Amadora,Benfica,ALL,Match overview,Ball possession,57%,43%,43%,57%
14131876,2025-08-16,Liga Portugal Betclic,Liga Portugal 25/26,2.0,Away,CF Estrela Amadora,CF Estrela Amadora,Benfica,ALL,Match overview,Big chances,2,3,3,2
14131876,2025-08-16,Liga Portugal Betclic,Liga Portugal 25/26,2.0,Away,CF Estrela Amadora,CF Estrela Amadora,Benfica,ALL,Match overview,Corner kicks,4,5,5,4
14131876,2025-08-16,Liga Portugal Betclic,Liga Portugal 25/26,2.0,Away,CF Estrela Amadora,CF Estrela Amadora,Benfica,ALL,Match overview,Distance covered,94.5 km,83.3 km,83.3 km,94.5 km
14131876,2025-08-16,Liga Portugal Betclic,Liga Portugal 25/26,2.0,Away,CF Estrela Amadora,CF Estrela Amadora,Benfica,ALL,Match overview,Expected goals,2.41,1.41,1.41,2.41
14131876,2025-08-16,Liga Portugal Betclic,Liga Portugal 25/26,2.0,Away,CF Estrela Amadora,CF Estrela Amadora,Benfica,ALL,Match overview,Fouls,23,14,14,23
14131876,2025-08-16,Liga Portugal Betclic,Liga Portugal 25/26,2.0,Away,CF Estrela Amadora,CF Estrela Amadora,Benfica,ALL,Match overview,Free kicks,13,23,23,13
14131876,2025-08-16,Liga Portugal Betclic,Liga Portugal 25/26,2.0,Away,CF Estrela Amadora,CF Estrela Amadora,Benfica,ALL,Match overview,Goalkeeper saves,2,2,2,2
14131876,2025-08-16,Liga Portugal Betclic,Liga Portugal 25/26,2.0,Away,CF Estrela Amadora,CF Estrela Amadora,Benfica,ALL,Match overview,Number of sprints,144,132,132,144
14131876,2025-08-16,Liga Portugal Betclic,Liga Portugal 25/26,2.0,Away,CF Estrela Amadora,CF Estrela Amadora,Benfica,ALL,Match overview,Passes,365,275,275,365
14131876,2025-08-16,Liga Portugal Betclic,Liga Portugal 25/26,2.0,Away,CF Estrela Amadora,CF Estrela Amadora,Benfica,ALL,Match overview,Tackles,10,14,14,10
14131876,2025-08-16,Liga Portugal Betclic,Liga Portugal 25/26,2.0,Away,CF Estrela Amadora,CF Estrela Amadora,Benfica,ALL,Match overview,Total shots,14,15,15,14
14131876,2025-08-16,Liga Portugal Betclic,Liga Portugal 25/26,2.0,Away,CF Estrela Amadora,CF Estrela Amadora,Benfica,ALL,Match overview,Yellow cards,3,3,3,3
14131876,2025-08-16,Liga Portugal Betclic,Liga Portugal 25/26,2.0,Away,CF Estrela Amadora,CF Estrela Amadora,Benfica,ALL,Passes,Accurate passes,287,207,207,287
14131876,2025-08-16,Liga Portugal Betclic,Liga Portugal 25/26,2.0,Away,CF Estrela Amadora,CF Estrela Amadora,Benfica,ALL,Passes,Crosses,4/11 (36%),3/9 (33%),3/9 (33%),4/11 (36%)
14131876,2025-08-16,Liga Portugal Betclic,Liga Portugal 25/26,2.0,Away,CF Estrela Amadora,CF Estrela Amadora,Benfica,ALL,Passes,Final third entries,50,42,42,50
14131876,2025-08-16,Liga Portugal Betclic,Liga Portugal 25/26,2.0,Away,CF Estrela Amadora,CF Estrela Amadora,Benfica,ALL,Passes,Final third phase,68/106 (64%),36/73 (49%),36/73 (49%),68/106 (64%)
14131876,2025-08-16,Liga Portugal Betclic,Liga Portugal 25/26,2.0,Away,CF Estrela Amadora,CF Estrela Amadora,Benfica,ALL,Passes,Long balls,30/63 (48%),29/56 (52%),29/56 (52%),30/63 (48%)
14131876,2025-08-16,Liga Portugal Betclic,Liga Portugal 25/26,2.0,Away,CF Estrela Amadora,CF Estrela Amadora,Benfica,ALL,Passes,Throw-ins,24,18,18,24
14131876,2025-08-16,Liga Portugal Betclic,Liga Portugal 25/26,2.0,Away,CF Estrela Amadora,CF Estrela Amadora,Benfica,ALL,Shots,Blocked shots,4,4,4,4
14131876,2025-08-16,Liga Portugal Betclic,Liga Portugal 25/26,2.0,Away,CF Estrela Amadora,CF Estrela Amadora,Benfica,ALL,Shots,Hit woodwork,0,1,1,0
14131876,2025-08-16,Liga Portugal Betclic,Liga Portugal 25/26,2.0,Away,CF Estrela Amadora,CF Estrela Amadora,Benfica,ALL,Shots,Shots inside box,9,5,5,9
14131876,2025-08-16,Liga Portugal Betclic,Liga Portugal 25/26,2.0,Away,CF Estrela Amadora,CF Estrela Amadora,Benfica,ALL,Shots,Shots off target,7,9,9,7
14131876,2025-08-16,Liga Portugal Betclic,Liga Portugal 25/26,2.0,Away,CF Estrela Amadora,CF Estrela Amadora,Benfica,ALL,Shots,Shots on target,3,2,2,3
14131876,2025-08-16,Liga Portugal Betclic,Liga Portugal 25/26,2.0,Away,CF Estrela Amadora,CF Estrela Amadora,Benfica,ALL,Shots,Shots outside box,5,10,10,5
14131876,2025-08-16,Liga Portugal Betclic,Liga Portugal 25/26,2.0,Away,CF Estrela Amadora,CF Estrela Amadora,Benfica,ALL,Shots,Total shots,14,15,15,14
14348668,2025-08-20,"UEFA Champions League, Playoff Round",UEFA Champions League 25/26,636.0,Away,Fenerbahçe,Fenerbahçe,Benfica,1ST,Attack,Fouled in final third,1,1,1,1
14348668,2025-08-20,"UEFA Champions League, Playoff Round",UEFA Champions League 25/26,636.0,Away,Fenerbahçe,Fenerbahçe,Benfica,1ST,Attack,Offsides,0,0,0,0
14348668,2025-08-20,"UEFA Champions League, Playoff Round",UEFA Champions League 25/26,636.0,Away,Fenerbahçe,Fenerbahçe,Benfica,1ST,Defending,Clearances,6,6,6,6
14348668,2025-08-20,"UEFA Champions League, Playoff Round",UEFA Champions League 25/26,636.0,Away,Fenerbahçe,Fenerbahçe,Benfica,1ST,Defending,Interceptions,2,3,3,2
14348668,2025-08-20,"UEFA Champions League, Playoff Round",UEFA Champions League 25/26,636.0,Away,Fenerbahçe,Fenerbahçe,Benfica,1ST,Defending,Recoveries,21,21,21,21
14348668,2025-08-20,"UEFA Champions League, Playoff Round",UEFA Champions League 25/26,636.0,Away,Fenerbahçe,Fenerbahçe,Benfica,1ST,Defending,Tackles won,75%,57%,57%,75%
14348668,2025-08-20,"UEFA Champions League, Playoff Round",UEFA Champions League 25/26,636.0,Away,Fenerbahçe,Fenerbahçe,Benfica,1ST,Defending,Total tackles,4,7,7,4
14348668,2025-08-20,"UEFA Champions League, Playoff Round",UEFA Champions League 25/26,636.0,Away,Fenerbahçe,Fenerbahçe,Benfica,1ST,Duels,Aerial duels,2/12 (17%),10/12 (83%),10/12 (83%),2/12 (17%)
14348668,2025-08-20,"UEFA Champions League, Playoff Round",UEFA Champions League 25/26,636.0,Away,Fenerbahçe,Fenerbahçe,Benfica,1ST,Duels,Dispossessed,2,3,3,2
14348668,2025-08-20,"UEFA Champions League, Playoff Round",UEFA Champions League 25/26,636.0,Away,Fenerbahçe,Fenerbahçe,Benfica,1ST,Duels,Dribbles,3/8 (38%),2/3 (67%),2/3 (67%),3/8 (38%)
14348668,2025-08-20,"UEFA Champions League, Playoff Round",UEFA Champions League 25/26,636.0,Away,Fenerbahçe,Fenerbahçe,Benfica,1ST,Duels,Duels,34%,66%,66%,34%
14348668,2025-08-20,"UEFA Champions League, Playoff Round",UEFA Champions League 25/26,636.0,Away,Fenerbahçe,Fenerbahçe,Benfica,1ST,Duels,Ground duels,13/32 (41%),19/32 (59%),19/32 (59%),13/32 (41%)
14348668,2025-08-20,"UEFA Champions League, Playoff Round",UEFA Champions League 25/26,636.0,Away,Fenerbahçe,Fenerbahçe,Benfica,1ST,Goalkeeping,Goal kicks,1,3,3,1
14348668,2025-08-20,"UEFA Champions League, Playoff Round",UEFA Champions League 25/26,636.0,Away,Fenerbahçe,Fenerbahçe,Benfica,1ST,Goalkeeping,Total saves,3,2,2,3
14348668,2025-08-20,"UEFA Champions League, Playoff Round",UEFA Champions League 25/26,636.0,Away,Fenerbahçe,Fenerbahçe,Benfica,1ST,Match overview,Ball possession,57%,43%,43%,57%
14348668,2025-08-20,"UEFA Champions League, Playoff Round",UEFA Champions League 25/26,636.0,Away,Fenerbahçe,Fenerbahçe,Benfica,1ST,Match overview,Corner kicks,2,1,1,2
14348668,2025-08-20,"UEFA Champions League, Playoff Round",UEFA Champions League 25/26,636.0,Away,Fenerbahçe,Fenerbahçe,Benfica,1ST,Match overview,Free kicks,7,10,10,7
14348668,2025-08-20,"UEFA Champions League, Playoff Round",UEFA Champions League 25/26,636.0,Away,Fenerbahçe,Fenerbahçe,Benfica,1ST,Match overview,Goalkeeper saves,3,2,2,3
14348668,2025-08-20,"UEFA Champions League, Playoff Round",UEFA Champions League 25/26,636.0,Away,Fenerbahçe,Fenerbahçe,Benfica,1ST,Match overview,Passes,258,195,195,258
14348668,2025-08-20,"UEFA Champions League, Playoff Round",UEFA Champions League 25/26,636.0,Away,Fenerbahçe,Fenerbahçe,Benfica,1ST,Match overview,Red cards,0,0,0,0
14348668,2025-08-20,"UEFA Champions League, Playoff Round",UEFA Champions League 25/26,636.0,Away,Fenerbahçe,Fenerbahçe,Benfica,1ST,Match overview,Tackles,4,7,7,4
14348668,2025-08-20,"UEFA Champions League, Playoff Round",UEFA Champions League 25/26,636.0,Away,Fenerbahçe,Fenerbahçe,Benfica,1ST,Match overview,Total shots,5,4,4,5
14348668,2025-08-20,"UEFA Champions League, Playoff Round",UEFA Champions League 25/26,636.0,Away,Fenerbahçe,Fenerbahçe,Benfica,1ST,Match overview,Yellow cards,1,1,1,1
14348668,2025-08-20,"UEFA Champions League, Playoff Round",UEFA Champions League 25/26,636.0,Away,Fenerbahçe,Fenerbahçe,Benfica,1ST,Passes,Accurate passes,223,165,165,223
14348668,2025-08-20,"UEFA Champions League, Playoff Round",UEFA Champions League 25/26,636.0,Away,Fenerbahçe,Fenerbahçe,Benfica,1ST,Passes,Crosses,1/4 (25%),2/6 (33%),2/6 (33%),1/4 (25%)
14348668,2025-08-20,"UEFA Champions League, Playoff Round",UEFA Champions League 25/26,636.0,Away,Fenerbahçe,Fenerbahçe,Benfica,1ST,Passes,Final third entries,30,16,16,30
14348668,2025-08-20,"UEFA Champions League, Playoff Round",UEFA Champions League 25/26,636.0,Away,Fenerbahçe,Fenerbahçe,Benfica,1ST,Passes,Long balls,8/22 (36%),9/21 (43%),9/21 (43%),8/22 (36%)
14348668,2025-08-20,"UEFA Champions League, Playoff Round",UEFA Champions League 25/26,636.0,Away,Fenerbahçe,Fenerbahçe,Benfica,1ST,Passes,Throw-ins,12,6,6,12
14348668,2025-08-20,"UEFA Champions League, Playoff Round",UEFA Champions League 25/26,636.0,Away,Fenerbahçe,Fenerbahçe,Benfica,1ST,Shots,Blocked shots,1,0,0,1
14348668,2025-08-20,"UEFA Champions League, Playoff Round",UEFA Champions League 25/26,636.0,Away,Fenerbahçe,Fenerbahçe,Benfica,1ST,Shots,Hit woodwork,0,0,0,0
14348668,2025-08-20,"UEFA Champions League, Playoff Round",UEFA Champions League 25/26,636.0,Away,Fenerbahçe,Fenerbahçe,Benfica,1ST,Shots,Shots inside box,1,2,2,1
14348668,2025-08-20,"UEFA Champions League, Playoff Round",UEFA Champions League 25/26,636.0,Away,Fenerbahçe,Fenerbahçe,Benfica,1ST,Shots,Shots off target,2,1,1,2
14348668,2025-08-20,"UEFA Champions League, Playoff Round",UEFA Champions League 25/26,636.0,Away,Fenerbahçe,Fenerbahçe,Benfica,1ST,Shots,Shots on target,2,3,3,2
14348668,2025-08-20,"UEFA Champions League, Playoff Round",UEFA Champions League 25/26,636.0,Away,Fenerbahçe,Fenerbahçe,Benfica,1ST,Shots,Shots outside box,4,2,2,4
14348668,2025-08-20,"UEFA Champions League, Playoff Round",UEFA Champions League 25/26,636.0,Away,Fenerbahçe,Fenerbahçe,Benfica,1ST,Shots,Total shots,5,4,4,5
14348668,2025-08-20,"UEFA Champions League, Playoff Round",UEFA Champions League 25/26,636.0,Away,Fenerbahçe,Fenerbahçe,Benfica,2ND,Attack,Fouled in final third,0,1,1,0
14348668,2025-08-20,"UEFA Champions League, Playoff Round",UEFA Champions League 25/26,636.0,Away,Fenerbahçe,Fenerbahçe,Benfica,2ND,Attack,Offsides,0,2,2,0
14348668,2025-08-20,"UEFA Champions League, Playoff Round",UEFA Champions League 25/26,636.0,Away,Fenerbahçe,Fenerbahçe,Benfica,2ND,Defending,Clearances,18,9,9,18
14348668,2025-08-20,"UEFA Champions League, Playoff Round",UEFA Champions League 25/26,636.0,Away,Fenerbahçe,Fenerbahçe,Benfica,2ND,Defending,Interceptions,3,0,0,3
14348668,2025-08-20,"UEFA Champions League, Playoff Round",UEFA Champions League 25/26,636.0,Away,Fenerbahçe,Fenerbahçe,Benfica,2ND,Defending,Recoveries,21,28,28,21
14348668,2025-08-20,"UEFA Champions League, Playoff Round",UEFA Champions League 25/26,636.0,Away,Fenerbahçe,Fenerbahçe,Benfica,2ND,Defending,Tackles won,67%,78%,78%,67%
14348668,2025-08-20,"UEFA Champions League, Playoff Round",UEFA Champions League 25/26,636.0,Away,Fenerbahçe,Fenerbahçe,Benfica,2ND,Defending,Total tackles,9,9,9,9
14348668,2025-08-20,"UEFA Champions League, Playoff Round",UEFA Champions League 25/26,636.0,Away,Fenerbahçe,Fenerbahçe,Benfica,2ND,Duels,Aerial duels,10/15 (67%),5/15 (33%),5/15 (33%),10/15 (67%)
14348668,2025-08-20,"UEFA Champions League, Playoff Round",UEFA Champions League 25/26,636.0,Away,Fenerbahçe,Fenerbahçe,Benfica,2ND,Duels,Dispossessed,3,5,5,3
14348668,2025-08-20,"UEFA Champions League, Playoff Round",UEFA Champions League 25/26,636.0,Away,Fenerbahçe,Fenerbahçe,Benfica,2ND,Duels,Dribbles,4/10 (40%),3/7 (43%),3/7 (43%),4/10 (40%)
14348668,2025-08-20,"UEFA Champions League, Playoff Round",UEFA Champions League 25/26,636.0,Away,Fenerbahçe,Fenerbahçe,Benfica,2ND,Duels,Duels,55%,45%,45%,55%
14348668,2025-08-20,"UEFA Champions League, Playoff Round",UEFA Champions League 25/26,636.0,Away,Fenerbahçe,Fenerbahçe,Benfica,2ND,Duels,Ground duels,21/41 (51%),20/41 (49%),20/41 (49%),21/41 (51%)
14348668,2025-08-20,"UEFA Champions League, Playoff Round",UEFA Champions League 25/26,636.0,Away,Fenerbahçe,Fenerbahçe,Benfica,2ND,Goalkeeping,Goal kicks,3,3,3,3
14348668,2025-08-20,"UEFA Champions League, Playoff Round",UEFA Champions League 25/26,636.0,Away,Fenerbahçe,Fenerbahçe,Benfica,2ND,Goalkeeping,Total saves,3,1,1,3
14348668,2025-08-20,"UEFA Champions League, Playoff Round",UEFA Champions League 25/26,636.0,Away,Fenerbahçe,Fenerbahçe,Benfica,2ND,Match overview,Ball possession,36%,64%,64%,36%
14348668,2025-08-20,"UEFA Champions League, Playoff Round",UEFA Champions League 25/26,636.0,Away,Fenerbahçe,Fenerbahçe,Benfica,2ND,Match overview,Corner kicks,2,3,3,2
14348668,2025-08-20,"UEFA Champions League, Playoff Round",UEFA Champions League 25/26,636.0,Away,Fenerbahçe,Fenerbahçe,Benfica,2ND,Match overview,Free kicks,9,8,8,9
14348668,2025-08-20,"UEFA Champions League, Playoff Round",UEFA Champions League 25/26,636.0,Away,Fenerbahçe,Fenerbahçe,Benfica,2ND,Match overview,Goalkeeper saves,3,1,1,3
14348668,2025-08-20,"UEFA Champions League, Playoff Round",UEFA Champions League 25/26,636.0,Away,Fenerbahçe,Fenerbahçe,Benfica,2ND,Match overview,Passes,145,256,256,145
14348668,2025-08-20,"UEFA Champions League, Playoff Round",UEFA Champions League 25/26,636.0,Away,Fenerbahçe,Fenerbahçe,Benfica,2ND,Match overview,Red cards,1,0,0,1
14348668,2025-08-20,"UEFA Champions League, Playoff Round",UEFA Champions League 25/26,636.0,Away,Fenerbahçe,Fenerbahçe,Benfica,2ND,Match overview,Tackles,9,9,9,9
14348668,2025-08-20,"UEFA Champions League, Playoff Round",UEFA Champions League 25/26,636.0,Away,Fenerbahçe,Fenerbahçe,Benfica,2ND,Match overview,Total shots,4,10,10,4
14348668,2025-08-20,"UEFA Champions League, Playoff Round",UEFA Champions League 25/26,636.0,Away,Fenerbahçe,Fenerbahçe,Benfica,2ND,Match overview,Yellow cards,4,2,2,4
14348668,2025-08-20,"UEFA Champions League, Playoff Round",UEFA Champions League 25/26,636.0,Away,Fenerbahçe,Fenerbahçe,Benfica,2ND,Passes,Accurate passes,106,218,218,106
14348668,2025-08-20,"UEFA Champions League, Playoff Round",UEFA Champions League 25/26,636.0,Away,Fenerbahçe,Fenerbahçe,Benfica,2ND,Passes,Crosses,2/6 (33%),2/16 (13%),2/16 (13%),2/6 (33%)
14348668,2025-08-20,"UEFA Champions League, Playoff Round",UEFA Champions League 25/26,636.0,Away,Fenerbahçe,Fenerbahçe,Benfica,2ND,Passes,Final third entries,22,29,29,22
14348668,2025-08-20,"UEFA Champions League, Playoff Round",UEFA Champions League 25/26,636.0,Away,Fenerbahçe,Fenerbahçe,Benfica,2ND,Passes,Long balls,13/25 (52%),13/26 (50%),13/26 (50%),13/25 (52%)
14348668,2025-08-20,"UEFA Champions League, Playoff Round",UEFA Champions League 25/26,636.0,Away,Fenerbahçe,Fenerbahçe,Benfica,2ND,Passes,Throw-ins,9,6,6,9
14348668,2025-08-20,"UEFA Champions League, Playoff Round",UEFA Champions League 25/26,636.0,Away,Fenerbahçe,Fenerbahçe,Benfica,2ND,Shots,Blocked shots,2,4,4,2
14348668,2025-08-20,"UEFA Champions League, Playoff Round",UEFA Champions League 25/26,636.0,Away,Fenerbahçe,Fenerbahçe,Benfica,2ND,Shots,Hit woodwork,0,1,1,0
14348668,2025-08-20,"UEFA Champions League, Playoff Round",UEFA Champions League 25/26,636.0,Away,Fenerbahçe,Fenerbahçe,Benfica,2ND,Shots,Shots inside box,2,2,2,2
14348668,2025-08-20,"UEFA Champions League, Playoff Round",UEFA Champions League 25/26,636.0,Away,Fenerbahçe,Fenerbahçe,Benfica,2ND,Shots,Shots off target,1,3,3,1
14348668,2025-08-20,"UEFA Champions League, Playoff Round",UEFA Champions League 25/26,636.0,Away,Fenerbahçe,Fenerbahçe,Benfica,2ND,Shots,Shots on target,1,3,3,1
14348668,2025-08-20,"UEFA Champions League, Playoff Round",UEFA Champions League 25/26,636.0,Away,Fenerbahçe,Fenerbahçe,Benfica,2ND,Shots,Shots outside box,2,8,8,2
14348668,2025-08-20,"UEFA Champions League, Playoff Round",UEFA Champions League 25/26,636.0,Away,Fenerbahçe,Fenerbahçe,Benfica,2ND,Shots,Total shots,4,10,10,4
14348668,2025-08-20,"UEFA Champions League, Playoff Round",UEFA Champions League 25/26,636.0,Away,Fenerbahçe,Fenerbahçe,Benfica,ALL,Attack,Fouled in final third,1,2,2,1
14348668,2025-08-20,"UEFA Champions League, Playoff Round",UEFA Champions League 25/26,636.0,Away,Fenerbahçe,Fenerbahçe,Benfica,ALL,Attack,Offsides,0,2,2,0
14348668,2025-08-20,"UEFA Champions League, Playoff Round",UEFA Champions League 25/26,636.0,Away,Fenerbahçe,Fenerbahçe,Benfica,ALL,Attack,Touches in penalty area,15,13,13,15
14348668,2025-08-20,"UEFA Champions League, Playoff Round",UEFA Champions League 25/26,636.0,Away,Fenerbahçe,Fenerbahçe,Benfica,ALL,Defending,Clearances,24,15,15,24
14348668,2025-08-20,"UEFA Champions League, Playoff Round",UEFA Champions League 25/26,636.0,Away,Fenerbahçe,Fenerbahçe,Benfica,ALL,Defending,Interceptions,5,3,3,5
14348668,2025-08-20,"UEFA Champions League, Playoff Round",UEFA Champions League 25/26,636.0,Away,Fenerbahçe,Fenerbahçe,Benfica,ALL,Defending,Recoveries,42,49,49,42
14348668,2025-08-20,"UEFA Champions League, Playoff Round",UEFA Champions League 25/26,636.0,Away,Fenerbahçe,Fenerbahçe,Benfica,ALL,Defending,Tackles won,69%,69%,69%,69%
14348668,2025-08-20,"UEFA Champions League, Playoff Round",UEFA Champions League 25/26,636.0,Away,Fenerbahçe,Fenerbahçe,Benfica,ALL,Defending,Total tackles,13,16,16,13
14348668,2025-08-20,"UEFA Champions League, Playoff Round",UEFA Champions League 25/26,636.0,Away,Fenerbahçe,Fenerbahçe,Benfica,ALL,Duels,Aerial duels,12/27 (44%),15/27 (56%),15/27 (56%),12/27 (44%)
14348668,2025-08-20,"UEFA Champions League, Playoff Round",UEFA Champions League 25/26,636.0,Away,Fenerbahçe,Fenerbahçe,Benfica,ALL,Duels,Dispossessed,5,8,8,5
14348668,2025-08-20,"UEFA Champions League, Playoff Round",UEFA Champions League 25/26,636.0,Away,Fenerbahçe,Fenerbahçe,Benfica,ALL,Duels,Dribbles,7/18 (39%),5/10 (50%),5/10 (50%),7/18 (39%)
14348668,2025-08-20,"UEFA Champions League, Playoff Round",UEFA Champions League 25/26,636.0,Away,Fenerbahçe,Fenerbahçe,Benfica,ALL,Duels,Duels,46%,54%,54%,46%
14348668,2025-08-20,"UEFA Champions League, Playoff Round",UEFA Champions League 25/26,636.0,Away,Fenerbahçe,Fenerbahçe,Benfica,ALL,Duels,Ground duels,34/73 (47%),39/73 (53%),39/73 (53%),34/73 (47%)
14348668,2025-08-20,"UEFA Champions League, Playoff Round",UEFA Champions League 25/26,636.0,Away,Fenerbahçe,Fenerbahçe,Benfica,ALL,Goalkeeping,Big saves,1,2,2,1
14348668,2025-08-20,"UEFA Champions League, Playoff Round",UEFA Champions League 25/26,636.0,Away,Fenerbahçe,Fenerbahçe,Benfica,ALL,Goalkeeping,Goal kicks,4,6,6,4
14348668,2025-08-20,"UEFA Champions League, Playoff Round",UEFA Champions League 25/26,636.0,Away,Fenerbahçe,Fenerbahçe,Benfica,ALL,Goalkeeping,High claims,2,0,0,2
14348668,2025-08-20,"UEFA Champions League, Playoff Round",UEFA Champions League 25/26,636.0,Away,Fenerbahçe,Fenerbahçe,Benfica,ALL,Goalkeeping,Total saves,6,3,3,6
14348668,2025-08-20,"UEFA Champions League, Playoff Round",UEFA Champions League 25/26,636.0,Away,Fenerbahçe,Fenerbahçe,Benfica,ALL,Match overview,Ball possession,47%,53%,53%,47%
14348668,2025-08-20,"UEFA Champions League, Playoff Round",UEFA Champions League 25/26,636.0,Away,Fenerbahçe,Fenerbahçe,Benfica,ALL,Match overview,Corner kicks,4,4,4,4
14348668,2025-08-20,"UEFA Champions League, Playoff Round",UEFA Champions League 25/26,636.0,Away,Fenerbahçe,Fenerbahçe,Benfica,ALL,Match overview,Fouls,18,16,16,18
14348668,2025-08-20,"UEFA Champions League, Playoff Round",UEFA Champions League 25/26,636.0,Away,Fenerbahçe,Fenerbahçe,Benfica,ALL,Match overview,Free kicks,16,18,18,16
14348668,2025-08-20,"UEFA Champions League, Playoff Round",UEFA Champions League 25/26,636.0,Away,Fenerbahçe,Fenerbahçe,Benfica,ALL,Match overview,Goalkeeper saves,6,3,3,6
14348668,2025-08-20,"UEFA Champions League, Playoff Round",UEFA Champions League 25/26,636.0,Away,Fenerbahçe,Fenerbahçe,Benfica,ALL,Match overview,Passes,403,451,451,403
14348668,2025-08-20,"UEFA Champions League, Playoff Round",UEFA Champions League 25/26,636.0,Away,Fenerbahçe,Fenerbahçe,Benfica,ALL,Match overview,Red cards,1,0,0,1
14348668,2025-08-20,"UEFA Champions League, Playoff Round",UEFA Champions League 25/26,636.0,Away,Fenerbahçe,Fenerbahçe,Benfica,ALL,Match overview,Tackles,13,16,16,13
14348668,2025-08-20,"UEFA Champions League, Playoff Round",UEFA Champions League 25/26,636.0,Away,Fenerbahçe,Fenerbahçe,Benfica,ALL,Match overview,Total shots,9,14,14,9
14348668,2025-08-20,"UEFA Champions League, Playoff Round",UEFA Champions League 25/26,636.0,Away,Fenerbahçe,Fenerbahçe,Benfica,ALL,Match overview,Yellow cards,5,3,3,5
14348668,2025-08-20,"UEFA Champions League, Playoff Round",UEFA Champions League 25/26,636.0,Away,Fenerbahçe,Fenerbahçe,Benfica,ALL,Passes,Accurate passes,329,383,383,329
14348668,2025-08-20,"UEFA Champions League, Playoff Round",UEFA Champions League 25/26,636.0,Away,Fenerbahçe,Fenerbahçe,Benfica,ALL,Passes,Crosses,3/10 (30%),4/22 (18%),4/22 (18%),3/10 (30%)
14348668,2025-08-20,"UEFA Champions League, Playoff Round",UEFA Champions League 25/26,636.0,Away,Fenerbahçe,Fenerbahçe,Benfica,ALL,Passes,Final third entries,52,45,45,52
14348668,2025-08-20,"UEFA Champions League, Playoff Round",UEFA Champions League 25/26,636.0,Away,Fenerbahçe,Fenerbahçe,Benfica,ALL,Passes,Final third phase,83/117 (71%),71/96 (74%),71/96 (74%),83/117 (71%)
14348668,2025-08-20,"UEFA Champions League, Playoff Round",UEFA Champions League 25/26,636.0,Away,Fenerbahçe,Fenerbahçe,Benfica,ALL,Passes,Long balls,21/47 (45%),22/47 (47%),22/47 (47%),21/47 (45%)
14348668,2025-08-20,"UEFA Champions League, Playoff Round",UEFA Champions League 25/26,636.0,Away,Fenerbahçe,Fenerbahçe,Benfica,ALL,Passes,Throw-ins,21,12,12,21
14348668,2025-08-20,"UEFA Champions League, Playoff Round",UEFA Champions League 25/26,636.0,Away,Fenerbahçe,Fenerbahçe,Benfica,ALL,Shots,Blocked shots,3,4,4,3
14348668,2025-08-20,"UEFA Champions League, Playoff Round",UEFA Champions League 25/26,636.0,Away,Fenerbahçe,Fenerbahçe,Benfica,ALL,Shots,Hit woodwork,0,1,1,0
14348668,2025-08-20,"UEFA Champions League, Playoff Round",UEFA Champions League 25/26,636.0,Away,Fenerbahçe,Fenerbahçe,Benfica,ALL,Shots,Shots inside box,3,4,4,3
14348668,2025-08-20,"UEFA Champions League, Playoff Round",UEFA Champions League 25/26,636.0,Away,Fenerbahçe,Fenerbahçe,Benfica,ALL,Shots,Shots off target,3,4,4,3
14348668,2025-08-20,"UEFA Champions League, Playoff Round",UEFA Champions League 25/26,636.0,Away,Fenerbahçe,Fenerbahçe,Benfica,ALL,Shots,Shots on target,3,6,6,3
14348668,2025-08-20,"UEFA Champions League, Playoff Round",UEFA Champions League 25/26,636.0,Away,Fenerbahçe,Fenerbahçe,Benfica,ALL,Shots,Shots outside box,6,10,10,6
14348668,2025-08-20,"UEFA Champions League, Playoff Round",UEFA Champions League 25/26,636.0,Away,Fenerbahçe,Fenerbahçe,Benfica,ALL,Shots,Total shots,9,14,14,9
14131880,2025-08-23,Liga Portugal Betclic,Liga Portugal 25/26,3.0,Home,Tondela,Benfica,Tondela,1ST,Attack,Big chances missed,2,0,2,0
14131880,2025-08-23,Liga Portugal Betclic,Liga Portugal 25/26,3.0,Home,Tondela,Benfica,Tondela,1ST,Attack,Big chances scored,1,0,1,0
14131880,2025-08-23,Liga Portugal Betclic,Liga Portugal 25/26,3.0,Home,Tondela,Benfica,Tondela,1ST,Attack,Fouled in final third,0,2,0,2
14131880,2025-08-23,Liga Portugal Betclic,Liga Portugal 25/26,3.0,Home,Tondela,Benfica,Tondela,1ST,Attack,Offsides,1,0,1,0
14131880,2025-08-23,Liga Portugal Betclic,Liga Portugal 25/26,3.0,Home,Tondela,Benfica,Tondela,1ST,Attack,Through balls,3,0,3,0
14131880,2025-08-23,Liga Portugal Betclic,Liga Portugal 25/26,3.0,Home,Tondela,Benfica,Tondela,1ST,Defending,Clearances,11,21,11,21
14131880,2025-08-23,Liga Portugal Betclic,Liga Portugal 25/26,3.0,Home,Tondela,Benfica,Tondela,1ST,Defending,Interceptions,3,4,3,4
14131880,2025-08-23,Liga Portugal Betclic,Liga Portugal 25/26,3.0,Home,Tondela,Benfica,Tondela,1ST,Defending,Recoveries,16,14,16,14
14131880,2025-08-23,Liga Portugal Betclic,Liga Portugal 25/26,3.0,Home,Tondela,Benfica,Tondela,1ST,Defending,Tackles won,50%,75%,50%,75%
14131880,2025-08-23,Liga Portugal Betclic,Liga Portugal 25/26,3.0,Home,Tondela,Benfica,Tondela,1ST,Defending,Total tackles,4,4,4,4
14131880,2025-08-23,Liga Portugal Betclic,Liga Portugal 25/26,3.0,Home,Tondela,Benfica,Tondela,1ST,Duels,Aerial duels,9/15 (60%),6/15 (40%),9/15 (60%),6/15 (40%)
14131880,2025-08-23,Liga Portugal Betclic,Liga Portugal 25/26,3.0,Home,Tondela,Benfica,Tondela,1ST,Duels,Dispossessed,2,2,2,2
14131880,2025-08-23,Liga Portugal Betclic,Liga Portugal 25/26,3.0,Home,Tondela,Benfica,Tondela,1ST,Duels,Dribbles,11/13 (85%),4/6 (67%),11/13 (85%),4/6 (67%)
14131880,2025-08-23,Liga Portugal Betclic,Liga Portugal 25/26,3.0,Home,Tondela,Benfica,Tondela,1ST,Duels,Duels,62%,38%,62%,38%
14131880,2025-08-23,Liga Portugal Betclic,Liga Portugal 25/26,3.0,Home,Tondela,Benfica,Tondela,1ST,Duels,Ground duels,20/32 (63%),12/32 (38%),20/32 (63%),12/32 (38%)
14131880,2025-08-23,Liga Portugal Betclic,Liga Portugal 25/26,3.0,Home,Tondela,Benfica,Tondela,1ST,Goalkeeping,Goal kicks,2,4,2,4
14131880,2025-08-23,Liga Portugal Betclic,Liga Portugal 25/26,3.0,Home,Tondela,Benfica,Tondela,1ST,Goalkeeping,Total saves,2,5,2,5
14131880,2025-08-23,Liga Portugal Betclic,Liga Portugal 25/26,3.0,Home,Tondela,Benfica,Tondela,1ST,Match overview,Ball possession,69%,31%,69%,31%
14131880,2025-08-23,Liga Portugal Betclic,Liga Portugal 25/26,3.0,Home,Tondela,Benfica,Tondela,1ST,Match overview,Big chances,3,0,3,0
14131880,2025-08-23,Liga Portugal Betclic,Liga Portugal 25/26,3.0,Home,Tondela,Benfica,Tondela,1ST,Match overview,Corner kicks,8,1,8,1
14131880,2025-08-23,Liga Portugal Betclic,Liga Portugal 25/26,3.0,Home,Tondela,Benfica,Tondela,1ST,Match overview,Expected goals,1.86,0.23,1.86,0.23
14131880,2025-08-23,Liga Portugal Betclic,Liga Portugal 25/26,3.0,Home,Tondela,Benfica,Tondela,1ST,Match overview,Free kicks,6,4,6,4
14131880,2025-08-23,Liga Portugal Betclic,Liga Portugal 25/26,3.0,Home,Tondela,Benfica,Tondela,1ST,Match overview,Goalkeeper saves,2,5,2,5
14131880,2025-08-23,Liga Portugal Betclic,Liga Portugal 25/26,3.0,Home,Tondela,Benfica,Tondela,1ST,Match overview,Passes,276,118,276,118
14131880,2025-08-23,Liga Portugal Betclic,Liga Portugal 25/26,3.0,Home,Tondela,Benfica,Tondela,1ST,Match overview,Tackles,4,4,4,4
14131880,2025-08-23,Liga Portugal Betclic,Liga Portugal 25/26,3.0,Home,Tondela,Benfica,Tondela,1ST,Match overview,Total shots,11,6,11,6
14131880,2025-08-23,Liga Portugal Betclic,Liga Portugal 25/26,3.0,Home,Tondela,Benfica,Tondela,1ST,Match overview,Yellow cards,1,1,1,1
14131880,2025-08-23,Liga Portugal Betclic,Liga Portugal 25/26,3.0,Home,Tondela,Benfica,Tondela,1ST,Passes,Accurate passes,245,98,245,98
14131880,2025-08-23,Liga Portugal Betclic,Liga Portugal 25/26,3.0,Home,Tondela,Benfica,Tondela,1ST,Passes,Crosses,6/18 (33%),2/14 (14%),6/18 (33%),2/14 (14%)
14131880,2025-08-23,Liga Portugal Betclic,Liga Portugal 25/26,3.0,Home,Tondela,Benfica,Tondela,1ST,Passes,Final third entries,28,18,28,18
14131880,2025-08-23,Liga Portugal Betclic,Liga Portugal 25/26,3.0,Home,Tondela,Benfica,Tondela,1ST,Passes,Long balls,12/20 (60%),11/19 (58%),12/20 (60%),11/19 (58%)
14131880,2025-08-23,Liga Portugal Betclic,Liga Portugal 25/26,3.0,Home,Tondela,Benfica,Tondela,1ST,Passes,Throw-ins,11,7,11,7
14131880,2025-08-23,Liga Portugal Betclic,Liga Portugal 25/26,3.0,Home,Tondela,Benfica,Tondela,1ST,Shots,Blocked shots,2,3,2,3
14131880,2025-08-23,Liga Portugal Betclic,Liga Portugal 25/26,3.0,Home,Tondela,Benfica,Tondela,1ST,Shots,Hit woodwork,0,0,0,0
14131880,2025-08-23,Liga Portugal Betclic,Liga Portugal 25/26,3.0,Home,Tondela,Benfica,Tondela,1ST,Shots,Shots inside box,10,4,10,4
14131880,2025-08-23,Liga Portugal Betclic,Liga Portugal 25/26,3.0,Home,Tondela,Benfica,Tondela,1ST,Shots,Shots off target,2,1,2,1
14131880,2025-08-23,Liga Portugal Betclic,Liga Portugal 25/26,3.0,Home,Tondela,Benfica,Tondela,1ST,Shots,Shots on target,7,2,7,2
14131880,2025-08-23,Liga Portugal Betclic,Liga Portugal 25/26,3.0,Home,Tondela,Benfica,Tondela,1ST,Shots,Shots outside box,1,2,1,2
14131880,2025-08-23,Liga Portugal Betclic,Liga Portugal 25/26,3.0,Home,Tondela,Benfica,Tondela,1ST,Shots,Total shots,11,6,11,6
14131880,2025-08-23,Liga Portugal Betclic,Liga Portugal 25/26,3.0,Home,Tondela,Benfica,Tondela,2ND,Attack,Big chances missed,2,0,2,0
14131880,2025-08-23,Liga Portugal Betclic,Liga Portugal 25/26,3.0,Home,Tondela,Benfica,Tondela,2ND,Attack,Big chances scored,1,0,1,0
14131880,2025-08-23,Liga Portugal Betclic,Liga Portugal 25/26,3.0,Home,Tondela,Benfica,Tondela,2ND,Attack,Fouled in final third,0,2,0,2
14131880,2025-08-23,Liga Portugal Betclic,Liga Portugal 25/26,3.0,Home,Tondela,Benfica,Tondela,2ND,Attack,Offsides,0,1,0,1
14131880,2025-08-23,Liga Portugal Betclic,Liga Portugal 25/26,3.0,Home,Tondela,Benfica,Tondela,2ND,Attack,Through balls,0,0,0,0
14131880,2025-08-23,Liga Portugal Betclic,Liga Portugal 25/26,3.0,Home,Tondela,Benfica,Tondela,2ND,Defending,Clearances,6,14,6,14
14131880,2025-08-23,Liga Portugal Betclic,Liga Portugal 25/26,3.0,Home,Tondela,Benfica,Tondela,2ND,Defending,Interceptions,8,2,8,2
14131880,2025-08-23,Liga Portugal Betclic,Liga Portugal 25/26,3.0,Home,Tondela,Benfica,Tondela,2ND,Defending,Recoveries,28,27,28,27
14131880,2025-08-23,Liga Portugal Betclic,Liga Portugal 25/26,3.0,Home,Tondela,Benfica,Tondela,2ND,Defending,Tackles won,56%,67%,56%,67%
14131880,2025-08-23,Liga Portugal Betclic,Liga Portugal 25/26,3.0,Home,Tondela,Benfica,Tondela,2ND,Defending,Total tackles,9,6,9,6
14131880,2025-08-23,Liga Portugal Betclic,Liga Portugal 25/26,3.0,Home,Tondela,Benfica,Tondela,2ND,Duels,Aerial duels,4/11 (36%),7/11 (64%),4/11 (36%),7/11 (64%)
14131880,2025-08-23,Liga Portugal Betclic,Liga Portugal 25/26,3.0,Home,Tondela,Benfica,Tondela,2ND,Duels,Dispossessed,3,3,3,3
14131880,2025-08-23,Liga Portugal Betclic,Liga Portugal 25/26,3.0,Home,Tondela,Benfica,Tondela,2ND,Duels,Dribbles,8/11 (73%),4/10 (40%),8/11 (73%),4/10 (40%)
14131880,2025-08-23,Liga Portugal Betclic,Liga Portugal 25/26,3.0,Home,Tondela,Benfica,Tondela,2ND,Duels,Duels,55%,45%,55%,45%
14131880,2025-08-23,Liga Portugal Betclic,Liga Portugal 25/26,3.0,Home,Tondela,Benfica,Tondela,2ND,Duels,Ground duels,23/38 (61%),15/38 (39%),23/38 (61%),15/38 (39%)
14131880,2025-08-23,Liga Portugal Betclic,Liga Portugal 25/26,3.0,Home,Tondela,Benfica,Tondela,2ND,Goalkeeping,Goal kicks,3,4,3,4
14131880,2025-08-23,Liga Portugal Betclic,Liga Portugal 25/26,3.0,Home,Tondela,Benfica,Tondela,2ND,Goalkeeping,Total saves,2,2,2,2
14131880,2025-08-23,Liga Portugal Betclic,Liga Portugal 25/26,3.0,Home,Tondela,Benfica,Tondela,2ND,Match overview,Ball possession,62%,38%,62%,38%
14131880,2025-08-23,Liga Portugal Betclic,Liga Portugal 25/26,3.0,Home,Tondela,Benfica,Tondela,2ND,Match overview,Big chances,3,0,3,0
14131880,2025-08-23,Liga Portugal Betclic,Liga Portugal 25/26,3.0,Home,Tondela,Benfica,Tondela,2ND,Match overview,Corner kicks,5,1,5,1
14131880,2025-08-23,Liga Portugal Betclic,Liga Portugal 25/26,3.0,Home,Tondela,Benfica,Tondela,2ND,Match overview,Expected goals,1.10,0.24,1.10,0.24
14131880,2025-08-23,Liga Portugal Betclic,Liga Portugal 25/26,3.0,Home,Tondela,Benfica,Tondela,2ND,Match overview,Free kicks,6,6,6,6
14131880,2025-08-23,Liga Portugal Betclic,Liga Portugal 25/26,3.0,Home,Tondela,Benfica,Tondela,2ND,Match overview,Goalkeeper saves,2,2,2,2
14131880,2025-08-23,Liga Portugal Betclic,Liga Portugal 25/26,3.0,Home,Tondela,Benfica,Tondela,2ND,Match overview,Passes,271,164,271,164
14131880,2025-08-23,Liga Portugal Betclic,Liga Portugal 25/26,3.0,Home,Tondela,Benfica,Tondela,2ND,Match overview,Tackles,9,6,9,6
14131880,2025-08-23,Liga Portugal Betclic,Liga Portugal 25/26,3.0,Home,Tondela,Benfica,Tondela,2ND,Match overview,Total shots,10,3,10,3
14131880,2025-08-23,Liga Portugal Betclic,Liga Portugal 25/26,3.0,Home,Tondela,Benfica,Tondela,2ND,Match overview,Yellow cards,1,1,1,1
14131880,2025-08-23,Liga Portugal Betclic,Liga Portugal 25/26,3.0,Home,Tondela,Benfica,Tondela,2ND,Passes,Accurate passes,232,130,232,130
14131880,2025-08-23,Liga Portugal Betclic,Liga Portugal 25/26,3.0,Home,Tondela,Benfica,Tondela,2ND,Passes,Crosses,3/11 (27%),0/7 (0%),3/11 (27%),0/7 (0%)
14131880,2025-08-23,Liga Portugal Betclic,Liga Portugal 25/26,3.0,Home,Tondela,Benfica,Tondela,2ND,Passes,Final third entries,25,19,25,19
14131880,2025-08-23,Liga Portugal Betclic,Liga Portugal 25/26,3.0,Home,Tondela,Benfica,Tondela,2ND,Passes,Long balls,13/21 (62%),7/16 (44%),13/21 (62%),7/16 (44%)
14131880,2025-08-23,Liga Portugal Betclic,Liga Portugal 25/26,3.0,Home,Tondela,Benfica,Tondela,2ND,Passes,Throw-ins,8,9,8,9
14131880,2025-08-23,Liga Portugal Betclic,Liga Portugal 25/26,3.0,Home,Tondela,Benfica,Tondela,2ND,Shots,Blocked shots,2,0,2,0
14131880,2025-08-23,Liga Portugal Betclic,Liga Portugal 25/26,3.0,Home,Tondela,Benfica,Tondela,2ND,Shots,Hit woodwork,1,0,1,0
14131880,2025-08-23,Liga Portugal Betclic,Liga Portugal 25/26,3.0,Home,Tondela,Benfica,Tondela,2ND,Shots,Shots inside box,9,2,9,2
14131880,2025-08-23,Liga Portugal Betclic,Liga Portugal 25/26,3.0,Home,Tondela,Benfica,Tondela,2ND,Shots,Shots off target,3,1,3,1
14131880,2025-08-23,Liga Portugal Betclic,Liga Portugal 25/26,3.0,Home,Tondela,Benfica,Tondela,2ND,Shots,Shots on target,5,2,5,2
14131880,2025-08-23,Liga Portugal Betclic,Liga Portugal 25/26,3.0,Home,Tondela,Benfica,Tondela,2ND,Shots,Shots outside box,1,1,1,1
14131880,2025-08-23,Liga Portugal Betclic,Liga Portugal 25/26,3.0,Home,Tondela,Benfica,Tondela,2ND,Shots,Total shots,10,3,10,3
14131880,2025-08-23,Liga Portugal Betclic,Liga Portugal 25/26,3.0,Home,Tondela,Benfica,Tondela,ALL,Attack,Big chances missed,4,0,4,0
14131880,2025-08-23,Liga Portugal Betclic,Liga Portugal 25/26,3.0,Home,Tondela,Benfica,Tondela,ALL,Attack,Big chances scored,2,0,2,0
14131880,2025-08-23,Liga Portugal Betclic,Liga Portugal 25/26,3.0,Home,Tondela,Benfica,Tondela,ALL,Attack,Fouled in final third,0,4,0,4
14131880,2025-08-23,Liga Portugal Betclic,Liga Portugal 25/26,3.0,Home,Tondela,Benfica,Tondela,ALL,Attack,Offsides,1,1,1,1
14131880,2025-08-23,Liga Portugal Betclic,Liga Portugal 25/26,3.0,Home,Tondela,Benfica,Tondela,ALL,Attack,Through balls,3,0,3,0
14131880,2025-08-23,Liga Portugal Betclic,Liga Portugal 25/26,3.0,Home,Tondela,Benfica,Tondela,ALL,Attack,Touches in penalty area,46,13,46,13
14131880,2025-08-23,Liga Portugal Betclic,Liga Portugal 25/26,3.0,Home,Tondela,Benfica,Tondela,ALL,Defending,Clearances,17,35,17,35
14131880,2025-08-23,Liga Portugal Betclic,Liga Portugal 25/26,3.0,Home,Tondela,Benfica,Tondela,ALL,Defending,Errors lead to a shot,1,0,1,0
14131880,2025-08-23,Liga Portugal Betclic,Liga Portugal 25/26,3.0,Home,Tondela,Benfica,Tondela,ALL,Defending,Interceptions,11,6,11,6
14131880,2025-08-23,Liga Portugal Betclic,Liga Portugal 25/26,3.0,Home,Tondela,Benfica,Tondela,ALL,Defending,Recoveries,44,41,44,41
14131880,2025-08-23,Liga Portugal Betclic,Liga Portugal 25/26,3.0,Home,Tondela,Benfica,Tondela,ALL,Defending,Tackles won,54%,70%,54%,70%
14131880,2025-08-23,Liga Portugal Betclic,Liga Portugal 25/26,3.0,Home,Tondela,Benfica,Tondela,ALL,Defending,Total tackles,13,10,13,10
14131880,2025-08-23,Liga Portugal Betclic,Liga Portugal 25/26,3.0,Home,Tondela,Benfica,Tondela,ALL,Duels,Aerial duels,13/26 (50%),13/26 (50%),13/26 (50%),13/26 (50%)
14131880,2025-08-23,Liga Portugal Betclic,Liga Portugal 25/26,3.0,Home,Tondela,Benfica,Tondela,ALL,Duels,Dispossessed,5,5,5,5
14131880,2025-08-23,Liga Portugal Betclic,Liga Portugal 25/26,3.0,Home,Tondela,Benfica,Tondela,ALL,Duels,Dribbles,19/24 (79%),8/16 (50%),19/24 (79%),8/16 (50%)
14131880,2025-08-23,Liga Portugal Betclic,Liga Portugal 25/26,3.0,Home,Tondela,Benfica,Tondela,ALL,Duels,Duels,58%,42%,58%,42%
14131880,2025-08-23,Liga Portugal Betclic,Liga Portugal 25/26,3.0,Home,Tondela,Benfica,Tondela,ALL,Duels,Ground duels,43/70 (61%),27/70 (39%),43/70 (61%),27/70 (39%)
14131880,2025-08-23,Liga Portugal Betclic,Liga Portugal 25/26,3.0,Home,Tondela,Benfica,Tondela,ALL,Goalkeeping,Big saves,0,3,0,3
14131880,2025-08-23,Liga Portugal Betclic,Liga Portugal 25/26,3.0,Home,Tondela,Benfica,Tondela,ALL,Goalkeeping,Goal kicks,5,8,5,8
14131880,2025-08-23,Liga Portugal Betclic,Liga Portugal 25/26,3.0,Home,Tondela,Benfica,Tondela,ALL,Goalkeeping,Goals prevented,0.95,-0.03,0.95,-0.03
14131880,2025-08-23,Liga Portugal Betclic,Liga Portugal 25/26,3.0,Home,Tondela,Benfica,Tondela,ALL,Goalkeeping,Total saves,4,7,4,7
14131880,2025-08-23,Liga Portugal Betclic,Liga Portugal 25/26,3.0,Home,Tondela,Benfica,Tondela,ALL,Match overview,Ball possession,66%,34%,66%,34%
14131880,2025-08-23,Liga Portugal Betclic,Liga Portugal 25/26,3.0,Home,Tondela,Benfica,Tondela,ALL,Match overview,Big chances,6,0,6,0
14131880,2025-08-23,Liga Portugal Betclic,Liga Portugal 25/26,3.0,Home,Tondela,Benfica,Tondela,ALL,Match overview,Corner kicks,13,2,13,2
14131880,2025-08-23,Liga Portugal Betclic,Liga Portugal 25/26,3.0,Home,Tondela,Benfica,Tondela,ALL,Match overview,Expected goals,2.96,0.47,2.96,0.47
14131880,2025-08-23,Liga Portugal Betclic,Liga Portugal 25/26,3.0,Home,Tondela,Benfica,Tondela,ALL,Match overview,Fouls,10,12,10,12
14131880,2025-08-23,Liga Portugal Betclic,Liga Portugal 25/26,3.0,Home,Tondela,Benfica,Tondela,ALL,Match overview,Free kicks,12,10,12,10
14131880,2025-08-23,Liga Portugal Betclic,Liga Portugal 25/26,3.0,Home,Tondela,Benfica,Tondela,ALL,Match overview,Goalkeeper saves,4,7,4,7
14131880,2025-08-23,Liga Portugal Betclic,Liga Portugal 25/26,3.0,Home,Tondela,Benfica,Tondela,ALL,Match overview,Passes,547,282,547,282
14131880,2025-08-23,Liga Portugal Betclic,Liga Portugal 25/26,3.0,Home,Tondela,Benfica,Tondela,ALL,Match overview,Tackles,13,10,13,10
14131880,2025-08-23,Liga Portugal Betclic,Liga Portugal 25/26,3.0,Home,Tondela,Benfica,Tondela,ALL,Match overview,Total shots,21,9,21,9
14131880,2025-08-23,Liga Portugal Betclic,Liga Portugal 25/26,3.0,Home,Tondela,Benfica,Tondela,ALL,Match overview,Yellow cards,2,2,2,2
14131880,2025-08-23,Liga Portugal Betclic,Liga Portugal 25/26,3.0,Home,Tondela,Benfica,Tondela,ALL,Passes,Accurate passes,477,228,477,228
14131880,2025-08-23,Liga Portugal Betclic,Liga Portugal 25/26,3.0,Home,Tondela,Benfica,Tondela,ALL,Passes,Crosses,9/29 (31%),2/21 (10%),9/29 (31%),2/21 (10%)
14131880,2025-08-23,Liga Portugal Betclic,Liga Portugal 25/26,3.0,Home,Tondela,Benfica,Tondela,ALL,Passes,Final third entries,53,37,53,37
14131880,2025-08-23,Liga Portugal Betclic,Liga Portugal 25/26,3.0,Home,Tondela,Benfica,Tondela,ALL,Passes,Final third phase,123/156 (79%),63/78 (81%),123/156 (79%),63/78 (81%)
14131880,2025-08-23,Liga Portugal Betclic,Liga Portugal 25/26,3.0,Home,Tondela,Benfica,Tondela,ALL,Passes,Long balls,25/41 (61%),18/35 (51%),25/41 (61%),18/35 (51%)
14131880,2025-08-23,Liga Portugal Betclic,Liga Portugal 25/26,3.0,Home,Tondela,Benfica,Tondela,ALL,Passes,Throw-ins,19,16,19,16
14131880,2025-08-23,Liga Portugal Betclic,Liga Portugal 25/26,3.0,Home,Tondela,Benfica,Tondela,ALL,Shots,Blocked shots,4,3,4,3
14131880,2025-08-23,Liga Portugal Betclic,Liga Portugal 25/26,3.0,Home,Tondela,Benfica,Tondela,ALL,Shots,Hit woodwork,1,0,1,0
14131880,2025-08-23,Liga Portugal Betclic,Liga Portugal 25/26,3.0,Home,Tondela,Benfica,Tondela,ALL,Shots,Shots inside box,19,6,19,6
14131880,2025-08-23,Liga Portugal Betclic,Liga Portugal 25/26,3.0,Home,Tondela,Benfica,Tondela,ALL,Shots,Shots off target,5,2,5,2
14131880,2025-08-23,Liga Portugal Betclic,Liga Portugal 25/26,3.0,Home,Tondela,Benfica,Tondela,ALL,Shots,Shots on target,12,4,12,4
14131880,2025-08-23,Liga Portugal Betclic,Liga Portugal 25/26,3.0,Home,Tondela,Benfica,Tondela,ALL,Shots,Shots outside box,2,3,2,3
14131880,2025-08-23,Liga Portugal Betclic,Liga Portugal 25/26,3.0,Home,Tondela,Benfica,Tondela,ALL,Shots,Total shots,21,9,21,9
14348673,2025-08-27,"UEFA Champions League, Playoff Round",UEFA Champions League 25/26,636.0,Home,Fenerbahçe,Benfica,Fenerbahçe,1ST,Attack,Big chances missed,2,0,2,0
14348673,2025-08-27,"UEFA Champions League, Playoff Round",UEFA Champions League 25/26,636.0,Home,Fenerbahçe,Benfica,Fenerbahçe,1ST,Attack,Big chances scored,1,0,1,0
14348673,2025-08-27,"UEFA Champions League, Playoff Round",UEFA Champions League 25/26,636.0,Home,Fenerbahçe,Benfica,Fenerbahçe,1ST,Attack,Fouled in final third,1,1,1,1
14348673,2025-08-27,"UEFA Champions League, Playoff Round",UEFA Champions League 25/26,636.0,Home,Fenerbahçe,Benfica,Fenerbahçe,1ST,Attack,Offsides,1,1,1,1
14348673,2025-08-27,"UEFA Champions League, Playoff Round",UEFA Champions League 25/26,636.0,Home,Fenerbahçe,Benfica,Fenerbahçe,1ST,Defending,Clearances,5,10,5,10
14348673,2025-08-27,"UEFA Champions League, Playoff Round",UEFA Champions League 25/26,636.0,Home,Fenerbahçe,Benfica,Fenerbahçe,1ST,Defending,Interceptions,5,3,5,3
14348673,2025-08-27,"UEFA Champions League, Playoff Round",UEFA Champions League 25/26,636.0,Home,Fenerbahçe,Benfica,Fenerbahçe,1ST,Defending,Recoveries,18,20,18,20
14348673,2025-08-27,"UEFA Champions League, Playoff Round",UEFA Champions League 25/26,636.0,Home,Fenerbahçe,Benfica,Fenerbahçe,1ST,Defending,Tackles won,67%,60%,67%,60%
14348673,2025-08-27,"UEFA Champions League, Playoff Round",UEFA Champions League 25/26,636.0,Home,Fenerbahçe,Benfica,Fenerbahçe,1ST,Defending,Total tackles,3,10,3,10
14348673,2025-08-27,"UEFA Champions League, Playoff Round",UEFA Champions League 25/26,636.0,Home,Fenerbahçe,Benfica,Fenerbahçe,1ST,Duels,Aerial duels,6/17 (35%),11/17 (65%),6/17 (35%),11/17 (65%)
14348673,2025-08-27,"UEFA Champions League, Playoff Round",UEFA Champions League 25/26,636.0,Home,Fenerbahçe,Benfica,Fenerbahçe,1ST,Duels,Dispossessed,5,1,5,1
14348673,2025-08-27,"UEFA Champions League, Playoff Round",UEFA Champions League 25/26,636.0,Home,Fenerbahçe,Benfica,Fenerbahçe,1ST,Duels,Dribbles,4/9 (44%),4/6 (67%),4/9 (44%),4/6 (67%)
14348673,2025-08-27,"UEFA Champions League, Playoff Round",UEFA Champions League 25/26,636.0,Home,Fenerbahçe,Benfica,Fenerbahçe,1ST,Duels,Duels,39%,61%,39%,61%
14348673,2025-08-27,"UEFA Champions League, Playoff Round",UEFA Champions League 25/26,636.0,Home,Fenerbahçe,Benfica,Fenerbahçe,1ST,Duels,Ground duels,13/32 (41%),19/32 (59%),13/32 (41%),19/32 (59%)
14348673,2025-08-27,"UEFA Champions League, Playoff Round",UEFA Champions League 25/26,636.0,Home,Fenerbahçe,Benfica,Fenerbahçe,1ST,Goalkeeping,Goal kicks,2,3,2,3
14348673,2025-08-27,"UEFA Champions League, Playoff Round",UEFA Champions League 25/26,636.0,Home,Fenerbahçe,Benfica,Fenerbahçe,1ST,Goalkeeping,Total saves,0,1,0,1
14348673,2025-08-27,"UEFA Champions League, Playoff Round",UEFA Champions League 25/26,636.0,Home,Fenerbahçe,Benfica,Fenerbahçe,1ST,Match overview,Ball possession,55%,45%,55%,45%
14348673,2025-08-27,"UEFA Champions League, Playoff Round",UEFA Champions League 25/26,636.0,Home,Fenerbahçe,Benfica,Fenerbahçe,1ST,Match overview,Big chances,3,0,3,0
14348673,2025-08-27,"UEFA Champions League, Playoff Round",UEFA Champions League 25/26,636.0,Home,Fenerbahçe,Benfica,Fenerbahçe,1ST,Match overview,Corner kicks,1,1,1,1
14348673,2025-08-27,"UEFA Champions League, Playoff Round",UEFA Champions League 25/26,636.0,Home,Fenerbahçe,Benfica,Fenerbahçe,1ST,Match overview,Free kicks,7,5,7,5
14348673,2025-08-27,"UEFA Champions League, Playoff Round",UEFA Champions League 25/26,636.0,Home,Fenerbahçe,Benfica,Fenerbahçe,1ST,Match overview,Goalkeeper saves,0,1,0,1
14348673,2025-08-27,"UEFA Champions League, Playoff Round",UEFA Champions League 25/26,636.0,Home,Fenerbahçe,Benfica,Fenerbahçe,1ST,Match overview,Passes,229,180,229,180
14348673,2025-08-27,"UEFA Champions League, Playoff Round",UEFA Champions League 25/26,636.0,Home,Fenerbahçe,Benfica,Fenerbahçe,1ST,Match overview,Red cards,0,0,0,0
14348673,2025-08-27,"UEFA Champions League, Playoff Round",UEFA Champions League 25/26,636.0,Home,Fenerbahçe,Benfica,Fenerbahçe,1ST,Match overview,Tackles,3,10,3,10
14348673,2025-08-27,"UEFA Champions League, Playoff Round",UEFA Champions League 25/26,636.0,Home,Fenerbahçe,Benfica,Fenerbahçe,1ST,Match overview,Total shots,9,3,9,3
14348673,2025-08-27,"UEFA Champions League, Playoff Round",UEFA Champions League 25/26,636.0,Home,Fenerbahçe,Benfica,Fenerbahçe,1ST,Match overview,Yellow cards,0,1,0,1
14348673,2025-08-27,"UEFA Champions League, Playoff Round",UEFA Champions League 25/26,636.0,Home,Fenerbahçe,Benfica,Fenerbahçe,1ST,Passes,Accurate passes,194,145,194,145
14348673,2025-08-27,"UEFA Champions League, Playoff Round",UEFA Champions League 25/26,636.0,Home,Fenerbahçe,Benfica,Fenerbahçe,1ST,Passes,Crosses,1/3 (33%),1/6 (17%),1/3 (33%),1/6 (17%)
14348673,2025-08-27,"UEFA Champions League, Playoff Round",UEFA Champions League 25/26,636.0,Home,Fenerbahçe,Benfica,Fenerbahçe,1ST,Passes,Final third entries,33,15,33,15
14348673,2025-08-27,"UEFA Champions League, Playoff Round",UEFA Champions League 25/26,636.0,Home,Fenerbahçe,Benfica,Fenerbahçe,1ST,Passes,Long balls,14/28 (50%),12/22 (55%),14/28 (50%),12/22 (55%)
14348673,2025-08-27,"UEFA Champions League, Playoff Round",UEFA Champions League 25/26,636.0,Home,Fenerbahçe,Benfica,Fenerbahçe,1ST,Passes,Throw-ins,10,10,10,10
14348673,2025-08-27,"UEFA Champions League, Playoff Round",UEFA Champions League 25/26,636.0,Home,Fenerbahçe,Benfica,Fenerbahçe,1ST,Shots,Blocked shots,4,2,4,2
14348673,2025-08-27,"UEFA Champions League, Playoff Round",UEFA Champions League 25/26,636.0,Home,Fenerbahçe,Benfica,Fenerbahçe,1ST,Shots,Hit woodwork,0,0,0,0
14348673,2025-08-27,"UEFA Champions League, Playoff Round",UEFA Champions League 25/26,636.0,Home,Fenerbahçe,Benfica,Fenerbahçe,1ST,Shots,Shots inside box,7,1,7,1
14348673,2025-08-27,"UEFA Champions League, Playoff Round",UEFA Champions League 25/26,636.0,Home,Fenerbahçe,Benfica,Fenerbahçe,1ST,Shots,Shots off target,3,1,3,1
14348673,2025-08-27,"UEFA Champions League, Playoff Round",UEFA Champions League 25/26,636.0,Home,Fenerbahçe,Benfica,Fenerbahçe,1ST,Shots,Shots on target,2,0,2,0
14348673,2025-08-27,"UEFA Champions League, Playoff Round",UEFA Champions League 25/26,636.0,Home,Fenerbahçe,Benfica,Fenerbahçe,1ST,Shots,Shots outside box,2,2,2,2
14348673,2025-08-27,"UEFA Champions League, Playoff Round",UEFA Champions League 25/26,636.0,Home,Fenerbahçe,Benfica,Fenerbahçe,1ST,Shots,Total shots,9,3,9,3
14348673,2025-08-27,"UEFA Champions League, Playoff Round",UEFA Champions League 25/26,636.0,Home,Fenerbahçe,Benfica,Fenerbahçe,2ND,Attack,Big chances missed,1,1,1,1
14348673,2025-08-27,"UEFA Champions League, Playoff Round",UEFA Champions League 25/26,636.0,Home,Fenerbahçe,Benfica,Fenerbahçe,2ND,Attack,Big chances scored,0,0,0,0
14348673,2025-08-27,"UEFA Champions League, Playoff Round",UEFA Champions League 25/26,636.0,Home,Fenerbahçe,Benfica,Fenerbahçe,2ND,Attack,Fouled in final third,3,1,3,1
14348673,2025-08-27,"UEFA Champions League, Playoff Round",UEFA Champions League 25/26,636.0,Home,Fenerbahçe,Benfica,Fenerbahçe,2ND,Attack,Offsides,3,3,3,3
14348673,2025-08-27,"UEFA Champions League, Playoff Round",UEFA Champions League 25/26,636.0,Home,Fenerbahçe,Benfica,Fenerbahçe,2ND,Defending,Clearances,4,11,4,11
14348673,2025-08-27,"UEFA Champions League, Playoff Round",UEFA Champions League 25/26,636.0,Home,Fenerbahçe,Benfica,Fenerbahçe,2ND,Defending,Interceptions,4,4,4,4
14348673,2025-08-27,"UEFA Champions League, Playoff Round",UEFA Champions League 25/26,636.0,Home,Fenerbahçe,Benfica,Fenerbahçe,2ND,Defending,Recoveries,21,29,21,29
14348673,2025-08-27,"UEFA Champions League, Playoff Round",UEFA Champions League 25/26,636.0,Home,Fenerbahçe,Benfica,Fenerbahçe,2ND,Defending,Tackles won,20%,40%,20%,40%
14348673,2025-08-27,"UEFA Champions League, Playoff Round",UEFA Champions League 25/26,636.0,Home,Fenerbahçe,Benfica,Fenerbahçe,2ND,Defending,Total tackles,5,15,5,15
14348673,2025-08-27,"UEFA Champions League, Playoff Round",UEFA Champions League 25/26,636.0,Home,Fenerbahçe,Benfica,Fenerbahçe,2ND,Duels,Aerial duels,16/27 (59%),11/27 (41%),16/27 (59%),11/27 (41%)
14348673,2025-08-27,"UEFA Champions League, Playoff Round",UEFA Champions League 25/26,636.0,Home,Fenerbahçe,Benfica,Fenerbahçe,2ND,Duels,Dispossessed,8,1,8,1
14348673,2025-08-27,"UEFA Champions League, Playoff Round",UEFA Champions League 25/26,636.0,Home,Fenerbahçe,Benfica,Fenerbahçe,2ND,Duels,Dribbles,4/11 (36%),5/9 (56%),4/11 (36%),5/9 (56%)
14348673,2025-08-27,"UEFA Champions League, Playoff Round",UEFA Champions League 25/26,636.0,Home,Fenerbahçe,Benfica,Fenerbahçe,2ND,Duels,Duels,51%,49%,51%,49%
14348673,2025-08-27,"UEFA Champions League, Playoff Round",UEFA Champions League 25/26,636.0,Home,Fenerbahçe,Benfica,Fenerbahçe,2ND,Duels,Ground duels,21/46 (46%),25/46 (54%),21/46 (46%),25/46 (54%)
14348673,2025-08-27,"UEFA Champions League, Playoff Round",UEFA Champions League 25/26,636.0,Home,Fenerbahçe,Benfica,Fenerbahçe,2ND,Goalkeeping,Goal kicks,4,2,4,2
14348673,2025-08-27,"UEFA Champions League, Playoff Round",UEFA Champions League 25/26,636.0,Home,Fenerbahçe,Benfica,Fenerbahçe,2ND,Goalkeeping,Total saves,0,1,0,1
14348673,2025-08-27,"UEFA Champions League, Playoff Round",UEFA Champions League 25/26,636.0,Home,Fenerbahçe,Benfica,Fenerbahçe,2ND,Match overview,Ball possession,50%,50%,50%,50%
14348673,2025-08-27,"UEFA Champions League, Playoff Round",UEFA Champions League 25/26,636.0,Home,Fenerbahçe,Benfica,Fenerbahçe,2ND,Match overview,Big chances,1,1,1,1
14348673,2025-08-27,"UEFA Champions League, Playoff Round",UEFA Champions League 25/26,636.0,Home,Fenerbahçe,Benfica,Fenerbahçe,2ND,Match overview,Corner kicks,3,0,3,0
14348673,2025-08-27,"UEFA Champions League, Playoff Round",UEFA Champions League 25/26,636.0,Home,Fenerbahçe,Benfica,Fenerbahçe,2ND,Match overview,Free kicks,13,6,13,6
14348673,2025-08-27,"UEFA Champions League, Playoff Round",UEFA Champions League 25/26,636.0,Home,Fenerbahçe,Benfica,Fenerbahçe,2ND,Match overview,Goalkeeper saves,0,1,0,1
14348673,2025-08-27,"UEFA Champions League, Playoff Round",UEFA Champions League 25/26,636.0,Home,Fenerbahçe,Benfica,Fenerbahçe,2ND,Match overview,Passes,195,200,195,200
14348673,2025-08-27,"UEFA Champions League, Playoff Round",UEFA Champions League 25/26,636.0,Home,Fenerbahçe,Benfica,Fenerbahçe,2ND,Match overview,Red cards,0,1,0,1
14348673,2025-08-27,"UEFA Champions League, Playoff Round",UEFA Champions League 25/26,636.0,Home,Fenerbahçe,Benfica,Fenerbahçe,2ND,Match overview,Tackles,5,15,5,15
14348673,2025-08-27,"UEFA Champions League, Playoff Round",UEFA Champions League 25/26,636.0,Home,Fenerbahçe,Benfica,Fenerbahçe,2ND,Match overview,Total shots,6,3,6,3
14348673,2025-08-27,"UEFA Champions League, Playoff Round",UEFA Champions League 25/26,636.0,Home,Fenerbahçe,Benfica,Fenerbahçe,2ND,Match overview,Yellow cards,2,3,2,3
14348673,2025-08-27,"UEFA Champions League, Playoff Round",UEFA Champions League 25/26,636.0,Home,Fenerbahçe,Benfica,Fenerbahçe,2ND,Passes,Accurate passes,150,153,150,153
14348673,2025-08-27,"UEFA Champions League, Playoff Round",UEFA Champions League 25/26,636.0,Home,Fenerbahçe,Benfica,Fenerbahçe,2ND,Passes,Crosses,5/10 (50%),2/7 (29%),5/10 (50%),2/7 (29%)
14348673,2025-08-27,"UEFA Champions League, Playoff Round",UEFA Champions League 25/26,636.0,Home,Fenerbahçe,Benfica,Fenerbahçe,2ND,Passes,Final third entries,27,26,27,26
14348673,2025-08-27,"UEFA Champions League, Playoff Round",UEFA Champions League 25/26,636.0,Home,Fenerbahçe,Benfica,Fenerbahçe,2ND,Passes,Long balls,10/25 (40%),11/29 (38%),10/25 (40%),11/29 (38%)
14348673,2025-08-27,"UEFA Champions League, Playoff Round",UEFA Champions League 25/26,636.0,Home,Fenerbahçe,Benfica,Fenerbahçe,2ND,Passes,Throw-ins,8,5,8,5
14348673,2025-08-27,"UEFA Champions League, Playoff Round",UEFA Champions League 25/26,636.0,Home,Fenerbahçe,Benfica,Fenerbahçe,2ND,Shots,Blocked shots,2,0,2,0
14348673,2025-08-27,"UEFA Champions League, Playoff Round",UEFA Champions League 25/26,636.0,Home,Fenerbahçe,Benfica,Fenerbahçe,2ND,Shots,Hit woodwork,0,1,0,1
14348673,2025-08-27,"UEFA Champions League, Playoff Round",UEFA Champions League 25/26,636.0,Home,Fenerbahçe,Benfica,Fenerbahçe,2ND,Shots,Shots inside box,4,2,4,2
14348673,2025-08-27,"UEFA Champions League, Playoff Round",UEFA Champions League 25/26,636.0,Home,Fenerbahçe,Benfica,Fenerbahçe,2ND,Shots,Shots off target,3,3,3,3
14348673,2025-08-27,"UEFA Champions League, Playoff Round",UEFA Champions League 25/26,636.0,Home,Fenerbahçe,Benfica,Fenerbahçe,2ND,Shots,Shots on target,1,0,1,0
14348673,2025-08-27,"UEFA Champions League, Playoff Round",UEFA Champions League 25/26,636.0,Home,Fenerbahçe,Benfica,Fenerbahçe,2ND,Shots,Shots outside box,2,1,2,1
14348673,2025-08-27,"UEFA Champions League, Playoff Round",UEFA Champions League 25/26,636.0,Home,Fenerbahçe,Benfica,Fenerbahçe,2ND,Shots,Total shots,6,3,6,3
14348673,2025-08-27,"UEFA Champions League, Playoff Round",UEFA Champions League 25/26,636.0,Home,Fenerbahçe,Benfica,Fenerbahçe,ALL,Attack,Big chances missed,3,1,3,1
14348673,2025-08-27,"UEFA Champions League, Playoff Round",UEFA Champions League 25/26,636.0,Home,Fenerbahçe,Benfica,Fenerbahçe,ALL,Attack,Big chances scored,1,0,1,0
14348673,2025-08-27,"UEFA Champions League, Playoff Round",UEFA Champions League 25/26,636.0,Home,Fenerbahçe,Benfica,Fenerbahçe,ALL,Attack,Fouled in final third,4,2,4,2
14348673,2025-08-27,"UEFA Champions League, Playoff Round",UEFA Champions League 25/26,636.0,Home,Fenerbahçe,Benfica,Fenerbahçe,ALL,Attack,Offsides,4,4,4,4
14348673,2025-08-27,"UEFA Champions League, Playoff Round",UEFA Champions League 25/26,636.0,Home,Fenerbahçe,Benfica,Fenerbahçe,ALL,Attack,Touches in penalty area,33,10,33,10
14348673,2025-08-27,"UEFA Champions League, Playoff Round",UEFA Champions League 25/26,636.0,Home,Fenerbahçe,Benfica,Fenerbahçe,ALL,Defending,Clearances,9,21,9,21
14348673,2025-08-27,"UEFA Champions League, Playoff Round",UEFA Champions League 25/26,636.0,Home,Fenerbahçe,Benfica,Fenerbahçe,ALL,Defending,Errors lead to a shot,0,1,0,1
14348673,2025-08-27,"UEFA Champions League, Playoff Round",UEFA Champions League 25/26,636.0,Home,Fenerbahçe,Benfica,Fenerbahçe,ALL,Defending,Interceptions,9,7,9,7
14348673,2025-08-27,"UEFA Champions League, Playoff Round",UEFA Champions League 25/26,636.0,Home,Fenerbahçe,Benfica,Fenerbahçe,ALL,Defending,Recoveries,39,49,39,49
14348673,2025-08-27,"UEFA Champions League, Playoff Round",UEFA Champions League 25/26,636.0,Home,Fenerbahçe,Benfica,Fenerbahçe,ALL,Defending,Tackles won,38%,48%,38%,48%
14348673,2025-08-27,"UEFA Champions League, Playoff Round",UEFA Champions League 25/26,636.0,Home,Fenerbahçe,Benfica,Fenerbahçe,ALL,Defending,Total tackles,8,25,8,25
14348673,2025-08-27,"UEFA Champions League, Playoff Round",UEFA Champions League 25/26,636.0,Home,Fenerbahçe,Benfica,Fenerbahçe,ALL,Duels,Aerial duels,22/44 (50%),22/44 (50%),22/44 (50%),22/44 (50%)
14348673,2025-08-27,"UEFA Champions League, Playoff Round",UEFA Champions League 25/26,636.0,Home,Fenerbahçe,Benfica,Fenerbahçe,ALL,Duels,Dispossessed,13,2,13,2
14348673,2025-08-27,"UEFA Champions League, Playoff Round",UEFA Champions League 25/26,636.0,Home,Fenerbahçe,Benfica,Fenerbahçe,ALL,Duels,Dribbles,8/20 (40%),9/15 (60%),8/20 (40%),9/15 (60%)
14348673,2025-08-27,"UEFA Champions League, Playoff Round",UEFA Champions League 25/26,636.0,Home,Fenerbahçe,Benfica,Fenerbahçe,ALL,Duels,Duels,46%,54%,46%,54%
14348673,2025-08-27,"UEFA Champions League, Playoff Round",UEFA Champions League 25/26,636.0,Home,Fenerbahçe,Benfica,Fenerbahçe,ALL,Duels,Ground duels,34/78 (44%),44/78 (56%),34/78 (44%),44/78 (56%)
14348673,2025-08-27,"UEFA Champions League, Playoff Round",UEFA Champions League 25/26,636.0,Home,Fenerbahçe,Benfica,Fenerbahçe,ALL,Goalkeeping,Big saves,0,2,0,2
14348673,2025-08-27,"UEFA Champions League, Playoff Round",UEFA Champions League 25/26,636.0,Home,Fenerbahçe,Benfica,Fenerbahçe,ALL,Goalkeeping,Goal kicks,6,5,6,5
14348673,2025-08-27,"UEFA Champions League, Playoff Round",UEFA Champions League 25/26,636.0,Home,Fenerbahçe,Benfica,Fenerbahçe,ALL,Goalkeeping,High claims,1,1,1,1
14348673,2025-08-27,"UEFA Champions League, Playoff Round",UEFA Champions League 25/26,636.0,Home,Fenerbahçe,Benfica,Fenerbahçe,ALL,Goalkeeping,Total saves,0,2,0,2
14348673,2025-08-27,"UEFA Champions League, Playoff Round",UEFA Champions League 25/26,636.0,Home,Fenerbahçe,Benfica,Fenerbahçe,ALL,Match overview,Ball possession,53%,47%,53%,47%
14348673,2025-08-27,"UEFA Champions League, Playoff Round",UEFA Champions League 25/26,636.0,Home,Fenerbahçe,Benfica,Fenerbahçe,ALL,Match overview,Big chances,4,1,4,1
14348673,2025-08-27,"UEFA Champions League, Playoff Round",UEFA Champions League 25/26,636.0,Home,Fenerbahçe,Benfica,Fenerbahçe,ALL,Match overview,Corner kicks,4,1,4,1
14348673,2025-08-27,"UEFA Champions League, Playoff Round",UEFA Champions League 25/26,636.0,Home,Fenerbahçe,Benfica,Fenerbahçe,ALL,Match overview,Fouls,11,20,11,20
14348673,2025-08-27,"UEFA Champions League, Playoff Round",UEFA Champions League 25/26,636.0,Home,Fenerbahçe,Benfica,Fenerbahçe,ALL,Match overview,Free kicks,20,11,20,11
14348673,2025-08-27,"UEFA Champions League, Playoff Round",UEFA Champions League 25/26,636.0,Home,Fenerbahçe,Benfica,Fenerbahçe,ALL,Match overview,Goalkeeper saves,0,2,0,2
14348673,2025-08-27,"UEFA Champions League, Playoff Round",UEFA Champions League 25/26,636.0,Home,Fenerbahçe,Benfica,Fenerbahçe,ALL,Match overview,Passes,424,380,424,380
14348673,2025-08-27,"UEFA Champions League, Playoff Round",UEFA Champions League 25/26,636.0,Home,Fenerbahçe,Benfica,Fenerbahçe,ALL,Match overview,Red cards,0,1,0,1
14348673,2025-08-27,"UEFA Champions League, Playoff Round",UEFA Champions League 25/26,636.0,Home,Fenerbahçe,Benfica,Fenerbahçe,ALL,Match overview,Tackles,8,25,8,25
14348673,2025-08-27,"UEFA Champions League, Playoff Round",UEFA Champions League 25/26,636.0,Home,Fenerbahçe,Benfica,Fenerbahçe,ALL,Match overview,Total shots,15,6,15,6
14348673,2025-08-27,"UEFA Champions League, Playoff Round",UEFA Champions League 25/26,636.0,Home,Fenerbahçe,Benfica,Fenerbahçe,ALL,Match overview,Yellow cards,2,4,2,4
14348673,2025-08-27,"UEFA Champions League, Playoff Round",UEFA Champions League 25/26,636.0,Home,Fenerbahçe,Benfica,Fenerbahçe,ALL,Passes,Accurate passes,344,298,344,298
14348673,2025-08-27,"UEFA Champions League, Playoff Round",UEFA Champions League 25/26,636.0,Home,Fenerbahçe,Benfica,Fenerbahçe,ALL,Passes,Crosses,6/13 (46%),3/13 (23%),6/13 (46%),3/13 (23%)
14348673,2025-08-27,"UEFA Champions League, Playoff Round",UEFA Champions League 25/26,636.0,Home,Fenerbahçe,Benfica,Fenerbahçe,ALL,Passes,Final third entries,60,41,60,41
14348673,2025-08-27,"UEFA Champions League, Playoff Round",UEFA Champions League 25/26,636.0,Home,Fenerbahçe,Benfica,Fenerbahçe,ALL,Passes,Final third phase,80/121 (66%),43/67 (64%),80/121 (66%),43/67 (64%)
14348673,2025-08-27,"UEFA Champions League, Playoff Round",UEFA Champions League 25/26,636.0,Home,Fenerbahçe,Benfica,Fenerbahçe,ALL,Passes,Long balls,24/53 (45%),23/51 (45%),24/53 (45%),23/51 (45%)
14348673,2025-08-27,"UEFA Champions League, Playoff Round",UEFA Champions League 25/26,636.0,Home,Fenerbahçe,Benfica,Fenerbahçe,ALL,Passes,Throw-ins,18,15,18,15
14348673,2025-08-27,"UEFA Champions League, Playoff Round",UEFA Champions League 25/26,636.0,Home,Fenerbahçe,Benfica,Fenerbahçe,ALL,Shots,Blocked shots,6,2,6,2
14348673,2025-08-27,"UEFA Champions League, Playoff Round",UEFA Champions League 25/26,636.0,Home,Fenerbahçe,Benfica,Fenerbahçe,ALL,Shots,Hit woodwork,0,1,0,1
14348673,2025-08-27,"UEFA Champions League, Playoff Round",UEFA Champions League 25/26,636.0,Home,Fenerbahçe,Benfica,Fenerbahçe,ALL,Shots,Shots inside box,11,3,11,3
14348673,2025-08-27,"UEFA Champions League, Playoff Round",UEFA Champions League 25/26,636.0,Home,Fenerbahçe,Benfica,Fenerbahçe,ALL,Shots,Shots off target,6,4,6,4
14348673,2025-08-27,"UEFA Champions League, Playoff Round",UEFA Champions League 25/26,636.0,Home,Fenerbahçe,Benfica,Fenerbahçe,ALL,Shots,Shots on target,3,0,3,0
14348673,2025-08-27,"UEFA Champions League, Playoff Round",UEFA Champions League 25/26,636.0,Home,Fenerbahçe,Benfica,Fenerbahçe,ALL,Shots,Shots outside box,4,3,4,3
14348673,2025-08-27,"UEFA Champions League, Playoff Round",UEFA Champions League 25/26,636.0,Home,Fenerbahçe,Benfica,Fenerbahçe,ALL,Shots,Total shots,15,6,15,6
14131888,2025-08-31,Liga Portugal Betclic,Liga Portugal 25/26,4.0,Away,FC Alverca,FC Alverca,Benfica,1ST,Attack,Big chances missed,0,0,0,0
14131888,2025-08-31,Liga Portugal Betclic,Liga Portugal 25/26,4.0,Away,FC Alverca,FC Alverca,Benfica,1ST,Attack,Big chances scored,1,0,0,1
14131888,2025-08-31,Liga Portugal Betclic,Liga Portugal 25/26,4.0,Away,FC Alverca,FC Alverca,Benfica,1ST,Attack,Fouled in final third,2,1,1,2
14131888,2025-08-31,Liga Portugal Betclic,Liga Portugal 25/26,4.0,Away,FC Alverca,FC Alverca,Benfica,1ST,Attack,Through balls,1,0,0,1
14131888,2025-08-31,Liga Portugal Betclic,Liga Portugal 25/26,4.0,Away,FC Alverca,FC Alverca,Benfica,1ST,Defending,Clearances,5,8,8,5
14131888,2025-08-31,Liga Portugal Betclic,Liga Portugal 25/26,4.0,Away,FC Alverca,FC Alverca,Benfica,1ST,Defending,Interceptions,2,2,2,2
14131888,2025-08-31,Liga Portugal Betclic,Liga Portugal 25/26,4.0,Away,FC Alverca,FC Alverca,Benfica,1ST,Defending,Recoveries,22,22,22,22
14131888,2025-08-31,Liga Portugal Betclic,Liga Portugal 25/26,4.0,Away,FC Alverca,FC Alverca,Benfica,1ST,Defending,Tackles won,50%,88%,88%,50%
14131888,2025-08-31,Liga Portugal Betclic,Liga Portugal 25/26,4.0,Away,FC Alverca,FC Alverca,Benfica,1ST,Defending,Total tackles,8,8,8,8
14131888,2025-08-31,Liga Portugal Betclic,Liga Portugal 25/26,4.0,Away,FC Alverca,FC Alverca,Benfica,1ST,Duels,Aerial duels,2/6 (33%),4/6 (67%),4/6 (67%),2/6 (33%)
14131888,2025-08-31,Liga Portugal Betclic,Liga Portugal 25/26,4.0,Away,FC Alverca,FC Alverca,Benfica,1ST,Duels,Dispossessed,6,3,3,6
14131888,2025-08-31,Liga Portugal Betclic,Liga Portugal 25/26,4.0,Away,FC Alverca,FC Alverca,Benfica,1ST,Duels,Dribbles,4/6 (67%),9/14 (64%),9/14 (64%),4/6 (67%)
14131888,2025-08-31,Liga Portugal Betclic,Liga Portugal 25/26,4.0,Away,FC Alverca,FC Alverca,Benfica,1ST,Duels,Duels,38%,62%,62%,38%
14131888,2025-08-31,Liga Portugal Betclic,Liga Portugal 25/26,4.0,Away,FC Alverca,FC Alverca,Benfica,1ST,Duels,Ground duels,16/41 (39%),25/41 (61%),25/41 (61%),16/41 (39%)
14131888,2025-08-31,Liga Portugal Betclic,Liga Portugal 25/26,4.0,Away,FC Alverca,FC Alverca,Benfica,1ST,Goalkeeping,Goal kicks,3,4,4,3
14131888,2025-08-31,Liga Portugal Betclic,Liga Portugal 25/26,4.0,Away,FC Alverca,FC Alverca,Benfica,1ST,Goalkeeping,Total saves,4,0,0,4
14131888,2025-08-31,Liga Portugal Betclic,Liga Portugal 25/26,4.0,Away,FC Alverca,FC Alverca,Benfica,1ST,Match overview,Ball possession,70%,30%,30%,70%
14131888,2025-08-31,Liga Portugal Betclic,Liga Portugal 25/26,4.0,Away,FC Alverca,FC Alverca,Benfica,1ST,Match overview,Big chances,1,0,0,1
14131888,2025-08-31,Liga Portugal Betclic,Liga Portugal 25/26,4.0,Away,FC Alverca,FC Alverca,Benfica,1ST,Match overview,Corner kicks,1,1,1,1
14131888,2025-08-31,Liga Portugal Betclic,Liga Portugal 25/26,4.0,Away,FC Alverca,FC Alverca,Benfica,1ST,Match overview,Expected goals,0.99,0.41,0.41,0.99
14131888,2025-08-31,Liga Portugal Betclic,Liga Portugal 25/26,4.0,Away,FC Alverca,FC Alverca,Benfica,1ST,Match overview,Free kicks,4,9,9,4
14131888,2025-08-31,Liga Portugal Betclic,Liga Portugal 25/26,4.0,Away,FC Alverca,FC Alverca,Benfica,1ST,Match overview,Goalkeeper saves,4,0,0,4
14131888,2025-08-31,Liga Portugal Betclic,Liga Portugal 25/26,4.0,Away,FC Alverca,FC Alverca,Benfica,1ST,Match overview,Passes,340,149,149,340
14131888,2025-08-31,Liga Portugal Betclic,Liga Portugal 25/26,4.0,Away,FC Alverca,FC Alverca,Benfica,1ST,Match overview,Red cards,0,0,0,0
14131888,2025-08-31,Liga Portugal Betclic,Liga Portugal 25/26,4.0,Away,FC Alverca,FC Alverca,Benfica,1ST,Match overview,Tackles,8,8,8,8
14131888,2025-08-31,Liga Portugal Betclic,Liga Portugal 25/26,4.0,Away,FC Alverca,FC Alverca,Benfica,1ST,Match overview,Total shots,5,7,7,5
14131888,2025-08-31,Liga Portugal Betclic,Liga Portugal 25/26,4.0,Away,FC Alverca,FC Alverca,Benfica,1ST,Match overview,Yellow cards,1,1,1,1
14131888,2025-08-31,Liga Portugal Betclic,Liga Portugal 25/26,4.0,Away,FC Alverca,FC Alverca,Benfica,1ST,Passes,Accurate passes,313,124,124,313
14131888,2025-08-31,Liga Portugal Betclic,Liga Portugal 25/26,4.0,Away,FC Alverca,FC Alverca,Benfica,1ST,Passes,Crosses,3/9 (33%),1/2 (50%),1/2 (50%),3/9 (33%)
14131888,2025-08-31,Liga Portugal Betclic,Liga Portugal 25/26,4.0,Away,FC Alverca,FC Alverca,Benfica,1ST,Passes,Final third entries,43,13,13,43
14131888,2025-08-31,Liga Portugal Betclic,Liga Portugal 25/26,4.0,Away,FC Alverca,FC Alverca,Benfica,1ST,Passes,Long balls,12/19 (63%),8/19 (42%),8/19 (42%),12/19 (63%)
14131888,2025-08-31,Liga Portugal Betclic,Liga Portugal 25/26,4.0,Away,FC Alverca,FC Alverca,Benfica,1ST,Passes,Throw-ins,9,7,7,9
14131888,2025-08-31,Liga Portugal Betclic,Liga Portugal 25/26,4.0,Away,FC Alverca,FC Alverca,Benfica,1ST,Shots,Blocked shots,2,1,1,2
14131888,2025-08-31,Liga Portugal Betclic,Liga Portugal 25/26,4.0,Away,FC Alverca,FC Alverca,Benfica,1ST,Shots,Hit woodwork,0,0,0,0
14131888,2025-08-31,Liga Portugal Betclic,Liga Portugal 25/26,4.0,Away,FC Alverca,FC Alverca,Benfica,1ST,Shots,Shots inside box,3,6,6,3
14131888,2025-08-31,Liga Portugal Betclic,Liga Portugal 25/26,4.0,Away,FC Alverca,FC Alverca,Benfica,1ST,Shots,Shots off target,1,2,2,1
14131888,2025-08-31,Liga Portugal Betclic,Liga Portugal 25/26,4.0,Away,FC Alverca,FC Alverca,Benfica,1ST,Shots,Shots on target,2,4,4,2
14131888,2025-08-31,Liga Portugal Betclic,Liga Portugal 25/26,4.0,Away,FC Alverca,FC Alverca,Benfica,1ST,Shots,Shots outside box,2,1,1,2
14131888,2025-08-31,Liga Portugal Betclic,Liga Portugal 25/26,4.0,Away,FC Alverca,FC Alverca,Benfica,1ST,Shots,Total shots,5,7,7,5
14131888,2025-08-31,Liga Portugal Betclic,Liga Portugal 25/26,4.0,Away,FC Alverca,FC Alverca,Benfica,2ND,Attack,Big chances missed,0,1,1,0
14131888,2025-08-31,Liga Portugal Betclic,Liga Portugal 25/26,4.0,Away,FC Alverca,FC Alverca,Benfica,2ND,Attack,Big chances scored,0,0,0,0
14131888,2025-08-31,Liga Portugal Betclic,Liga Portugal 25/26,4.0,Away,FC Alverca,FC Alverca,Benfica,2ND,Attack,Fouled in final third,0,2,2,0
14131888,2025-08-31,Liga Portugal Betclic,Liga Portugal 25/26,4.0,Away,FC Alverca,FC Alverca,Benfica,2ND,Attack,Through balls,0,0,0,0
14131888,2025-08-31,Liga Portugal Betclic,Liga Portugal 25/26,4.0,Away,FC Alverca,FC Alverca,Benfica,2ND,Defending,Clearances,22,4,4,22
14131888,2025-08-31,Liga Portugal Betclic,Liga Portugal 25/26,4.0,Away,FC Alverca,FC Alverca,Benfica,2ND,Defending,Interceptions,6,2,2,6
14131888,2025-08-31,Liga Portugal Betclic,Liga Portugal 25/26,4.0,Away,FC Alverca,FC Alverca,Benfica,2ND,Defending,Recoveries,17,17,17,17
14131888,2025-08-31,Liga Portugal Betclic,Liga Portugal 25/26,4.0,Away,FC Alverca,FC Alverca,Benfica,2ND,Defending,Tackles won,71%,50%,50%,71%
14131888,2025-08-31,Liga Portugal Betclic,Liga Portugal 25/26,4.0,Away,FC Alverca,FC Alverca,Benfica,2ND,Defending,Total tackles,7,4,4,7
14131888,2025-08-31,Liga Portugal Betclic,Liga Portugal 25/26,4.0,Away,FC Alverca,FC Alverca,Benfica,2ND,Duels,Aerial duels,7/10 (70%),3/10 (30%),3/10 (30%),7/10 (70%)
14131888,2025-08-31,Liga Portugal Betclic,Liga Portugal 25/26,4.0,Away,FC Alverca,FC Alverca,Benfica,2ND,Duels,Dispossessed,2,2,2,2
14131888,2025-08-31,Liga Portugal Betclic,Liga Portugal 25/26,4.0,Away,FC Alverca,FC Alverca,Benfica,2ND,Duels,Dribbles,5/7 (71%),3/8 (38%),3/8 (38%),5/7 (71%)
14131888,2025-08-31,Liga Portugal Betclic,Liga Portugal 25/26,4.0,Away,FC Alverca,FC Alverca,Benfica,2ND,Duels,Duels,60%,40%,40%,60%
14131888,2025-08-31,Liga Portugal Betclic,Liga Portugal 25/26,4.0,Away,FC Alverca,FC Alverca,Benfica,2ND,Duels,Ground duels,20/35 (57%),15/35 (43%),15/35 (43%),20/35 (57%)
14131888,2025-08-31,Liga Portugal Betclic,Liga Portugal 25/26,4.0,Away,FC Alverca,FC Alverca,Benfica,2ND,Goalkeeping,Goal kicks,1,2,2,1
14131888,2025-08-31,Liga Portugal Betclic,Liga Portugal 25/26,4.0,Away,FC Alverca,FC Alverca,Benfica,2ND,Goalkeeping,Total saves,2,0,0,2
14131888,2025-08-31,Liga Portugal Betclic,Liga Portugal 25/26,4.0,Away,FC Alverca,FC Alverca,Benfica,2ND,Match overview,Ball possession,35%,65%,65%,35%
14131888,2025-08-31,Liga Portugal Betclic,Liga Portugal 25/26,4.0,Away,FC Alverca,FC Alverca,Benfica,2ND,Match overview,Big chances,0,1,1,0
14131888,2025-08-31,Liga Portugal Betclic,Liga Portugal 25/26,4.0,Away,FC Alverca,FC Alverca,Benfica,2ND,Match overview,Corner kicks,1,4,4,1
14131888,2025-08-31,Liga Portugal Betclic,Liga Portugal 25/26,4.0,Away,FC Alverca,FC Alverca,Benfica,2ND,Match overview,Expected goals,0.05,0.40,0.40,0.05
14131888,2025-08-31,Liga Portugal Betclic,Liga Portugal 25/26,4.0,Away,FC Alverca,FC Alverca,Benfica,2ND,Match overview,Free kicks,8,9,9,8
14131888,2025-08-31,Liga Portugal Betclic,Liga Portugal 25/26,4.0,Away,FC Alverca,FC Alverca,Benfica,2ND,Match overview,Goalkeeper saves,2,0,0,2
14131888,2025-08-31,Liga Portugal Betclic,Liga Portugal 25/26,4.0,Away,FC Alverca,FC Alverca,Benfica,2ND,Match overview,Passes,153,271,271,153
14131888,2025-08-31,Liga Portugal Betclic,Liga Portugal 25/26,4.0,Away,FC Alverca,FC Alverca,Benfica,2ND,Match overview,Red cards,1,0,0,1
14131888,2025-08-31,Liga Portugal Betclic,Liga Portugal 25/26,4.0,Away,FC Alverca,FC Alverca,Benfica,2ND,Match overview,Tackles,7,4,4,7
14131888,2025-08-31,Liga Portugal Betclic,Liga Portugal 25/26,4.0,Away,FC Alverca,FC Alverca,Benfica,2ND,Match overview,Total shots,1,4,4,1
14131888,2025-08-31,Liga Portugal Betclic,Liga Portugal 25/26,4.0,Away,FC Alverca,FC Alverca,Benfica,2ND,Match overview,Yellow cards,5,3,3,5
14131888,2025-08-31,Liga Portugal Betclic,Liga Portugal 25/26,4.0,Away,FC Alverca,FC Alverca,Benfica,2ND,Passes,Accurate passes,128,244,244,128
14131888,2025-08-31,Liga Portugal Betclic,Liga Portugal 25/26,4.0,Away,FC Alverca,FC Alverca,Benfica,2ND,Passes,Crosses,0/3 (0%),2/20 (10%),2/20 (10%),0/3 (0%)
14131888,2025-08-31,Liga Portugal Betclic,Liga Portugal 25/26,4.0,Away,FC Alverca,FC Alverca,Benfica,2ND,Passes,Final third entries,19,26,26,19
14131888,2025-08-31,Liga Portugal Betclic,Liga Portugal 25/26,4.0,Away,FC Alverca,FC Alverca,Benfica,2ND,Passes,Long balls,8/20 (40%),15/22 (68%),15/22 (68%),8/20 (40%)
14131888,2025-08-31,Liga Portugal Betclic,Liga Portugal 25/26,4.0,Away,FC Alverca,FC Alverca,Benfica,2ND,Passes,Throw-ins,3,8,8,3
14131888,2025-08-31,Liga Portugal Betclic,Liga Portugal 25/26,4.0,Away,FC Alverca,FC Alverca,Benfica,2ND,Shots,Blocked shots,0,0,0,0
14131888,2025-08-31,Liga Portugal Betclic,Liga Portugal 25/26,4.0,Away,FC Alverca,FC Alverca,Benfica,2ND,Shots,Hit woodwork,1,0,0,1
14131888,2025-08-31,Liga Portugal Betclic,Liga Portugal 25/26,4.0,Away,FC Alverca,FC Alverca,Benfica,2ND,Shots,Shots inside box,1,3,3,1
14131888,2025-08-31,Liga Portugal Betclic,Liga Portugal 25/26,4.0,Away,FC Alverca,FC Alverca,Benfica,2ND,Shots,Shots off target,1,1,1,1
14131888,2025-08-31,Liga Portugal Betclic,Liga Portugal 25/26,4.0,Away,FC Alverca,FC Alverca,Benfica,2ND,Shots,Shots on target,0,3,3,0
14131888,2025-08-31,Liga Portugal Betclic,Liga Portugal 25/26,4.0,Away,FC Alverca,FC Alverca,Benfica,2ND,Shots,Shots outside box,0,1,1,0
14131888,2025-08-31,Liga Portugal Betclic,Liga Portugal 25/26,4.0,Away,FC Alverca,FC Alverca,Benfica,2ND,Shots,Total shots,1,4,4,1
14131888,2025-08-31,Liga Portugal Betclic,Liga Portugal 25/26,4.0,Away,FC Alverca,FC Alverca,Benfica,ALL,Attack,Big chances missed,0,1,1,0
14131888,2025-08-31,Liga Portugal Betclic,Liga Portugal 25/26,4.0,Away,FC Alverca,FC Alverca,Benfica,ALL,Attack,Big chances scored,1,0,0,1
14131888,2025-08-31,Liga Portugal Betclic,Liga Portugal 25/26,4.0,Away,FC Alverca,FC Alverca,Benfica,ALL,Attack,Fouled in final third,2,3,3,2
14131888,2025-08-31,Liga Portugal Betclic,Liga Portugal 25/26,4.0,Away,FC Alverca,FC Alverca,Benfica,ALL,Attack,Through balls,1,0,0,1
14131888,2025-08-31,Liga Portugal Betclic,Liga Portugal 25/26,4.0,Away,FC Alverca,FC Alverca,Benfica,ALL,Attack,Touches in penalty area,20,16,16,20
14131888,2025-08-31,Liga Portugal Betclic,Liga Portugal 25/26,4.0,Away,FC Alverca,FC Alverca,Benfica,ALL,Defending,Clearances,27,12,12,27
14131888,2025-08-31,Liga Portugal Betclic,Liga Portugal 25/26,4.0,Away,FC Alverca,FC Alverca,Benfica,ALL,Defending,Errors lead to a goal,1,1,1,1
14131888,2025-08-31,Liga Portugal Betclic,Liga Portugal 25/26,4.0,Away,FC Alverca,FC Alverca,Benfica,ALL,Defending,Interceptions,8,4,4,8
14131888,2025-08-31,Liga Portugal Betclic,Liga Portugal 25/26,4.0,Away,FC Alverca,FC Alverca,Benfica,ALL,Defending,Recoveries,39,39,39,39
14131888,2025-08-31,Liga Portugal Betclic,Liga Portugal 25/26,4.0,Away,FC Alverca,FC Alverca,Benfica,ALL,Defending,Tackles won,60%,75%,75%,60%
14131888,2025-08-31,Liga Portugal Betclic,Liga Portugal 25/26,4.0,Away,FC Alverca,FC Alverca,Benfica,ALL,Defending,Total tackles,15,12,12,15
14131888,2025-08-31,Liga Portugal Betclic,Liga Portugal 25/26,4.0,Away,FC Alverca,FC Alverca,Benfica,ALL,Duels,Aerial duels,9/16 (56%),7/16 (44%),7/16 (44%),9/16 (56%)
14131888,2025-08-31,Liga Portugal Betclic,Liga Portugal 25/26,4.0,Away,FC Alverca,FC Alverca,Benfica,ALL,Duels,Dispossessed,8,5,5,8
14131888,2025-08-31,Liga Portugal Betclic,Liga Portugal 25/26,4.0,Away,FC Alverca,FC Alverca,Benfica,ALL,Duels,Dribbles,9/13 (69%),12/22 (55%),12/22 (55%),9/13 (69%)
14131888,2025-08-31,Liga Portugal Betclic,Liga Portugal 25/26,4.0,Away,FC Alverca,FC Alverca,Benfica,ALL,Duels,Duels,49%,51%,51%,49%
14131888,2025-08-31,Liga Portugal Betclic,Liga Portugal 25/26,4.0,Away,FC Alverca,FC Alverca,Benfica,ALL,Duels,Ground duels,36/76 (47%),40/76 (53%),40/76 (53%),36/76 (47%)
14131888,2025-08-31,Liga Portugal Betclic,Liga Portugal 25/26,4.0,Away,FC Alverca,FC Alverca,Benfica,ALL,Goalkeeping,Big saves,1,0,0,1
14131888,2025-08-31,Liga Portugal Betclic,Liga Portugal 25/26,4.0,Away,FC Alverca,FC Alverca,Benfica,ALL,Goalkeeping,Goal kicks,4,6,6,4
14131888,2025-08-31,Liga Portugal Betclic,Liga Portugal 25/26,4.0,Away,FC Alverca,FC Alverca,Benfica,ALL,Goalkeeping,Goals prevented,1.13,-0.74,-0.74,1.13
14131888,2025-08-31,Liga Portugal Betclic,Liga Portugal 25/26,4.0,Away,FC Alverca,FC Alverca,Benfica,ALL,Goalkeeping,High claims,1,0,0,1
14131888,2025-08-31,Liga Portugal Betclic,Liga Portugal 25/26,4.0,Away,FC Alverca,FC Alverca,Benfica,ALL,Goalkeeping,Total saves,6,0,0,6
14131888,2025-08-31,Liga Portugal Betclic,Liga Portugal 25/26,4.0,Away,FC Alverca,FC Alverca,Benfica,ALL,Match overview,Ball possession,53%,47%,47%,53%
14131888,2025-08-31,Liga Portugal Betclic,Liga Portugal 25/26,4.0,Away,FC Alverca,FC Alverca,Benfica,ALL,Match overview,Big chances,1,1,1,1
14131888,2025-08-31,Liga Portugal Betclic,Liga Portugal 25/26,4.0,Away,FC Alverca,FC Alverca,Benfica,ALL,Match overview,Corner kicks,2,5,5,2
14131888,2025-08-31,Liga Portugal Betclic,Liga Portugal 25/26,4.0,Away,FC Alverca,FC Alverca,Benfica,ALL,Match overview,Distance covered,95.7 km,100.0 km,100.0 km,95.7 km
14131888,2025-08-31,Liga Portugal Betclic,Liga Portugal 25/26,4.0,Away,FC Alverca,FC Alverca,Benfica,ALL,Match overview,Expected goals,1.03,0.81,0.81,1.03
14131888,2025-08-31,Liga Portugal Betclic,Liga Portugal 25/26,4.0,Away,FC Alverca,FC Alverca,Benfica,ALL,Match overview,Fouls,18,12,12,18
14131888,2025-08-31,Liga Portugal Betclic,Liga Portugal 25/26,4.0,Away,FC Alverca,FC Alverca,Benfica,ALL,Match overview,Free kicks,12,18,18,12
14131888,2025-08-31,Liga Portugal Betclic,Liga Portugal 25/26,4.0,Away,FC Alverca,FC Alverca,Benfica,ALL,Match overview,Goalkeeper saves,6,0,0,6
14131888,2025-08-31,Liga Portugal Betclic,Liga Portugal 25/26,4.0,Away,FC Alverca,FC Alverca,Benfica,ALL,Match overview,Number of sprints,141,146,146,141
14131888,2025-08-31,Liga Portugal Betclic,Liga Portugal 25/26,4.0,Away,FC Alverca,FC Alverca,Benfica,ALL,Match overview,Passes,493,420,420,493
14131888,2025-08-31,Liga Portugal Betclic,Liga Portugal 25/26,4.0,Away,FC Alverca,FC Alverca,Benfica,ALL,Match overview,Red cards,1,0,0,1
14131888,2025-08-31,Liga Portugal Betclic,Liga Portugal 25/26,4.0,Away,FC Alverca,FC Alverca,Benfica,ALL,Match overview,Tackles,15,12,12,15
14131888,2025-08-31,Liga Portugal Betclic,Liga Portugal 25/26,4.0,Away,FC Alverca,FC Alverca,Benfica,ALL,Match overview,Total shots,6,11,11,6
14131888,2025-08-31,Liga Portugal Betclic,Liga Portugal 25/26,4.0,Away,FC Alverca,FC Alverca,Benfica,ALL,Match overview,Yellow cards,6,4,4,6
14131888,2025-08-31,Liga Portugal Betclic,Liga Portugal 25/26,4.0,Away,FC Alverca,FC Alverca,Benfica,ALL,Passes,Accurate passes,441,368,368,441
14131888,2025-08-31,Liga Portugal Betclic,Liga Portugal 25/26,4.0,Away,FC Alverca,FC Alverca,Benfica,ALL,Passes,Crosses,3/12 (25%),3/22 (14%),3/22 (14%),3/12 (25%)
14131888,2025-08-31,Liga Portugal Betclic,Liga Portugal 25/26,4.0,Away,FC Alverca,FC Alverca,Benfica,ALL,Passes,Final third entries,62,39,39,62
14131888,2025-08-31,Liga Portugal Betclic,Liga Portugal 25/26,4.0,Away,FC Alverca,FC Alverca,Benfica,ALL,Passes,Final third phase,156/189 (83%),76/97 (78%),76/97 (78%),156/189 (83%)
14131888,2025-08-31,Liga Portugal Betclic,Liga Portugal 25/26,4.0,Away,FC Alverca,FC Alverca,Benfica,ALL,Passes,Long balls,20/39 (51%),23/41 (56%),23/41 (56%),20/39 (51%)
14131888,2025-08-31,Liga Portugal Betclic,Liga Portugal 25/26,4.0,Away,FC Alverca,FC Alverca,Benfica,ALL,Passes,Throw-ins,12,15,15,12
14131888,2025-08-31,Liga Portugal Betclic,Liga Portugal 25/26,4.0,Away,FC Alverca,FC Alverca,Benfica,ALL,Shots,Blocked shots,2,1,1,2
14131888,2025-08-31,Liga Portugal Betclic,Liga Portugal 25/26,4.0,Away,FC Alverca,FC Alverca,Benfica,ALL,Shots,Hit woodwork,1,0,0,1
14131888,2025-08-31,Liga Portugal Betclic,Liga Portugal 25/26,4.0,Away,FC Alverca,FC Alverca,Benfica,ALL,Shots,Shots inside box,4,9,9,4
14131888,2025-08-31,Liga Portugal Betclic,Liga Portugal 25/26,4.0,Away,FC Alverca,FC Alverca,Benfica,ALL,Shots,Shots off target,2,3,3,2
14131888,2025-08-31,Liga Portugal Betclic,Liga Portugal 25/26,4.0,Away,FC Alverca,FC Alverca,Benfica,ALL,Shots,Shots on target,2,7,7,2
14131888,2025-08-31,Liga Portugal Betclic,Liga Portugal 25/26,4.0,Away,FC Alverca,FC Alverca,Benfica,ALL,Shots,Shots outside box,2,2,2,2
14131888,2025-08-31,Liga Portugal Betclic,Liga Portugal 25/26,4.0,Away,FC Alverca,FC Alverca,Benfica,ALL,Shots,Total shots,6,11,11,6
14131901,2025-09-12,Liga Portugal Betclic,Liga Portugal 25/26,5.0,Home,Santa Clara,Benfica,Santa Clara,1ST,Attack,Big chances missed,1,2,1,2
14131901,2025-09-12,Liga Portugal Betclic,Liga Portugal 25/26,5.0,Home,Santa Clara,Benfica,Santa Clara,1ST,Attack,Big chances scored,0,0,0,0
14131901,2025-09-12,Liga Portugal Betclic,Liga Portugal 25/26,5.0,Home,Santa Clara,Benfica,Santa Clara,1ST,Attack,Fouled in final third,1,0,1,0
14131901,2025-09-12,Liga Portugal Betclic,Liga Portugal 25/26,5.0,Home,Santa Clara,Benfica,Santa Clara,1ST,Attack,Offsides,0,0,0,0
14131901,2025-09-12,Liga Portugal Betclic,Liga Portugal 25/26,5.0,Home,Santa Clara,Benfica,Santa Clara,1ST,Attack,Through balls,0,0,0,0
14131901,2025-09-12,Liga Portugal Betclic,Liga Portugal 25/26,5.0,Home,Santa Clara,Benfica,Santa Clara,1ST,Defending,Clearances,7,18,7,18
14131901,2025-09-12,Liga Portugal Betclic,Liga Portugal 25/26,5.0,Home,Santa Clara,Benfica,Santa Clara,1ST,Defending,Interceptions,1,5,1,5
14131901,2025-09-12,Liga Portugal Betclic,Liga Portugal 25/26,5.0,Home,Santa Clara,Benfica,Santa Clara,1ST,Defending,Recoveries,24,19,24,19
14131901,2025-09-12,Liga Portugal Betclic,Liga Portugal 25/26,5.0,Home,Santa Clara,Benfica,Santa Clara,1ST,Defending,Tackles won,75%,20%,75%,20%
14131901,2025-09-12,Liga Portugal Betclic,Liga Portugal 25/26,5.0,Home,Santa Clara,Benfica,Santa Clara,1ST,Defending,Total tackles,8,5,8,5
14131901,2025-09-12,Liga Portugal Betclic,Liga Portugal 25/26,5.0,Home,Santa Clara,Benfica,Santa Clara,1ST,Duels,Aerial duels,7/14 (50%),7/14 (50%),7/14 (50%),7/14 (50%)
14131901,2025-09-12,Liga Portugal Betclic,Liga Portugal 25/26,5.0,Home,Santa Clara,Benfica,Santa Clara,1ST,Duels,Dispossessed,2,3,2,3
14131901,2025-09-12,Liga Portugal Betclic,Liga Portugal 25/26,5.0,Home,Santa Clara,Benfica,Santa Clara,1ST,Duels,Dribbles,3/6 (50%),4/9 (44%),3/6 (50%),4/9 (44%)
14131901,2025-09-12,Liga Portugal Betclic,Liga Portugal 25/26,5.0,Home,Santa Clara,Benfica,Santa Clara,1ST,Duels,Duels,52%,48%,52%,48%
14131901,2025-09-12,Liga Portugal Betclic,Liga Portugal 25/26,5.0,Home,Santa Clara,Benfica,Santa Clara,1ST,Duels,Ground duels,15/28 (54%),13/28 (46%),15/28 (54%),13/28 (46%)
14131901,2025-09-12,Liga Portugal Betclic,Liga Portugal 25/26,5.0,Home,Santa Clara,Benfica,Santa Clara,1ST,Goalkeeping,Goal kicks,3,9,3,9
14131901,2025-09-12,Liga Portugal Betclic,Liga Portugal 25/26,5.0,Home,Santa Clara,Benfica,Santa Clara,1ST,Goalkeeping,Total saves,2,3,2,3
14131901,2025-09-12,Liga Portugal Betclic,Liga Portugal 25/26,5.0,Home,Santa Clara,Benfica,Santa Clara,1ST,Match overview,Ball possession,75%,25%,75%,25%
14131901,2025-09-12,Liga Portugal Betclic,Liga Portugal 25/26,5.0,Home,Santa Clara,Benfica,Santa Clara,1ST,Match overview,Big chances,1,2,1,2
14131901,2025-09-12,Liga Portugal Betclic,Liga Portugal 25/26,5.0,Home,Santa Clara,Benfica,Santa Clara,1ST,Match overview,Corner kicks,0,4,0,4
14131901,2025-09-12,Liga Portugal Betclic,Liga Portugal 25/26,5.0,Home,Santa Clara,Benfica,Santa Clara,1ST,Match overview,Expected goals,0.49,0.69,0.49,0.69
14131901,2025-09-12,Liga Portugal Betclic,Liga Portugal 25/26,5.0,Home,Santa Clara,Benfica,Santa Clara,1ST,Match overview,Free kicks,5,5,5,5
14131901,2025-09-12,Liga Portugal Betclic,Liga Portugal 25/26,5.0,Home,Santa Clara,Benfica,Santa Clara,1ST,Match overview,Goalkeeper saves,2,3,2,3
14131901,2025-09-12,Liga Portugal Betclic,Liga Portugal 25/26,5.0,Home,Santa Clara,Benfica,Santa Clara,1ST,Match overview,Passes,369,118,369,118
14131901,2025-09-12,Liga Portugal Betclic,Liga Portugal 25/26,5.0,Home,Santa Clara,Benfica,Santa Clara,1ST,Match overview,Red cards,0,1,0,1
14131901,2025-09-12,Liga Portugal Betclic,Liga Portugal 25/26,5.0,Home,Santa Clara,Benfica,Santa Clara,1ST,Match overview,Tackles,8,5,8,5
14131901,2025-09-12,Liga Portugal Betclic,Liga Portugal 25/26,5.0,Home,Santa Clara,Benfica,Santa Clara,1ST,Match overview,Total shots,8,5,8,5
14131901,2025-09-12,Liga Portugal Betclic,Liga Portugal 25/26,5.0,Home,Santa Clara,Benfica,Santa Clara,1ST,Match overview,Yellow cards,0,1,0,1
14131901,2025-09-12,Liga Portugal Betclic,Liga Portugal 25/26,5.0,Home,Santa Clara,Benfica,Santa Clara,1ST,Passes,Accurate passes,330,80,330,80
14131901,2025-09-12,Liga Portugal Betclic,Liga Portugal 25/26,5.0,Home,Santa Clara,Benfica,Santa Clara,1ST,Passes,Crosses,4/13 (31%),2/6 (33%),4/13 (31%),2/6 (33%)
14131901,2025-09-12,Liga Portugal Betclic,Liga Portugal 25/26,5.0,Home,Santa Clara,Benfica,Santa Clara,1ST,Passes,Final third entries,56,15,56,15
14131901,2025-09-12,Liga Portugal Betclic,Liga Portugal 25/26,5.0,Home,Santa Clara,Benfica,Santa Clara,1ST,Passes,Long balls,17/24 (71%),10/27 (37%),17/24 (71%),10/27 (37%)
14131901,2025-09-12,Liga Portugal Betclic,Liga Portugal 25/26,5.0,Home,Santa Clara,Benfica,Santa Clara,1ST,Passes,Throw-ins,10,3,10,3
14131901,2025-09-12,Liga Portugal Betclic,Liga Portugal 25/26,5.0,Home,Santa Clara,Benfica,Santa Clara,1ST,Shots,Blocked shots,1,1,1,1
14131901,2025-09-12,Liga Portugal Betclic,Liga Portugal 25/26,5.0,Home,Santa Clara,Benfica,Santa Clara,1ST,Shots,Hit woodwork,0,0,0,0
14131901,2025-09-12,Liga Portugal Betclic,Liga Portugal 25/26,5.0,Home,Santa Clara,Benfica,Santa Clara,1ST,Shots,Shots inside box,3,3,3,3
14131901,2025-09-12,Liga Portugal Betclic,Liga Portugal 25/26,5.0,Home,Santa Clara,Benfica,Santa Clara,1ST,Shots,Shots off target,4,2,4,2
14131901,2025-09-12,Liga Portugal Betclic,Liga Portugal 25/26,5.0,Home,Santa Clara,Benfica,Santa Clara,1ST,Shots,Shots on target,3,2,3,2
14131901,2025-09-12,Liga Portugal Betclic,Liga Portugal 25/26,5.0,Home,Santa Clara,Benfica,Santa Clara,1ST,Shots,Shots outside box,5,2,5,2
14131901,2025-09-12,Liga Portugal Betclic,Liga Portugal 25/26,5.0,Home,Santa Clara,Benfica,Santa Clara,1ST,Shots,Total shots,8,5,8,5
14131901,2025-09-12,Liga Portugal Betclic,Liga Portugal 25/26,5.0,Home,Santa Clara,Benfica,Santa Clara,2ND,Attack,Big chances missed,0,0,0,0
14131901,2025-09-12,Liga Portugal Betclic,Liga Portugal 25/26,5.0,Home,Santa Clara,Benfica,Santa Clara,2ND,Attack,Big chances scored,1,1,1,1
14131901,2025-09-12,Liga Portugal Betclic,Liga Portugal 25/26,5.0,Home,Santa Clara,Benfica,Santa Clara,2ND,Attack,Fouled in final third,3,0,3,0
14131901,2025-09-12,Liga Portugal Betclic,Liga Portugal 25/26,5.0,Home,Santa Clara,Benfica,Santa Clara,2ND,Attack,Offsides,2,0,2,0
14131901,2025-09-12,Liga Portugal Betclic,Liga Portugal 25/26,5.0,Home,Santa Clara,Benfica,Santa Clara,2ND,Attack,Through balls,1,0,1,0
14131901,2025-09-12,Liga Portugal Betclic,Liga Portugal 25/26,5.0,Home,Santa Clara,Benfica,Santa Clara,2ND,Defending,Clearances,4,32,4,32
14131901,2025-09-12,Liga Portugal Betclic,Liga Portugal 25/26,5.0,Home,Santa Clara,Benfica,Santa Clara,2ND,Defending,Interceptions,2,5,2,5
14131901,2025-09-12,Liga Portugal Betclic,Liga Portugal 25/26,5.0,Home,Santa Clara,Benfica,Santa Clara,2ND,Defending,Recoveries,20,17,20,17
14131901,2025-09-12,Liga Portugal Betclic,Liga Portugal 25/26,5.0,Home,Santa Clara,Benfica,Santa Clara,2ND,Defending,Tackles won,78%,86%,78%,86%
14131901,2025-09-12,Liga Portugal Betclic,Liga Portugal 25/26,5.0,Home,Santa Clara,Benfica,Santa Clara,2ND,Defending,Total tackles,9,7,9,7
14131901,2025-09-12,Liga Portugal Betclic,Liga Portugal 25/26,5.0,Home,Santa Clara,Benfica,Santa Clara,2ND,Duels,Aerial duels,18/33 (55%),15/33 (45%),18/33 (55%),15/33 (45%)
14131901,2025-09-12,Liga Portugal Betclic,Liga Portugal 25/26,5.0,Home,Santa Clara,Benfica,Santa Clara,2ND,Duels,Dispossessed,3,6,3,6
14131901,2025-09-12,Liga Portugal Betclic,Liga Portugal 25/26,5.0,Home,Santa Clara,Benfica,Santa Clara,2ND,Duels,Dribbles,5/9 (56%),2/5 (40%),5/9 (56%),2/5 (40%)
14131901,2025-09-12,Liga Portugal Betclic,Liga Portugal 25/26,5.0,Home,Santa Clara,Benfica,Santa Clara,2ND,Duels,Duels,58%,42%,58%,42%
14131901,2025-09-12,Liga Portugal Betclic,Liga Portugal 25/26,5.0,Home,Santa Clara,Benfica,Santa Clara,2ND,Duels,Ground duels,20/32 (63%),12/32 (38%),20/32 (63%),12/32 (38%)
14131901,2025-09-12,Liga Portugal Betclic,Liga Portugal 25/26,5.0,Home,Santa Clara,Benfica,Santa Clara,2ND,Goalkeeping,Goal kicks,0,5,0,5
14131901,2025-09-12,Liga Portugal Betclic,Liga Portugal 25/26,5.0,Home,Santa Clara,Benfica,Santa Clara,2ND,Goalkeeping,Total saves,3,3,3,3
14131901,2025-09-12,Liga Portugal Betclic,Liga Portugal 25/26,5.0,Home,Santa Clara,Benfica,Santa Clara,2ND,Match overview,Ball possession,81%,19%,81%,19%
14131901,2025-09-12,Liga Portugal Betclic,Liga Portugal 25/26,5.0,Home,Santa Clara,Benfica,Santa Clara,2ND,Match overview,Big chances,1,1,1,1
14131901,2025-09-12,Liga Portugal Betclic,Liga Portugal 25/26,5.0,Home,Santa Clara,Benfica,Santa Clara,2ND,Match overview,Corner kicks,4,1,4,1
14131901,2025-09-12,Liga Portugal Betclic,Liga Portugal 25/26,5.0,Home,Santa Clara,Benfica,Santa Clara,2ND,Match overview,Expected goals,1.13,0.33,1.13,0.33
14131901,2025-09-12,Liga Portugal Betclic,Liga Portugal 25/26,5.0,Home,Santa Clara,Benfica,Santa Clara,2ND,Match overview,Free kicks,6,3,6,3
14131901,2025-09-12,Liga Portugal Betclic,Liga Portugal 25/26,5.0,Home,Santa Clara,Benfica,Santa Clara,2ND,Match overview,Goalkeeper saves,3,3,3,3
14131901,2025-09-12,Liga Portugal Betclic,Liga Portugal 25/26,5.0,Home,Santa Clara,Benfica,Santa Clara,2ND,Match overview,Passes,358,91,358,91
14131901,2025-09-12,Liga Portugal Betclic,Liga Portugal 25/26,5.0,Home,Santa Clara,Benfica,Santa Clara,2ND,Match overview,Red cards,0,0,0,0
14131901,2025-09-12,Liga Portugal Betclic,Liga Portugal 25/26,5.0,Home,Santa Clara,Benfica,Santa Clara,2ND,Match overview,Tackles,9,7,9,7
14131901,2025-09-12,Liga Portugal Betclic,Liga Portugal 25/26,5.0,Home,Santa Clara,Benfica,Santa Clara,2ND,Match overview,Total shots,11,4,11,4
14131901,2025-09-12,Liga Portugal Betclic,Liga Portugal 25/26,5.0,Home,Santa Clara,Benfica,Santa Clara,2ND,Match overview,Yellow cards,1,0,1,0
14131901,2025-09-12,Liga Portugal Betclic,Liga Portugal 25/26,5.0,Home,Santa Clara,Benfica,Santa Clara,2ND,Passes,Accurate passes,323,57,323,57
14131901,2025-09-12,Liga Portugal Betclic,Liga Portugal 25/26,5.0,Home,Santa Clara,Benfica,Santa Clara,2ND,Passes,Crosses,7/27 (26%),0/2 (0%),7/27 (26%),0/2 (0%)
14131901,2025-09-12,Liga Portugal Betclic,Liga Portugal 25/26,5.0,Home,Santa Clara,Benfica,Santa Clara,2ND,Passes,Final third entries,50,18,50,18
14131901,2025-09-12,Liga Portugal Betclic,Liga Portugal 25/26,5.0,Home,Santa Clara,Benfica,Santa Clara,2ND,Passes,Long balls,14/22 (64%),6/25 (24%),14/22 (64%),6/25 (24%)
14131901,2025-09-12,Liga Portugal Betclic,Liga Portugal 25/26,5.0,Home,Santa Clara,Benfica,Santa Clara,2ND,Passes,Throw-ins,15,14,15,14
14131901,2025-09-12,Liga Portugal Betclic,Liga Portugal 25/26,5.0,Home,Santa Clara,Benfica,Santa Clara,2ND,Shots,Blocked shots,4,1,4,1
14131901,2025-09-12,Liga Portugal Betclic,Liga Portugal 25/26,5.0,Home,Santa Clara,Benfica,Santa Clara,2ND,Shots,Hit woodwork,0,0,0,0
14131901,2025-09-12,Liga Portugal Betclic,Liga Portugal 25/26,5.0,Home,Santa Clara,Benfica,Santa Clara,2ND,Shots,Shots inside box,7,3,7,3
14131901,2025-09-12,Liga Portugal Betclic,Liga Portugal 25/26,5.0,Home,Santa Clara,Benfica,Santa Clara,2ND,Shots,Shots off target,3,0,3,0
14131901,2025-09-12,Liga Portugal Betclic,Liga Portugal 25/26,5.0,Home,Santa Clara,Benfica,Santa Clara,2ND,Shots,Shots on target,4,3,4,3
14131901,2025-09-12,Liga Portugal Betclic,Liga Portugal 25/26,5.0,Home,Santa Clara,Benfica,Santa Clara,2ND,Shots,Shots outside box,4,1,4,1
14131901,2025-09-12,Liga Portugal Betclic,Liga Portugal 25/26,5.0,Home,Santa Clara,Benfica,Santa Clara,2ND,Shots,Total shots,11,4,11,4
14131901,2025-09-12,Liga Portugal Betclic,Liga Portugal 25/26,5.0,Home,Santa Clara,Benfica,Santa Clara,ALL,Attack,Big chances missed,1,2,1,2
14131901,2025-09-12,Liga Portugal Betclic,Liga Portugal 25/26,5.0,Home,Santa Clara,Benfica,Santa Clara,ALL,Attack,Big chances scored,1,1,1,1
14131901,2025-09-12,Liga Portugal Betclic,Liga Portugal 25/26,5.0,Home,Santa Clara,Benfica,Santa Clara,ALL,Attack,Fouled in final third,4,0,4,0
14131901,2025-09-12,Liga Portugal Betclic,Liga Portugal 25/26,5.0,Home,Santa Clara,Benfica,Santa Clara,ALL,Attack,Offsides,2,0,2,0
14131901,2025-09-12,Liga Portugal Betclic,Liga Portugal 25/26,5.0,Home,Santa Clara,Benfica,Santa Clara,ALL,Attack,Through balls,1,0,1,0
14131901,2025-09-12,Liga Portugal Betclic,Liga Portugal 25/26,5.0,Home,Santa Clara,Benfica,Santa Clara,ALL,Attack,Touches in penalty area,39,12,39,12
14131901,2025-09-12,Liga Portugal Betclic,Liga Portugal 25/26,5.0,Home,Santa Clara,Benfica,Santa Clara,ALL,Defending,Clearances,11,50,11,50
14131901,2025-09-12,Liga Portugal Betclic,Liga Portugal 25/26,5.0,Home,Santa Clara,Benfica,Santa Clara,ALL,Defending,Errors lead to a goal,1,0,1,0
14131901,2025-09-12,Liga Portugal Betclic,Liga Portugal 25/26,5.0,Home,Santa Clara,Benfica,Santa Clara,ALL,Defending,Errors lead to a shot,1,0,1,0
14131901,2025-09-12,Liga Portugal Betclic,Liga Portugal 25/26,5.0,Home,Santa Clara,Benfica,Santa Clara,ALL,Defending,Interceptions,3,10,3,10
14131901,2025-09-12,Liga Portugal Betclic,Liga Portugal 25/26,5.0,Home,Santa Clara,Benfica,Santa Clara,ALL,Defending,Recoveries,44,36,44,36
14131901,2025-09-12,Liga Portugal Betclic,Liga Portugal 25/26,5.0,Home,Santa Clara,Benfica,Santa Clara,ALL,Defending,Tackles won,76%,58%,76%,58%
14131901,2025-09-12,Liga Portugal Betclic,Liga Portugal 25/26,5.0,Home,Santa Clara,Benfica,Santa Clara,ALL,Defending,Total tackles,17,12,17,12
14131901,2025-09-12,Liga Portugal Betclic,Liga Portugal 25/26,5.0,Home,Santa Clara,Benfica,Santa Clara,ALL,Duels,Aerial duels,25/47 (53%),22/47 (47%),25/47 (53%),22/47 (47%)
14131901,2025-09-12,Liga Portugal Betclic,Liga Portugal 25/26,5.0,Home,Santa Clara,Benfica,Santa Clara,ALL,Duels,Dispossessed,5,9,5,9
14131901,2025-09-12,Liga Portugal Betclic,Liga Portugal 25/26,5.0,Home,Santa Clara,Benfica,Santa Clara,ALL,Duels,Dribbles,8/15 (53%),6/14 (43%),8/15 (53%),6/14 (43%)
14131901,2025-09-12,Liga Portugal Betclic,Liga Portugal 25/26,5.0,Home,Santa Clara,Benfica,Santa Clara,ALL,Duels,Duels,56%,44%,56%,44%
14131901,2025-09-12,Liga Portugal Betclic,Liga Portugal 25/26,5.0,Home,Santa Clara,Benfica,Santa Clara,ALL,Duels,Ground duels,35/60 (58%),25/60 (42%),35/60 (58%),25/60 (42%)
14131901,2025-09-12,Liga Portugal Betclic,Liga Portugal 25/26,5.0,Home,Santa Clara,Benfica,Santa Clara,ALL,Goalkeeping,Big saves,1,2,1,2
14131901,2025-09-12,Liga Portugal Betclic,Liga Portugal 25/26,5.0,Home,Santa Clara,Benfica,Santa Clara,ALL,Goalkeeping,Goal kicks,3,14,3,14
14131901,2025-09-12,Liga Portugal Betclic,Liga Portugal 25/26,5.0,Home,Santa Clara,Benfica,Santa Clara,ALL,Goalkeeping,Goals prevented,-0.07,0.79,-0.07,0.79
14131901,2025-09-12,Liga Portugal Betclic,Liga Portugal 25/26,5.0,Home,Santa Clara,Benfica,Santa Clara,ALL,Goalkeeping,High claims,0,1,0,1
14131901,2025-09-12,Liga Portugal Betclic,Liga Portugal 25/26,5.0,Home,Santa Clara,Benfica,Santa Clara,ALL,Goalkeeping,Punches,0,1,0,1
14131901,2025-09-12,Liga Portugal Betclic,Liga Portugal 25/26,5.0,Home,Santa Clara,Benfica,Santa Clara,ALL,Goalkeeping,Total saves,5,6,5,6
14131901,2025-09-12,Liga Portugal Betclic,Liga Portugal 25/26,5.0,Home,Santa Clara,Benfica,Santa Clara,ALL,Match overview,Ball possession,78%,22%,78%,22%
14131901,2025-09-12,Liga Portugal Betclic,Liga Portugal 25/26,5.0,Home,Santa Clara,Benfica,Santa Clara,ALL,Match overview,Big chances,2,3,2,3
14131901,2025-09-12,Liga Portugal Betclic,Liga Portugal 25/26,5.0,Home,Santa Clara,Benfica,Santa Clara,ALL,Match overview,Corner kicks,4,5,4,5
14131901,2025-09-12,Liga Portugal Betclic,Liga Portugal 25/26,5.0,Home,Santa Clara,Benfica,Santa Clara,ALL,Match overview,Distance covered,93.4 km,89.6 km,93.4 km,89.6 km
14131901,2025-09-12,Liga Portugal Betclic,Liga Portugal 25/26,5.0,Home,Santa Clara,Benfica,Santa Clara,ALL,Match overview,Expected goals,1.62,1.02,1.62,1.02
14131901,2025-09-12,Liga Portugal Betclic,Liga Portugal 25/26,5.0,Home,Santa Clara,Benfica,Santa Clara,ALL,Match overview,Fouls,8,11,8,11
14131901,2025-09-12,Liga Portugal Betclic,Liga Portugal 25/26,5.0,Home,Santa Clara,Benfica,Santa Clara,ALL,Match overview,Free kicks,11,8,11,8
14131901,2025-09-12,Liga Portugal Betclic,Liga Portugal 25/26,5.0,Home,Santa Clara,Benfica,Santa Clara,ALL,Match overview,Goalkeeper saves,5,6,5,6
14131901,2025-09-12,Liga Portugal Betclic,Liga Portugal 25/26,5.0,Home,Santa Clara,Benfica,Santa Clara,ALL,Match overview,Number of sprints,78,70,78,70
14131901,2025-09-12,Liga Portugal Betclic,Liga Portugal 25/26,5.0,Home,Santa Clara,Benfica,Santa Clara,ALL,Match overview,Passes,727,209,727,209
14131901,2025-09-12,Liga Portugal Betclic,Liga Portugal 25/26,5.0,Home,Santa Clara,Benfica,Santa Clara,ALL,Match overview,Red cards,0,1,0,1
14131901,2025-09-12,Liga Portugal Betclic,Liga Portugal 25/26,5.0,Home,Santa Clara,Benfica,Santa Clara,ALL,Match overview,Tackles,17,12,17,12
14131901,2025-09-12,Liga Portugal Betclic,Liga Portugal 25/26,5.0,Home,Santa Clara,Benfica,Santa Clara,ALL,Match overview,Total shots,19,9,19,9
14131901,2025-09-12,Liga Portugal Betclic,Liga Portugal 25/26,5.0,Home,Santa Clara,Benfica,Santa Clara,ALL,Match overview,Yellow cards,1,1,1,1
14131901,2025-09-12,Liga Portugal Betclic,Liga Portugal 25/26,5.0,Home,Santa Clara,Benfica,Santa Clara,ALL,Passes,Accurate passes,653,137,653,137
14131901,2025-09-12,Liga Portugal Betclic,Liga Portugal 25/26,5.0,Home,Santa Clara,Benfica,Santa Clara,ALL,Passes,Crosses,11/40 (28%),2/8 (25%),11/40 (28%),2/8 (25%)
14131901,2025-09-12,Liga Portugal Betclic,Liga Portugal 25/26,5.0,Home,Santa Clara,Benfica,Santa Clara,ALL,Passes,Final third entries,106,33,106,33
14131901,2025-09-12,Liga Portugal Betclic,Liga Portugal 25/26,5.0,Home,Santa Clara,Benfica,Santa Clara,ALL,Passes,Final third phase,289/338 (86%),12/40 (30%),289/338 (86%),12/40 (30%)
14131901,2025-09-12,Liga Portugal Betclic,Liga Portugal 25/26,5.0,Home,Santa Clara,Benfica,Santa Clara,ALL,Passes,Long balls,31/46 (67%),16/52 (31%),31/46 (67%),16/52 (31%)
14131901,2025-09-12,Liga Portugal Betclic,Liga Portugal 25/26,5.0,Home,Santa Clara,Benfica,Santa Clara,ALL,Passes,Throw-ins,25,17,25,17
14131901,2025-09-12,Liga Portugal Betclic,Liga Portugal 25/26,5.0,Home,Santa Clara,Benfica,Santa Clara,ALL,Shots,Blocked shots,5,2,5,2
14131901,2025-09-12,Liga Portugal Betclic,Liga Portugal 25/26,5.0,Home,Santa Clara,Benfica,Santa Clara,ALL,Shots,Hit woodwork,0,0,0,0
14131901,2025-09-12,Liga Portugal Betclic,Liga Portugal 25/26,5.0,Home,Santa Clara,Benfica,Santa Clara,ALL,Shots,Shots inside box,10,6,10,6
14131901,2025-09-12,Liga Portugal Betclic,Liga Portugal 25/26,5.0,Home,Santa Clara,Benfica,Santa Clara,ALL,Shots,Shots off target,7,2,7,2
14131901,2025-09-12,Liga Portugal Betclic,Liga Portugal 25/26,5.0,Home,Santa Clara,Benfica,Santa Clara,ALL,Shots,Shots on target,7,5,7,5
14131901,2025-09-12,Liga Portugal Betclic,Liga Portugal 25/26,5.0,Home,Santa Clara,Benfica,Santa Clara,ALL,Shots,Shots outside box,9,3,9,3
14131901,2025-09-12,Liga Portugal Betclic,Liga Portugal 25/26,5.0,Home,Santa Clara,Benfica,Santa Clara,ALL,Shots,Total shots,19,9,19,9
14566738,2025-09-16,UEFA Champions League,UEFA Champions League 25/26,1.0,Home,Qarabağ FK,Benfica,Qarabağ FK,1ST,Attack,Big chances missed,0,1,0,1
14566738,2025-09-16,UEFA Champions League,UEFA Champions League 25/26,1.0,Home,Qarabağ FK,Benfica,Qarabağ FK,1ST,Attack,Big chances scored,2,0,2,0
14566738,2025-09-16,UEFA Champions League,UEFA Champions League 25/26,1.0,Home,Qarabağ FK,Benfica,Qarabağ FK,1ST,Attack,Fouled in final third,1,1,1,1
14566738,2025-09-16,UEFA Champions League,UEFA Champions League 25/26,1.0,Home,Qarabağ FK,Benfica,Qarabağ FK,1ST,Attack,Offsides,1,0,1,0
14566738,2025-09-16,UEFA Champions League,UEFA Champions League 25/26,1.0,Home,Qarabağ FK,Benfica,Qarabağ FK,1ST,Defending,Clearances,7,10,7,10
14566738,2025-09-16,UEFA Champions League,UEFA Champions League 25/26,1.0,Home,Qarabağ FK,Benfica,Qarabağ FK,1ST,Defending,Interceptions,7,5,7,5
14566738,2025-09-16,UEFA Champions League,UEFA Champions League 25/26,1.0,Home,Qarabağ FK,Benfica,Qarabağ FK,1ST,Defending,Recoveries,29,24,29,24
14566738,2025-09-16,UEFA Champions League,UEFA Champions League 25/26,1.0,Home,Qarabağ FK,Benfica,Qarabağ FK,1ST,Defending,Tackles won,33%,29%,33%,29%
14566738,2025-09-16,UEFA Champions League,UEFA Champions League 25/26,1.0,Home,Qarabağ FK,Benfica,Qarabağ FK,1ST,Defending,Total tackles,12,7,12,7
14566738,2025-09-16,UEFA Champions League,UEFA Champions League 25/26,1.0,Home,Qarabağ FK,Benfica,Qarabağ FK,1ST,Duels,Aerial duels,1/5 (20%),4/5 (80%),1/5 (20%),4/5 (80%)
14566738,2025-09-16,UEFA Champions League,UEFA Champions League 25/26,1.0,Home,Qarabağ FK,Benfica,Qarabağ FK,1ST,Duels,Dispossessed,3,6,3,6
14566738,2025-09-16,UEFA Champions League,UEFA Champions League 25/26,1.0,Home,Qarabağ FK,Benfica,Qarabağ FK,1ST,Duels,Dribbles,4/8 (50%),3/9 (33%),4/8 (50%),3/9 (33%)
14566738,2025-09-16,UEFA Champions League,UEFA Champions League 25/26,1.0,Home,Qarabağ FK,Benfica,Qarabağ FK,1ST,Duels,Duels,50%,50%,50%,50%
14566738,2025-09-16,UEFA Champions League,UEFA Champions League 25/26,1.0,Home,Qarabağ FK,Benfica,Qarabağ FK,1ST,Duels,Ground duels,19/35 (54%),16/35 (46%),19/35 (54%),16/35 (46%)
14566738,2025-09-16,UEFA Champions League,UEFA Champions League 25/26,1.0,Home,Qarabağ FK,Benfica,Qarabağ FK,1ST,Goalkeeping,Goal kicks,5,3,5,3
14566738,2025-09-16,UEFA Champions League,UEFA Champions League 25/26,1.0,Home,Qarabağ FK,Benfica,Qarabağ FK,1ST,Goalkeeping,Total saves,2,0,2,0
14566738,2025-09-16,UEFA Champions League,UEFA Champions League 25/26,1.0,Home,Qarabağ FK,Benfica,Qarabağ FK,1ST,Match overview,Ball possession,51%,49%,51%,49%
14566738,2025-09-16,UEFA Champions League,UEFA Champions League 25/26,1.0,Home,Qarabağ FK,Benfica,Qarabağ FK,1ST,Match overview,Big chances,2,1,2,1
14566738,2025-09-16,UEFA Champions League,UEFA Champions League 25/26,1.0,Home,Qarabağ FK,Benfica,Qarabağ FK,1ST,Match overview,Corner kicks,3,1,3,1
14566738,2025-09-16,UEFA Champions League,UEFA Champions League 25/26,1.0,Home,Qarabağ FK,Benfica,Qarabağ FK,1ST,Match overview,Expected goals,0.82,1.15,0.82,1.15
14566738,2025-09-16,UEFA Champions League,UEFA Champions League 25/26,1.0,Home,Qarabağ FK,Benfica,Qarabağ FK,1ST,Match overview,Free kicks,3,6,3,6
14566738,2025-09-16,UEFA Champions League,UEFA Champions League 25/26,1.0,Home,Qarabağ FK,Benfica,Qarabağ FK,1ST,Match overview,Goalkeeper saves,2,0,2,0
14566738,2025-09-16,UEFA Champions League,UEFA Champions League 25/26,1.0,Home,Qarabağ FK,Benfica,Qarabağ FK,1ST,Match overview,Number of sprints,0,0,0,0
14566738,2025-09-16,UEFA Champions League,UEFA Champions League 25/26,1.0,Home,Qarabağ FK,Benfica,Qarabağ FK,1ST,Match overview,Passes,239,232,239,232
14566738,2025-09-16,UEFA Champions League,UEFA Champions League 25/26,1.0,Home,Qarabağ FK,Benfica,Qarabağ FK,1ST,Match overview,Tackles,12,7,12,7
14566738,2025-09-16,UEFA Champions League,UEFA Champions League 25/26,1.0,Home,Qarabağ FK,Benfica,Qarabağ FK,1ST,Match overview,Total shots,5,6,5,6
14566738,2025-09-16,UEFA Champions League,UEFA Champions League 25/26,1.0,Home,Qarabağ FK,Benfica,Qarabağ FK,1ST,Passes,Accurate passes,205,196,205,196
14566738,2025-09-16,UEFA Champions League,UEFA Champions League 25/26,1.0,Home,Qarabağ FK,Benfica,Qarabağ FK,1ST,Passes,Crosses,1/5 (20%),2/5 (40%),1/5 (20%),2/5 (40%)
14566738,2025-09-16,UEFA Champions League,UEFA Champions League 25/26,1.0,Home,Qarabağ FK,Benfica,Qarabağ FK,1ST,Passes,Final third entries,27,18,27,18
14566738,2025-09-16,UEFA Champions League,UEFA Champions League 25/26,1.0,Home,Qarabağ FK,Benfica,Qarabağ FK,1ST,Passes,Long balls,15/24 (63%),9/18 (50%),15/24 (63%),9/18 (50%)
14566738,2025-09-16,UEFA Champions League,UEFA Champions League 25/26,1.0,Home,Qarabağ FK,Benfica,Qarabağ FK,1ST,Passes,Throw-ins,7,10,7,10
14566738,2025-09-16,UEFA Champions League,UEFA Champions League 25/26,1.0,Home,Qarabağ FK,Benfica,Qarabağ FK,1ST,Shots,Blocked shots,2,0,2,0
14566738,2025-09-16,UEFA Champions League,UEFA Champions League 25/26,1.0,Home,Qarabağ FK,Benfica,Qarabağ FK,1ST,Shots,Hit woodwork,0,1,0,1
14566738,2025-09-16,UEFA Champions League,UEFA Champions League 25/26,1.0,Home,Qarabağ FK,Benfica,Qarabağ FK,1ST,Shots,Shots inside box,2,5,2,5
14566738,2025-09-16,UEFA Champions League,UEFA Champions League 25/26,1.0,Home,Qarabağ FK,Benfica,Qarabağ FK,1ST,Shots,Shots off target,1,3,1,3
14566738,2025-09-16,UEFA Champions League,UEFA Champions League 25/26,1.0,Home,Qarabağ FK,Benfica,Qarabağ FK,1ST,Shots,Shots on target,2,3,2,3
14566738,2025-09-16,UEFA Champions League,UEFA Champions League 25/26,1.0,Home,Qarabağ FK,Benfica,Qarabağ FK,1ST,Shots,Shots outside box,3,1,3,1
14566738,2025-09-16,UEFA Champions League,UEFA Champions League 25/26,1.0,Home,Qarabağ FK,Benfica,Qarabağ FK,1ST,Shots,Total shots,5,6,5,6
14566738,2025-09-16,UEFA Champions League,UEFA Champions League 25/26,1.0,Home,Qarabağ FK,Benfica,Qarabağ FK,2ND,Attack,Big chances missed,0,0,0,0
14566738,2025-09-16,UEFA Champions League,UEFA Champions League 25/26,1.0,Home,Qarabağ FK,Benfica,Qarabağ FK,2ND,Attack,Big chances scored,0,0,0,0
14566738,2025-09-16,UEFA Champions League,UEFA Champions League 25/26,1.0,Home,Qarabağ FK,Benfica,Qarabağ FK,2ND,Attack,Fouled in final third,1,1,1,1
14566738,2025-09-16,UEFA Champions League,UEFA Champions League 25/26,1.0,Home,Qarabağ FK,Benfica,Qarabağ FK,2ND,Attack,Offsides,0,1,0,1
14566738,2025-09-16,UEFA Champions League,UEFA Champions League 25/26,1.0,Home,Qarabağ FK,Benfica,Qarabağ FK,2ND,Defending,Clearances,7,21,7,21
14566738,2025-09-16,UEFA Champions League,UEFA Champions League 25/26,1.0,Home,Qarabağ FK,Benfica,Qarabağ FK,2ND,Defending,Interceptions,2,5,2,5
14566738,2025-09-16,UEFA Champions League,UEFA Champions League 25/26,1.0,Home,Qarabağ FK,Benfica,Qarabağ FK,2ND,Defending,Recoveries,32,25,32,25
14566738,2025-09-16,UEFA Champions League,UEFA Champions League 25/26,1.0,Home,Qarabağ FK,Benfica,Qarabağ FK,2ND,Defending,Tackles won,71%,89%,71%,89%
14566738,2025-09-16,UEFA Champions League,UEFA Champions League 25/26,1.0,Home,Qarabağ FK,Benfica,Qarabağ FK,2ND,Defending,Total tackles,7,9,7,9
14566738,2025-09-16,UEFA Champions League,UEFA Champions League 25/26,1.0,Home,Qarabağ FK,Benfica,Qarabağ FK,2ND,Duels,Aerial duels,9/15 (60%),6/15 (40%),9/15 (60%),6/15 (40%)
14566738,2025-09-16,UEFA Champions League,UEFA Champions League 25/26,1.0,Home,Qarabağ FK,Benfica,Qarabağ FK,2ND,Duels,Dispossessed,4,3,4,3
14566738,2025-09-16,UEFA Champions League,UEFA Champions League 25/26,1.0,Home,Qarabağ FK,Benfica,Qarabağ FK,2ND,Duels,Dribbles,5/10 (50%),4/8 (50%),5/10 (50%),4/8 (50%)
14566738,2025-09-16,UEFA Champions League,UEFA Champions League 25/26,1.0,Home,Qarabağ FK,Benfica,Qarabağ FK,2ND,Duels,Duels,49%,51%,49%,51%
14566738,2025-09-16,UEFA Champions League,UEFA Champions League 25/26,1.0,Home,Qarabağ FK,Benfica,Qarabağ FK,2ND,Duels,Ground duels,14/32 (44%),18/32 (56%),14/32 (44%),18/32 (56%)
14566738,2025-09-16,UEFA Champions League,UEFA Champions League 25/26,1.0,Home,Qarabağ FK,Benfica,Qarabağ FK,2ND,Goalkeeping,Goal kicks,0,10,0,10
14566738,2025-09-16,UEFA Champions League,UEFA Champions League 25/26,1.0,Home,Qarabağ FK,Benfica,Qarabağ FK,2ND,Goalkeeping,Total saves,0,1,0,1
14566738,2025-09-16,UEFA Champions League,UEFA Champions League 25/26,1.0,Home,Qarabağ FK,Benfica,Qarabağ FK,2ND,Match overview,Ball possession,55%,45%,55%,45%
14566738,2025-09-16,UEFA Champions League,UEFA Champions League 25/26,1.0,Home,Qarabağ FK,Benfica,Qarabağ FK,2ND,Match overview,Big chances,0,0,0,0
14566738,2025-09-16,UEFA Champions League,UEFA Champions League 25/26,1.0,Home,Qarabağ FK,Benfica,Qarabağ FK,2ND,Match overview,Corner kicks,5,2,5,2
14566738,2025-09-16,UEFA Champions League,UEFA Champions League 25/26,1.0,Home,Qarabağ FK,Benfica,Qarabağ FK,2ND,Match overview,Expected goals,0.57,0.37,0.57,0.37
14566738,2025-09-16,UEFA Champions League,UEFA Champions League 25/26,1.0,Home,Qarabağ FK,Benfica,Qarabağ FK,2ND,Match overview,Free kicks,3,5,3,5
14566738,2025-09-16,UEFA Champions League,UEFA Champions League 25/26,1.0,Home,Qarabağ FK,Benfica,Qarabağ FK,2ND,Match overview,Goalkeeper saves,0,1,0,1
14566738,2025-09-16,UEFA Champions League,UEFA Champions League 25/26,1.0,Home,Qarabağ FK,Benfica,Qarabağ FK,2ND,Match overview,Number of sprints,0,0,0,0
14566738,2025-09-16,UEFA Champions League,UEFA Champions League 25/26,1.0,Home,Qarabağ FK,Benfica,Qarabağ FK,2ND,Match overview,Passes,238,200,238,200
14566738,2025-09-16,UEFA Champions League,UEFA Champions League 25/26,1.0,Home,Qarabağ FK,Benfica,Qarabağ FK,2ND,Match overview,Tackles,7,9,7,9
14566738,2025-09-16,UEFA Champions League,UEFA Champions League 25/26,1.0,Home,Qarabağ FK,Benfica,Qarabağ FK,2ND,Match overview,Total shots,9,4,9,4
14566738,2025-09-16,UEFA Champions League,UEFA Champions League 25/26,1.0,Home,Qarabağ FK,Benfica,Qarabağ FK,2ND,Passes,Accurate passes,203,156,203,156
14566738,2025-09-16,UEFA Champions League,UEFA Champions League 25/26,1.0,Home,Qarabağ FK,Benfica,Qarabağ FK,2ND,Passes,Crosses,0/11 (0%),0/3 (0%),0/11 (0%),0/3 (0%)
14566738,2025-09-16,UEFA Champions League,UEFA Champions League 25/26,1.0,Home,Qarabağ FK,Benfica,Qarabağ FK,2ND,Passes,Final third entries,38,22,38,22
14566738,2025-09-16,UEFA Champions League,UEFA Champions League 25/26,1.0,Home,Qarabağ FK,Benfica,Qarabağ FK,2ND,Passes,Long balls,17/25 (68%),12/30 (40%),17/25 (68%),12/30 (40%)
14566738,2025-09-16,UEFA Champions League,UEFA Champions League 25/26,1.0,Home,Qarabağ FK,Benfica,Qarabağ FK,2ND,Passes,Throw-ins,12,8,12,8
14566738,2025-09-16,UEFA Champions League,UEFA Champions League 25/26,1.0,Home,Qarabağ FK,Benfica,Qarabağ FK,2ND,Shots,Blocked shots,4,2,4,2
14566738,2025-09-16,UEFA Champions League,UEFA Champions League 25/26,1.0,Home,Qarabağ FK,Benfica,Qarabağ FK,2ND,Shots,Hit woodwork,1,0,1,0
14566738,2025-09-16,UEFA Champions League,UEFA Champions League 25/26,1.0,Home,Qarabağ FK,Benfica,Qarabağ FK,2ND,Shots,Shots inside box,4,4,4,4
14566738,2025-09-16,UEFA Champions League,UEFA Champions League 25/26,1.0,Home,Qarabağ FK,Benfica,Qarabağ FK,2ND,Shots,Shots off target,4,0,4,0
14566738,2025-09-16,UEFA Champions League,UEFA Champions League 25/26,1.0,Home,Qarabağ FK,Benfica,Qarabağ FK,2ND,Shots,Shots on target,1,2,1,2
14566738,2025-09-16,UEFA Champions League,UEFA Champions League 25/26,1.0,Home,Qarabağ FK,Benfica,Qarabağ FK,2ND,Shots,Shots outside box,5,0,5,0
14566738,2025-09-16,UEFA Champions League,UEFA Champions League 25/26,1.0,Home,Qarabağ FK,Benfica,Qarabağ FK,2ND,Shots,Total shots,9,4,9,4
14566738,2025-09-16,UEFA Champions League,UEFA Champions League 25/26,1.0,Home,Qarabağ FK,Benfica,Qarabağ FK,ALL,Attack,Big chances missed,0,1,0,1
14566738,2025-09-16,UEFA Champions League,UEFA Champions League 25/26,1.0,Home,Qarabağ FK,Benfica,Qarabağ FK,ALL,Attack,Big chances scored,2,0,2,0
14566738,2025-09-16,UEFA Champions League,UEFA Champions League 25/26,1.0,Home,Qarabağ FK,Benfica,Qarabağ FK,ALL,Attack,Fouled in final third,2,2,2,2
14566738,2025-09-16,UEFA Champions League,UEFA Champions League 25/26,1.0,Home,Qarabağ FK,Benfica,Qarabağ FK,ALL,Attack,Offsides,1,1,1,1
14566738,2025-09-16,UEFA Champions League,UEFA Champions League 25/26,1.0,Home,Qarabağ FK,Benfica,Qarabağ FK,ALL,Attack,Touches in penalty area,28,24,28,24
14566738,2025-09-16,UEFA Champions League,UEFA Champions League 25/26,1.0,Home,Qarabağ FK,Benfica,Qarabağ FK,ALL,Defending,Clearances,14,31,14,31
14566738,2025-09-16,UEFA Champions League,UEFA Champions League 25/26,1.0,Home,Qarabağ FK,Benfica,Qarabağ FK,ALL,Defending,Errors lead to a shot,1,1,1,1
14566738,2025-09-16,UEFA Champions League,UEFA Champions League 25/26,1.0,Home,Qarabağ FK,Benfica,Qarabağ FK,ALL,Defending,Interceptions,9,10,9,10
14566738,2025-09-16,UEFA Champions League,UEFA Champions League 25/26,1.0,Home,Qarabağ FK,Benfica,Qarabağ FK,ALL,Defending,Recoveries,61,49,61,49
14566738,2025-09-16,UEFA Champions League,UEFA Champions League 25/26,1.0,Home,Qarabağ FK,Benfica,Qarabağ FK,ALL,Defending,Tackles won,47%,63%,47%,63%
14566738,2025-09-16,UEFA Champions League,UEFA Champions League 25/26,1.0,Home,Qarabağ FK,Benfica,Qarabağ FK,ALL,Defending,Total tackles,19,16,19,16
14566738,2025-09-16,UEFA Champions League,UEFA Champions League 25/26,1.0,Home,Qarabağ FK,Benfica,Qarabağ FK,ALL,Duels,Aerial duels,10/20 (50%),10/20 (50%),10/20 (50%),10/20 (50%)
14566738,2025-09-16,UEFA Champions League,UEFA Champions League 25/26,1.0,Home,Qarabağ FK,Benfica,Qarabağ FK,ALL,Duels,Dispossessed,7,9,7,9
14566738,2025-09-16,UEFA Champions League,UEFA Champions League 25/26,1.0,Home,Qarabağ FK,Benfica,Qarabağ FK,ALL,Duels,Dribbles,9/18 (50%),7/17 (41%),9/18 (50%),7/17 (41%)
14566738,2025-09-16,UEFA Champions League,UEFA Champions League 25/26,1.0,Home,Qarabağ FK,Benfica,Qarabağ FK,ALL,Duels,Duels,49%,51%,49%,51%
14566738,2025-09-16,UEFA Champions League,UEFA Champions League 25/26,1.0,Home,Qarabağ FK,Benfica,Qarabağ FK,ALL,Duels,Ground duels,33/67 (49%),34/67 (51%),33/67 (49%),34/67 (51%)
14566738,2025-09-16,UEFA Champions League,UEFA Champions League 25/26,1.0,Home,Qarabağ FK,Benfica,Qarabağ FK,ALL,Goalkeeping,Big saves,1,0,1,0
14566738,2025-09-16,UEFA Champions League,UEFA Champions League 25/26,1.0,Home,Qarabağ FK,Benfica,Qarabağ FK,ALL,Goalkeeping,Goal kicks,5,13,5,13
14566738,2025-09-16,UEFA Champions League,UEFA Champions League 25/26,1.0,Home,Qarabağ FK,Benfica,Qarabağ FK,ALL,Goalkeeping,Goals prevented,-0.27,-0.63,-0.27,-0.63
14566738,2025-09-16,UEFA Champions League,UEFA Champions League 25/26,1.0,Home,Qarabağ FK,Benfica,Qarabağ FK,ALL,Goalkeeping,High claims,0,1,0,1
14566738,2025-09-16,UEFA Champions League,UEFA Champions League 25/26,1.0,Home,Qarabağ FK,Benfica,Qarabağ FK,ALL,Goalkeeping,Total saves,2,1,2,1
14566738,2025-09-16,UEFA Champions League,UEFA Champions League 25/26,1.0,Home,Qarabağ FK,Benfica,Qarabağ FK,ALL,Match overview,Ball possession,53%,47%,53%,47%
14566738,2025-09-16,UEFA Champions League,UEFA Champions League 25/26,1.0,Home,Qarabağ FK,Benfica,Qarabağ FK,ALL,Match overview,Big chances,2,1,2,1
14566738,2025-09-16,UEFA Champions League,UEFA Champions League 25/26,1.0,Home,Qarabağ FK,Benfica,Qarabağ FK,ALL,Match overview,Corner kicks,8,3,8,3
14566738,2025-09-16,UEFA Champions League,UEFA Champions League 25/26,1.0,Home,Qarabağ FK,Benfica,Qarabağ FK,ALL,Match overview,Distance covered,119.9 km,119.3 km,119.9 km,119.3 km
14566738,2025-09-16,UEFA Champions League,UEFA Champions League 25/26,1.0,Home,Qarabağ FK,Benfica,Qarabağ FK,ALL,Match overview,Expected goals,1.38,1.52,1.38,1.52
14566738,2025-09-16,UEFA Champions League,UEFA Champions League 25/26,1.0,Home,Qarabağ FK,Benfica,Qarabağ FK,ALL,Match overview,Fouls,11,6,11,6
14566738,2025-09-16,UEFA Champions League,UEFA Champions League 25/26,1.0,Home,Qarabağ FK,Benfica,Qarabağ FK,ALL,Match overview,Free kicks,6,11,6,11
14566738,2025-09-16,UEFA Champions League,UEFA Champions League 25/26,1.0,Home,Qarabağ FK,Benfica,Qarabağ FK,ALL,Match overview,Goalkeeper saves,2,1,2,1
14566738,2025-09-16,UEFA Champions League,UEFA Champions League 25/26,1.0,Home,Qarabağ FK,Benfica,Qarabağ FK,ALL,Match overview,Number of sprints,121,125,121,125
14566738,2025-09-16,UEFA Champions League,UEFA Champions League 25/26,1.0,Home,Qarabağ FK,Benfica,Qarabağ FK,ALL,Match overview,Passes,477,432,477,432
14566738,2025-09-16,UEFA Champions League,UEFA Champions League 25/26,1.0,Home,Qarabağ FK,Benfica,Qarabağ FK,ALL,Match overview,Tackles,19,16,19,16
14566738,2025-09-16,UEFA Champions League,UEFA Champions League 25/26,1.0,Home,Qarabağ FK,Benfica,Qarabağ FK,ALL,Match overview,Total shots,14,10,14,10
14566738,2025-09-16,UEFA Champions League,UEFA Champions League 25/26,1.0,Home,Qarabağ FK,Benfica,Qarabağ FK,ALL,Passes,Accurate passes,408,352,408,352
14566738,2025-09-16,UEFA Champions League,UEFA Champions League 25/26,1.0,Home,Qarabağ FK,Benfica,Qarabağ FK,ALL,Passes,Crosses,1/16 (6%),2/8 (25%),1/16 (6%),2/8 (25%)
14566738,2025-09-16,UEFA Champions League,UEFA Champions League 25/26,1.0,Home,Qarabağ FK,Benfica,Qarabağ FK,ALL,Passes,Final third entries,65,40,65,40
14566738,2025-09-16,UEFA Champions League,UEFA Champions League 25/26,1.0,Home,Qarabağ FK,Benfica,Qarabağ FK,ALL,Passes,Final third phase,132/173 (76%),55/84 (65%),132/173 (76%),55/84 (65%)
14566738,2025-09-16,UEFA Champions League,UEFA Champions League 25/26,1.0,Home,Qarabağ FK,Benfica,Qarabağ FK,ALL,Passes,Long balls,32/49 (65%),21/48 (44%),32/49 (65%),21/48 (44%)
14566738,2025-09-16,UEFA Champions League,UEFA Champions League 25/26,1.0,Home,Qarabağ FK,Benfica,Qarabağ FK,ALL,Passes,Throw-ins,19,18,19,18
14566738,2025-09-16,UEFA Champions League,UEFA Champions League 25/26,1.0,Home,Qarabağ FK,Benfica,Qarabağ FK,ALL,Shots,Blocked shots,6,2,6,2
14566738,2025-09-16,UEFA Champions League,UEFA Champions League 25/26,1.0,Home,Qarabağ FK,Benfica,Qarabağ FK,ALL,Shots,Hit woodwork,1,1,1,1
14566738,2025-09-16,UEFA Champions League,UEFA Champions League 25/26,1.0,Home,Qarabağ FK,Benfica,Qarabağ FK,ALL,Shots,Shots inside box,6,9,6,9
14566738,2025-09-16,UEFA Champions League,UEFA Champions League 25/26,1.0,Home,Qarabağ FK,Benfica,Qarabağ FK,ALL,Shots,Shots off target,5,3,5,3
14566738,2025-09-16,UEFA Champions League,UEFA Champions League 25/26,1.0,Home,Qarabağ FK,Benfica,Qarabağ FK,ALL,Shots,Shots on target,3,5,3,5
14566738,2025-09-16,UEFA Champions League,UEFA Champions League 25/26,1.0,Home,Qarabağ FK,Benfica,Qarabağ FK,ALL,Shots,Shots outside box,8,1,8,1
14566738,2025-09-16,UEFA Champions League,UEFA Champions League 25/26,1.0,Home,Qarabağ FK,Benfica,Qarabağ FK,ALL,Shots,Total shots,14,10,14,10
14131904,2025-09-20,Liga Portugal Betclic,Liga Portugal 25/26,6.0,Away,AVS - Futebol SAD,AVS - Futebol SAD,Benfica,1ST,Attack,Big chances missed,1,0,0,1
14131904,2025-09-20,Liga Portugal Betclic,Liga Portugal 25/26,6.0,Away,AVS - Futebol SAD,AVS - Futebol SAD,Benfica,1ST,Attack,Big chances scored,1,0,0,1
14131904,2025-09-20,Liga Portugal Betclic,Liga Portugal 25/26,6.0,Away,AVS - Futebol SAD,AVS - Futebol SAD,Benfica,1ST,Attack,Fouled in final third,2,0,0,2
14131904,2025-09-20,Liga Portugal Betclic,Liga Portugal 25/26,6.0,Away,AVS - Futebol SAD,AVS - Futebol SAD,Benfica,1ST,Attack,Offsides,2,0,0,2
14131904,2025-09-20,Liga Portugal Betclic,Liga Portugal 25/26,6.0,Away,AVS - Futebol SAD,AVS - Futebol SAD,Benfica,1ST,Attack,Through balls,2,0,0,2
14131904,2025-09-20,Liga Portugal Betclic,Liga Portugal 25/26,6.0,Away,AVS - Futebol SAD,AVS - Futebol SAD,Benfica,1ST,Defending,Clearances,27,10,10,27
14131904,2025-09-20,Liga Portugal Betclic,Liga Portugal 25/26,6.0,Away,AVS - Futebol SAD,AVS - Futebol SAD,Benfica,1ST,Defending,Interceptions,3,1,1,3
14131904,2025-09-20,Liga Portugal Betclic,Liga Portugal 25/26,6.0,Away,AVS - Futebol SAD,AVS - Futebol SAD,Benfica,1ST,Defending,Recoveries,23,20,20,23
14131904,2025-09-20,Liga Portugal Betclic,Liga Portugal 25/26,6.0,Away,AVS - Futebol SAD,AVS - Futebol SAD,Benfica,1ST,Defending,Tackles won,18%,50%,50%,18%
14131904,2025-09-20,Liga Portugal Betclic,Liga Portugal 25/26,6.0,Away,AVS - Futebol SAD,AVS - Futebol SAD,Benfica,1ST,Defending,Total tackles,11,14,14,11
14131904,2025-09-20,Liga Portugal Betclic,Liga Portugal 25/26,6.0,Away,AVS - Futebol SAD,AVS - Futebol SAD,Benfica,1ST,Duels,Aerial duels,15/30 (50%),15/30 (50%),15/30 (50%),15/30 (50%)
14131904,2025-09-20,Liga Portugal Betclic,Liga Portugal 25/26,6.0,Away,AVS - Futebol SAD,AVS - Futebol SAD,Benfica,1ST,Duels,Dispossessed,6,4,4,6
14131904,2025-09-20,Liga Portugal Betclic,Liga Portugal 25/26,6.0,Away,AVS - Futebol SAD,AVS - Futebol SAD,Benfica,1ST,Duels,Dribbles,3/11 (27%),10/17 (59%),10/17 (59%),3/11 (27%)
14131904,2025-09-20,Liga Portugal Betclic,Liga Portugal 25/26,6.0,Away,AVS - Futebol SAD,AVS - Futebol SAD,Benfica,1ST,Duels,Duels,47%,53%,53%,47%
14131904,2025-09-20,Liga Portugal Betclic,Liga Portugal 25/26,6.0,Away,AVS - Futebol SAD,AVS - Futebol SAD,Benfica,1ST,Duels,Ground duels,23/51 (45%),28/51 (55%),28/51 (55%),23/51 (45%)
14131904,2025-09-20,Liga Portugal Betclic,Liga Portugal 25/26,6.0,Away,AVS - Futebol SAD,AVS - Futebol SAD,Benfica,1ST,Goalkeeping,Goal kicks,5,6,6,5
14131904,2025-09-20,Liga Portugal Betclic,Liga Portugal 25/26,6.0,Away,AVS - Futebol SAD,AVS - Futebol SAD,Benfica,1ST,Goalkeeping,Total saves,0,0,0,0
14131904,2025-09-20,Liga Portugal Betclic,Liga Portugal 25/26,6.0,Away,AVS - Futebol SAD,AVS - Futebol SAD,Benfica,1ST,Match overview,Ball possession,63%,37%,37%,63%
14131904,2025-09-20,Liga Portugal Betclic,Liga Portugal 25/26,6.0,Away,AVS - Futebol SAD,AVS - Futebol SAD,Benfica,1ST,Match overview,Big chances,2,0,0,2
14131904,2025-09-20,Liga Portugal Betclic,Liga Portugal 25/26,6.0,Away,AVS - Futebol SAD,AVS - Futebol SAD,Benfica,1ST,Match overview,Corner kicks,1,2,2,1
14131904,2025-09-20,Liga Portugal Betclic,Liga Portugal 25/26,6.0,Away,AVS - Futebol SAD,AVS - Futebol SAD,Benfica,1ST,Match overview,Expected goals,0.92,0.28,0.28,0.92
14131904,2025-09-20,Liga Portugal Betclic,Liga Portugal 25/26,6.0,Away,AVS - Futebol SAD,AVS - Futebol SAD,Benfica,1ST,Match overview,Free kicks,9,4,4,9
14131904,2025-09-20,Liga Portugal Betclic,Liga Portugal 25/26,6.0,Away,AVS - Futebol SAD,AVS - Futebol SAD,Benfica,1ST,Match overview,Goalkeeper saves,0,0,0,0
14131904,2025-09-20,Liga Portugal Betclic,Liga Portugal 25/26,6.0,Away,AVS - Futebol SAD,AVS - Futebol SAD,Benfica,1ST,Match overview,Passes,228,124,124,228
14131904,2025-09-20,Liga Portugal Betclic,Liga Portugal 25/26,6.0,Away,AVS - Futebol SAD,AVS - Futebol SAD,Benfica,1ST,Match overview,Tackles,11,14,14,11
14131904,2025-09-20,Liga Portugal Betclic,Liga Portugal 25/26,6.0,Away,AVS - Futebol SAD,AVS - Futebol SAD,Benfica,1ST,Match overview,Total shots,9,5,5,9
14131904,2025-09-20,Liga Portugal Betclic,Liga Portugal 25/26,6.0,Away,AVS - Futebol SAD,AVS - Futebol SAD,Benfica,1ST,Match overview,Yellow cards,1,1,1,1
14131904,2025-09-20,Liga Portugal Betclic,Liga Portugal 25/26,6.0,Away,AVS - Futebol SAD,AVS - Futebol SAD,Benfica,1ST,Passes,Accurate passes,197,82,82,197
14131904,2025-09-20,Liga Portugal Betclic,Liga Portugal 25/26,6.0,Away,AVS - Futebol SAD,AVS - Futebol SAD,Benfica,1ST,Passes,Crosses,2/6 (33%),1/12 (8%),1/12 (8%),2/6 (33%)
14131904,2025-09-20,Liga Portugal Betclic,Liga Portugal 25/26,6.0,Away,AVS - Futebol SAD,AVS - Futebol SAD,Benfica,1ST,Passes,Final third entries,28,25,25,28
14131904,2025-09-20,Liga Portugal Betclic,Liga Portugal 25/26,6.0,Away,AVS - Futebol SAD,AVS - Futebol SAD,Benfica,1ST,Passes,Long balls,13/26 (50%),15/30 (50%),15/30 (50%),13/26 (50%)
14131904,2025-09-20,Liga Portugal Betclic,Liga Portugal 25/26,6.0,Away,AVS - Futebol SAD,AVS - Futebol SAD,Benfica,1ST,Passes,Throw-ins,9,15,15,9
14131904,2025-09-20,Liga Portugal Betclic,Liga Portugal 25/26,6.0,Away,AVS - Futebol SAD,AVS - Futebol SAD,Benfica,1ST,Shots,Blocked shots,3,2,2,3
14131904,2025-09-20,Liga Portugal Betclic,Liga Portugal 25/26,6.0,Away,AVS - Futebol SAD,AVS - Futebol SAD,Benfica,1ST,Shots,Hit woodwork,0,1,1,0
14131904,2025-09-20,Liga Portugal Betclic,Liga Portugal 25/26,6.0,Away,AVS - Futebol SAD,AVS - Futebol SAD,Benfica,1ST,Shots,Shots inside box,5,3,3,5
14131904,2025-09-20,Liga Portugal Betclic,Liga Portugal 25/26,6.0,Away,AVS - Futebol SAD,AVS - Futebol SAD,Benfica,1ST,Shots,Shots off target,4,3,3,4
14131904,2025-09-20,Liga Portugal Betclic,Liga Portugal 25/26,6.0,Away,AVS - Futebol SAD,AVS - Futebol SAD,Benfica,1ST,Shots,Shots on target,2,0,0,2
14131904,2025-09-20,Liga Portugal Betclic,Liga Portugal 25/26,6.0,Away,AVS - Futebol SAD,AVS - Futebol SAD,Benfica,1ST,Shots,Shots outside box,4,2,2,4
14131904,2025-09-20,Liga Portugal Betclic,Liga Portugal 25/26,6.0,Away,AVS - Futebol SAD,AVS - Futebol SAD,Benfica,1ST,Shots,Total shots,9,5,5,9
14131904,2025-09-20,Liga Portugal Betclic,Liga Portugal 25/26,6.0,Away,AVS - Futebol SAD,AVS - Futebol SAD,Benfica,2ND,Attack,Big chances missed,1,1,1,1
14131904,2025-09-20,Liga Portugal Betclic,Liga Portugal 25/26,6.0,Away,AVS - Futebol SAD,AVS - Futebol SAD,Benfica,2ND,Attack,Big chances scored,2,0,0,2
14131904,2025-09-20,Liga Portugal Betclic,Liga Portugal 25/26,6.0,Away,AVS - Futebol SAD,AVS - Futebol SAD,Benfica,2ND,Attack,Fouled in final third,3,1,1,3
14131904,2025-09-20,Liga Portugal Betclic,Liga Portugal 25/26,6.0,Away,AVS - Futebol SAD,AVS - Futebol SAD,Benfica,2ND,Attack,Offsides,1,0,0,1
14131904,2025-09-20,Liga Portugal Betclic,Liga Portugal 25/26,6.0,Away,AVS - Futebol SAD,AVS - Futebol SAD,Benfica,2ND,Attack,Through balls,0,0,0,0
14131904,2025-09-20,Liga Portugal Betclic,Liga Portugal 25/26,6.0,Away,AVS - Futebol SAD,AVS - Futebol SAD,Benfica,2ND,Defending,Clearances,2,8,8,2
14131904,2025-09-20,Liga Portugal Betclic,Liga Portugal 25/26,6.0,Away,AVS - Futebol SAD,AVS - Futebol SAD,Benfica,2ND,Defending,Interceptions,7,4,4,7
14131904,2025-09-20,Liga Portugal Betclic,Liga Portugal 25/26,6.0,Away,AVS - Futebol SAD,AVS - Futebol SAD,Benfica,2ND,Defending,Recoveries,26,24,24,26
14131904,2025-09-20,Liga Portugal Betclic,Liga Portugal 25/26,6.0,Away,AVS - Futebol SAD,AVS - Futebol SAD,Benfica,2ND,Defending,Tackles won,44%,55%,55%,44%
14131904,2025-09-20,Liga Portugal Betclic,Liga Portugal 25/26,6.0,Away,AVS - Futebol SAD,AVS - Futebol SAD,Benfica,2ND,Defending,Total tackles,9,11,11,9
14131904,2025-09-20,Liga Portugal Betclic,Liga Portugal 25/26,6.0,Away,AVS - Futebol SAD,AVS - Futebol SAD,Benfica,2ND,Duels,Aerial duels,8/13 (62%),5/13 (38%),5/13 (38%),8/13 (62%)
14131904,2025-09-20,Liga Portugal Betclic,Liga Portugal 25/26,6.0,Away,AVS - Futebol SAD,AVS - Futebol SAD,Benfica,2ND,Duels,Dispossessed,6,6,6,6
14131904,2025-09-20,Liga Portugal Betclic,Liga Portugal 25/26,6.0,Away,AVS - Futebol SAD,AVS - Futebol SAD,Benfica,2ND,Duels,Dribbles,3/8 (38%),5/8 (63%),5/8 (63%),3/8 (38%)
14131904,2025-09-20,Liga Portugal Betclic,Liga Portugal 25/26,6.0,Away,AVS - Futebol SAD,AVS - Futebol SAD,Benfica,2ND,Duels,Duels,52%,48%,48%,52%
14131904,2025-09-20,Liga Portugal Betclic,Liga Portugal 25/26,6.0,Away,AVS - Futebol SAD,AVS - Futebol SAD,Benfica,2ND,Duels,Ground duels,20/41 (49%),21/41 (51%),21/41 (51%),20/41 (49%)
14131904,2025-09-20,Liga Portugal Betclic,Liga Portugal 25/26,6.0,Away,AVS - Futebol SAD,AVS - Futebol SAD,Benfica,2ND,Goalkeeping,Goal kicks,4,2,2,4
14131904,2025-09-20,Liga Portugal Betclic,Liga Portugal 25/26,6.0,Away,AVS - Futebol SAD,AVS - Futebol SAD,Benfica,2ND,Goalkeeping,Total saves,1,2,2,1
14131904,2025-09-20,Liga Portugal Betclic,Liga Portugal 25/26,6.0,Away,AVS - Futebol SAD,AVS - Futebol SAD,Benfica,2ND,Match overview,Ball possession,62%,38%,38%,62%
14131904,2025-09-20,Liga Portugal Betclic,Liga Portugal 25/26,6.0,Away,AVS - Futebol SAD,AVS - Futebol SAD,Benfica,2ND,Match overview,Big chances,3,1,1,3
14131904,2025-09-20,Liga Portugal Betclic,Liga Portugal 25/26,6.0,Away,AVS - Futebol SAD,AVS - Futebol SAD,Benfica,2ND,Match overview,Corner kicks,0,0,0,0
14131904,2025-09-20,Liga Portugal Betclic,Liga Portugal 25/26,6.0,Away,AVS - Futebol SAD,AVS - Futebol SAD,Benfica,2ND,Match overview,Expected goals,1.47,0.61,0.61,1.47
14131904,2025-09-20,Liga Portugal Betclic,Liga Portugal 25/26,6.0,Away,AVS - Futebol SAD,AVS - Futebol SAD,Benfica,2ND,Match overview,Free kicks,7,7,7,7
14131904,2025-09-20,Liga Portugal Betclic,Liga Portugal 25/26,6.0,Away,AVS - Futebol SAD,AVS - Futebol SAD,Benfica,2ND,Match overview,Goalkeeper saves,1,2,2,1
14131904,2025-09-20,Liga Portugal Betclic,Liga Portugal 25/26,6.0,Away,AVS - Futebol SAD,AVS - Futebol SAD,Benfica,2ND,Match overview,Passes,302,179,179,302
14131904,2025-09-20,Liga Portugal Betclic,Liga Portugal 25/26,6.0,Away,AVS - Futebol SAD,AVS - Futebol SAD,Benfica,2ND,Match overview,Tackles,9,11,11,9
14131904,2025-09-20,Liga Portugal Betclic,Liga Portugal 25/26,6.0,Away,AVS - Futebol SAD,AVS - Futebol SAD,Benfica,2ND,Match overview,Total shots,10,3,3,10
14131904,2025-09-20,Liga Portugal Betclic,Liga Portugal 25/26,6.0,Away,AVS - Futebol SAD,AVS - Futebol SAD,Benfica,2ND,Match overview,Yellow cards,0,0,0,0
14131904,2025-09-20,Liga Portugal Betclic,Liga Portugal 25/26,6.0,Away,AVS - Futebol SAD,AVS - Futebol SAD,Benfica,2ND,Passes,Accurate passes,276,152,152,276
14131904,2025-09-20,Liga Portugal Betclic,Liga Portugal 25/26,6.0,Away,AVS - Futebol SAD,AVS - Futebol SAD,Benfica,2ND,Passes,Crosses,2/4 (50%),4/5 (80%),4/5 (80%),2/4 (50%)
14131904,2025-09-20,Liga Portugal Betclic,Liga Portugal 25/26,6.0,Away,AVS - Futebol SAD,AVS - Futebol SAD,Benfica,2ND,Passes,Final third entries,31,17,17,31
14131904,2025-09-20,Liga Portugal Betclic,Liga Portugal 25/26,6.0,Away,AVS - Futebol SAD,AVS - Futebol SAD,Benfica,2ND,Passes,Long balls,18/26 (69%),10/21 (48%),10/21 (48%),18/26 (69%)
14131904,2025-09-20,Liga Portugal Betclic,Liga Portugal 25/26,6.0,Away,AVS - Futebol SAD,AVS - Futebol SAD,Benfica,2ND,Passes,Throw-ins,8,3,3,8
14131904,2025-09-20,Liga Portugal Betclic,Liga Portugal 25/26,6.0,Away,AVS - Futebol SAD,AVS - Futebol SAD,Benfica,2ND,Shots,Blocked shots,4,0,0,4
14131904,2025-09-20,Liga Portugal Betclic,Liga Portugal 25/26,6.0,Away,AVS - Futebol SAD,AVS - Futebol SAD,Benfica,2ND,Shots,Hit woodwork,0,0,0,0
14131904,2025-09-20,Liga Portugal Betclic,Liga Portugal 25/26,6.0,Away,AVS - Futebol SAD,AVS - Futebol SAD,Benfica,2ND,Shots,Shots inside box,7,3,3,7
14131904,2025-09-20,Liga Portugal Betclic,Liga Portugal 25/26,6.0,Away,AVS - Futebol SAD,AVS - Futebol SAD,Benfica,2ND,Shots,Shots off target,2,2,2,2
14131904,2025-09-20,Liga Portugal Betclic,Liga Portugal 25/26,6.0,Away,AVS - Futebol SAD,AVS - Futebol SAD,Benfica,2ND,Shots,Shots on target,4,1,1,4
14131904,2025-09-20,Liga Portugal Betclic,Liga Portugal 25/26,6.0,Away,AVS - Futebol SAD,AVS - Futebol SAD,Benfica,2ND,Shots,Shots outside box,3,0,0,3
14131904,2025-09-20,Liga Portugal Betclic,Liga Portugal 25/26,6.0,Away,AVS - Futebol SAD,AVS - Futebol SAD,Benfica,2ND,Shots,Total shots,10,3,3,10
14131904,2025-09-20,Liga Portugal Betclic,Liga Portugal 25/26,6.0,Away,AVS - Futebol SAD,AVS - Futebol SAD,Benfica,ALL,Attack,Big chances missed,2,1,1,2
14131904,2025-09-20,Liga Portugal Betclic,Liga Portugal 25/26,6.0,Away,AVS - Futebol SAD,AVS - Futebol SAD,Benfica,ALL,Attack,Big chances scored,3,0,0,3
14131904,2025-09-20,Liga Portugal Betclic,Liga Portugal 25/26,6.0,Away,AVS - Futebol SAD,AVS - Futebol SAD,Benfica,ALL,Attack,Fouled in final third,5,1,1,5
14131904,2025-09-20,Liga Portugal Betclic,Liga Portugal 25/26,6.0,Away,AVS - Futebol SAD,AVS - Futebol SAD,Benfica,ALL,Attack,Offsides,3,0,0,3
14131904,2025-09-20,Liga Portugal Betclic,Liga Portugal 25/26,6.0,Away,AVS - Futebol SAD,AVS - Futebol SAD,Benfica,ALL,Attack,Through balls,2,0,0,2
14131904,2025-09-20,Liga Portugal Betclic,Liga Portugal 25/26,6.0,Away,AVS - Futebol SAD,AVS - Futebol SAD,Benfica,ALL,Attack,Touches in penalty area,44,16,16,44
14131904,2025-09-20,Liga Portugal Betclic,Liga Portugal 25/26,6.0,Away,AVS - Futebol SAD,AVS - Futebol SAD,Benfica,ALL,Defending,Clearances,29,18,18,29
14131904,2025-09-20,Liga Portugal Betclic,Liga Portugal 25/26,6.0,Away,AVS - Futebol SAD,AVS - Futebol SAD,Benfica,ALL,Defending,Interceptions,10,5,5,10
14131904,2025-09-20,Liga Portugal Betclic,Liga Portugal 25/26,6.0,Away,AVS - Futebol SAD,AVS - Futebol SAD,Benfica,ALL,Defending,Recoveries,49,44,44,49
14131904,2025-09-20,Liga Portugal Betclic,Liga Portugal 25/26,6.0,Away,AVS - Futebol SAD,AVS - Futebol SAD,Benfica,ALL,Defending,Tackles won,30%,52%,52%,30%
14131904,2025-09-20,Liga Portugal Betclic,Liga Portugal 25/26,6.0,Away,AVS - Futebol SAD,AVS - Futebol SAD,Benfica,ALL,Defending,Total tackles,20,25,25,20
14131904,2025-09-20,Liga Portugal Betclic,Liga Portugal 25/26,6.0,Away,AVS - Futebol SAD,AVS - Futebol SAD,Benfica,ALL,Duels,Aerial duels,23/43 (53%),20/43 (47%),20/43 (47%),23/43 (53%)
14131904,2025-09-20,Liga Portugal Betclic,Liga Portugal 25/26,6.0,Away,AVS - Futebol SAD,AVS - Futebol SAD,Benfica,ALL,Duels,Dispossessed,12,10,10,12
14131904,2025-09-20,Liga Portugal Betclic,Liga Portugal 25/26,6.0,Away,AVS - Futebol SAD,AVS - Futebol SAD,Benfica,ALL,Duels,Dribbles,6/19 (32%),15/25 (60%),15/25 (60%),6/19 (32%)
14131904,2025-09-20,Liga Portugal Betclic,Liga Portugal 25/26,6.0,Away,AVS - Futebol SAD,AVS - Futebol SAD,Benfica,ALL,Duels,Duels,49%,51%,51%,49%
14131904,2025-09-20,Liga Portugal Betclic,Liga Portugal 25/26,6.0,Away,AVS - Futebol SAD,AVS - Futebol SAD,Benfica,ALL,Duels,Ground duels,43/92 (47%),49/92 (53%),49/92 (53%),43/92 (47%)
14131904,2025-09-20,Liga Portugal Betclic,Liga Portugal 25/26,6.0,Away,AVS - Futebol SAD,AVS - Futebol SAD,Benfica,ALL,Goalkeeping,Goal kicks,9,8,8,9
14131904,2025-09-20,Liga Portugal Betclic,Liga Portugal 25/26,6.0,Away,AVS - Futebol SAD,AVS - Futebol SAD,Benfica,ALL,Goalkeeping,Goals prevented,0.10,-0.71,-0.71,0.10
14131904,2025-09-20,Liga Portugal Betclic,Liga Portugal 25/26,6.0,Away,AVS - Futebol SAD,AVS - Futebol SAD,Benfica,ALL,Goalkeeping,Punches,1,0,0,1
14131904,2025-09-20,Liga Portugal Betclic,Liga Portugal 25/26,6.0,Away,AVS - Futebol SAD,AVS - Futebol SAD,Benfica,ALL,Goalkeeping,Total saves,1,2,2,1
14131904,2025-09-20,Liga Portugal Betclic,Liga Portugal 25/26,6.0,Away,AVS - Futebol SAD,AVS - Futebol SAD,Benfica,ALL,Match overview,Ball possession,63%,37%,37%,63%
14131904,2025-09-20,Liga Portugal Betclic,Liga Portugal 25/26,6.0,Away,AVS - Futebol SAD,AVS - Futebol SAD,Benfica,ALL,Match overview,Big chances,5,1,1,5
14131904,2025-09-20,Liga Portugal Betclic,Liga Portugal 25/26,6.0,Away,AVS - Futebol SAD,AVS - Futebol SAD,Benfica,ALL,Match overview,Corner kicks,1,2,2,1
14131904,2025-09-20,Liga Portugal Betclic,Liga Portugal 25/26,6.0,Away,AVS - Futebol SAD,AVS - Futebol SAD,Benfica,ALL,Match overview,Distance covered,58.5 km,60.0 km,60.0 km,58.5 km
14131904,2025-09-20,Liga Portugal Betclic,Liga Portugal 25/26,6.0,Away,AVS - Futebol SAD,AVS - Futebol SAD,Benfica,ALL,Match overview,Expected goals,2.40,0.88,0.88,2.40
14131904,2025-09-20,Liga Portugal Betclic,Liga Portugal 25/26,6.0,Away,AVS - Futebol SAD,AVS - Futebol SAD,Benfica,ALL,Match overview,Fouls,11,17,17,11
14131904,2025-09-20,Liga Portugal Betclic,Liga Portugal 25/26,6.0,Away,AVS - Futebol SAD,AVS - Futebol SAD,Benfica,ALL,Match overview,Free kicks,16,11,11,16
14131904,2025-09-20,Liga Portugal Betclic,Liga Portugal 25/26,6.0,Away,AVS - Futebol SAD,AVS - Futebol SAD,Benfica,ALL,Match overview,Goalkeeper saves,1,2,2,1
14131904,2025-09-20,Liga Portugal Betclic,Liga Portugal 25/26,6.0,Away,AVS - Futebol SAD,AVS - Futebol SAD,Benfica,ALL,Match overview,Number of sprints,85,91,91,85
14131904,2025-09-20,Liga Portugal Betclic,Liga Portugal 25/26,6.0,Away,AVS - Futebol SAD,AVS - Futebol SAD,Benfica,ALL,Match overview,Passes,530,303,303,530
14131904,2025-09-20,Liga Portugal Betclic,Liga Portugal 25/26,6.0,Away,AVS - Futebol SAD,AVS - Futebol SAD,Benfica,ALL,Match overview,Tackles,20,25,25,20
14131904,2025-09-20,Liga Portugal Betclic,Liga Portugal 25/26,6.0,Away,AVS - Futebol SAD,AVS - Futebol SAD,Benfica,ALL,Match overview,Total shots,19,8,8,19
14131904,2025-09-20,Liga Portugal Betclic,Liga Portugal 25/26,6.0,Away,AVS - Futebol SAD,AVS - Futebol SAD,Benfica,ALL,Match overview,Yellow cards,1,1,1,1
14131904,2025-09-20,Liga Portugal Betclic,Liga Portugal 25/26,6.0,Away,AVS - Futebol SAD,AVS - Futebol SAD,Benfica,ALL,Passes,Accurate passes,473,234,234,473
14131904,2025-09-20,Liga Portugal Betclic,Liga Portugal 25/26,6.0,Away,AVS - Futebol SAD,AVS - Futebol SAD,Benfica,ALL,Passes,Crosses,4/10 (40%),5/17 (29%),5/17 (29%),4/10 (40%)
14131904,2025-09-20,Liga Portugal Betclic,Liga Portugal 25/26,6.0,Away,AVS - Futebol SAD,AVS - Futebol SAD,Benfica,ALL,Passes,Final third entries,59,42,42,59
14131904,2025-09-20,Liga Portugal Betclic,Liga Portugal 25/26,6.0,Away,AVS - Futebol SAD,AVS - Futebol SAD,Benfica,ALL,Passes,Final third phase,112/143 (78%),47/79 (59%),47/79 (59%),112/143 (78%)
14131904,2025-09-20,Liga Portugal Betclic,Liga Portugal 25/26,6.0,Away,AVS - Futebol SAD,AVS - Futebol SAD,Benfica,ALL,Passes,Long balls,31/52 (60%),25/51 (49%),25/51 (49%),31/52 (60%)
14131904,2025-09-20,Liga Portugal Betclic,Liga Portugal 25/26,6.0,Away,AVS - Futebol SAD,AVS - Futebol SAD,Benfica,ALL,Passes,Throw-ins,17,18,18,17
14131904,2025-09-20,Liga Portugal Betclic,Liga Portugal 25/26,6.0,Away,AVS - Futebol SAD,AVS - Futebol SAD,Benfica,ALL,Shots,Blocked shots,7,2,2,7
14131904,2025-09-20,Liga Portugal Betclic,Liga Portugal 25/26,6.0,Away,AVS - Futebol SAD,AVS - Futebol SAD,Benfica,ALL,Shots,Hit woodwork,0,1,1,0
14131904,2025-09-20,Liga Portugal Betclic,Liga Portugal 25/26,6.0,Away,AVS - Futebol SAD,AVS - Futebol SAD,Benfica,ALL,Shots,Shots inside box,12,6,6,12
14131904,2025-09-20,Liga Portugal Betclic,Liga Portugal 25/26,6.0,Away,AVS - Futebol SAD,AVS - Futebol SAD,Benfica,ALL,Shots,Shots off target,6,5,5,6
14131904,2025-09-20,Liga Portugal Betclic,Liga Portugal 25/26,6.0,Away,AVS - Futebol SAD,AVS - Futebol SAD,Benfica,ALL,Shots,Shots on target,6,1,1,6
14131904,2025-09-20,Liga Portugal Betclic,Liga Portugal 25/26,6.0,Away,AVS - Futebol SAD,AVS - Futebol SAD,Benfica,ALL,Shots,Shots outside box,7,2,2,7
14131904,2025-09-20,Liga Portugal Betclic,Liga Portugal 25/26,6.0,Away,AVS - Futebol SAD,AVS - Futebol SAD,Benfica,ALL,Shots,Total shots,19,8,8,19
14131859,2025-09-23,Liga Portugal Betclic,Liga Portugal 25/26,1.0,Home,Rio Ave,Benfica,Rio Ave,1ST,Attack,Big chances missed,0,0,0,0
14131859,2025-09-23,Liga Portugal Betclic,Liga Portugal 25/26,1.0,Home,Rio Ave,Benfica,Rio Ave,1ST,Attack,Big chances scored,0,0,0,0
14131859,2025-09-23,Liga Portugal Betclic,Liga Portugal 25/26,1.0,Home,Rio Ave,Benfica,Rio Ave,1ST,Attack,Fouled in final third,1,0,1,0
14131859,2025-09-23,Liga Portugal Betclic,Liga Portugal 25/26,1.0,Home,Rio Ave,Benfica,Rio Ave,1ST,Attack,Offsides,0,0,0,0
14131859,2025-09-23,Liga Portugal Betclic,Liga Portugal 25/26,1.0,Home,Rio Ave,Benfica,Rio Ave,1ST,Attack,Through balls,0,0,0,0
14131859,2025-09-23,Liga Portugal Betclic,Liga Portugal 25/26,1.0,Home,Rio Ave,Benfica,Rio Ave,1ST,Defending,Clearances,4,28,4,28
14131859,2025-09-23,Liga Portugal Betclic,Liga Portugal 25/26,1.0,Home,Rio Ave,Benfica,Rio Ave,1ST,Defending,Interceptions,4,3,4,3
14131859,2025-09-23,Liga Portugal Betclic,Liga Portugal 25/26,1.0,Home,Rio Ave,Benfica,Rio Ave,1ST,Defending,Recoveries,25,25,25,25
14131859,2025-09-23,Liga Portugal Betclic,Liga Portugal 25/26,1.0,Home,Rio Ave,Benfica,Rio Ave,1ST,Defending,Tackles won,64%,57%,64%,57%
14131859,2025-09-23,Liga Portugal Betclic,Liga Portugal 25/26,1.0,Home,Rio Ave,Benfica,Rio Ave,1ST,Defending,Total tackles,11,14,11,14
14131859,2025-09-23,Liga Portugal Betclic,Liga Portugal 25/26,1.0,Home,Rio Ave,Benfica,Rio Ave,1ST,Duels,Aerial duels,9/12 (75%),3/12 (25%),9/12 (75%),3/12 (25%)
14131859,2025-09-23,Liga Portugal Betclic,Liga Portugal 25/26,1.0,Home,Rio Ave,Benfica,Rio Ave,1ST,Duels,Dispossessed,9,5,9,5
14131859,2025-09-23,Liga Portugal Betclic,Liga Portugal 25/26,1.0,Home,Rio Ave,Benfica,Rio Ave,1ST,Duels,Dribbles,6/11 (55%),4/10 (40%),6/11 (55%),4/10 (40%)
14131859,2025-09-23,Liga Portugal Betclic,Liga Portugal 25/26,1.0,Home,Rio Ave,Benfica,Rio Ave,1ST,Duels,Duels,55%,45%,55%,45%
14131859,2025-09-23,Liga Portugal Betclic,Liga Portugal 25/26,1.0,Home,Rio Ave,Benfica,Rio Ave,1ST,Duels,Ground duels,25/50 (50%),25/50 (50%),25/50 (50%),25/50 (50%)
14131859,2025-09-23,Liga Portugal Betclic,Liga Portugal 25/26,1.0,Home,Rio Ave,Benfica,Rio Ave,1ST,Goalkeeping,Goal kicks,1,5,1,5
14131859,2025-09-23,Liga Portugal Betclic,Liga Portugal 25/26,1.0,Home,Rio Ave,Benfica,Rio Ave,1ST,Goalkeeping,Total saves,1,2,1,2
14131859,2025-09-23,Liga Portugal Betclic,Liga Portugal 25/26,1.0,Home,Rio Ave,Benfica,Rio Ave,1ST,Match overview,Ball possession,69%,31%,69%,31%
14131859,2025-09-23,Liga Portugal Betclic,Liga Portugal 25/26,1.0,Home,Rio Ave,Benfica,Rio Ave,1ST,Match overview,Big chances,0,0,0,0
14131859,2025-09-23,Liga Portugal Betclic,Liga Portugal 25/26,1.0,Home,Rio Ave,Benfica,Rio Ave,1ST,Match overview,Corner kicks,5,1,5,1
14131859,2025-09-23,Liga Portugal Betclic,Liga Portugal 25/26,1.0,Home,Rio Ave,Benfica,Rio Ave,1ST,Match overview,Expected goals,0.37,0.13,0.37,0.13
14131859,2025-09-23,Liga Portugal Betclic,Liga Portugal 25/26,1.0,Home,Rio Ave,Benfica,Rio Ave,1ST,Match overview,Free kicks,8,8,8,8
14131859,2025-09-23,Liga Portugal Betclic,Liga Portugal 25/26,1.0,Home,Rio Ave,Benfica,Rio Ave,1ST,Match overview,Goalkeeper saves,1,2,1,2
14131859,2025-09-23,Liga Portugal Betclic,Liga Portugal 25/26,1.0,Home,Rio Ave,Benfica,Rio Ave,1ST,Match overview,Passes,332,147,332,147
14131859,2025-09-23,Liga Portugal Betclic,Liga Portugal 25/26,1.0,Home,Rio Ave,Benfica,Rio Ave,1ST,Match overview,Tackles,11,14,11,14
14131859,2025-09-23,Liga Portugal Betclic,Liga Portugal 25/26,1.0,Home,Rio Ave,Benfica,Rio Ave,1ST,Match overview,Total shots,7,3,7,3
14131859,2025-09-23,Liga Portugal Betclic,Liga Portugal 25/26,1.0,Home,Rio Ave,Benfica,Rio Ave,1ST,Match overview,Yellow cards,1,0,1,0
14131859,2025-09-23,Liga Portugal Betclic,Liga Portugal 25/26,1.0,Home,Rio Ave,Benfica,Rio Ave,1ST,Passes,Accurate passes,293,111,293,111
14131859,2025-09-23,Liga Portugal Betclic,Liga Portugal 25/26,1.0,Home,Rio Ave,Benfica,Rio Ave,1ST,Passes,Crosses,4/12 (33%),1/2 (50%),4/12 (33%),1/2 (50%)
14131859,2025-09-23,Liga Portugal Betclic,Liga Portugal 25/26,1.0,Home,Rio Ave,Benfica,Rio Ave,1ST,Passes,Final third entries,41,7,41,7
14131859,2025-09-23,Liga Portugal Betclic,Liga Portugal 25/26,1.0,Home,Rio Ave,Benfica,Rio Ave,1ST,Passes,Long balls,14/17 (82%),8/27 (30%),14/17 (82%),8/27 (30%)
14131859,2025-09-23,Liga Portugal Betclic,Liga Portugal 25/26,1.0,Home,Rio Ave,Benfica,Rio Ave,1ST,Passes,Throw-ins,22,6,22,6
14131859,2025-09-23,Liga Portugal Betclic,Liga Portugal 25/26,1.0,Home,Rio Ave,Benfica,Rio Ave,1ST,Shots,Blocked shots,2,1,2,1
14131859,2025-09-23,Liga Portugal Betclic,Liga Portugal 25/26,1.0,Home,Rio Ave,Benfica,Rio Ave,1ST,Shots,Hit woodwork,0,0,0,0
14131859,2025-09-23,Liga Portugal Betclic,Liga Portugal 25/26,1.0,Home,Rio Ave,Benfica,Rio Ave,1ST,Shots,Shots inside box,5,2,5,2
14131859,2025-09-23,Liga Portugal Betclic,Liga Portugal 25/26,1.0,Home,Rio Ave,Benfica,Rio Ave,1ST,Shots,Shots off target,3,1,3,1
14131859,2025-09-23,Liga Portugal Betclic,Liga Portugal 25/26,1.0,Home,Rio Ave,Benfica,Rio Ave,1ST,Shots,Shots on target,2,1,2,1
14131859,2025-09-23,Liga Portugal Betclic,Liga Portugal 25/26,1.0,Home,Rio Ave,Benfica,Rio Ave,1ST,Shots,Shots outside box,2,1,2,1
14131859,2025-09-23,Liga Portugal Betclic,Liga Portugal 25/26,1.0,Home,Rio Ave,Benfica,Rio Ave,1ST,Shots,Total shots,7,3,7,3
14131859,2025-09-23,Liga Portugal Betclic,Liga Portugal 25/26,1.0,Home,Rio Ave,Benfica,Rio Ave,2ND,Attack,Big chances missed,3,0,3,0
14131859,2025-09-23,Liga Portugal Betclic,Liga Portugal 25/26,1.0,Home,Rio Ave,Benfica,Rio Ave,2ND,Attack,Big chances scored,1,0,1,0
14131859,2025-09-23,Liga Portugal Betclic,Liga Portugal 25/26,1.0,Home,Rio Ave,Benfica,Rio Ave,2ND,Attack,Fouled in final third,4,1,4,1
14131859,2025-09-23,Liga Portugal Betclic,Liga Portugal 25/26,1.0,Home,Rio Ave,Benfica,Rio Ave,2ND,Attack,Offsides,2,0,2,0
14131859,2025-09-23,Liga Portugal Betclic,Liga Portugal 25/26,1.0,Home,Rio Ave,Benfica,Rio Ave,2ND,Attack,Through balls,1,0,1,0
14131859,2025-09-23,Liga Portugal Betclic,Liga Portugal 25/26,1.0,Home,Rio Ave,Benfica,Rio Ave,2ND,Defending,Clearances,4,38,4,38
14131859,2025-09-23,Liga Portugal Betclic,Liga Portugal 25/26,1.0,Home,Rio Ave,Benfica,Rio Ave,2ND,Defending,Interceptions,5,6,5,6
14131859,2025-09-23,Liga Portugal Betclic,Liga Portugal 25/26,1.0,Home,Rio Ave,Benfica,Rio Ave,2ND,Defending,Recoveries,24,21,24,21
14131859,2025-09-23,Liga Portugal Betclic,Liga Portugal 25/26,1.0,Home,Rio Ave,Benfica,Rio Ave,2ND,Defending,Tackles won,50%,90%,50%,90%
14131859,2025-09-23,Liga Portugal Betclic,Liga Portugal 25/26,1.0,Home,Rio Ave,Benfica,Rio Ave,2ND,Defending,Total tackles,14,10,14,10
14131859,2025-09-23,Liga Portugal Betclic,Liga Portugal 25/26,1.0,Home,Rio Ave,Benfica,Rio Ave,2ND,Duels,Aerial duels,4/18 (22%),14/18 (78%),4/18 (22%),14/18 (78%)
14131859,2025-09-23,Liga Portugal Betclic,Liga Portugal 25/26,1.0,Home,Rio Ave,Benfica,Rio Ave,2ND,Duels,Dispossessed,5,3,5,3
14131859,2025-09-23,Liga Portugal Betclic,Liga Portugal 25/26,1.0,Home,Rio Ave,Benfica,Rio Ave,2ND,Duels,Dribbles,5/10 (50%),5/16 (31%),5/10 (50%),5/16 (31%)
14131859,2025-09-23,Liga Portugal Betclic,Liga Portugal 25/26,1.0,Home,Rio Ave,Benfica,Rio Ave,2ND,Duels,Duels,47%,53%,47%,53%
14131859,2025-09-23,Liga Portugal Betclic,Liga Portugal 25/26,1.0,Home,Rio Ave,Benfica,Rio Ave,2ND,Duels,Ground duels,27/48 (56%),21/48 (44%),27/48 (56%),21/48 (44%)
14131859,2025-09-23,Liga Portugal Betclic,Liga Portugal 25/26,1.0,Home,Rio Ave,Benfica,Rio Ave,2ND,Goalkeeping,Goal kicks,3,5,3,5
14131859,2025-09-23,Liga Portugal Betclic,Liga Portugal 25/26,1.0,Home,Rio Ave,Benfica,Rio Ave,2ND,Goalkeeping,Total saves,0,4,0,4
14131859,2025-09-23,Liga Portugal Betclic,Liga Portugal 25/26,1.0,Home,Rio Ave,Benfica,Rio Ave,2ND,Match overview,Ball possession,68%,32%,68%,32%
14131859,2025-09-23,Liga Portugal Betclic,Liga Portugal 25/26,1.0,Home,Rio Ave,Benfica,Rio Ave,2ND,Match overview,Big chances,4,0,4,0
14131859,2025-09-23,Liga Portugal Betclic,Liga Portugal 25/26,1.0,Home,Rio Ave,Benfica,Rio Ave,2ND,Match overview,Corner kicks,6,1,6,1
14131859,2025-09-23,Liga Portugal Betclic,Liga Portugal 25/26,1.0,Home,Rio Ave,Benfica,Rio Ave,2ND,Match overview,Expected goals,2.20,0.03,2.20,0.03
14131859,2025-09-23,Liga Portugal Betclic,Liga Portugal 25/26,1.0,Home,Rio Ave,Benfica,Rio Ave,2ND,Match overview,Free kicks,9,8,9,8
14131859,2025-09-23,Liga Portugal Betclic,Liga Portugal 25/26,1.0,Home,Rio Ave,Benfica,Rio Ave,2ND,Match overview,Goalkeeper saves,0,4,0,4
14131859,2025-09-23,Liga Portugal Betclic,Liga Portugal 25/26,1.0,Home,Rio Ave,Benfica,Rio Ave,2ND,Match overview,Passes,220,112,220,112
14131859,2025-09-23,Liga Portugal Betclic,Liga Portugal 25/26,1.0,Home,Rio Ave,Benfica,Rio Ave,2ND,Match overview,Tackles,14,10,14,10
14131859,2025-09-23,Liga Portugal Betclic,Liga Portugal 25/26,1.0,Home,Rio Ave,Benfica,Rio Ave,2ND,Match overview,Total shots,12,1,12,1
14131859,2025-09-23,Liga Portugal Betclic,Liga Portugal 25/26,1.0,Home,Rio Ave,Benfica,Rio Ave,2ND,Match overview,Yellow cards,2,3,2,3
14131859,2025-09-23,Liga Portugal Betclic,Liga Portugal 25/26,1.0,Home,Rio Ave,Benfica,Rio Ave,2ND,Passes,Accurate passes,187,76,187,76
14131859,2025-09-23,Liga Portugal Betclic,Liga Portugal 25/26,1.0,Home,Rio Ave,Benfica,Rio Ave,2ND,Passes,Crosses,4/26 (15%),2/4 (50%),4/26 (15%),2/4 (50%)
14131859,2025-09-23,Liga Portugal Betclic,Liga Portugal 25/26,1.0,Home,Rio Ave,Benfica,Rio Ave,2ND,Passes,Final third entries,33,22,33,22
14131859,2025-09-23,Liga Portugal Betclic,Liga Portugal 25/26,1.0,Home,Rio Ave,Benfica,Rio Ave,2ND,Passes,Long balls,10/15 (67%),12/26 (46%),10/15 (67%),12/26 (46%)
14131859,2025-09-23,Liga Portugal Betclic,Liga Portugal 25/26,1.0,Home,Rio Ave,Benfica,Rio Ave,2ND,Passes,Throw-ins,9,9,9,9
14131859,2025-09-23,Liga Portugal Betclic,Liga Portugal 25/26,1.0,Home,Rio Ave,Benfica,Rio Ave,2ND,Shots,Blocked shots,4,0,4,0
14131859,2025-09-23,Liga Portugal Betclic,Liga Portugal 25/26,1.0,Home,Rio Ave,Benfica,Rio Ave,2ND,Shots,Hit woodwork,0,0,0,0
14131859,2025-09-23,Liga Portugal Betclic,Liga Portugal 25/26,1.0,Home,Rio Ave,Benfica,Rio Ave,2ND,Shots,Shots inside box,10,1,10,1
14131859,2025-09-23,Liga Portugal Betclic,Liga Portugal 25/26,1.0,Home,Rio Ave,Benfica,Rio Ave,2ND,Shots,Shots off target,3,0,3,0
14131859,2025-09-23,Liga Portugal Betclic,Liga Portugal 25/26,1.0,Home,Rio Ave,Benfica,Rio Ave,2ND,Shots,Shots on target,5,1,5,1
14131859,2025-09-23,Liga Portugal Betclic,Liga Portugal 25/26,1.0,Home,Rio Ave,Benfica,Rio Ave,2ND,Shots,Shots outside box,2,0,2,0
14131859,2025-09-23,Liga Portugal Betclic,Liga Portugal 25/26,1.0,Home,Rio Ave,Benfica,Rio Ave,2ND,Shots,Total shots,12,1,12,1
14131859,2025-09-23,Liga Portugal Betclic,Liga Portugal 25/26,1.0,Home,Rio Ave,Benfica,Rio Ave,ALL,Attack,Big chances missed,3,0,3,0
14131859,2025-09-23,Liga Portugal Betclic,Liga Portugal 25/26,1.0,Home,Rio Ave,Benfica,Rio Ave,ALL,Attack,Big chances scored,1,0,1,0
14131859,2025-09-23,Liga Portugal Betclic,Liga Portugal 25/26,1.0,Home,Rio Ave,Benfica,Rio Ave,ALL,Attack,Fouled in final third,5,1,5,1
14131859,2025-09-23,Liga Portugal Betclic,Liga Portugal 25/26,1.0,Home,Rio Ave,Benfica,Rio Ave,ALL,Attack,Offsides,2,0,2,0
14131859,2025-09-23,Liga Portugal Betclic,Liga Portugal 25/26,1.0,Home,Rio Ave,Benfica,Rio Ave,ALL,Attack,Through balls,1,0,1,0
14131859,2025-09-23,Liga Portugal Betclic,Liga Portugal 25/26,1.0,Home,Rio Ave,Benfica,Rio Ave,ALL,Attack,Touches in penalty area,53,13,53,13
14131859,2025-09-23,Liga Portugal Betclic,Liga Portugal 25/26,1.0,Home,Rio Ave,Benfica,Rio Ave,ALL,Defending,Clearances,8,66,8,66
14131859,2025-09-23,Liga Portugal Betclic,Liga Portugal 25/26,1.0,Home,Rio Ave,Benfica,Rio Ave,ALL,Defending,Interceptions,9,9,9,9
14131859,2025-09-23,Liga Portugal Betclic,Liga Portugal 25/26,1.0,Home,Rio Ave,Benfica,Rio Ave,ALL,Defending,Recoveries,49,46,49,46
14131859,2025-09-23,Liga Portugal Betclic,Liga Portugal 25/26,1.0,Home,Rio Ave,Benfica,Rio Ave,ALL,Defending,Tackles won,56%,71%,56%,71%
14131859,2025-09-23,Liga Portugal Betclic,Liga Portugal 25/26,1.0,Home,Rio Ave,Benfica,Rio Ave,ALL,Defending,Total tackles,25,24,25,24
14131859,2025-09-23,Liga Portugal Betclic,Liga Portugal 25/26,1.0,Home,Rio Ave,Benfica,Rio Ave,ALL,Duels,Aerial duels,13/30 (43%),17/30 (57%),13/30 (43%),17/30 (57%)
14131859,2025-09-23,Liga Portugal Betclic,Liga Portugal 25/26,1.0,Home,Rio Ave,Benfica,Rio Ave,ALL,Duels,Dispossessed,14,8,14,8
14131859,2025-09-23,Liga Portugal Betclic,Liga Portugal 25/26,1.0,Home,Rio Ave,Benfica,Rio Ave,ALL,Duels,Dribbles,11/21 (52%),9/26 (35%),11/21 (52%),9/26 (35%)
14131859,2025-09-23,Liga Portugal Betclic,Liga Portugal 25/26,1.0,Home,Rio Ave,Benfica,Rio Ave,ALL,Duels,Duels,51%,49%,51%,49%
14131859,2025-09-23,Liga Portugal Betclic,Liga Portugal 25/26,1.0,Home,Rio Ave,Benfica,Rio Ave,ALL,Duels,Ground duels,52/98 (53%),46/98 (47%),52/98 (53%),46/98 (47%)
14131859,2025-09-23,Liga Portugal Betclic,Liga Portugal 25/26,1.0,Home,Rio Ave,Benfica,Rio Ave,ALL,Goalkeeping,Goal kicks,4,10,4,10
14131859,2025-09-23,Liga Portugal Betclic,Liga Portugal 25/26,1.0,Home,Rio Ave,Benfica,Rio Ave,ALL,Goalkeeping,Goals prevented,-0.11,1.27,-0.11,1.27
14131859,2025-09-23,Liga Portugal Betclic,Liga Portugal 25/26,1.0,Home,Rio Ave,Benfica,Rio Ave,ALL,Goalkeeping,Punches,0,1,0,1
14131859,2025-09-23,Liga Portugal Betclic,Liga Portugal 25/26,1.0,Home,Rio Ave,Benfica,Rio Ave,ALL,Goalkeeping,Total saves,1,6,1,6
14131859,2025-09-23,Liga Portugal Betclic,Liga Portugal 25/26,1.0,Home,Rio Ave,Benfica,Rio Ave,ALL,Match overview,Ball possession,69%,31%,69%,31%
14131859,2025-09-23,Liga Portugal Betclic,Liga Portugal 25/26,1.0,Home,Rio Ave,Benfica,Rio Ave,ALL,Match overview,Big chances,4,0,4,0
14131859,2025-09-23,Liga Portugal Betclic,Liga Portugal 25/26,1.0,Home,Rio Ave,Benfica,Rio Ave,ALL,Match overview,Corner kicks,11,2,11,2
14131859,2025-09-23,Liga Portugal Betclic,Liga Portugal 25/26,1.0,Home,Rio Ave,Benfica,Rio Ave,ALL,Match overview,Distance covered,96.1 km,89.5 km,96.1 km,89.5 km
14131859,2025-09-23,Liga Portugal Betclic,Liga Portugal 25/26,1.0,Home,Rio Ave,Benfica,Rio Ave,ALL,Match overview,Expected goals,2.57,0.16,2.57,0.16
14131859,2025-09-23,Liga Portugal Betclic,Liga Portugal 25/26,1.0,Home,Rio Ave,Benfica,Rio Ave,ALL,Match overview,Fouls,16,17,16,17
14131859,2025-09-23,Liga Portugal Betclic,Liga Portugal 25/26,1.0,Home,Rio Ave,Benfica,Rio Ave,ALL,Match overview,Free kicks,17,16,17,16
14131859,2025-09-23,Liga Portugal Betclic,Liga Portugal 25/26,1.0,Home,Rio Ave,Benfica,Rio Ave,ALL,Match overview,Goalkeeper saves,1,6,1,6
14131859,2025-09-23,Liga Portugal Betclic,Liga Portugal 25/26,1.0,Home,Rio Ave,Benfica,Rio Ave,ALL,Match overview,Number of sprints,117,69,117,69
14131859,2025-09-23,Liga Portugal Betclic,Liga Portugal 25/26,1.0,Home,Rio Ave,Benfica,Rio Ave,ALL,Match overview,Passes,552,259,552,259
14131859,2025-09-23,Liga Portugal Betclic,Liga Portugal 25/26,1.0,Home,Rio Ave,Benfica,Rio Ave,ALL,Match overview,Tackles,25,24,25,24
14131859,2025-09-23,Liga Portugal Betclic,Liga Portugal 25/26,1.0,Home,Rio Ave,Benfica,Rio Ave,ALL,Match overview,Total shots,19,4,19,4
14131859,2025-09-23,Liga Portugal Betclic,Liga Portugal 25/26,1.0,Home,Rio Ave,Benfica,Rio Ave,ALL,Match overview,Yellow cards,3,3,3,3
14131859,2025-09-23,Liga Portugal Betclic,Liga Portugal 25/26,1.0,Home,Rio Ave,Benfica,Rio Ave,ALL,Passes,Accurate passes,480,187,480,187
14131859,2025-09-23,Liga Portugal Betclic,Liga Portugal 25/26,1.0,Home,Rio Ave,Benfica,Rio Ave,ALL,Passes,Crosses,8/38 (21%),3/6 (50%),8/38 (21%),3/6 (50%)
14131859,2025-09-23,Liga Portugal Betclic,Liga Portugal 25/26,1.0,Home,Rio Ave,Benfica,Rio Ave,ALL,Passes,Final third entries,74,29,74,29
14131859,2025-09-23,Liga Portugal Betclic,Liga Portugal 25/26,1.0,Home,Rio Ave,Benfica,Rio Ave,ALL,Passes,Final third phase,178/226 (79%),28/55 (51%),178/226 (79%),28/55 (51%)
14131859,2025-09-23,Liga Portugal Betclic,Liga Portugal 25/26,1.0,Home,Rio Ave,Benfica,Rio Ave,ALL,Passes,Long balls,24/32 (75%),20/53 (38%),24/32 (75%),20/53 (38%)
14131859,2025-09-23,Liga Portugal Betclic,Liga Portugal 25/26,1.0,Home,Rio Ave,Benfica,Rio Ave,ALL,Passes,Throw-ins,31,15,31,15
14131859,2025-09-23,Liga Portugal Betclic,Liga Portugal 25/26,1.0,Home,Rio Ave,Benfica,Rio Ave,ALL,Shots,Blocked shots,6,1,6,1
14131859,2025-09-23,Liga Portugal Betclic,Liga Portugal 25/26,1.0,Home,Rio Ave,Benfica,Rio Ave,ALL,Shots,Hit woodwork,0,0,0,0
14131859,2025-09-23,Liga Portugal Betclic,Liga Portugal 25/26,1.0,Home,Rio Ave,Benfica,Rio Ave,ALL,Shots,Shots inside box,15,3,15,3
14131859,2025-09-23,Liga Portugal Betclic,Liga Portugal 25/26,1.0,Home,Rio Ave,Benfica,Rio Ave,ALL,Shots,Shots off target,6,1,6,1
14131859,2025-09-23,Liga Portugal Betclic,Liga Portugal 25/26,1.0,Home,Rio Ave,Benfica,Rio Ave,ALL,Shots,Shots on target,7,2,7,2
14131859,2025-09-23,Liga Portugal Betclic,Liga Portugal 25/26,1.0,Home,Rio Ave,Benfica,Rio Ave,ALL,Shots,Shots outside box,4,1,4,1
14131859,2025-09-23,Liga Portugal Betclic,Liga Portugal 25/26,1.0,Home,Rio Ave,Benfica,Rio Ave,ALL,Shots,Total shots,19,4,19,4
14131920,2025-09-26,Liga Portugal Betclic,Liga Portugal 25/26,7.0,Home,Gil Vicente,Benfica,Gil Vicente,1ST,Attack,Big chances missed,0,2,0,2
14131920,2025-09-26,Liga Portugal Betclic,Liga Portugal 25/26,7.0,Home,Gil Vicente,Benfica,Gil Vicente,1ST,Attack,Big chances scored,1,0,1,0
14131920,2025-09-26,Liga Portugal Betclic,Liga Portugal 25/26,7.0,Home,Gil Vicente,Benfica,Gil Vicente,1ST,Attack,Fouled in final third,2,2,2,2
14131920,2025-09-26,Liga Portugal Betclic,Liga Portugal 25/26,7.0,Home,Gil Vicente,Benfica,Gil Vicente,1ST,Attack,Offsides,0,0,0,0
14131920,2025-09-26,Liga Portugal Betclic,Liga Portugal 25/26,7.0,Home,Gil Vicente,Benfica,Gil Vicente,1ST,Attack,Through balls,1,1,1,1
14131920,2025-09-26,Liga Portugal Betclic,Liga Portugal 25/26,7.0,Home,Gil Vicente,Benfica,Gil Vicente,1ST,Defending,Clearances,12,2,12,2
14131920,2025-09-26,Liga Portugal Betclic,Liga Portugal 25/26,7.0,Home,Gil Vicente,Benfica,Gil Vicente,1ST,Defending,Interceptions,3,2,3,2
14131920,2025-09-26,Liga Portugal Betclic,Liga Portugal 25/26,7.0,Home,Gil Vicente,Benfica,Gil Vicente,1ST,Defending,Recoveries,23,26,23,26
14131920,2025-09-26,Liga Portugal Betclic,Liga Portugal 25/26,7.0,Home,Gil Vicente,Benfica,Gil Vicente,1ST,Defending,Tackles won,80%,67%,80%,67%
14131920,2025-09-26,Liga Portugal Betclic,Liga Portugal 25/26,7.0,Home,Gil Vicente,Benfica,Gil Vicente,1ST,Defending,Total tackles,5,12,5,12
14131920,2025-09-26,Liga Portugal Betclic,Liga Portugal 25/26,7.0,Home,Gil Vicente,Benfica,Gil Vicente,1ST,Duels,Aerial duels,14/22 (64%),8/22 (36%),14/22 (64%),8/22 (36%)
14131920,2025-09-26,Liga Portugal Betclic,Liga Portugal 25/26,7.0,Home,Gil Vicente,Benfica,Gil Vicente,1ST,Duels,Dispossessed,8,4,8,4
14131920,2025-09-26,Liga Portugal Betclic,Liga Portugal 25/26,7.0,Home,Gil Vicente,Benfica,Gil Vicente,1ST,Duels,Dribbles,6/10 (60%),8/9 (89%),6/10 (60%),8/9 (89%)
14131920,2025-09-26,Liga Portugal Betclic,Liga Portugal 25/26,7.0,Home,Gil Vicente,Benfica,Gil Vicente,1ST,Duels,Duels,49%,51%,49%,51%
14131920,2025-09-26,Liga Portugal Betclic,Liga Portugal 25/26,7.0,Home,Gil Vicente,Benfica,Gil Vicente,1ST,Duels,Ground duels,19/46 (41%),27/46 (59%),19/46 (41%),27/46 (59%)
14131920,2025-09-26,Liga Portugal Betclic,Liga Portugal 25/26,7.0,Home,Gil Vicente,Benfica,Gil Vicente,1ST,Goalkeeping,Goal kicks,6,6,6,6
14131920,2025-09-26,Liga Portugal Betclic,Liga Portugal 25/26,7.0,Home,Gil Vicente,Benfica,Gil Vicente,1ST,Goalkeeping,Total saves,2,1,2,1
14131920,2025-09-26,Liga Portugal Betclic,Liga Portugal 25/26,7.0,Home,Gil Vicente,Benfica,Gil Vicente,1ST,Match overview,Ball possession,48%,52%,48%,52%
14131920,2025-09-26,Liga Portugal Betclic,Liga Portugal 25/26,7.0,Home,Gil Vicente,Benfica,Gil Vicente,1ST,Match overview,Big chances,1,2,1,2
14131920,2025-09-26,Liga Portugal Betclic,Liga Portugal 25/26,7.0,Home,Gil Vicente,Benfica,Gil Vicente,1ST,Match overview,Corner kicks,0,3,0,3
14131920,2025-09-26,Liga Portugal Betclic,Liga Portugal 25/26,7.0,Home,Gil Vicente,Benfica,Gil Vicente,1ST,Match overview,Expected goals,1.19,0.63,1.19,0.63
14131920,2025-09-26,Liga Portugal Betclic,Liga Portugal 25/26,7.0,Home,Gil Vicente,Benfica,Gil Vicente,1ST,Match overview,Free kicks,8,8,8,8
14131920,2025-09-26,Liga Portugal Betclic,Liga Portugal 25/26,7.0,Home,Gil Vicente,Benfica,Gil Vicente,1ST,Match overview,Goalkeeper saves,2,1,2,1
14131920,2025-09-26,Liga Portugal Betclic,Liga Portugal 25/26,7.0,Home,Gil Vicente,Benfica,Gil Vicente,1ST,Match overview,Passes,184,197,184,197
14131920,2025-09-26,Liga Portugal Betclic,Liga Portugal 25/26,7.0,Home,Gil Vicente,Benfica,Gil Vicente,1ST,Match overview,Red cards,0,0,0,0
14131920,2025-09-26,Liga Portugal Betclic,Liga Portugal 25/26,7.0,Home,Gil Vicente,Benfica,Gil Vicente,1ST,Match overview,Tackles,5,12,5,12
14131920,2025-09-26,Liga Portugal Betclic,Liga Portugal 25/26,7.0,Home,Gil Vicente,Benfica,Gil Vicente,1ST,Match overview,Total shots,7,7,7,7
14131920,2025-09-26,Liga Portugal Betclic,Liga Portugal 25/26,7.0,Home,Gil Vicente,Benfica,Gil Vicente,1ST,Match overview,Yellow cards,0,0,0,0
14131920,2025-09-26,Liga Portugal Betclic,Liga Portugal 25/26,7.0,Home,Gil Vicente,Benfica,Gil Vicente,1ST,Passes,Accurate passes,148,156,148,156
14131920,2025-09-26,Liga Portugal Betclic,Liga Portugal 25/26,7.0,Home,Gil Vicente,Benfica,Gil Vicente,1ST,Passes,Crosses,0/4 (0%),2/8 (25%),0/4 (0%),2/8 (25%)
14131920,2025-09-26,Liga Portugal Betclic,Liga Portugal 25/26,7.0,Home,Gil Vicente,Benfica,Gil Vicente,1ST,Passes,Final third entries,21,30,21,30
14131920,2025-09-26,Liga Portugal Betclic,Liga Portugal 25/26,7.0,Home,Gil Vicente,Benfica,Gil Vicente,1ST,Passes,Long balls,13/30 (43%),15/30 (50%),13/30 (43%),15/30 (50%)
14131920,2025-09-26,Liga Portugal Betclic,Liga Portugal 25/26,7.0,Home,Gil Vicente,Benfica,Gil Vicente,1ST,Passes,Throw-ins,11,9,11,9
14131920,2025-09-26,Liga Portugal Betclic,Liga Portugal 25/26,7.0,Home,Gil Vicente,Benfica,Gil Vicente,1ST,Shots,Blocked shots,0,2,0,2
14131920,2025-09-26,Liga Portugal Betclic,Liga Portugal 25/26,7.0,Home,Gil Vicente,Benfica,Gil Vicente,1ST,Shots,Hit woodwork,0,0,0,0
14131920,2025-09-26,Liga Portugal Betclic,Liga Portugal 25/26,7.0,Home,Gil Vicente,Benfica,Gil Vicente,1ST,Shots,Shots inside box,4,4,4,4
14131920,2025-09-26,Liga Portugal Betclic,Liga Portugal 25/26,7.0,Home,Gil Vicente,Benfica,Gil Vicente,1ST,Shots,Shots off target,4,2,4,2
14131920,2025-09-26,Liga Portugal Betclic,Liga Portugal 25/26,7.0,Home,Gil Vicente,Benfica,Gil Vicente,1ST,Shots,Shots on target,3,3,3,3
14131920,2025-09-26,Liga Portugal Betclic,Liga Portugal 25/26,7.0,Home,Gil Vicente,Benfica,Gil Vicente,1ST,Shots,Shots outside box,3,3,3,3
14131920,2025-09-26,Liga Portugal Betclic,Liga Portugal 25/26,7.0,Home,Gil Vicente,Benfica,Gil Vicente,1ST,Shots,Total shots,7,7,7,7
14131920,2025-09-26,Liga Portugal Betclic,Liga Portugal 25/26,7.0,Home,Gil Vicente,Benfica,Gil Vicente,2ND,Attack,Big chances missed,0,0,0,0
14131920,2025-09-26,Liga Portugal Betclic,Liga Portugal 25/26,7.0,Home,Gil Vicente,Benfica,Gil Vicente,2ND,Attack,Big chances scored,0,0,0,0
14131920,2025-09-26,Liga Portugal Betclic,Liga Portugal 25/26,7.0,Home,Gil Vicente,Benfica,Gil Vicente,2ND,Attack,Fouled in final third,3,2,3,2
14131920,2025-09-26,Liga Portugal Betclic,Liga Portugal 25/26,7.0,Home,Gil Vicente,Benfica,Gil Vicente,2ND,Attack,Offsides,0,2,0,2
14131920,2025-09-26,Liga Portugal Betclic,Liga Portugal 25/26,7.0,Home,Gil Vicente,Benfica,Gil Vicente,2ND,Attack,Through balls,0,0,0,0
14131920,2025-09-26,Liga Portugal Betclic,Liga Portugal 25/26,7.0,Home,Gil Vicente,Benfica,Gil Vicente,2ND,Defending,Clearances,20,12,20,12
14131920,2025-09-26,Liga Portugal Betclic,Liga Portugal 25/26,7.0,Home,Gil Vicente,Benfica,Gil Vicente,2ND,Defending,Interceptions,4,2,4,2
14131920,2025-09-26,Liga Portugal Betclic,Liga Portugal 25/26,7.0,Home,Gil Vicente,Benfica,Gil Vicente,2ND,Defending,Recoveries,25,32,25,32
14131920,2025-09-26,Liga Portugal Betclic,Liga Portugal 25/26,7.0,Home,Gil Vicente,Benfica,Gil Vicente,2ND,Defending,Tackles won,40%,47%,40%,47%
14131920,2025-09-26,Liga Portugal Betclic,Liga Portugal 25/26,7.0,Home,Gil Vicente,Benfica,Gil Vicente,2ND,Defending,Total tackles,10,17,10,17
14131920,2025-09-26,Liga Portugal Betclic,Liga Portugal 25/26,7.0,Home,Gil Vicente,Benfica,Gil Vicente,2ND,Duels,Aerial duels,18/24 (75%),6/24 (25%),18/24 (75%),6/24 (25%)
14131920,2025-09-26,Liga Portugal Betclic,Liga Portugal 25/26,7.0,Home,Gil Vicente,Benfica,Gil Vicente,2ND,Duels,Dispossessed,8,2,8,2
14131920,2025-09-26,Liga Portugal Betclic,Liga Portugal 25/26,7.0,Home,Gil Vicente,Benfica,Gil Vicente,2ND,Duels,Dribbles,11/20 (55%),5/13 (38%),11/20 (55%),5/13 (38%)
14131920,2025-09-26,Liga Portugal Betclic,Liga Portugal 25/26,7.0,Home,Gil Vicente,Benfica,Gil Vicente,2ND,Duels,Duels,60%,40%,60%,40%
14131920,2025-09-26,Liga Portugal Betclic,Liga Portugal 25/26,7.0,Home,Gil Vicente,Benfica,Gil Vicente,2ND,Duels,Ground duels,32/60 (53%),28/60 (47%),32/60 (53%),28/60 (47%)
14131920,2025-09-26,Liga Portugal Betclic,Liga Portugal 25/26,7.0,Home,Gil Vicente,Benfica,Gil Vicente,2ND,Goalkeeping,Goal kicks,6,3,6,3
14131920,2025-09-26,Liga Portugal Betclic,Liga Portugal 25/26,7.0,Home,Gil Vicente,Benfica,Gil Vicente,2ND,Goalkeeping,Total saves,4,1,4,1
14131920,2025-09-26,Liga Portugal Betclic,Liga Portugal 25/26,7.0,Home,Gil Vicente,Benfica,Gil Vicente,2ND,Match overview,Ball possession,46%,54%,46%,54%
14131920,2025-09-26,Liga Portugal Betclic,Liga Portugal 25/26,7.0,Home,Gil Vicente,Benfica,Gil Vicente,2ND,Match overview,Big chances,0,0,0,0
14131920,2025-09-26,Liga Portugal Betclic,Liga Portugal 25/26,7.0,Home,Gil Vicente,Benfica,Gil Vicente,2ND,Match overview,Corner kicks,0,4,0,4
14131920,2025-09-26,Liga Portugal Betclic,Liga Portugal 25/26,7.0,Home,Gil Vicente,Benfica,Gil Vicente,2ND,Match overview,Expected goals,0.08,0.63,0.08,0.63
14131920,2025-09-26,Liga Portugal Betclic,Liga Portugal 25/26,7.0,Home,Gil Vicente,Benfica,Gil Vicente,2ND,Match overview,Free kicks,11,6,11,6
14131920,2025-09-26,Liga Portugal Betclic,Liga Portugal 25/26,7.0,Home,Gil Vicente,Benfica,Gil Vicente,2ND,Match overview,Goalkeeper saves,4,1,4,1
14131920,2025-09-26,Liga Portugal Betclic,Liga Portugal 25/26,7.0,Home,Gil Vicente,Benfica,Gil Vicente,2ND,Match overview,Passes,178,201,178,201
14131920,2025-09-26,Liga Portugal Betclic,Liga Portugal 25/26,7.0,Home,Gil Vicente,Benfica,Gil Vicente,2ND,Match overview,Red cards,0,1,0,1
14131920,2025-09-26,Liga Portugal Betclic,Liga Portugal 25/26,7.0,Home,Gil Vicente,Benfica,Gil Vicente,2ND,Match overview,Tackles,10,17,10,17
14131920,2025-09-26,Liga Portugal Betclic,Liga Portugal 25/26,7.0,Home,Gil Vicente,Benfica,Gil Vicente,2ND,Match overview,Total shots,3,9,3,9
14131920,2025-09-26,Liga Portugal Betclic,Liga Portugal 25/26,7.0,Home,Gil Vicente,Benfica,Gil Vicente,2ND,Match overview,Yellow cards,3,4,3,4
14131920,2025-09-26,Liga Portugal Betclic,Liga Portugal 25/26,7.0,Home,Gil Vicente,Benfica,Gil Vicente,2ND,Passes,Accurate passes,132,157,132,157
14131920,2025-09-26,Liga Portugal Betclic,Liga Portugal 25/26,7.0,Home,Gil Vicente,Benfica,Gil Vicente,2ND,Passes,Crosses,0/5 (0%),5/16 (31%),0/5 (0%),5/16 (31%)
14131920,2025-09-26,Liga Portugal Betclic,Liga Portugal 25/26,7.0,Home,Gil Vicente,Benfica,Gil Vicente,2ND,Passes,Final third entries,23,26,23,26
14131920,2025-09-26,Liga Portugal Betclic,Liga Portugal 25/26,7.0,Home,Gil Vicente,Benfica,Gil Vicente,2ND,Passes,Long balls,10/23 (43%),13/26 (50%),10/23 (43%),13/26 (50%)
14131920,2025-09-26,Liga Portugal Betclic,Liga Portugal 25/26,7.0,Home,Gil Vicente,Benfica,Gil Vicente,2ND,Passes,Throw-ins,12,13,12,13
14131920,2025-09-26,Liga Portugal Betclic,Liga Portugal 25/26,7.0,Home,Gil Vicente,Benfica,Gil Vicente,2ND,Shots,Blocked shots,0,1,0,1
14131920,2025-09-26,Liga Portugal Betclic,Liga Portugal 25/26,7.0,Home,Gil Vicente,Benfica,Gil Vicente,2ND,Shots,Hit woodwork,0,2,0,2
14131920,2025-09-26,Liga Portugal Betclic,Liga Portugal 25/26,7.0,Home,Gil Vicente,Benfica,Gil Vicente,2ND,Shots,Shots inside box,0,5,0,5
14131920,2025-09-26,Liga Portugal Betclic,Liga Portugal 25/26,7.0,Home,Gil Vicente,Benfica,Gil Vicente,2ND,Shots,Shots off target,2,4,2,4
14131920,2025-09-26,Liga Portugal Betclic,Liga Portugal 25/26,7.0,Home,Gil Vicente,Benfica,Gil Vicente,2ND,Shots,Shots on target,1,4,1,4
14131920,2025-09-26,Liga Portugal Betclic,Liga Portugal 25/26,7.0,Home,Gil Vicente,Benfica,Gil Vicente,2ND,Shots,Shots outside box,3,4,3,4
14131920,2025-09-26,Liga Portugal Betclic,Liga Portugal 25/26,7.0,Home,Gil Vicente,Benfica,Gil Vicente,2ND,Shots,Total shots,3,9,3,9
14131920,2025-09-26,Liga Portugal Betclic,Liga Portugal 25/26,7.0,Home,Gil Vicente,Benfica,Gil Vicente,ALL,Attack,Big chances missed,0,2,0,2
14131920,2025-09-26,Liga Portugal Betclic,Liga Portugal 25/26,7.0,Home,Gil Vicente,Benfica,Gil Vicente,ALL,Attack,Big chances scored,1,0,1,0
14131920,2025-09-26,Liga Portugal Betclic,Liga Portugal 25/26,7.0,Home,Gil Vicente,Benfica,Gil Vicente,ALL,Attack,Fouled in final third,5,4,5,4
14131920,2025-09-26,Liga Portugal Betclic,Liga Portugal 25/26,7.0,Home,Gil Vicente,Benfica,Gil Vicente,ALL,Attack,Offsides,0,2,0,2
14131920,2025-09-26,Liga Portugal Betclic,Liga Portugal 25/26,7.0,Home,Gil Vicente,Benfica,Gil Vicente,ALL,Attack,Through balls,1,1,1,1
14131920,2025-09-26,Liga Portugal Betclic,Liga Portugal 25/26,7.0,Home,Gil Vicente,Benfica,Gil Vicente,ALL,Attack,Touches in penalty area,18,19,18,19
14131920,2025-09-26,Liga Portugal Betclic,Liga Portugal 25/26,7.0,Home,Gil Vicente,Benfica,Gil Vicente,ALL,Defending,Clearances,32,14,32,14
14131920,2025-09-26,Liga Portugal Betclic,Liga Portugal 25/26,7.0,Home,Gil Vicente,Benfica,Gil Vicente,ALL,Defending,Errors lead to a goal,0,1,0,1
14131920,2025-09-26,Liga Portugal Betclic,Liga Portugal 25/26,7.0,Home,Gil Vicente,Benfica,Gil Vicente,ALL,Defending,Interceptions,7,4,7,4
14131920,2025-09-26,Liga Portugal Betclic,Liga Portugal 25/26,7.0,Home,Gil Vicente,Benfica,Gil Vicente,ALL,Defending,Recoveries,48,58,48,58
14131920,2025-09-26,Liga Portugal Betclic,Liga Portugal 25/26,7.0,Home,Gil Vicente,Benfica,Gil Vicente,ALL,Defending,Tackles won,53%,55%,53%,55%
14131920,2025-09-26,Liga Portugal Betclic,Liga Portugal 25/26,7.0,Home,Gil Vicente,Benfica,Gil Vicente,ALL,Defending,Total tackles,15,29,15,29
14131920,2025-09-26,Liga Portugal Betclic,Liga Portugal 25/26,7.0,Home,Gil Vicente,Benfica,Gil Vicente,ALL,Duels,Aerial duels,32/46 (70%),14/46 (30%),32/46 (70%),14/46 (30%)
14131920,2025-09-26,Liga Portugal Betclic,Liga Portugal 25/26,7.0,Home,Gil Vicente,Benfica,Gil Vicente,ALL,Duels,Dispossessed,16,6,16,6
14131920,2025-09-26,Liga Portugal Betclic,Liga Portugal 25/26,7.0,Home,Gil Vicente,Benfica,Gil Vicente,ALL,Duels,Dribbles,17/30 (57%),13/22 (59%),17/30 (57%),13/22 (59%)
14131920,2025-09-26,Liga Portugal Betclic,Liga Portugal 25/26,7.0,Home,Gil Vicente,Benfica,Gil Vicente,ALL,Duels,Duels,55%,45%,55%,45%
14131920,2025-09-26,Liga Portugal Betclic,Liga Portugal 25/26,7.0,Home,Gil Vicente,Benfica,Gil Vicente,ALL,Duels,Ground duels,51/106 (48%),55/106 (52%),51/106 (48%),55/106 (52%)
14131920,2025-09-26,Liga Portugal Betclic,Liga Portugal 25/26,7.0,Home,Gil Vicente,Benfica,Gil Vicente,ALL,Goalkeeping,Big saves,2,0,2,0
14131920,2025-09-26,Liga Portugal Betclic,Liga Portugal 25/26,7.0,Home,Gil Vicente,Benfica,Gil Vicente,ALL,Goalkeeping,Goal kicks,12,9,12,9
14131920,2025-09-26,Liga Portugal Betclic,Liga Portugal 25/26,7.0,Home,Gil Vicente,Benfica,Gil Vicente,ALL,Goalkeeping,Goals prevented,0.59,-0.83,0.59,-0.83
14131920,2025-09-26,Liga Portugal Betclic,Liga Portugal 25/26,7.0,Home,Gil Vicente,Benfica,Gil Vicente,ALL,Goalkeeping,Total saves,6,2,6,2
14131920,2025-09-26,Liga Portugal Betclic,Liga Portugal 25/26,7.0,Home,Gil Vicente,Benfica,Gil Vicente,ALL,Match overview,Ball possession,47%,53%,47%,53%
14131920,2025-09-26,Liga Portugal Betclic,Liga Portugal 25/26,7.0,Home,Gil Vicente,Benfica,Gil Vicente,ALL,Match overview,Big chances,1,2,1,2
14131920,2025-09-26,Liga Portugal Betclic,Liga Portugal 25/26,7.0,Home,Gil Vicente,Benfica,Gil Vicente,ALL,Match overview,Corner kicks,0,7,0,7
14131920,2025-09-26,Liga Portugal Betclic,Liga Portugal 25/26,7.0,Home,Gil Vicente,Benfica,Gil Vicente,ALL,Match overview,Expected goals,1.27,1.26,1.27,1.26
14131920,2025-09-26,Liga Portugal Betclic,Liga Portugal 25/26,7.0,Home,Gil Vicente,Benfica,Gil Vicente,ALL,Match overview,Fouls,14,20,14,20
14131920,2025-09-26,Liga Portugal Betclic,Liga Portugal 25/26,7.0,Home,Gil Vicente,Benfica,Gil Vicente,ALL,Match overview,Free kicks,19,14,19,14
14131920,2025-09-26,Liga Portugal Betclic,Liga Portugal 25/26,7.0,Home,Gil Vicente,Benfica,Gil Vicente,ALL,Match overview,Goalkeeper saves,6,2,6,2
14131920,2025-09-26,Liga Portugal Betclic,Liga Portugal 25/26,7.0,Home,Gil Vicente,Benfica,Gil Vicente,ALL,Match overview,Passes,362,398,362,398
14131920,2025-09-26,Liga Portugal Betclic,Liga Portugal 25/26,7.0,Home,Gil Vicente,Benfica,Gil Vicente,ALL,Match overview,Red cards,0,1,0,1
14131920,2025-09-26,Liga Portugal Betclic,Liga Portugal 25/26,7.0,Home,Gil Vicente,Benfica,Gil Vicente,ALL,Match overview,Tackles,15,29,15,29
14131920,2025-09-26,Liga Portugal Betclic,Liga Portugal 25/26,7.0,Home,Gil Vicente,Benfica,Gil Vicente,ALL,Match overview,Total shots,10,16,10,16
14131920,2025-09-26,Liga Portugal Betclic,Liga Portugal 25/26,7.0,Home,Gil Vicente,Benfica,Gil Vicente,ALL,Match overview,Yellow cards,3,4,3,4
14131920,2025-09-26,Liga Portugal Betclic,Liga Portugal 25/26,7.0,Home,Gil Vicente,Benfica,Gil Vicente,ALL,Passes,Accurate passes,280,313,280,313
14131920,2025-09-26,Liga Portugal Betclic,Liga Portugal 25/26,7.0,Home,Gil Vicente,Benfica,Gil Vicente,ALL,Passes,Crosses,0/9 (0%),7/24 (29%),0/9 (0%),7/24 (29%)
14131920,2025-09-26,Liga Portugal Betclic,Liga Portugal 25/26,7.0,Home,Gil Vicente,Benfica,Gil Vicente,ALL,Passes,Final third entries,44,56,44,56
14131920,2025-09-26,Liga Portugal Betclic,Liga Portugal 25/26,7.0,Home,Gil Vicente,Benfica,Gil Vicente,ALL,Passes,Final third phase,61/94 (65%),62/99 (63%),61/94 (65%),62/99 (63%)
14131920,2025-09-26,Liga Portugal Betclic,Liga Portugal 25/26,7.0,Home,Gil Vicente,Benfica,Gil Vicente,ALL,Passes,Long balls,23/53 (43%),28/56 (50%),23/53 (43%),28/56 (50%)
14131920,2025-09-26,Liga Portugal Betclic,Liga Portugal 25/26,7.0,Home,Gil Vicente,Benfica,Gil Vicente,ALL,Passes,Throw-ins,23,22,23,22
14131920,2025-09-26,Liga Portugal Betclic,Liga Portugal 25/26,7.0,Home,Gil Vicente,Benfica,Gil Vicente,ALL,Shots,Blocked shots,0,3,0,3
14131920,2025-09-26,Liga Portugal Betclic,Liga Portugal 25/26,7.0,Home,Gil Vicente,Benfica,Gil Vicente,ALL,Shots,Hit woodwork,0,2,0,2
14131920,2025-09-26,Liga Portugal Betclic,Liga Portugal 25/26,7.0,Home,Gil Vicente,Benfica,Gil Vicente,ALL,Shots,Shots inside box,4,9,4,9
14131920,2025-09-26,Liga Portugal Betclic,Liga Portugal 25/26,7.0,Home,Gil Vicente,Benfica,Gil Vicente,ALL,Shots,Shots off target,6,6,6,6
14131920,2025-09-26,Liga Portugal Betclic,Liga Portugal 25/26,7.0,Home,Gil Vicente,Benfica,Gil Vicente,ALL,Shots,Shots on target,4,7,4,7
14131920,2025-09-26,Liga Portugal Betclic,Liga Portugal 25/26,7.0,Home,Gil Vicente,Benfica,Gil Vicente,ALL,Shots,Shots outside box,6,7,6,7
14131920,2025-09-26,Liga Portugal Betclic,Liga Portugal 25/26,7.0,Home,Gil Vicente,Benfica,Gil Vicente,ALL,Shots,Total shots,10,16,10,16
14566581,2025-09-30,UEFA Champions League,UEFA Champions League 25/26,2.0,Away,Chelsea,Chelsea,Benfica,1ST,Attack,Big chances missed,0,0,0,0
14566581,2025-09-30,UEFA Champions League,UEFA Champions League 25/26,2.0,Away,Chelsea,Chelsea,Benfica,1ST,Attack,Fouled in final third,0,2,2,0
14566581,2025-09-30,UEFA Champions League,UEFA Champions League 25/26,2.0,Away,Chelsea,Chelsea,Benfica,1ST,Attack,Offsides,0,1,1,0
14566581,2025-09-30,UEFA Champions League,UEFA Champions League 25/26,2.0,Away,Chelsea,Chelsea,Benfica,1ST,Attack,Through balls,0,0,0,0
14566581,2025-09-30,UEFA Champions League,UEFA Champions League 25/26,2.0,Away,Chelsea,Chelsea,Benfica,1ST,Defending,Clearances,13,9,9,13
14566581,2025-09-30,UEFA Champions League,UEFA Champions League 25/26,2.0,Away,Chelsea,Chelsea,Benfica,1ST,Defending,Interceptions,5,4,4,5
14566581,2025-09-30,UEFA Champions League,UEFA Champions League 25/26,2.0,Away,Chelsea,Chelsea,Benfica,1ST,Defending,Recoveries,19,24,24,19
14566581,2025-09-30,UEFA Champions League,UEFA Champions League 25/26,2.0,Away,Chelsea,Chelsea,Benfica,1ST,Defending,Tackles won,100%,75%,75%,100%
14566581,2025-09-30,UEFA Champions League,UEFA Champions League 25/26,2.0,Away,Chelsea,Chelsea,Benfica,1ST,Defending,Total tackles,3,8,8,3
14566581,2025-09-30,UEFA Champions League,UEFA Champions League 25/26,2.0,Away,Chelsea,Chelsea,Benfica,1ST,Duels,Aerial duels,2/6 (33%),4/6 (67%),4/6 (67%),2/6 (33%)
14566581,2025-09-30,UEFA Champions League,UEFA Champions League 25/26,2.0,Away,Chelsea,Chelsea,Benfica,1ST,Duels,Dispossessed,6,2,2,6
14566581,2025-09-30,UEFA Champions League,UEFA Champions League 25/26,2.0,Away,Chelsea,Chelsea,Benfica,1ST,Duels,Dribbles,4/6 (67%),1/2 (50%),1/2 (50%),4/6 (67%)
14566581,2025-09-30,UEFA Champions League,UEFA Champions League 25/26,2.0,Away,Chelsea,Chelsea,Benfica,1ST,Duels,Duels,42%,58%,58%,42%
14566581,2025-09-30,UEFA Champions League,UEFA Champions League 25/26,2.0,Away,Chelsea,Chelsea,Benfica,1ST,Duels,Ground duels,14/32 (44%),18/32 (56%),18/32 (56%),14/32 (44%)
14566581,2025-09-30,UEFA Champions League,UEFA Champions League 25/26,2.0,Away,Chelsea,Chelsea,Benfica,1ST,Goalkeeping,Goal kicks,6,1,1,6
14566581,2025-09-30,UEFA Champions League,UEFA Champions League 25/26,2.0,Away,Chelsea,Chelsea,Benfica,1ST,Goalkeeping,Total saves,2,2,2,2
14566581,2025-09-30,UEFA Champions League,UEFA Champions League 25/26,2.0,Away,Chelsea,Chelsea,Benfica,1ST,Match overview,Ball possession,34%,66%,66%,34%
14566581,2025-09-30,UEFA Champions League,UEFA Champions League 25/26,2.0,Away,Chelsea,Chelsea,Benfica,1ST,Match overview,Big chances,0,0,0,0
14566581,2025-09-30,UEFA Champions League,UEFA Champions League 25/26,2.0,Away,Chelsea,Chelsea,Benfica,1ST,Match overview,Corner kicks,1,1,1,1
14566581,2025-09-30,UEFA Champions League,UEFA Champions League 25/26,2.0,Away,Chelsea,Chelsea,Benfica,1ST,Match overview,Expected goals,0.47,0.26,0.26,0.47
14566581,2025-09-30,UEFA Champions League,UEFA Champions League 25/26,2.0,Away,Chelsea,Chelsea,Benfica,1ST,Match overview,Free kicks,7,9,9,7
14566581,2025-09-30,UEFA Champions League,UEFA Champions League 25/26,2.0,Away,Chelsea,Chelsea,Benfica,1ST,Match overview,Goalkeeper saves,2,2,2,2
14566581,2025-09-30,UEFA Champions League,UEFA Champions League 25/26,2.0,Away,Chelsea,Chelsea,Benfica,1ST,Match overview,Number of sprints,0,0,0,0
14566581,2025-09-30,UEFA Champions League,UEFA Champions League 25/26,2.0,Away,Chelsea,Chelsea,Benfica,1ST,Match overview,Passes,172,326,326,172
14566581,2025-09-30,UEFA Champions League,UEFA Champions League 25/26,2.0,Away,Chelsea,Chelsea,Benfica,1ST,Match overview,Red cards,0,0,0,0
14566581,2025-09-30,UEFA Champions League,UEFA Champions League 25/26,2.0,Away,Chelsea,Chelsea,Benfica,1ST,Match overview,Tackles,3,8,8,3
14566581,2025-09-30,UEFA Champions League,UEFA Champions League 25/26,2.0,Away,Chelsea,Chelsea,Benfica,1ST,Match overview,Total shots,4,5,5,4
14566581,2025-09-30,UEFA Champions League,UEFA Champions League 25/26,2.0,Away,Chelsea,Chelsea,Benfica,1ST,Match overview,Yellow cards,1,1,1,1
14566581,2025-09-30,UEFA Champions League,UEFA Champions League 25/26,2.0,Away,Chelsea,Chelsea,Benfica,1ST,Passes,Accurate passes,141,298,298,141
14566581,2025-09-30,UEFA Champions League,UEFA Champions League 25/26,2.0,Away,Chelsea,Chelsea,Benfica,1ST,Passes,Crosses,0/3 (0%),2/9 (22%),2/9 (22%),0/3 (0%)
14566581,2025-09-30,UEFA Champions League,UEFA Champions League 25/26,2.0,Away,Chelsea,Chelsea,Benfica,1ST,Passes,Final third entries,12,25,25,12
14566581,2025-09-30,UEFA Champions League,UEFA Champions League 25/26,2.0,Away,Chelsea,Chelsea,Benfica,1ST,Passes,Long balls,3/19 (16%),8/14 (57%),8/14 (57%),3/19 (16%)
14566581,2025-09-30,UEFA Champions League,UEFA Champions League 25/26,2.0,Away,Chelsea,Chelsea,Benfica,1ST,Passes,Throw-ins,7,9,9,7
14566581,2025-09-30,UEFA Champions League,UEFA Champions League 25/26,2.0,Away,Chelsea,Chelsea,Benfica,1ST,Shots,Blocked shots,0,0,0,0
14566581,2025-09-30,UEFA Champions League,UEFA Champions League 25/26,2.0,Away,Chelsea,Chelsea,Benfica,1ST,Shots,Hit woodwork,1,0,0,1
14566581,2025-09-30,UEFA Champions League,UEFA Champions League 25/26,2.0,Away,Chelsea,Chelsea,Benfica,1ST,Shots,Shots inside box,3,3,3,3
14566581,2025-09-30,UEFA Champions League,UEFA Champions League 25/26,2.0,Away,Chelsea,Chelsea,Benfica,1ST,Shots,Shots off target,2,3,3,2
14566581,2025-09-30,UEFA Champions League,UEFA Champions League 25/26,2.0,Away,Chelsea,Chelsea,Benfica,1ST,Shots,Shots on target,2,2,2,2
14566581,2025-09-30,UEFA Champions League,UEFA Champions League 25/26,2.0,Away,Chelsea,Chelsea,Benfica,1ST,Shots,Shots outside box,1,2,2,1
14566581,2025-09-30,UEFA Champions League,UEFA Champions League 25/26,2.0,Away,Chelsea,Chelsea,Benfica,1ST,Shots,Total shots,4,5,5,4
14566581,2025-09-30,UEFA Champions League,UEFA Champions League 25/26,2.0,Away,Chelsea,Chelsea,Benfica,2ND,Attack,Big chances missed,1,1,1,1
14566581,2025-09-30,UEFA Champions League,UEFA Champions League 25/26,2.0,Away,Chelsea,Chelsea,Benfica,2ND,Attack,Fouled in final third,0,1,1,0
14566581,2025-09-30,UEFA Champions League,UEFA Champions League 25/26,2.0,Away,Chelsea,Chelsea,Benfica,2ND,Attack,Offsides,2,0,0,2
14566581,2025-09-30,UEFA Champions League,UEFA Champions League 25/26,2.0,Away,Chelsea,Chelsea,Benfica,2ND,Attack,Through balls,0,1,1,0
14566581,2025-09-30,UEFA Champions League,UEFA Champions League 25/26,2.0,Away,Chelsea,Chelsea,Benfica,2ND,Defending,Clearances,9,11,11,9
14566581,2025-09-30,UEFA Champions League,UEFA Champions League 25/26,2.0,Away,Chelsea,Chelsea,Benfica,2ND,Defending,Interceptions,6,5,5,6
14566581,2025-09-30,UEFA Champions League,UEFA Champions League 25/26,2.0,Away,Chelsea,Chelsea,Benfica,2ND,Defending,Recoveries,32,29,29,32
14566581,2025-09-30,UEFA Champions League,UEFA Champions League 25/26,2.0,Away,Chelsea,Chelsea,Benfica,2ND,Defending,Tackles won,71%,57%,57%,71%
14566581,2025-09-30,UEFA Champions League,UEFA Champions League 25/26,2.0,Away,Chelsea,Chelsea,Benfica,2ND,Defending,Total tackles,14,21,21,14
14566581,2025-09-30,UEFA Champions League,UEFA Champions League 25/26,2.0,Away,Chelsea,Chelsea,Benfica,2ND,Duels,Aerial duels,8/12 (67%),4/12 (33%),4/12 (33%),8/12 (67%)
14566581,2025-09-30,UEFA Champions League,UEFA Champions League 25/26,2.0,Away,Chelsea,Chelsea,Benfica,2ND,Duels,Dispossessed,14,8,8,14
14566581,2025-09-30,UEFA Champions League,UEFA Champions League 25/26,2.0,Away,Chelsea,Chelsea,Benfica,2ND,Duels,Dribbles,10/17 (59%),6/12 (50%),6/12 (50%),10/17 (59%)
14566581,2025-09-30,UEFA Champions League,UEFA Champions League 25/26,2.0,Away,Chelsea,Chelsea,Benfica,2ND,Duels,Duels,51%,49%,49%,51%
14566581,2025-09-30,UEFA Champions League,UEFA Champions League 25/26,2.0,Away,Chelsea,Chelsea,Benfica,2ND,Duels,Ground duels,29/61 (48%),32/61 (52%),32/61 (52%),29/61 (48%)
14566581,2025-09-30,UEFA Champions League,UEFA Champions League 25/26,2.0,Away,Chelsea,Chelsea,Benfica,2ND,Goalkeeping,Goal kicks,2,2,2,2
14566581,2025-09-30,UEFA Champions League,UEFA Champions League 25/26,2.0,Away,Chelsea,Chelsea,Benfica,2ND,Goalkeeping,Total saves,1,1,1,1
14566581,2025-09-30,UEFA Champions League,UEFA Champions League 25/26,2.0,Away,Chelsea,Chelsea,Benfica,2ND,Match overview,Ball possession,55%,45%,45%,55%
14566581,2025-09-30,UEFA Champions League,UEFA Champions League 25/26,2.0,Away,Chelsea,Chelsea,Benfica,2ND,Match overview,Big chances,1,1,1,1
14566581,2025-09-30,UEFA Champions League,UEFA Champions League 25/26,2.0,Away,Chelsea,Chelsea,Benfica,2ND,Match overview,Corner kicks,4,2,2,4
14566581,2025-09-30,UEFA Champions League,UEFA Champions League 25/26,2.0,Away,Chelsea,Chelsea,Benfica,2ND,Match overview,Expected goals,0.38,0.67,0.67,0.38
14566581,2025-09-30,UEFA Champions League,UEFA Champions League 25/26,2.0,Away,Chelsea,Chelsea,Benfica,2ND,Match overview,Free kicks,6,5,5,6
14566581,2025-09-30,UEFA Champions League,UEFA Champions League 25/26,2.0,Away,Chelsea,Chelsea,Benfica,2ND,Match overview,Goalkeeper saves,1,1,1,1
14566581,2025-09-30,UEFA Champions League,UEFA Champions League 25/26,2.0,Away,Chelsea,Chelsea,Benfica,2ND,Match overview,Number of sprints,0,0,0,0
14566581,2025-09-30,UEFA Champions League,UEFA Champions League 25/26,2.0,Away,Chelsea,Chelsea,Benfica,2ND,Match overview,Passes,230,188,188,230
14566581,2025-09-30,UEFA Champions League,UEFA Champions League 25/26,2.0,Away,Chelsea,Chelsea,Benfica,2ND,Match overview,Red cards,0,1,1,0
14566581,2025-09-30,UEFA Champions League,UEFA Champions League 25/26,2.0,Away,Chelsea,Chelsea,Benfica,2ND,Match overview,Tackles,14,21,21,14
14566581,2025-09-30,UEFA Champions League,UEFA Champions League 25/26,2.0,Away,Chelsea,Chelsea,Benfica,2ND,Match overview,Total shots,5,3,3,5
14566581,2025-09-30,UEFA Champions League,UEFA Champions League 25/26,2.0,Away,Chelsea,Chelsea,Benfica,2ND,Match overview,Yellow cards,4,3,3,4
14566581,2025-09-30,UEFA Champions League,UEFA Champions League 25/26,2.0,Away,Chelsea,Chelsea,Benfica,2ND,Passes,Accurate passes,190,155,155,190
14566581,2025-09-30,UEFA Champions League,UEFA Champions League 25/26,2.0,Away,Chelsea,Chelsea,Benfica,2ND,Passes,Crosses,3/8 (38%),1/5 (20%),1/5 (20%),3/8 (38%)
14566581,2025-09-30,UEFA Champions League,UEFA Champions League 25/26,2.0,Away,Chelsea,Chelsea,Benfica,2ND,Passes,Final third entries,21,23,23,21
14566581,2025-09-30,UEFA Champions League,UEFA Champions League 25/26,2.0,Away,Chelsea,Chelsea,Benfica,2ND,Passes,Long balls,7/15 (47%),14/20 (70%),14/20 (70%),7/15 (47%)
14566581,2025-09-30,UEFA Champions League,UEFA Champions League 25/26,2.0,Away,Chelsea,Chelsea,Benfica,2ND,Passes,Throw-ins,13,10,10,13
14566581,2025-09-30,UEFA Champions League,UEFA Champions League 25/26,2.0,Away,Chelsea,Chelsea,Benfica,2ND,Shots,Blocked shots,2,1,1,2
14566581,2025-09-30,UEFA Champions League,UEFA Champions League 25/26,2.0,Away,Chelsea,Chelsea,Benfica,2ND,Shots,Hit woodwork,0,0,0,0
14566581,2025-09-30,UEFA Champions League,UEFA Champions League 25/26,2.0,Away,Chelsea,Chelsea,Benfica,2ND,Shots,Shots inside box,4,2,2,4
14566581,2025-09-30,UEFA Champions League,UEFA Champions League 25/26,2.0,Away,Chelsea,Chelsea,Benfica,2ND,Shots,Shots off target,2,1,1,2
14566581,2025-09-30,UEFA Champions League,UEFA Champions League 25/26,2.0,Away,Chelsea,Chelsea,Benfica,2ND,Shots,Shots on target,1,1,1,1
14566581,2025-09-30,UEFA Champions League,UEFA Champions League 25/26,2.0,Away,Chelsea,Chelsea,Benfica,2ND,Shots,Shots outside box,1,1,1,1
14566581,2025-09-30,UEFA Champions League,UEFA Champions League 25/26,2.0,Away,Chelsea,Chelsea,Benfica,2ND,Shots,Total shots,5,3,3,5
14566581,2025-09-30,UEFA Champions League,UEFA Champions League 25/26,2.0,Away,Chelsea,Chelsea,Benfica,ALL,Attack,Big chances missed,1,1,1,1
14566581,2025-09-30,UEFA Champions League,UEFA Champions League 25/26,2.0,Away,Chelsea,Chelsea,Benfica,ALL,Attack,Fouled in final third,0,3,3,0
14566581,2025-09-30,UEFA Champions League,UEFA Champions League 25/26,2.0,Away,Chelsea,Chelsea,Benfica,ALL,Attack,Offsides,2,1,1,2
14566581,2025-09-30,UEFA Champions League,UEFA Champions League 25/26,2.0,Away,Chelsea,Chelsea,Benfica,ALL,Attack,Through balls,0,1,1,0
14566581,2025-09-30,UEFA Champions League,UEFA Champions League 25/26,2.0,Away,Chelsea,Chelsea,Benfica,ALL,Attack,Touches in penalty area,25,18,18,25
14566581,2025-09-30,UEFA Champions League,UEFA Champions League 25/26,2.0,Away,Chelsea,Chelsea,Benfica,ALL,Defending,Clearances,22,20,20,22
14566581,2025-09-30,UEFA Champions League,UEFA Champions League 25/26,2.0,Away,Chelsea,Chelsea,Benfica,ALL,Defending,Errors lead to a shot,1,1,1,1
14566581,2025-09-30,UEFA Champions League,UEFA Champions League 25/26,2.0,Away,Chelsea,Chelsea,Benfica,ALL,Defending,Interceptions,11,9,9,11
14566581,2025-09-30,UEFA Champions League,UEFA Champions League 25/26,2.0,Away,Chelsea,Chelsea,Benfica,ALL,Defending,Recoveries,51,53,53,51
14566581,2025-09-30,UEFA Champions League,UEFA Champions League 25/26,2.0,Away,Chelsea,Chelsea,Benfica,ALL,Defending,Tackles won,76%,62%,62%,76%
14566581,2025-09-30,UEFA Champions League,UEFA Champions League 25/26,2.0,Away,Chelsea,Chelsea,Benfica,ALL,Defending,Total tackles,17,29,29,17
14566581,2025-09-30,UEFA Champions League,UEFA Champions League 25/26,2.0,Away,Chelsea,Chelsea,Benfica,ALL,Duels,Aerial duels,10/18 (56%),8/18 (44%),8/18 (44%),10/18 (56%)
14566581,2025-09-30,UEFA Champions League,UEFA Champions League 25/26,2.0,Away,Chelsea,Chelsea,Benfica,ALL,Duels,Dispossessed,20,10,10,20
14566581,2025-09-30,UEFA Champions League,UEFA Champions League 25/26,2.0,Away,Chelsea,Chelsea,Benfica,ALL,Duels,Dribbles,14/23 (61%),7/14 (50%),7/14 (50%),14/23 (61%)
14566581,2025-09-30,UEFA Champions League,UEFA Champions League 25/26,2.0,Away,Chelsea,Chelsea,Benfica,ALL,Duels,Duels,48%,52%,52%,48%
14566581,2025-09-30,UEFA Champions League,UEFA Champions League 25/26,2.0,Away,Chelsea,Chelsea,Benfica,ALL,Duels,Ground duels,43/93 (46%),50/93 (54%),50/93 (54%),43/93 (46%)
14566581,2025-09-30,UEFA Champions League,UEFA Champions League 25/26,2.0,Away,Chelsea,Chelsea,Benfica,ALL,Goalkeeping,Goal kicks,8,3,3,8
14566581,2025-09-30,UEFA Champions League,UEFA Champions League 25/26,2.0,Away,Chelsea,Chelsea,Benfica,ALL,Goalkeeping,Goals prevented,0.17,0.56,0.56,0.17
14566581,2025-09-30,UEFA Champions League,UEFA Champions League 25/26,2.0,Away,Chelsea,Chelsea,Benfica,ALL,Goalkeeping,Total saves,3,3,3,3
14566581,2025-09-30,UEFA Champions League,UEFA Champions League 25/26,2.0,Away,Chelsea,Chelsea,Benfica,ALL,Match overview,Ball possession,44%,56%,56%,44%
14566581,2025-09-30,UEFA Champions League,UEFA Champions League 25/26,2.0,Away,Chelsea,Chelsea,Benfica,ALL,Match overview,Big chances,1,1,1,1
14566581,2025-09-30,UEFA Champions League,UEFA Champions League 25/26,2.0,Away,Chelsea,Chelsea,Benfica,ALL,Match overview,Corner kicks,5,3,3,5
14566581,2025-09-30,UEFA Champions League,UEFA Champions League 25/26,2.0,Away,Chelsea,Chelsea,Benfica,ALL,Match overview,Distance covered,115.7 km,109.0 km,109.0 km,115.7 km
14566581,2025-09-30,UEFA Champions League,UEFA Champions League 25/26,2.0,Away,Chelsea,Chelsea,Benfica,ALL,Match overview,Expected goals,0.85,0.93,0.93,0.85
14566581,2025-09-30,UEFA Champions League,UEFA Champions League 25/26,2.0,Away,Chelsea,Chelsea,Benfica,ALL,Match overview,Fouls,14,13,13,14
14566581,2025-09-30,UEFA Champions League,UEFA Champions League 25/26,2.0,Away,Chelsea,Chelsea,Benfica,ALL,Match overview,Free kicks,13,14,14,13
14566581,2025-09-30,UEFA Champions League,UEFA Champions League 25/26,2.0,Away,Chelsea,Chelsea,Benfica,ALL,Match overview,Goalkeeper saves,3,3,3,3
14566581,2025-09-30,UEFA Champions League,UEFA Champions League 25/26,2.0,Away,Chelsea,Chelsea,Benfica,ALL,Match overview,Number of sprints,111,116,116,111
14566581,2025-09-30,UEFA Champions League,UEFA Champions League 25/26,2.0,Away,Chelsea,Chelsea,Benfica,ALL,Match overview,Passes,402,514,514,402
14566581,2025-09-30,UEFA Champions League,UEFA Champions League 25/26,2.0,Away,Chelsea,Chelsea,Benfica,ALL,Match overview,Red cards,0,1,1,0
14566581,2025-09-30,UEFA Champions League,UEFA Champions League 25/26,2.0,Away,Chelsea,Chelsea,Benfica,ALL,Match overview,Tackles,17,29,29,17
14566581,2025-09-30,UEFA Champions League,UEFA Champions League 25/26,2.0,Away,Chelsea,Chelsea,Benfica,ALL,Match overview,Total shots,9,8,8,9
14566581,2025-09-30,UEFA Champions League,UEFA Champions League 25/26,2.0,Away,Chelsea,Chelsea,Benfica,ALL,Match overview,Yellow cards,5,4,4,5
14566581,2025-09-30,UEFA Champions League,UEFA Champions League 25/26,2.0,Away,Chelsea,Chelsea,Benfica,ALL,Passes,Accurate passes,331,453,453,331
14566581,2025-09-30,UEFA Champions League,UEFA Champions League 25/26,2.0,Away,Chelsea,Chelsea,Benfica,ALL,Passes,Crosses,3/11 (27%),3/14 (21%),3/14 (21%),3/11 (27%)
14566581,2025-09-30,UEFA Champions League,UEFA Champions League 25/26,2.0,Away,Chelsea,Chelsea,Benfica,ALL,Passes,Final third entries,33,48,48,33
14566581,2025-09-30,UEFA Champions League,UEFA Champions League 25/26,2.0,Away,Chelsea,Chelsea,Benfica,ALL,Passes,Final third phase,58/83 (70%),80/108 (74%),80/108 (74%),58/83 (70%)
14566581,2025-09-30,UEFA Champions League,UEFA Champions League 25/26,2.0,Away,Chelsea,Chelsea,Benfica,ALL,Passes,Long balls,10/34 (29%),22/34 (65%),22/34 (65%),10/34 (29%)
14566581,2025-09-30,UEFA Champions League,UEFA Champions League 25/26,2.0,Away,Chelsea,Chelsea,Benfica,ALL,Passes,Throw-ins,20,19,19,20
14566581,2025-09-30,UEFA Champions League,UEFA Champions League 25/26,2.0,Away,Chelsea,Chelsea,Benfica,ALL,Shots,Blocked shots,2,1,1,2
14566581,2025-09-30,UEFA Champions League,UEFA Champions League 25/26,2.0,Away,Chelsea,Chelsea,Benfica,ALL,Shots,Hit woodwork,1,0,0,1
14566581,2025-09-30,UEFA Champions League,UEFA Champions League 25/26,2.0,Away,Chelsea,Chelsea,Benfica,ALL,Shots,Shots inside box,7,5,5,7
14566581,2025-09-30,UEFA Champions League,UEFA Champions League 25/26,2.0,Away,Chelsea,Chelsea,Benfica,ALL,Shots,Shots off target,4,4,4,4
14566581,2025-09-30,UEFA Champions League,UEFA Champions League 25/26,2.0,Away,Chelsea,Chelsea,Benfica,ALL,Shots,Shots on target,3,3,3,3
14566581,2025-09-30,UEFA Champions League,UEFA Champions League 25/26,2.0,Away,Chelsea,Chelsea,Benfica,ALL,Shots,Shots outside box,2,3,3,2
14566581,2025-09-30,UEFA Champions League,UEFA Champions League 25/26,2.0,Away,Chelsea,Chelsea,Benfica,ALL,Shots,Total shots,9,8,8,9
14131931,2025-10-05,Liga Portugal Betclic,Liga Portugal 25/26,8.0,Away,FC Porto,FC Porto,Benfica,1ST,Attack,Big chances missed,0,1,1,0
14131931,2025-10-05,Liga Portugal Betclic,Liga Portugal 25/26,8.0,Away,FC Porto,FC Porto,Benfica,1ST,Attack,Fouled in final third,1,0,0,1
14131931,2025-10-05,Liga Portugal Betclic,Liga Portugal 25/26,8.0,Away,FC Porto,FC Porto,Benfica,1ST,Attack,Through balls,0,0,0,0
14131931,2025-10-05,Liga Portugal Betclic,Liga Portugal 25/26,8.0,Away,FC Porto,FC Porto,Benfica,1ST,Defending,Clearances,12,0,0,12
14131931,2025-10-05,Liga Portugal Betclic,Liga Portugal 25/26,8.0,Away,FC Porto,FC Porto,Benfica,1ST,Defending,Interceptions,4,5,5,4
14131931,2025-10-05,Liga Portugal Betclic,Liga Portugal 25/26,8.0,Away,FC Porto,FC Porto,Benfica,1ST,Defending,Recoveries,20,22,22,20
14131931,2025-10-05,Liga Portugal Betclic,Liga Portugal 25/26,8.0,Away,FC Porto,FC Porto,Benfica,1ST,Defending,Tackles won,71%,75%,75%,71%
14131931,2025-10-05,Liga Portugal Betclic,Liga Portugal 25/26,8.0,Away,FC Porto,FC Porto,Benfica,1ST,Defending,Total tackles,7,4,4,7
14131931,2025-10-05,Liga Portugal Betclic,Liga Portugal 25/26,8.0,Away,FC Porto,FC Porto,Benfica,1ST,Duels,Aerial duels,2/6 (33%),4/6 (67%),4/6 (67%),2/6 (33%)
14131931,2025-10-05,Liga Portugal Betclic,Liga Portugal 25/26,8.0,Away,FC Porto,FC Porto,Benfica,1ST,Duels,Dispossessed,2,5,5,2
14131931,2025-10-05,Liga Portugal Betclic,Liga Portugal 25/26,8.0,Away,FC Porto,FC Porto,Benfica,1ST,Duels,Dribbles,4/6 (67%),2/4 (50%),2/4 (50%),4/6 (67%)
14131931,2025-10-05,Liga Portugal Betclic,Liga Portugal 25/26,8.0,Away,FC Porto,FC Porto,Benfica,1ST,Duels,Duels,59%,41%,41%,59%
14131931,2025-10-05,Liga Portugal Betclic,Liga Portugal 25/26,8.0,Away,FC Porto,FC Porto,Benfica,1ST,Duels,Ground duels,17/26 (65%),9/26 (35%),9/26 (35%),17/26 (65%)
14131931,2025-10-05,Liga Portugal Betclic,Liga Portugal 25/26,8.0,Away,FC Porto,FC Porto,Benfica,1ST,Goalkeeping,Goal kicks,8,1,1,8
14131931,2025-10-05,Liga Portugal Betclic,Liga Portugal 25/26,8.0,Away,FC Porto,FC Porto,Benfica,1ST,Goalkeeping,Total saves,1,1,1,1
14131931,2025-10-05,Liga Portugal Betclic,Liga Portugal 25/26,8.0,Away,FC Porto,FC Porto,Benfica,1ST,Match overview,Ball possession,43%,57%,57%,43%
14131931,2025-10-05,Liga Portugal Betclic,Liga Portugal 25/26,8.0,Away,FC Porto,FC Porto,Benfica,1ST,Match overview,Big chances,0,1,1,0
14131931,2025-10-05,Liga Portugal Betclic,Liga Portugal 25/26,8.0,Away,FC Porto,FC Porto,Benfica,1ST,Match overview,Corner kicks,0,1,1,0
14131931,2025-10-05,Liga Portugal Betclic,Liga Portugal 25/26,8.0,Away,FC Porto,FC Porto,Benfica,1ST,Match overview,Expected goals,0.05,0.49,0.49,0.05
14131931,2025-10-05,Liga Portugal Betclic,Liga Portugal 25/26,8.0,Away,FC Porto,FC Porto,Benfica,1ST,Match overview,Free kicks,6,3,3,6
14131931,2025-10-05,Liga Portugal Betclic,Liga Portugal 25/26,8.0,Away,FC Porto,FC Porto,Benfica,1ST,Match overview,Goalkeeper saves,1,1,1,1
14131931,2025-10-05,Liga Portugal Betclic,Liga Portugal 25/26,8.0,Away,FC Porto,FC Porto,Benfica,1ST,Match overview,Passes,198,249,249,198
14131931,2025-10-05,Liga Portugal Betclic,Liga Portugal 25/26,8.0,Away,FC Porto,FC Porto,Benfica,1ST,Match overview,Tackles,7,4,4,7
14131931,2025-10-05,Liga Portugal Betclic,Liga Portugal 25/26,8.0,Away,FC Porto,FC Porto,Benfica,1ST,Match overview,Total shots,1,4,4,1
14131931,2025-10-05,Liga Portugal Betclic,Liga Portugal 25/26,8.0,Away,FC Porto,FC Porto,Benfica,1ST,Match overview,Yellow cards,1,0,0,1
14131931,2025-10-05,Liga Portugal Betclic,Liga Portugal 25/26,8.0,Away,FC Porto,FC Porto,Benfica,1ST,Passes,Accurate passes,154,215,215,154
14131931,2025-10-05,Liga Portugal Betclic,Liga Portugal 25/26,8.0,Away,FC Porto,FC Porto,Benfica,1ST,Passes,Crosses,0/0 (0%),3/9 (33%),3/9 (33%),0/0 (0%)
14131931,2025-10-05,Liga Portugal Betclic,Liga Portugal 25/26,8.0,Away,FC Porto,FC Porto,Benfica,1ST,Passes,Final third entries,11,26,26,11
14131931,2025-10-05,Liga Portugal Betclic,Liga Portugal 25/26,8.0,Away,FC Porto,FC Porto,Benfica,1ST,Passes,Long balls,10/29 (34%),6/13 (46%),6/13 (46%),10/29 (34%)
14131931,2025-10-05,Liga Portugal Betclic,Liga Portugal 25/26,8.0,Away,FC Porto,FC Porto,Benfica,1ST,Passes,Throw-ins,7,9,9,7
14131931,2025-10-05,Liga Portugal Betclic,Liga Portugal 25/26,8.0,Away,FC Porto,FC Porto,Benfica,1ST,Shots,Blocked shots,0,1,1,0
14131931,2025-10-05,Liga Portugal Betclic,Liga Portugal 25/26,8.0,Away,FC Porto,FC Porto,Benfica,1ST,Shots,Hit woodwork,0,0,0,0
14131931,2025-10-05,Liga Portugal Betclic,Liga Portugal 25/26,8.0,Away,FC Porto,FC Porto,Benfica,1ST,Shots,Shots inside box,0,4,4,0
14131931,2025-10-05,Liga Portugal Betclic,Liga Portugal 25/26,8.0,Away,FC Porto,FC Porto,Benfica,1ST,Shots,Shots off target,0,2,2,0
14131931,2025-10-05,Liga Portugal Betclic,Liga Portugal 25/26,8.0,Away,FC Porto,FC Porto,Benfica,1ST,Shots,Shots on target,1,1,1,1
14131931,2025-10-05,Liga Portugal Betclic,Liga Portugal 25/26,8.0,Away,FC Porto,FC Porto,Benfica,1ST,Shots,Shots outside box,1,0,0,1
14131931,2025-10-05,Liga Portugal Betclic,Liga Portugal 25/26,8.0,Away,FC Porto,FC Porto,Benfica,1ST,Shots,Total shots,1,4,4,1
14131931,2025-10-05,Liga Portugal Betclic,Liga Portugal 25/26,8.0,Away,FC Porto,FC Porto,Benfica,2ND,Attack,Big chances missed,0,0,0,0
14131931,2025-10-05,Liga Portugal Betclic,Liga Portugal 25/26,8.0,Away,FC Porto,FC Porto,Benfica,2ND,Attack,Fouled in final third,2,0,0,2
14131931,2025-10-05,Liga Portugal Betclic,Liga Portugal 25/26,8.0,Away,FC Porto,FC Porto,Benfica,2ND,Attack,Through balls,0,1,1,0
14131931,2025-10-05,Liga Portugal Betclic,Liga Portugal 25/26,8.0,Away,FC Porto,FC Porto,Benfica,2ND,Defending,Clearances,16,10,10,16
14131931,2025-10-05,Liga Portugal Betclic,Liga Portugal 25/26,8.0,Away,FC Porto,FC Porto,Benfica,2ND,Defending,Interceptions,3,3,3,3
14131931,2025-10-05,Liga Portugal Betclic,Liga Portugal 25/26,8.0,Away,FC Porto,FC Porto,Benfica,2ND,Defending,Recoveries,21,22,22,21
14131931,2025-10-05,Liga Portugal Betclic,Liga Portugal 25/26,8.0,Away,FC Porto,FC Porto,Benfica,2ND,Defending,Tackles won,64%,43%,43%,64%
14131931,2025-10-05,Liga Portugal Betclic,Liga Portugal 25/26,8.0,Away,FC Porto,FC Porto,Benfica,2ND,Defending,Total tackles,11,7,7,11
14131931,2025-10-05,Liga Portugal Betclic,Liga Portugal 25/26,8.0,Away,FC Porto,FC Porto,Benfica,2ND,Duels,Aerial duels,5/12 (42%),7/12 (58%),7/12 (58%),5/12 (42%)
14131931,2025-10-05,Liga Portugal Betclic,Liga Portugal 25/26,8.0,Away,FC Porto,FC Porto,Benfica,2ND,Duels,Dispossessed,2,5,5,2
14131931,2025-10-05,Liga Portugal Betclic,Liga Portugal 25/26,8.0,Away,FC Porto,FC Porto,Benfica,2ND,Duels,Dribbles,7/12 (58%),3/9 (33%),3/9 (33%),7/12 (58%)
14131931,2025-10-05,Liga Portugal Betclic,Liga Portugal 25/26,8.0,Away,FC Porto,FC Porto,Benfica,2ND,Duels,Duels,61%,39%,39%,61%
14131931,2025-10-05,Liga Portugal Betclic,Liga Portugal 25/26,8.0,Away,FC Porto,FC Porto,Benfica,2ND,Duels,Ground duels,26/39 (67%),13/39 (33%),13/39 (33%),26/39 (67%)
14131931,2025-10-05,Liga Portugal Betclic,Liga Portugal 25/26,8.0,Away,FC Porto,FC Porto,Benfica,2ND,Goalkeeping,Goal kicks,8,1,1,8
14131931,2025-10-05,Liga Portugal Betclic,Liga Portugal 25/26,8.0,Away,FC Porto,FC Porto,Benfica,2ND,Goalkeeping,Total saves,1,0,0,1
14131931,2025-10-05,Liga Portugal Betclic,Liga Portugal 25/26,8.0,Away,FC Porto,FC Porto,Benfica,2ND,Match overview,Ball possession,54%,46%,46%,54%
14131931,2025-10-05,Liga Portugal Betclic,Liga Portugal 25/26,8.0,Away,FC Porto,FC Porto,Benfica,2ND,Match overview,Big chances,0,0,0,0
14131931,2025-10-05,Liga Portugal Betclic,Liga Portugal 25/26,8.0,Away,FC Porto,FC Porto,Benfica,2ND,Match overview,Corner kicks,3,2,2,3
14131931,2025-10-05,Liga Portugal Betclic,Liga Portugal 25/26,8.0,Away,FC Porto,FC Porto,Benfica,2ND,Match overview,Expected goals,0.07,0.19,0.19,0.07
14131931,2025-10-05,Liga Portugal Betclic,Liga Portugal 25/26,8.0,Away,FC Porto,FC Porto,Benfica,2ND,Match overview,Free kicks,9,3,3,9
14131931,2025-10-05,Liga Portugal Betclic,Liga Portugal 25/26,8.0,Away,FC Porto,FC Porto,Benfica,2ND,Match overview,Goalkeeper saves,1,0,0,1
14131931,2025-10-05,Liga Portugal Betclic,Liga Portugal 25/26,8.0,Away,FC Porto,FC Porto,Benfica,2ND,Match overview,Passes,219,181,181,219
14131931,2025-10-05,Liga Portugal Betclic,Liga Portugal 25/26,8.0,Away,FC Porto,FC Porto,Benfica,2ND,Match overview,Tackles,11,7,7,11
14131931,2025-10-05,Liga Portugal Betclic,Liga Portugal 25/26,8.0,Away,FC Porto,FC Porto,Benfica,2ND,Match overview,Total shots,3,4,4,3
14131931,2025-10-05,Liga Portugal Betclic,Liga Portugal 25/26,8.0,Away,FC Porto,FC Porto,Benfica,2ND,Match overview,Yellow cards,1,6,6,1
14131931,2025-10-05,Liga Portugal Betclic,Liga Portugal 25/26,8.0,Away,FC Porto,FC Porto,Benfica,2ND,Passes,Accurate passes,180,151,151,180
14131931,2025-10-05,Liga Portugal Betclic,Liga Portugal 25/26,8.0,Away,FC Porto,FC Porto,Benfica,2ND,Passes,Crosses,1/10 (10%),2/10 (20%),2/10 (20%),1/10 (10%)
14131931,2025-10-05,Liga Portugal Betclic,Liga Portugal 25/26,8.0,Away,FC Porto,FC Porto,Benfica,2ND,Passes,Final third entries,22,25,25,22
14131931,2025-10-05,Liga Portugal Betclic,Liga Portugal 25/26,8.0,Away,FC Porto,FC Porto,Benfica,2ND,Passes,Long balls,14/31 (45%),13/18 (72%),13/18 (72%),14/31 (45%)
14131931,2025-10-05,Liga Portugal Betclic,Liga Portugal 25/26,8.0,Away,FC Porto,FC Porto,Benfica,2ND,Passes,Throw-ins,4,15,15,4
14131931,2025-10-05,Liga Portugal Betclic,Liga Portugal 25/26,8.0,Away,FC Porto,FC Porto,Benfica,2ND,Shots,Blocked shots,1,1,1,1
14131931,2025-10-05,Liga Portugal Betclic,Liga Portugal 25/26,8.0,Away,FC Porto,FC Porto,Benfica,2ND,Shots,Hit woodwork,1,1,1,1
14131931,2025-10-05,Liga Portugal Betclic,Liga Portugal 25/26,8.0,Away,FC Porto,FC Porto,Benfica,2ND,Shots,Shots inside box,2,2,2,2
14131931,2025-10-05,Liga Portugal Betclic,Liga Portugal 25/26,8.0,Away,FC Porto,FC Porto,Benfica,2ND,Shots,Shots off target,2,2,2,2
14131931,2025-10-05,Liga Portugal Betclic,Liga Portugal 25/26,8.0,Away,FC Porto,FC Porto,Benfica,2ND,Shots,Shots on target,0,1,1,0
14131931,2025-10-05,Liga Portugal Betclic,Liga Portugal 25/26,8.0,Away,FC Porto,FC Porto,Benfica,2ND,Shots,Shots outside box,1,2,2,1
14131931,2025-10-05,Liga Portugal Betclic,Liga Portugal 25/26,8.0,Away,FC Porto,FC Porto,Benfica,2ND,Shots,Total shots,3,4,4,3
14131931,2025-10-05,Liga Portugal Betclic,Liga Portugal 25/26,8.0,Away,FC Porto,FC Porto,Benfica,ALL,Attack,Big chances missed,0,1,1,0
14131931,2025-10-05,Liga Portugal Betclic,Liga Portugal 25/26,8.0,Away,FC Porto,FC Porto,Benfica,ALL,Attack,Fouled in final third,3,0,0,3
14131931,2025-10-05,Liga Portugal Betclic,Liga Portugal 25/26,8.0,Away,FC Porto,FC Porto,Benfica,ALL,Attack,Through balls,0,1,1,0
14131931,2025-10-05,Liga Portugal Betclic,Liga Portugal 25/26,8.0,Away,FC Porto,FC Porto,Benfica,ALL,Attack,Touches in penalty area,11,28,28,11
14131931,2025-10-05,Liga Portugal Betclic,Liga Portugal 25/26,8.0,Away,FC Porto,FC Porto,Benfica,ALL,Defending,Clearances,28,10,10,28
14131931,2025-10-05,Liga Portugal Betclic,Liga Portugal 25/26,8.0,Away,FC Porto,FC Porto,Benfica,ALL,Defending,Errors lead to a shot,2,0,0,2
14131931,2025-10-05,Liga Portugal Betclic,Liga Portugal 25/26,8.0,Away,FC Porto,FC Porto,Benfica,ALL,Defending,Interceptions,7,8,8,7
14131931,2025-10-05,Liga Portugal Betclic,Liga Portugal 25/26,8.0,Away,FC Porto,FC Porto,Benfica,ALL,Defending,Recoveries,41,44,44,41
14131931,2025-10-05,Liga Portugal Betclic,Liga Portugal 25/26,8.0,Away,FC Porto,FC Porto,Benfica,ALL,Defending,Tackles won,67%,55%,55%,67%
14131931,2025-10-05,Liga Portugal Betclic,Liga Portugal 25/26,8.0,Away,FC Porto,FC Porto,Benfica,ALL,Defending,Total tackles,18,11,11,18
14131931,2025-10-05,Liga Portugal Betclic,Liga Portugal 25/26,8.0,Away,FC Porto,FC Porto,Benfica,ALL,Duels,Aerial duels,7/18 (39%),11/18 (61%),11/18 (61%),7/18 (39%)
14131931,2025-10-05,Liga Portugal Betclic,Liga Portugal 25/26,8.0,Away,FC Porto,FC Porto,Benfica,ALL,Duels,Dispossessed,4,10,10,4
14131931,2025-10-05,Liga Portugal Betclic,Liga Portugal 25/26,8.0,Away,FC Porto,FC Porto,Benfica,ALL,Duels,Dribbles,11/18 (61%),5/13 (38%),5/13 (38%),11/18 (61%)
14131931,2025-10-05,Liga Portugal Betclic,Liga Portugal 25/26,8.0,Away,FC Porto,FC Porto,Benfica,ALL,Duels,Duels,60%,40%,40%,60%
14131931,2025-10-05,Liga Portugal Betclic,Liga Portugal 25/26,8.0,Away,FC Porto,FC Porto,Benfica,ALL,Duels,Ground duels,43/65 (66%),22/65 (34%),22/65 (34%),43/65 (66%)
14131931,2025-10-05,Liga Portugal Betclic,Liga Portugal 25/26,8.0,Away,FC Porto,FC Porto,Benfica,ALL,Goalkeeping,Goal kicks,16,2,2,16
14131931,2025-10-05,Liga Portugal Betclic,Liga Portugal 25/26,8.0,Away,FC Porto,FC Porto,Benfica,ALL,Goalkeeping,Goals prevented,0.61,0.33,0.33,0.61
14131931,2025-10-05,Liga Portugal Betclic,Liga Portugal 25/26,8.0,Away,FC Porto,FC Porto,Benfica,ALL,Goalkeeping,Punches,0,2,2,0
14131931,2025-10-05,Liga Portugal Betclic,Liga Portugal 25/26,8.0,Away,FC Porto,FC Porto,Benfica,ALL,Goalkeeping,Total saves,2,1,1,2
14131931,2025-10-05,Liga Portugal Betclic,Liga Portugal 25/26,8.0,Away,FC Porto,FC Porto,Benfica,ALL,Match overview,Ball possession,49%,51%,51%,49%
14131931,2025-10-05,Liga Portugal Betclic,Liga Portugal 25/26,8.0,Away,FC Porto,FC Porto,Benfica,ALL,Match overview,Big chances,0,1,1,0
14131931,2025-10-05,Liga Portugal Betclic,Liga Portugal 25/26,8.0,Away,FC Porto,FC Porto,Benfica,ALL,Match overview,Corner kicks,3,3,3,3
14131931,2025-10-05,Liga Portugal Betclic,Liga Portugal 25/26,8.0,Away,FC Porto,FC Porto,Benfica,ALL,Match overview,Distance covered,100.2 km,100.7 km,100.7 km,100.2 km
14131931,2025-10-05,Liga Portugal Betclic,Liga Portugal 25/26,8.0,Away,FC Porto,FC Porto,Benfica,ALL,Match overview,Expected goals,0.12,0.68,0.68,0.12
14131931,2025-10-05,Liga Portugal Betclic,Liga Portugal 25/26,8.0,Away,FC Porto,FC Porto,Benfica,ALL,Match overview,Fouls,6,15,15,6
14131931,2025-10-05,Liga Portugal Betclic,Liga Portugal 25/26,8.0,Away,FC Porto,FC Porto,Benfica,ALL,Match overview,Free kicks,15,6,6,15
14131931,2025-10-05,Liga Portugal Betclic,Liga Portugal 25/26,8.0,Away,FC Porto,FC Porto,Benfica,ALL,Match overview,Goalkeeper saves,2,1,1,2
14131931,2025-10-05,Liga Portugal Betclic,Liga Portugal 25/26,8.0,Away,FC Porto,FC Porto,Benfica,ALL,Match overview,Number of sprints,117,193,193,117
14131931,2025-10-05,Liga Portugal Betclic,Liga Portugal 25/26,8.0,Away,FC Porto,FC Porto,Benfica,ALL,Match overview,Passes,417,430,430,417
14131931,2025-10-05,Liga Portugal Betclic,Liga Portugal 25/26,8.0,Away,FC Porto,FC Porto,Benfica,ALL,Match overview,Tackles,18,11,11,18
14131931,2025-10-05,Liga Portugal Betclic,Liga Portugal 25/26,8.0,Away,FC Porto,FC Porto,Benfica,ALL,Match overview,Total shots,4,8,8,4
14131931,2025-10-05,Liga Portugal Betclic,Liga Portugal 25/26,8.0,Away,FC Porto,FC Porto,Benfica,ALL,Match overview,Yellow cards,2,6,6,2
14131931,2025-10-05,Liga Portugal Betclic,Liga Portugal 25/26,8.0,Away,FC Porto,FC Porto,Benfica,ALL,Passes,Accurate passes,334,366,366,334
14131931,2025-10-05,Liga Portugal Betclic,Liga Portugal 25/26,8.0,Away,FC Porto,FC Porto,Benfica,ALL,Passes,Crosses,1/10 (10%),5/19 (26%),5/19 (26%),1/10 (10%)
14131931,2025-10-05,Liga Portugal Betclic,Liga Portugal 25/26,8.0,Away,FC Porto,FC Porto,Benfica,ALL,Passes,Final third entries,33,51,51,33
14131931,2025-10-05,Liga Portugal Betclic,Liga Portugal 25/26,8.0,Away,FC Porto,FC Porto,Benfica,ALL,Passes,Final third phase,48/74 (65%),77/114 (68%),77/114 (68%),48/74 (65%)
14131931,2025-10-05,Liga Portugal Betclic,Liga Portugal 25/26,8.0,Away,FC Porto,FC Porto,Benfica,ALL,Passes,Long balls,24/60 (40%),19/31 (61%),19/31 (61%),24/60 (40%)
14131931,2025-10-05,Liga Portugal Betclic,Liga Portugal 25/26,8.0,Away,FC Porto,FC Porto,Benfica,ALL,Passes,Throw-ins,11,24,24,11
14131931,2025-10-05,Liga Portugal Betclic,Liga Portugal 25/26,8.0,Away,FC Porto,FC Porto,Benfica,ALL,Shots,Blocked shots,1,2,2,1
14131931,2025-10-05,Liga Portugal Betclic,Liga Portugal 25/26,8.0,Away,FC Porto,FC Porto,Benfica,ALL,Shots,Hit woodwork,1,1,1,1
14131931,2025-10-05,Liga Portugal Betclic,Liga Portugal 25/26,8.0,Away,FC Porto,FC Porto,Benfica,ALL,Shots,Shots inside box,2,6,6,2
14131931,2025-10-05,Liga Portugal Betclic,Liga Portugal 25/26,8.0,Away,FC Porto,FC Porto,Benfica,ALL,Shots,Shots off target,2,4,4,2
14131931,2025-10-05,Liga Portugal Betclic,Liga Portugal 25/26,8.0,Away,FC Porto,FC Porto,Benfica,ALL,Shots,Shots on target,1,2,2,1
14131931,2025-10-05,Liga Portugal Betclic,Liga Portugal 25/26,8.0,Away,FC Porto,FC Porto,Benfica,ALL,Shots,Shots outside box,2,2,2,2
14131931,2025-10-05,Liga Portugal Betclic,Liga Portugal 25/26,8.0,Away,FC Porto,FC Porto,Benfica,ALL,Shots,Total shots,4,8,8,4
14773643,2025-10-17,Taça de Portugal,Taca de Portugal 25/26,3.0,Away,Chaves,Chaves,Benfica,1ST,Attack,Big chances missed,1,0,0,1
14773643,2025-10-17,Taça de Portugal,Taca de Portugal 25/26,3.0,Away,Chaves,Chaves,Benfica,1ST,Attack,Fouled in final third,0,1,1,0
14773643,2025-10-17,Taça de Portugal,Taca de Portugal 25/26,3.0,Away,Chaves,Chaves,Benfica,1ST,Attack,Offsides,0,1,1,0
14773643,2025-10-17,Taça de Portugal,Taca de Portugal 25/26,3.0,Away,Chaves,Chaves,Benfica,1ST,Attack,Through balls,1,0,0,1
14773643,2025-10-17,Taça de Portugal,Taca de Portugal 25/26,3.0,Away,Chaves,Chaves,Benfica,1ST,Defending,Clearances,6,15,15,6
14773643,2025-10-17,Taça de Portugal,Taca de Portugal 25/26,3.0,Away,Chaves,Chaves,Benfica,1ST,Defending,Interceptions,1,3,3,1
14773643,2025-10-17,Taça de Portugal,Taca de Portugal 25/26,3.0,Away,Chaves,Chaves,Benfica,1ST,Defending,Recoveries,18,22,22,18
14773643,2025-10-17,Taça de Portugal,Taca de Portugal 25/26,3.0,Away,Chaves,Chaves,Benfica,1ST,Defending,Tackles won,40%,50%,50%,40%
14773643,2025-10-17,Taça de Portugal,Taca de Portugal 25/26,3.0,Away,Chaves,Chaves,Benfica,1ST,Defending,Total tackles,5,10,10,5
14773643,2025-10-17,Taça de Portugal,Taca de Portugal 25/26,3.0,Away,Chaves,Chaves,Benfica,1ST,Duels,Aerial duels,9/15 (60%),6/15 (40%),6/15 (40%),9/15 (60%)
14773643,2025-10-17,Taça de Portugal,Taca de Portugal 25/26,3.0,Away,Chaves,Chaves,Benfica,1ST,Duels,Dispossessed,6,4,4,6
14773643,2025-10-17,Taça de Portugal,Taca de Portugal 25/26,3.0,Away,Chaves,Chaves,Benfica,1ST,Duels,Dribbles,0/4 (0%),2/3 (67%),2/3 (67%),0/4 (0%)
14773643,2025-10-17,Taça de Portugal,Taca de Portugal 25/26,3.0,Away,Chaves,Chaves,Benfica,1ST,Duels,Duels,47%,53%,53%,47%
14773643,2025-10-17,Taça de Portugal,Taca de Portugal 25/26,3.0,Away,Chaves,Chaves,Benfica,1ST,Duels,Ground duels,14/34 (41%),20/34 (59%),20/34 (59%),14/34 (41%)
14773643,2025-10-17,Taça de Portugal,Taca de Portugal 25/26,3.0,Away,Chaves,Chaves,Benfica,1ST,Goalkeeping,Goal kicks,2,2,2,2
14773643,2025-10-17,Taça de Portugal,Taca de Portugal 25/26,3.0,Away,Chaves,Chaves,Benfica,1ST,Goalkeeping,Total saves,3,2,2,3
14773643,2025-10-17,Taça de Portugal,Taca de Portugal 25/26,3.0,Away,Chaves,Chaves,Benfica,1ST,Match overview,Ball possession,70%,30%,30%,70%
14773643,2025-10-17,Taça de Portugal,Taca de Portugal 25/26,3.0,Away,Chaves,Chaves,Benfica,1ST,Match overview,Big chances,1,0,0,1
14773643,2025-10-17,Taça de Portugal,Taca de Portugal 25/26,3.0,Away,Chaves,Chaves,Benfica,1ST,Match overview,Corner kicks,0,2,2,0
14773643,2025-10-17,Taça de Portugal,Taca de Portugal 25/26,3.0,Away,Chaves,Chaves,Benfica,1ST,Match overview,Fouls,9,11,11,9
14773643,2025-10-17,Taça de Portugal,Taca de Portugal 25/26,3.0,Away,Chaves,Chaves,Benfica,1ST,Match overview,Free kicks,11,9,9,11
14773643,2025-10-17,Taça de Portugal,Taca de Portugal 25/26,3.0,Away,Chaves,Chaves,Benfica,1ST,Match overview,Goalkeeper saves,3,2,2,3
14773643,2025-10-17,Taça de Portugal,Taca de Portugal 25/26,3.0,Away,Chaves,Chaves,Benfica,1ST,Match overview,Passes,320,129,129,320
14773643,2025-10-17,Taça de Portugal,Taca de Portugal 25/26,3.0,Away,Chaves,Chaves,Benfica,1ST,Match overview,Tackles,5,10,10,5
14773643,2025-10-17,Taça de Portugal,Taca de Portugal 25/26,3.0,Away,Chaves,Chaves,Benfica,1ST,Match overview,Total shots,5,7,7,5
14773643,2025-10-17,Taça de Portugal,Taca de Portugal 25/26,3.0,Away,Chaves,Chaves,Benfica,1ST,Match overview,Yellow cards,1,1,1,1
14773643,2025-10-17,Taça de Portugal,Taca de Portugal 25/26,3.0,Away,Chaves,Chaves,Benfica,1ST,Passes,Accurate passes,284,99,99,284
14773643,2025-10-17,Taça de Portugal,Taca de Portugal 25/26,3.0,Away,Chaves,Chaves,Benfica,1ST,Passes,Crosses,0/2 (0%),2/8 (25%),2/8 (25%),0/2 (0%)
14773643,2025-10-17,Taça de Portugal,Taca de Portugal 25/26,3.0,Away,Chaves,Chaves,Benfica,1ST,Passes,Final third entries,30,17,17,30
14773643,2025-10-17,Taça de Portugal,Taca de Portugal 25/26,3.0,Away,Chaves,Chaves,Benfica,1ST,Passes,Long balls,16/30 (53%),10/26 (38%),10/26 (38%),16/30 (53%)
14773643,2025-10-17,Taça de Portugal,Taca de Portugal 25/26,3.0,Away,Chaves,Chaves,Benfica,1ST,Passes,Throw-ins,12,6,6,12
14773643,2025-10-17,Taça de Portugal,Taca de Portugal 25/26,3.0,Away,Chaves,Chaves,Benfica,1ST,Shots,Blocked shots,1,2,2,1
14773643,2025-10-17,Taça de Portugal,Taca de Portugal 25/26,3.0,Away,Chaves,Chaves,Benfica,1ST,Shots,Hit woodwork,0,0,0,0
14773643,2025-10-17,Taça de Portugal,Taca de Portugal 25/26,3.0,Away,Chaves,Chaves,Benfica,1ST,Shots,Shots inside box,3,4,4,3
14773643,2025-10-17,Taça de Portugal,Taca de Portugal 25/26,3.0,Away,Chaves,Chaves,Benfica,1ST,Shots,Shots off target,1,2,2,1
14773643,2025-10-17,Taça de Portugal,Taca de Portugal 25/26,3.0,Away,Chaves,Chaves,Benfica,1ST,Shots,Shots on target,3,3,3,3
14773643,2025-10-17,Taça de Portugal,Taca de Portugal 25/26,3.0,Away,Chaves,Chaves,Benfica,1ST,Shots,Shots outside box,2,3,3,2
14773643,2025-10-17,Taça de Portugal,Taca de Portugal 25/26,3.0,Away,Chaves,Chaves,Benfica,1ST,Shots,Total shots,5,7,7,5
14773643,2025-10-17,Taça de Portugal,Taca de Portugal 25/26,3.0,Away,Chaves,Chaves,Benfica,2ND,Attack,Big chances missed,1,0,0,1
14773643,2025-10-17,Taça de Portugal,Taca de Portugal 25/26,3.0,Away,Chaves,Chaves,Benfica,2ND,Attack,Fouled in final third,1,0,0,1
14773643,2025-10-17,Taça de Portugal,Taca de Portugal 25/26,3.0,Away,Chaves,Chaves,Benfica,2ND,Attack,Offsides,0,1,1,0
14773643,2025-10-17,Taça de Portugal,Taca de Portugal 25/26,3.0,Away,Chaves,Chaves,Benfica,2ND,Attack,Through balls,0,0,0,0
14773643,2025-10-17,Taça de Portugal,Taca de Portugal 25/26,3.0,Away,Chaves,Chaves,Benfica,2ND,Defending,Clearances,12,12,12,12
14773643,2025-10-17,Taça de Portugal,Taca de Portugal 25/26,3.0,Away,Chaves,Chaves,Benfica,2ND,Defending,Interceptions,2,3,3,2
14773643,2025-10-17,Taça de Portugal,Taca de Portugal 25/26,3.0,Away,Chaves,Chaves,Benfica,2ND,Defending,Recoveries,19,16,16,19
14773643,2025-10-17,Taça de Portugal,Taca de Portugal 25/26,3.0,Away,Chaves,Chaves,Benfica,2ND,Defending,Tackles won,80%,50%,50%,80%
14773643,2025-10-17,Taça de Portugal,Taca de Portugal 25/26,3.0,Away,Chaves,Chaves,Benfica,2ND,Defending,Total tackles,5,8,8,5
14773643,2025-10-17,Taça de Portugal,Taca de Portugal 25/26,3.0,Away,Chaves,Chaves,Benfica,2ND,Duels,Aerial duels,5/10 (50%),5/10 (50%),5/10 (50%),5/10 (50%)
14773643,2025-10-17,Taça de Portugal,Taca de Portugal 25/26,3.0,Away,Chaves,Chaves,Benfica,2ND,Duels,Dispossessed,4,2,2,4
14773643,2025-10-17,Taça de Portugal,Taca de Portugal 25/26,3.0,Away,Chaves,Chaves,Benfica,2ND,Duels,Dribbles,2/6 (33%),2/5 (40%),2/5 (40%),2/6 (33%)
14773643,2025-10-17,Taça de Portugal,Taca de Portugal 25/26,3.0,Away,Chaves,Chaves,Benfica,2ND,Duels,Duels,49%,51%,51%,49%
14773643,2025-10-17,Taça de Portugal,Taca de Portugal 25/26,3.0,Away,Chaves,Chaves,Benfica,2ND,Duels,Ground duels,15/31 (48%),16/31 (52%),16/31 (52%),15/31 (48%)
14773643,2025-10-17,Taça de Portugal,Taca de Portugal 25/26,3.0,Away,Chaves,Chaves,Benfica,2ND,Goalkeeping,Goal kicks,2,3,3,2
14773643,2025-10-17,Taça de Portugal,Taca de Portugal 25/26,3.0,Away,Chaves,Chaves,Benfica,2ND,Goalkeeping,Total saves,0,3,3,0
14773643,2025-10-17,Taça de Portugal,Taca de Portugal 25/26,3.0,Away,Chaves,Chaves,Benfica,2ND,Match overview,Ball possession,55%,45%,45%,55%
14773643,2025-10-17,Taça de Portugal,Taca de Portugal 25/26,3.0,Away,Chaves,Chaves,Benfica,2ND,Match overview,Big chances,1,0,0,1
14773643,2025-10-17,Taça de Portugal,Taca de Portugal 25/26,3.0,Away,Chaves,Chaves,Benfica,2ND,Match overview,Corner kicks,4,2,2,4
14773643,2025-10-17,Taça de Portugal,Taca de Portugal 25/26,3.0,Away,Chaves,Chaves,Benfica,2ND,Match overview,Fouls,6,8,8,6
14773643,2025-10-17,Taça de Portugal,Taca de Portugal 25/26,3.0,Away,Chaves,Chaves,Benfica,2ND,Match overview,Free kicks,8,6,6,8
14773643,2025-10-17,Taça de Portugal,Taca de Portugal 25/26,3.0,Away,Chaves,Chaves,Benfica,2ND,Match overview,Goalkeeper saves,0,3,3,0
14773643,2025-10-17,Taça de Portugal,Taca de Portugal 25/26,3.0,Away,Chaves,Chaves,Benfica,2ND,Match overview,Passes,250,201,201,250
14773643,2025-10-17,Taça de Portugal,Taca de Portugal 25/26,3.0,Away,Chaves,Chaves,Benfica,2ND,Match overview,Tackles,5,8,8,5
14773643,2025-10-17,Taça de Portugal,Taca de Portugal 25/26,3.0,Away,Chaves,Chaves,Benfica,2ND,Match overview,Total shots,5,3,3,5
14773643,2025-10-17,Taça de Portugal,Taca de Portugal 25/26,3.0,Away,Chaves,Chaves,Benfica,2ND,Match overview,Yellow cards,1,1,1,1
14773643,2025-10-17,Taça de Portugal,Taca de Portugal 25/26,3.0,Away,Chaves,Chaves,Benfica,2ND,Passes,Accurate passes,220,172,172,220
14773643,2025-10-17,Taça de Portugal,Taca de Portugal 25/26,3.0,Away,Chaves,Chaves,Benfica,2ND,Passes,Crosses,3/8 (38%),1/7 (14%),1/7 (14%),3/8 (38%)
14773643,2025-10-17,Taça de Portugal,Taca de Portugal 25/26,3.0,Away,Chaves,Chaves,Benfica,2ND,Passes,Final third entries,27,22,22,27
14773643,2025-10-17,Taça de Portugal,Taca de Portugal 25/26,3.0,Away,Chaves,Chaves,Benfica,2ND,Passes,Long balls,19/27 (70%),13/21 (62%),13/21 (62%),19/27 (70%)
14773643,2025-10-17,Taça de Portugal,Taca de Portugal 25/26,3.0,Away,Chaves,Chaves,Benfica,2ND,Passes,Throw-ins,6,8,8,6
14773643,2025-10-17,Taça de Portugal,Taca de Portugal 25/26,3.0,Away,Chaves,Chaves,Benfica,2ND,Shots,Blocked shots,1,2,2,1
14773643,2025-10-17,Taça de Portugal,Taca de Portugal 25/26,3.0,Away,Chaves,Chaves,Benfica,2ND,Shots,Hit woodwork,0,0,0,0
14773643,2025-10-17,Taça de Portugal,Taca de Portugal 25/26,3.0,Away,Chaves,Chaves,Benfica,2ND,Shots,Shots inside box,3,1,1,3
14773643,2025-10-17,Taça de Portugal,Taca de Portugal 25/26,3.0,Away,Chaves,Chaves,Benfica,2ND,Shots,Shots off target,0,1,1,0
14773643,2025-10-17,Taça de Portugal,Taca de Portugal 25/26,3.0,Away,Chaves,Chaves,Benfica,2ND,Shots,Shots on target,4,0,0,4
14773643,2025-10-17,Taça de Portugal,Taca de Portugal 25/26,3.0,Away,Chaves,Chaves,Benfica,2ND,Shots,Shots outside box,2,2,2,2
14773643,2025-10-17,Taça de Portugal,Taca de Portugal 25/26,3.0,Away,Chaves,Chaves,Benfica,2ND,Shots,Total shots,5,3,3,5
14773643,2025-10-17,Taça de Portugal,Taca de Portugal 25/26,3.0,Away,Chaves,Chaves,Benfica,ALL,Attack,Big chances missed,2,0,0,2
14773643,2025-10-17,Taça de Portugal,Taca de Portugal 25/26,3.0,Away,Chaves,Chaves,Benfica,ALL,Attack,Fouled in final third,1,1,1,1
14773643,2025-10-17,Taça de Portugal,Taca de Portugal 25/26,3.0,Away,Chaves,Chaves,Benfica,ALL,Attack,Offsides,0,2,2,0
14773643,2025-10-17,Taça de Portugal,Taca de Portugal 25/26,3.0,Away,Chaves,Chaves,Benfica,ALL,Attack,Through balls,1,0,0,1
14773643,2025-10-17,Taça de Portugal,Taca de Portugal 25/26,3.0,Away,Chaves,Chaves,Benfica,ALL,Attack,Touches in penalty area,33,13,13,33
14773643,2025-10-17,Taça de Portugal,Taca de Portugal 25/26,3.0,Away,Chaves,Chaves,Benfica,ALL,Defending,Clearances,18,27,27,18
14773643,2025-10-17,Taça de Portugal,Taca de Portugal 25/26,3.0,Away,Chaves,Chaves,Benfica,ALL,Defending,Errors lead to a shot,1,1,1,1
14773643,2025-10-17,Taça de Portugal,Taca de Portugal 25/26,3.0,Away,Chaves,Chaves,Benfica,ALL,Defending,Interceptions,3,6,6,3
14773643,2025-10-17,Taça de Portugal,Taca de Portugal 25/26,3.0,Away,Chaves,Chaves,Benfica,ALL,Defending,Recoveries,37,38,38,37
14773643,2025-10-17,Taça de Portugal,Taca de Portugal 25/26,3.0,Away,Chaves,Chaves,Benfica,ALL,Defending,Tackles won,60%,50%,50%,60%
14773643,2025-10-17,Taça de Portugal,Taca de Portugal 25/26,3.0,Away,Chaves,Chaves,Benfica,ALL,Defending,Total tackles,10,18,18,10
14773643,2025-10-17,Taça de Portugal,Taca de Portugal 25/26,3.0,Away,Chaves,Chaves,Benfica,ALL,Duels,Aerial duels,14/25 (56%),11/25 (44%),11/25 (44%),14/25 (56%)
14773643,2025-10-17,Taça de Portugal,Taca de Portugal 25/26,3.0,Away,Chaves,Chaves,Benfica,ALL,Duels,Dispossessed,10,6,6,10
14773643,2025-10-17,Taça de Portugal,Taca de Portugal 25/26,3.0,Away,Chaves,Chaves,Benfica,ALL,Duels,Dribbles,2/10 (20%),4/8 (50%),4/8 (50%),2/10 (20%)
14773643,2025-10-17,Taça de Portugal,Taca de Portugal 25/26,3.0,Away,Chaves,Chaves,Benfica,ALL,Duels,Duels,48%,52%,52%,48%
14773643,2025-10-17,Taça de Portugal,Taca de Portugal 25/26,3.0,Away,Chaves,Chaves,Benfica,ALL,Duels,Ground duels,29/65 (45%),36/65 (55%),36/65 (55%),29/65 (45%)
14773643,2025-10-17,Taça de Portugal,Taca de Portugal 25/26,3.0,Away,Chaves,Chaves,Benfica,ALL,Goalkeeping,Big saves,0,4,4,0
14773643,2025-10-17,Taça de Portugal,Taca de Portugal 25/26,3.0,Away,Chaves,Chaves,Benfica,ALL,Goalkeeping,Goal kicks,4,5,5,4
14773643,2025-10-17,Taça de Portugal,Taca de Portugal 25/26,3.0,Away,Chaves,Chaves,Benfica,ALL,Goalkeeping,Punches,0,1,1,0
14773643,2025-10-17,Taça de Portugal,Taca de Portugal 25/26,3.0,Away,Chaves,Chaves,Benfica,ALL,Goalkeeping,Total saves,3,5,5,3
14773643,2025-10-17,Taça de Portugal,Taca de Portugal 25/26,3.0,Away,Chaves,Chaves,Benfica,ALL,Match overview,Ball possession,62%,38%,38%,62%
14773643,2025-10-17,Taça de Portugal,Taca de Portugal 25/26,3.0,Away,Chaves,Chaves,Benfica,ALL,Match overview,Big chances,2,0,0,2
14773643,2025-10-17,Taça de Portugal,Taca de Portugal 25/26,3.0,Away,Chaves,Chaves,Benfica,ALL,Match overview,Corner kicks,4,4,4,4
14773643,2025-10-17,Taça de Portugal,Taca de Portugal 25/26,3.0,Away,Chaves,Chaves,Benfica,ALL,Match overview,Fouls,15,19,19,15
14773643,2025-10-17,Taça de Portugal,Taca de Portugal 25/26,3.0,Away,Chaves,Chaves,Benfica,ALL,Match overview,Free kicks,19,15,15,19
14773643,2025-10-17,Taça de Portugal,Taca de Portugal 25/26,3.0,Away,Chaves,Chaves,Benfica,ALL,Match overview,Goalkeeper saves,3,5,5,3
14773643,2025-10-17,Taça de Portugal,Taca de Portugal 25/26,3.0,Away,Chaves,Chaves,Benfica,ALL,Match overview,Passes,570,330,330,570
14773643,2025-10-17,Taça de Portugal,Taca de Portugal 25/26,3.0,Away,Chaves,Chaves,Benfica,ALL,Match overview,Tackles,10,18,18,10
14773643,2025-10-17,Taça de Portugal,Taca de Portugal 25/26,3.0,Away,Chaves,Chaves,Benfica,ALL,Match overview,Total shots,10,10,10,10
14773643,2025-10-17,Taça de Portugal,Taca de Portugal 25/26,3.0,Away,Chaves,Chaves,Benfica,ALL,Match overview,Yellow cards,2,2,2,2
14773643,2025-10-17,Taça de Portugal,Taca de Portugal 25/26,3.0,Away,Chaves,Chaves,Benfica,ALL,Passes,Accurate passes,504,271,271,504
14773643,2025-10-17,Taça de Portugal,Taca de Portugal 25/26,3.0,Away,Chaves,Chaves,Benfica,ALL,Passes,Crosses,3/10 (30%),3/15 (20%),3/15 (20%),3/10 (30%)
14773643,2025-10-17,Taça de Portugal,Taca de Portugal 25/26,3.0,Away,Chaves,Chaves,Benfica,ALL,Passes,Final third entries,57,39,39,57
14773643,2025-10-17,Taça de Portugal,Taca de Portugal 25/26,3.0,Away,Chaves,Chaves,Benfica,ALL,Passes,Final third phase,122/165 (74%),59/85 (69%),59/85 (69%),122/165 (74%)
14773643,2025-10-17,Taça de Portugal,Taca de Portugal 25/26,3.0,Away,Chaves,Chaves,Benfica,ALL,Passes,Long balls,35/57 (61%),23/47 (49%),23/47 (49%),35/57 (61%)
14773643,2025-10-17,Taça de Portugal,Taca de Portugal 25/26,3.0,Away,Chaves,Chaves,Benfica,ALL,Passes,Throw-ins,18,14,14,18
14773643,2025-10-17,Taça de Portugal,Taca de Portugal 25/26,3.0,Away,Chaves,Chaves,Benfica,ALL,Shots,Blocked shots,2,4,4,2
14773643,2025-10-17,Taça de Portugal,Taca de Portugal 25/26,3.0,Away,Chaves,Chaves,Benfica,ALL,Shots,Hit woodwork,0,0,0,0
14773643,2025-10-17,Taça de Portugal,Taca de Portugal 25/26,3.0,Away,Chaves,Chaves,Benfica,ALL,Shots,Shots inside box,6,5,5,6
14773643,2025-10-17,Taça de Portugal,Taca de Portugal 25/26,3.0,Away,Chaves,Chaves,Benfica,ALL,Shots,Shots off target,1,3,3,1
14773643,2025-10-17,Taça de Portugal,Taca de Portugal 25/26,3.0,Away,Chaves,Chaves,Benfica,ALL,Shots,Shots on target,7,3,3,7
14773643,2025-10-17,Taça de Portugal,Taca de Portugal 25/26,3.0,Away,Chaves,Chaves,Benfica,ALL,Shots,Shots outside box,4,5,5,4
14773643,2025-10-17,Taça de Portugal,Taca de Portugal 25/26,3.0,Away,Chaves,Chaves,Benfica,ALL,Shots,Total shots,10,10,10,10
14566956,2025-10-21,UEFA Champions League,UEFA Champions League 25/26,3.0,Away,Newcastle United,Newcastle United,Benfica,1ST,Attack,Big chances missed,1,1,1,1
14566956,2025-10-21,UEFA Champions League,UEFA Champions League 25/26,3.0,Away,Newcastle United,Newcastle United,Benfica,1ST,Attack,Big chances scored,0,1,1,0
14566956,2025-10-21,UEFA Champions League,UEFA Champions League 25/26,3.0,Away,Newcastle United,Newcastle United,Benfica,1ST,Attack,Fouled in final third,0,1,1,0
14566956,2025-10-21,UEFA Champions League,UEFA Champions League 25/26,3.0,Away,Newcastle United,Newcastle United,Benfica,1ST,Attack,Offsides,0,1,1,0
14566956,2025-10-21,UEFA Champions League,UEFA Champions League 25/26,3.0,Away,Newcastle United,Newcastle United,Benfica,1ST,Attack,Through balls,0,1,1,0
14566956,2025-10-21,UEFA Champions League,UEFA Champions League 25/26,3.0,Away,Newcastle United,Newcastle United,Benfica,1ST,Defending,Clearances,7,15,15,7
14566956,2025-10-21,UEFA Champions League,UEFA Champions League 25/26,3.0,Away,Newcastle United,Newcastle United,Benfica,1ST,Defending,Interceptions,7,5,5,7
14566956,2025-10-21,UEFA Champions League,UEFA Champions League 25/26,3.0,Away,Newcastle United,Newcastle United,Benfica,1ST,Defending,Recoveries,26,27,27,26
14566956,2025-10-21,UEFA Champions League,UEFA Champions League 25/26,3.0,Away,Newcastle United,Newcastle United,Benfica,1ST,Defending,Tackles won,64%,56%,56%,64%
14566956,2025-10-21,UEFA Champions League,UEFA Champions League 25/26,3.0,Away,Newcastle United,Newcastle United,Benfica,1ST,Defending,Total tackles,11,9,9,11
14566956,2025-10-21,UEFA Champions League,UEFA Champions League 25/26,3.0,Away,Newcastle United,Newcastle United,Benfica,1ST,Duels,Aerial duels,7/15 (47%),8/15 (53%),8/15 (53%),7/15 (47%)
14566956,2025-10-21,UEFA Champions League,UEFA Champions League 25/26,3.0,Away,Newcastle United,Newcastle United,Benfica,1ST,Duels,Dispossessed,5,9,9,5
14566956,2025-10-21,UEFA Champions League,UEFA Champions League 25/26,3.0,Away,Newcastle United,Newcastle United,Benfica,1ST,Duels,Dribbles,5/9 (56%),2/4 (50%),2/4 (50%),5/9 (56%)
14566956,2025-10-21,UEFA Champions League,UEFA Champions League 25/26,3.0,Away,Newcastle United,Newcastle United,Benfica,1ST,Duels,Duels,55%,45%,45%,55%
14566956,2025-10-21,UEFA Champions League,UEFA Champions League 25/26,3.0,Away,Newcastle United,Newcastle United,Benfica,1ST,Duels,Ground duels,23/40 (57%),17/40 (43%),17/40 (43%),23/40 (57%)
14566956,2025-10-21,UEFA Champions League,UEFA Champions League 25/26,3.0,Away,Newcastle United,Newcastle United,Benfica,1ST,Goalkeeping,Goal kicks,4,3,3,4
14566956,2025-10-21,UEFA Champions League,UEFA Champions League 25/26,3.0,Away,Newcastle United,Newcastle United,Benfica,1ST,Goalkeeping,Total saves,3,2,2,3
14566956,2025-10-21,UEFA Champions League,UEFA Champions League 25/26,3.0,Away,Newcastle United,Newcastle United,Benfica,1ST,Match overview,Ball possession,45%,55%,55%,45%
14566956,2025-10-21,UEFA Champions League,UEFA Champions League 25/26,3.0,Away,Newcastle United,Newcastle United,Benfica,1ST,Match overview,Big chances,1,2,2,1
14566956,2025-10-21,UEFA Champions League,UEFA Champions League 25/26,3.0,Away,Newcastle United,Newcastle United,Benfica,1ST,Match overview,Corner kicks,6,3,3,6
14566956,2025-10-21,UEFA Champions League,UEFA Champions League 25/26,3.0,Away,Newcastle United,Newcastle United,Benfica,1ST,Match overview,Expected goals,0.25,1.16,1.16,0.25
14566956,2025-10-21,UEFA Champions League,UEFA Champions League 25/26,3.0,Away,Newcastle United,Newcastle United,Benfica,1ST,Match overview,Fouls,6,7,7,6
14566956,2025-10-21,UEFA Champions League,UEFA Champions League 25/26,3.0,Away,Newcastle United,Newcastle United,Benfica,1ST,Match overview,Free kicks,7,6,6,7
14566956,2025-10-21,UEFA Champions League,UEFA Champions League 25/26,3.0,Away,Newcastle United,Newcastle United,Benfica,1ST,Match overview,Goalkeeper saves,3,2,2,3
14566956,2025-10-21,UEFA Champions League,UEFA Champions League 25/26,3.0,Away,Newcastle United,Newcastle United,Benfica,1ST,Match overview,Number of sprints,0,0,0,0
14566956,2025-10-21,UEFA Champions League,UEFA Champions League 25/26,3.0,Away,Newcastle United,Newcastle United,Benfica,1ST,Match overview,Passes,202,249,249,202
14566956,2025-10-21,UEFA Champions League,UEFA Champions League 25/26,3.0,Away,Newcastle United,Newcastle United,Benfica,1ST,Match overview,Tackles,11,9,9,11
14566956,2025-10-21,UEFA Champions League,UEFA Champions League 25/26,3.0,Away,Newcastle United,Newcastle United,Benfica,1ST,Match overview,Total shots,5,8,8,5
14566956,2025-10-21,UEFA Champions League,UEFA Champions League 25/26,3.0,Away,Newcastle United,Newcastle United,Benfica,1ST,Match overview,Yellow cards,1,1,1,1
14566956,2025-10-21,UEFA Champions League,UEFA Champions League 25/26,3.0,Away,Newcastle United,Newcastle United,Benfica,1ST,Passes,Accurate passes,160,212,212,160
14566956,2025-10-21,UEFA Champions League,UEFA Champions League 25/26,3.0,Away,Newcastle United,Newcastle United,Benfica,1ST,Passes,Crosses,0/8 (0%),2/4 (50%),2/4 (50%),0/8 (0%)
14566956,2025-10-21,UEFA Champions League,UEFA Champions League 25/26,3.0,Away,Newcastle United,Newcastle United,Benfica,1ST,Passes,Final third entries,12,27,27,12
14566956,2025-10-21,UEFA Champions League,UEFA Champions League 25/26,3.0,Away,Newcastle United,Newcastle United,Benfica,1ST,Passes,Long balls,6/25 (24%),11/19 (58%),11/19 (58%),6/25 (24%)
14566956,2025-10-21,UEFA Champions League,UEFA Champions League 25/26,3.0,Away,Newcastle United,Newcastle United,Benfica,1ST,Passes,Throw-ins,8,8,8,8
14566956,2025-10-21,UEFA Champions League,UEFA Champions League 25/26,3.0,Away,Newcastle United,Newcastle United,Benfica,1ST,Shots,Blocked shots,1,3,3,1
14566956,2025-10-21,UEFA Champions League,UEFA Champions League 25/26,3.0,Away,Newcastle United,Newcastle United,Benfica,1ST,Shots,Hit woodwork,1,0,0,1
14566956,2025-10-21,UEFA Champions League,UEFA Champions League 25/26,3.0,Away,Newcastle United,Newcastle United,Benfica,1ST,Shots,Shots inside box,2,5,5,2
14566956,2025-10-21,UEFA Champions League,UEFA Champions League 25/26,3.0,Away,Newcastle United,Newcastle United,Benfica,1ST,Shots,Shots off target,2,1,1,2
14566956,2025-10-21,UEFA Champions League,UEFA Champions League 25/26,3.0,Away,Newcastle United,Newcastle United,Benfica,1ST,Shots,Shots on target,2,4,4,2
14566956,2025-10-21,UEFA Champions League,UEFA Champions League 25/26,3.0,Away,Newcastle United,Newcastle United,Benfica,1ST,Shots,Shots outside box,3,3,3,3
14566956,2025-10-21,UEFA Champions League,UEFA Champions League 25/26,3.0,Away,Newcastle United,Newcastle United,Benfica,1ST,Shots,Total shots,5,8,8,5
14566956,2025-10-21,UEFA Champions League,UEFA Champions League 25/26,3.0,Away,Newcastle United,Newcastle United,Benfica,2ND,Attack,Big chances missed,0,2,2,0
14566956,2025-10-21,UEFA Champions League,UEFA Champions League 25/26,3.0,Away,Newcastle United,Newcastle United,Benfica,2ND,Attack,Big chances scored,0,1,1,0
14566956,2025-10-21,UEFA Champions League,UEFA Champions League 25/26,3.0,Away,Newcastle United,Newcastle United,Benfica,2ND,Attack,Fouled in final third,1,1,1,1
14566956,2025-10-21,UEFA Champions League,UEFA Champions League 25/26,3.0,Away,Newcastle United,Newcastle United,Benfica,2ND,Attack,Offsides,1,1,1,1
14566956,2025-10-21,UEFA Champions League,UEFA Champions League 25/26,3.0,Away,Newcastle United,Newcastle United,Benfica,2ND,Attack,Through balls,0,0,0,0
14566956,2025-10-21,UEFA Champions League,UEFA Champions League 25/26,3.0,Away,Newcastle United,Newcastle United,Benfica,2ND,Defending,Clearances,11,9,9,11
14566956,2025-10-21,UEFA Champions League,UEFA Champions League 25/26,3.0,Away,Newcastle United,Newcastle United,Benfica,2ND,Defending,Interceptions,3,5,5,3
14566956,2025-10-21,UEFA Champions League,UEFA Champions League 25/26,3.0,Away,Newcastle United,Newcastle United,Benfica,2ND,Defending,Recoveries,21,29,29,21
14566956,2025-10-21,UEFA Champions League,UEFA Champions League 25/26,3.0,Away,Newcastle United,Newcastle United,Benfica,2ND,Defending,Tackles won,100%,80%,80%,100%
14566956,2025-10-21,UEFA Champions League,UEFA Champions League 25/26,3.0,Away,Newcastle United,Newcastle United,Benfica,2ND,Defending,Total tackles,5,5,5,5
14566956,2025-10-21,UEFA Champions League,UEFA Champions League 25/26,3.0,Away,Newcastle United,Newcastle United,Benfica,2ND,Duels,Aerial duels,4/12 (33%),8/12 (67%),8/12 (67%),4/12 (33%)
14566956,2025-10-21,UEFA Champions League,UEFA Champions League 25/26,3.0,Away,Newcastle United,Newcastle United,Benfica,2ND,Duels,Dispossessed,3,4,4,3
14566956,2025-10-21,UEFA Champions League,UEFA Champions League 25/26,3.0,Away,Newcastle United,Newcastle United,Benfica,2ND,Duels,Dribbles,2/4 (50%),5/6 (83%),5/6 (83%),2/4 (50%)
14566956,2025-10-21,UEFA Champions League,UEFA Champions League 25/26,3.0,Away,Newcastle United,Newcastle United,Benfica,2ND,Duels,Duels,51%,49%,49%,51%
14566956,2025-10-21,UEFA Champions League,UEFA Champions League 25/26,3.0,Away,Newcastle United,Newcastle United,Benfica,2ND,Duels,Ground duels,16/27 (59%),11/27 (41%),11/27 (41%),16/27 (59%)
14566956,2025-10-21,UEFA Champions League,UEFA Champions League 25/26,3.0,Away,Newcastle United,Newcastle United,Benfica,2ND,Goalkeeping,Goal kicks,5,4,4,5
14566956,2025-10-21,UEFA Champions League,UEFA Champions League 25/26,3.0,Away,Newcastle United,Newcastle United,Benfica,2ND,Goalkeeping,Total saves,4,0,0,4
14566956,2025-10-21,UEFA Champions League,UEFA Champions League 25/26,3.0,Away,Newcastle United,Newcastle United,Benfica,2ND,Match overview,Ball possession,51%,49%,49%,51%
14566956,2025-10-21,UEFA Champions League,UEFA Champions League 25/26,3.0,Away,Newcastle United,Newcastle United,Benfica,2ND,Match overview,Big chances,0,3,3,0
14566956,2025-10-21,UEFA Champions League,UEFA Champions League 25/26,3.0,Away,Newcastle United,Newcastle United,Benfica,2ND,Match overview,Corner kicks,2,9,9,2
14566956,2025-10-21,UEFA Champions League,UEFA Champions League 25/26,3.0,Away,Newcastle United,Newcastle United,Benfica,2ND,Match overview,Expected goals,0.08,1.46,1.46,0.08
14566956,2025-10-21,UEFA Champions League,UEFA Champions League 25/26,3.0,Away,Newcastle United,Newcastle United,Benfica,2ND,Match overview,Fouls,1,9,9,1
14566956,2025-10-21,UEFA Champions League,UEFA Champions League 25/26,3.0,Away,Newcastle United,Newcastle United,Benfica,2ND,Match overview,Free kicks,9,1,1,9
14566956,2025-10-21,UEFA Champions League,UEFA Champions League 25/26,3.0,Away,Newcastle United,Newcastle United,Benfica,2ND,Match overview,Goalkeeper saves,4,0,0,4
14566956,2025-10-21,UEFA Champions League,UEFA Champions League 25/26,3.0,Away,Newcastle United,Newcastle United,Benfica,2ND,Match overview,Number of sprints,0,0,0,0
14566956,2025-10-21,UEFA Champions League,UEFA Champions League 25/26,3.0,Away,Newcastle United,Newcastle United,Benfica,2ND,Match overview,Passes,186,168,168,186
14566956,2025-10-21,UEFA Champions League,UEFA Champions League 25/26,3.0,Away,Newcastle United,Newcastle United,Benfica,2ND,Match overview,Tackles,5,5,5,5
14566956,2025-10-21,UEFA Champions League,UEFA Champions League 25/26,3.0,Away,Newcastle United,Newcastle United,Benfica,2ND,Match overview,Total shots,2,11,11,2
14566956,2025-10-21,UEFA Champions League,UEFA Champions League 25/26,3.0,Away,Newcastle United,Newcastle United,Benfica,2ND,Match overview,Yellow cards,0,0,0,0
14566956,2025-10-21,UEFA Champions League,UEFA Champions League 25/26,3.0,Away,Newcastle United,Newcastle United,Benfica,2ND,Passes,Accurate passes,155,140,140,155
14566956,2025-10-21,UEFA Champions League,UEFA Champions League 25/26,3.0,Away,Newcastle United,Newcastle United,Benfica,2ND,Passes,Crosses,1/8 (13%),5/16 (31%),5/16 (31%),1/8 (13%)
14566956,2025-10-21,UEFA Champions League,UEFA Champions League 25/26,3.0,Away,Newcastle United,Newcastle United,Benfica,2ND,Passes,Final third entries,17,14,14,17
14566956,2025-10-21,UEFA Champions League,UEFA Champions League 25/26,3.0,Away,Newcastle United,Newcastle United,Benfica,2ND,Passes,Long balls,14/28 (50%),11/20 (55%),11/20 (55%),14/28 (50%)
14566956,2025-10-21,UEFA Champions League,UEFA Champions League 25/26,3.0,Away,Newcastle United,Newcastle United,Benfica,2ND,Passes,Throw-ins,10,6,6,10
14566956,2025-10-21,UEFA Champions League,UEFA Champions League 25/26,3.0,Away,Newcastle United,Newcastle United,Benfica,2ND,Shots,Blocked shots,1,2,2,1
14566956,2025-10-21,UEFA Champions League,UEFA Champions League 25/26,3.0,Away,Newcastle United,Newcastle United,Benfica,2ND,Shots,Hit woodwork,0,0,0,0
14566956,2025-10-21,UEFA Champions League,UEFA Champions League 25/26,3.0,Away,Newcastle United,Newcastle United,Benfica,2ND,Shots,Shots inside box,0,8,8,0
14566956,2025-10-21,UEFA Champions League,UEFA Champions League 25/26,3.0,Away,Newcastle United,Newcastle United,Benfica,2ND,Shots,Shots off target,1,3,3,1
14566956,2025-10-21,UEFA Champions League,UEFA Champions League 25/26,3.0,Away,Newcastle United,Newcastle United,Benfica,2ND,Shots,Shots on target,0,6,6,0
14566956,2025-10-21,UEFA Champions League,UEFA Champions League 25/26,3.0,Away,Newcastle United,Newcastle United,Benfica,2ND,Shots,Shots outside box,2,3,3,2
14566956,2025-10-21,UEFA Champions League,UEFA Champions League 25/26,3.0,Away,Newcastle United,Newcastle United,Benfica,2ND,Shots,Total shots,2,11,11,2
14566956,2025-10-21,UEFA Champions League,UEFA Champions League 25/26,3.0,Away,Newcastle United,Newcastle United,Benfica,ALL,Attack,Big chances missed,1,3,3,1
14566956,2025-10-21,UEFA Champions League,UEFA Champions League 25/26,3.0,Away,Newcastle United,Newcastle United,Benfica,ALL,Attack,Big chances scored,0,2,2,0
14566956,2025-10-21,UEFA Champions League,UEFA Champions League 25/26,3.0,Away,Newcastle United,Newcastle United,Benfica,ALL,Attack,Fouled in final third,1,2,2,1
14566956,2025-10-21,UEFA Champions League,UEFA Champions League 25/26,3.0,Away,Newcastle United,Newcastle United,Benfica,ALL,Attack,Offsides,1,2,2,1
14566956,2025-10-21,UEFA Champions League,UEFA Champions League 25/26,3.0,Away,Newcastle United,Newcastle United,Benfica,ALL,Attack,Through balls,0,1,1,0
14566956,2025-10-21,UEFA Champions League,UEFA Champions League 25/26,3.0,Away,Newcastle United,Newcastle United,Benfica,ALL,Attack,Touches in penalty area,11,38,38,11
14566956,2025-10-21,UEFA Champions League,UEFA Champions League 25/26,3.0,Away,Newcastle United,Newcastle United,Benfica,ALL,Defending,Clearances,18,24,24,18
14566956,2025-10-21,UEFA Champions League,UEFA Champions League 25/26,3.0,Away,Newcastle United,Newcastle United,Benfica,ALL,Defending,Interceptions,10,10,10,10
14566956,2025-10-21,UEFA Champions League,UEFA Champions League 25/26,3.0,Away,Newcastle United,Newcastle United,Benfica,ALL,Defending,Recoveries,47,56,56,47
14566956,2025-10-21,UEFA Champions League,UEFA Champions League 25/26,3.0,Away,Newcastle United,Newcastle United,Benfica,ALL,Defending,Tackles won,75%,64%,64%,75%
14566956,2025-10-21,UEFA Champions League,UEFA Champions League 25/26,3.0,Away,Newcastle United,Newcastle United,Benfica,ALL,Defending,Total tackles,16,14,14,16
14566956,2025-10-21,UEFA Champions League,UEFA Champions League 25/26,3.0,Away,Newcastle United,Newcastle United,Benfica,ALL,Duels,Aerial duels,11/27 (41%),16/27 (59%),16/27 (59%),11/27 (41%)
14566956,2025-10-21,UEFA Champions League,UEFA Champions League 25/26,3.0,Away,Newcastle United,Newcastle United,Benfica,ALL,Duels,Dispossessed,8,13,13,8
14566956,2025-10-21,UEFA Champions League,UEFA Champions League 25/26,3.0,Away,Newcastle United,Newcastle United,Benfica,ALL,Duels,Dribbles,7/13 (54%),7/10 (70%),7/10 (70%),7/13 (54%)
14566956,2025-10-21,UEFA Champions League,UEFA Champions League 25/26,3.0,Away,Newcastle United,Newcastle United,Benfica,ALL,Duels,Duels,53%,47%,47%,53%
14566956,2025-10-21,UEFA Champions League,UEFA Champions League 25/26,3.0,Away,Newcastle United,Newcastle United,Benfica,ALL,Duels,Ground duels,39/67 (58%),28/67 (42%),28/67 (42%),39/67 (58%)
14566956,2025-10-21,UEFA Champions League,UEFA Champions League 25/26,3.0,Away,Newcastle United,Newcastle United,Benfica,ALL,Goalkeeping,Big saves,3,1,1,3
14566956,2025-10-21,UEFA Champions League,UEFA Champions League 25/26,3.0,Away,Newcastle United,Newcastle United,Benfica,ALL,Goalkeeping,Goal kicks,9,7,7,9
14566956,2025-10-21,UEFA Champions League,UEFA Champions League 25/26,3.0,Away,Newcastle United,Newcastle United,Benfica,ALL,Goalkeeping,Goals prevented,0.16,0.20,0.20,0.16
14566956,2025-10-21,UEFA Champions League,UEFA Champions League 25/26,3.0,Away,Newcastle United,Newcastle United,Benfica,ALL,Goalkeeping,High claims,1,1,1,1
14566956,2025-10-21,UEFA Champions League,UEFA Champions League 25/26,3.0,Away,Newcastle United,Newcastle United,Benfica,ALL,Goalkeeping,Punches,1,3,3,1
14566956,2025-10-21,UEFA Champions League,UEFA Champions League 25/26,3.0,Away,Newcastle United,Newcastle United,Benfica,ALL,Goalkeeping,Total saves,7,2,2,7
14566956,2025-10-21,UEFA Champions League,UEFA Champions League 25/26,3.0,Away,Newcastle United,Newcastle United,Benfica,ALL,Match overview,Ball possession,48%,52%,52%,48%
14566956,2025-10-21,UEFA Champions League,UEFA Champions League 25/26,3.0,Away,Newcastle United,Newcastle United,Benfica,ALL,Match overview,Big chances,1,5,5,1
14566956,2025-10-21,UEFA Champions League,UEFA Champions League 25/26,3.0,Away,Newcastle United,Newcastle United,Benfica,ALL,Match overview,Corner kicks,8,12,12,8
14566956,2025-10-21,UEFA Champions League,UEFA Champions League 25/26,3.0,Away,Newcastle United,Newcastle United,Benfica,ALL,Match overview,Distance covered,108.7 km,110.1 km,110.1 km,108.7 km
14566956,2025-10-21,UEFA Champions League,UEFA Champions League 25/26,3.0,Away,Newcastle United,Newcastle United,Benfica,ALL,Match overview,Expected goals,0.33,2.63,2.63,0.33
14566956,2025-10-21,UEFA Champions League,UEFA Champions League 25/26,3.0,Away,Newcastle United,Newcastle United,Benfica,ALL,Match overview,Fouls,7,16,16,7
14566956,2025-10-21,UEFA Champions League,UEFA Champions League 25/26,3.0,Away,Newcastle United,Newcastle United,Benfica,ALL,Match overview,Free kicks,16,7,7,16
14566956,2025-10-21,UEFA Champions League,UEFA Champions League 25/26,3.0,Away,Newcastle United,Newcastle United,Benfica,ALL,Match overview,Goalkeeper saves,7,2,2,7
14566956,2025-10-21,UEFA Champions League,UEFA Champions League 25/26,3.0,Away,Newcastle United,Newcastle United,Benfica,ALL,Match overview,Number of sprints,97,120,120,97
14566956,2025-10-21,UEFA Champions League,UEFA Champions League 25/26,3.0,Away,Newcastle United,Newcastle United,Benfica,ALL,Match overview,Passes,388,417,417,388
14566956,2025-10-21,UEFA Champions League,UEFA Champions League 25/26,3.0,Away,Newcastle United,Newcastle United,Benfica,ALL,Match overview,Tackles,16,14,14,16
14566956,2025-10-21,UEFA Champions League,UEFA Champions League 25/26,3.0,Away,Newcastle United,Newcastle United,Benfica,ALL,Match overview,Total shots,7,19,19,7
14566956,2025-10-21,UEFA Champions League,UEFA Champions League 25/26,3.0,Away,Newcastle United,Newcastle United,Benfica,ALL,Match overview,Yellow cards,1,1,1,1
14566956,2025-10-21,UEFA Champions League,UEFA Champions League 25/26,3.0,Away,Newcastle United,Newcastle United,Benfica,ALL,Passes,Accurate passes,315,352,352,315
14566956,2025-10-21,UEFA Champions League,UEFA Champions League 25/26,3.0,Away,Newcastle United,Newcastle United,Benfica,ALL,Passes,Crosses,1/16 (6%),7/20 (35%),7/20 (35%),1/16 (6%)
14566956,2025-10-21,UEFA Champions League,UEFA Champions League 25/26,3.0,Away,Newcastle United,Newcastle United,Benfica,ALL,Passes,Final third entries,29,41,41,29
14566956,2025-10-21,UEFA Champions League,UEFA Champions League 25/26,3.0,Away,Newcastle United,Newcastle United,Benfica,ALL,Passes,Final third phase,43/65 (66%),79/108 (73%),79/108 (73%),43/65 (66%)
14566956,2025-10-21,UEFA Champions League,UEFA Champions League 25/26,3.0,Away,Newcastle United,Newcastle United,Benfica,ALL,Passes,Long balls,20/53 (38%),22/39 (56%),22/39 (56%),20/53 (38%)
14566956,2025-10-21,UEFA Champions League,UEFA Champions League 25/26,3.0,Away,Newcastle United,Newcastle United,Benfica,ALL,Passes,Throw-ins,18,14,14,18
14566956,2025-10-21,UEFA Champions League,UEFA Champions League 25/26,3.0,Away,Newcastle United,Newcastle United,Benfica,ALL,Shots,Blocked shots,2,5,5,2
14566956,2025-10-21,UEFA Champions League,UEFA Champions League 25/26,3.0,Away,Newcastle United,Newcastle United,Benfica,ALL,Shots,Hit woodwork,1,0,0,1
14566956,2025-10-21,UEFA Champions League,UEFA Champions League 25/26,3.0,Away,Newcastle United,Newcastle United,Benfica,ALL,Shots,Shots inside box,2,13,13,2
14566956,2025-10-21,UEFA Champions League,UEFA Champions League 25/26,3.0,Away,Newcastle United,Newcastle United,Benfica,ALL,Shots,Shots off target,3,4,4,3
14566956,2025-10-21,UEFA Champions League,UEFA Champions League 25/26,3.0,Away,Newcastle United,Newcastle United,Benfica,ALL,Shots,Shots on target,2,10,10,2
14566956,2025-10-21,UEFA Champions League,UEFA Champions League 25/26,3.0,Away,Newcastle United,Newcastle United,Benfica,ALL,Shots,Shots outside box,5,6,6,5
14566956,2025-10-21,UEFA Champions League,UEFA Champions League 25/26,3.0,Away,Newcastle United,Newcastle United,Benfica,ALL,Shots,Total shots,7,19,19,7
14131939,2025-10-25,Liga Portugal Betclic,Liga Portugal 25/26,9.0,Home,FC Arouca,Benfica,FC Arouca,1ST,Attack,Big chances missed,1,0,1,0
14131939,2025-10-25,Liga Portugal Betclic,Liga Portugal 25/26,9.0,Home,FC Arouca,Benfica,FC Arouca,1ST,Attack,Big chances scored,3,0,3,0
14131939,2025-10-25,Liga Portugal Betclic,Liga Portugal 25/26,9.0,Home,FC Arouca,Benfica,FC Arouca,1ST,Attack,Fouled in final third,3,1,3,1
14131939,2025-10-25,Liga Portugal Betclic,Liga Portugal 25/26,9.0,Home,FC Arouca,Benfica,FC Arouca,1ST,Attack,Offsides,0,1,0,1
14131939,2025-10-25,Liga Portugal Betclic,Liga Portugal 25/26,9.0,Home,FC Arouca,Benfica,FC Arouca,1ST,Defending,Clearances,5,7,5,7
14131939,2025-10-25,Liga Portugal Betclic,Liga Portugal 25/26,9.0,Home,FC Arouca,Benfica,FC Arouca,1ST,Defending,Interceptions,6,6,6,6
14131939,2025-10-25,Liga Portugal Betclic,Liga Portugal 25/26,9.0,Home,FC Arouca,Benfica,FC Arouca,1ST,Defending,Recoveries,28,24,28,24
14131939,2025-10-25,Liga Portugal Betclic,Liga Portugal 25/26,9.0,Home,FC Arouca,Benfica,FC Arouca,1ST,Defending,Tackles won,75%,67%,75%,67%
14131939,2025-10-25,Liga Portugal Betclic,Liga Portugal 25/26,9.0,Home,FC Arouca,Benfica,FC Arouca,1ST,Defending,Total tackles,8,9,8,9
14131939,2025-10-25,Liga Portugal Betclic,Liga Portugal 25/26,9.0,Home,FC Arouca,Benfica,FC Arouca,1ST,Duels,Aerial duels,9/12 (75%),3/12 (25%),9/12 (75%),3/12 (25%)
14131939,2025-10-25,Liga Portugal Betclic,Liga Portugal 25/26,9.0,Home,FC Arouca,Benfica,FC Arouca,1ST,Duels,Dispossessed,5,4,5,4
14131939,2025-10-25,Liga Portugal Betclic,Liga Portugal 25/26,9.0,Home,FC Arouca,Benfica,FC Arouca,1ST,Duels,Dribbles,2/6 (33%),2/6 (33%),2/6 (33%),2/6 (33%)
14131939,2025-10-25,Liga Portugal Betclic,Liga Portugal 25/26,9.0,Home,FC Arouca,Benfica,FC Arouca,1ST,Duels,Duels,65%,35%,65%,35%
14131939,2025-10-25,Liga Portugal Betclic,Liga Portugal 25/26,9.0,Home,FC Arouca,Benfica,FC Arouca,1ST,Duels,Ground duels,23/37 (62%),14/37 (38%),23/37 (62%),14/37 (38%)
14131939,2025-10-25,Liga Portugal Betclic,Liga Portugal 25/26,9.0,Home,FC Arouca,Benfica,FC Arouca,1ST,Goalkeeping,Goal kicks,2,6,2,6
14131939,2025-10-25,Liga Portugal Betclic,Liga Portugal 25/26,9.0,Home,FC Arouca,Benfica,FC Arouca,1ST,Goalkeeping,Total saves,0,0,0,0
14131939,2025-10-25,Liga Portugal Betclic,Liga Portugal 25/26,9.0,Home,FC Arouca,Benfica,FC Arouca,1ST,Match overview,Ball possession,61%,39%,61%,39%
14131939,2025-10-25,Liga Portugal Betclic,Liga Portugal 25/26,9.0,Home,FC Arouca,Benfica,FC Arouca,1ST,Match overview,Big chances,4,0,4,0
14131939,2025-10-25,Liga Portugal Betclic,Liga Portugal 25/26,9.0,Home,FC Arouca,Benfica,FC Arouca,1ST,Match overview,Corner kicks,4,0,4,0
14131939,2025-10-25,Liga Portugal Betclic,Liga Portugal 25/26,9.0,Home,FC Arouca,Benfica,FC Arouca,1ST,Match overview,Expected goals,2.13,0.18,2.13,0.18
14131939,2025-10-25,Liga Portugal Betclic,Liga Portugal 25/26,9.0,Home,FC Arouca,Benfica,FC Arouca,1ST,Match overview,Fouls,3,14,3,14
14131939,2025-10-25,Liga Portugal Betclic,Liga Portugal 25/26,9.0,Home,FC Arouca,Benfica,FC Arouca,1ST,Match overview,Free kicks,12,3,12,3
14131939,2025-10-25,Liga Portugal Betclic,Liga Portugal 25/26,9.0,Home,FC Arouca,Benfica,FC Arouca,1ST,Match overview,Goalkeeper saves,0,0,0,0
14131939,2025-10-25,Liga Portugal Betclic,Liga Portugal 25/26,9.0,Home,FC Arouca,Benfica,FC Arouca,1ST,Match overview,Passes,242,151,242,151
14131939,2025-10-25,Liga Portugal Betclic,Liga Portugal 25/26,9.0,Home,FC Arouca,Benfica,FC Arouca,1ST,Match overview,Tackles,8,9,8,9
14131939,2025-10-25,Liga Portugal Betclic,Liga Portugal 25/26,9.0,Home,FC Arouca,Benfica,FC Arouca,1ST,Match overview,Total shots,5,2,5,2
14131939,2025-10-25,Liga Portugal Betclic,Liga Portugal 25/26,9.0,Home,FC Arouca,Benfica,FC Arouca,1ST,Match overview,Yellow cards,0,1,0,1
14131939,2025-10-25,Liga Portugal Betclic,Liga Portugal 25/26,9.0,Home,FC Arouca,Benfica,FC Arouca,1ST,Passes,Accurate passes,202,111,202,111
14131939,2025-10-25,Liga Portugal Betclic,Liga Portugal 25/26,9.0,Home,FC Arouca,Benfica,FC Arouca,1ST,Passes,Crosses,2/9 (22%),1/6 (17%),2/9 (22%),1/6 (17%)
14131939,2025-10-25,Liga Portugal Betclic,Liga Portugal 25/26,9.0,Home,FC Arouca,Benfica,FC Arouca,1ST,Passes,Final third entries,28,11,28,11
14131939,2025-10-25,Liga Portugal Betclic,Liga Portugal 25/26,9.0,Home,FC Arouca,Benfica,FC Arouca,1ST,Passes,Long balls,23/27 (85%),8/25 (32%),23/27 (85%),8/25 (32%)
14131939,2025-10-25,Liga Portugal Betclic,Liga Portugal 25/26,9.0,Home,FC Arouca,Benfica,FC Arouca,1ST,Passes,Throw-ins,5,14,5,14
14131939,2025-10-25,Liga Portugal Betclic,Liga Portugal 25/26,9.0,Home,FC Arouca,Benfica,FC Arouca,1ST,Shots,Blocked shots,0,0,0,0
14131939,2025-10-25,Liga Portugal Betclic,Liga Portugal 25/26,9.0,Home,FC Arouca,Benfica,FC Arouca,1ST,Shots,Hit woodwork,1,0,1,0
14131939,2025-10-25,Liga Portugal Betclic,Liga Portugal 25/26,9.0,Home,FC Arouca,Benfica,FC Arouca,1ST,Shots,Shots inside box,5,0,5,0
14131939,2025-10-25,Liga Portugal Betclic,Liga Portugal 25/26,9.0,Home,FC Arouca,Benfica,FC Arouca,1ST,Shots,Shots off target,2,2,2,2
14131939,2025-10-25,Liga Portugal Betclic,Liga Portugal 25/26,9.0,Home,FC Arouca,Benfica,FC Arouca,1ST,Shots,Shots on target,3,0,3,0
14131939,2025-10-25,Liga Portugal Betclic,Liga Portugal 25/26,9.0,Home,FC Arouca,Benfica,FC Arouca,1ST,Shots,Shots outside box,0,2,0,2
14131939,2025-10-25,Liga Portugal Betclic,Liga Portugal 25/26,9.0,Home,FC Arouca,Benfica,FC Arouca,1ST,Shots,Total shots,5,2,5,2
14131939,2025-10-25,Liga Portugal Betclic,Liga Portugal 25/26,9.0,Home,FC Arouca,Benfica,FC Arouca,2ND,Attack,Big chances missed,0,0,0,0
14131939,2025-10-25,Liga Portugal Betclic,Liga Portugal 25/26,9.0,Home,FC Arouca,Benfica,FC Arouca,2ND,Attack,Big chances scored,1,0,1,0
14131939,2025-10-25,Liga Portugal Betclic,Liga Portugal 25/26,9.0,Home,FC Arouca,Benfica,FC Arouca,2ND,Attack,Fouled in final third,2,1,2,1
14131939,2025-10-25,Liga Portugal Betclic,Liga Portugal 25/26,9.0,Home,FC Arouca,Benfica,FC Arouca,2ND,Attack,Offsides,4,0,4,0
14131939,2025-10-25,Liga Portugal Betclic,Liga Portugal 25/26,9.0,Home,FC Arouca,Benfica,FC Arouca,2ND,Defending,Clearances,4,13,4,13
14131939,2025-10-25,Liga Portugal Betclic,Liga Portugal 25/26,9.0,Home,FC Arouca,Benfica,FC Arouca,2ND,Defending,Interceptions,6,2,6,2
14131939,2025-10-25,Liga Portugal Betclic,Liga Portugal 25/26,9.0,Home,FC Arouca,Benfica,FC Arouca,2ND,Defending,Recoveries,30,18,30,18
14131939,2025-10-25,Liga Portugal Betclic,Liga Portugal 25/26,9.0,Home,FC Arouca,Benfica,FC Arouca,2ND,Defending,Tackles won,100%,43%,100%,43%
14131939,2025-10-25,Liga Portugal Betclic,Liga Portugal 25/26,9.0,Home,FC Arouca,Benfica,FC Arouca,2ND,Defending,Total tackles,5,7,5,7
14131939,2025-10-25,Liga Portugal Betclic,Liga Portugal 25/26,9.0,Home,FC Arouca,Benfica,FC Arouca,2ND,Duels,Aerial duels,4/5 (80%),1/5 (20%),4/5 (80%),1/5 (20%)
14131939,2025-10-25,Liga Portugal Betclic,Liga Portugal 25/26,9.0,Home,FC Arouca,Benfica,FC Arouca,2ND,Duels,Dispossessed,4,1,4,1
14131939,2025-10-25,Liga Portugal Betclic,Liga Portugal 25/26,9.0,Home,FC Arouca,Benfica,FC Arouca,2ND,Duels,Dribbles,10/13 (77%),4/8 (50%),10/13 (77%),4/8 (50%)
14131939,2025-10-25,Liga Portugal Betclic,Liga Portugal 25/26,9.0,Home,FC Arouca,Benfica,FC Arouca,2ND,Duels,Duels,51%,49%,51%,49%
14131939,2025-10-25,Liga Portugal Betclic,Liga Portugal 25/26,9.0,Home,FC Arouca,Benfica,FC Arouca,2ND,Duels,Ground duels,19/40 (48%),21/40 (53%),19/40 (48%),21/40 (53%)
14131939,2025-10-25,Liga Portugal Betclic,Liga Portugal 25/26,9.0,Home,FC Arouca,Benfica,FC Arouca,2ND,Goalkeeping,Goal kicks,3,7,3,7
14131939,2025-10-25,Liga Portugal Betclic,Liga Portugal 25/26,9.0,Home,FC Arouca,Benfica,FC Arouca,2ND,Goalkeeping,Total saves,0,3,0,3
14131939,2025-10-25,Liga Portugal Betclic,Liga Portugal 25/26,9.0,Home,FC Arouca,Benfica,FC Arouca,2ND,Match overview,Ball possession,47%,53%,47%,53%
14131939,2025-10-25,Liga Portugal Betclic,Liga Portugal 25/26,9.0,Home,FC Arouca,Benfica,FC Arouca,2ND,Match overview,Big chances,1,0,1,0
14131939,2025-10-25,Liga Portugal Betclic,Liga Portugal 25/26,9.0,Home,FC Arouca,Benfica,FC Arouca,2ND,Match overview,Corner kicks,5,1,5,1
14131939,2025-10-25,Liga Portugal Betclic,Liga Portugal 25/26,9.0,Home,FC Arouca,Benfica,FC Arouca,2ND,Match overview,Expected goals,1.71,0.26,1.71,0.26
14131939,2025-10-25,Liga Portugal Betclic,Liga Portugal 25/26,9.0,Home,FC Arouca,Benfica,FC Arouca,2ND,Match overview,Fouls,10,4,10,4
14131939,2025-10-25,Liga Portugal Betclic,Liga Portugal 25/26,9.0,Home,FC Arouca,Benfica,FC Arouca,2ND,Match overview,Free kicks,3,10,3,10
14131939,2025-10-25,Liga Portugal Betclic,Liga Portugal 25/26,9.0,Home,FC Arouca,Benfica,FC Arouca,2ND,Match overview,Goalkeeper saves,0,3,0,3
14131939,2025-10-25,Liga Portugal Betclic,Liga Portugal 25/26,9.0,Home,FC Arouca,Benfica,FC Arouca,2ND,Match overview,Passes,224,255,224,255
14131939,2025-10-25,Liga Portugal Betclic,Liga Portugal 25/26,9.0,Home,FC Arouca,Benfica,FC Arouca,2ND,Match overview,Tackles,5,7,5,7
14131939,2025-10-25,Liga Portugal Betclic,Liga Portugal 25/26,9.0,Home,FC Arouca,Benfica,FC Arouca,2ND,Match overview,Total shots,12,3,12,3
14131939,2025-10-25,Liga Portugal Betclic,Liga Portugal 25/26,9.0,Home,FC Arouca,Benfica,FC Arouca,2ND,Match overview,Yellow cards,2,1,2,1
14131939,2025-10-25,Liga Portugal Betclic,Liga Portugal 25/26,9.0,Home,FC Arouca,Benfica,FC Arouca,2ND,Passes,Accurate passes,196,219,196,219
14131939,2025-10-25,Liga Portugal Betclic,Liga Portugal 25/26,9.0,Home,FC Arouca,Benfica,FC Arouca,2ND,Passes,Crosses,2/9 (22%),0/4 (0%),2/9 (22%),0/4 (0%)
14131939,2025-10-25,Liga Portugal Betclic,Liga Portugal 25/26,9.0,Home,FC Arouca,Benfica,FC Arouca,2ND,Passes,Final third entries,27,27,27,27
14131939,2025-10-25,Liga Portugal Betclic,Liga Portugal 25/26,9.0,Home,FC Arouca,Benfica,FC Arouca,2ND,Passes,Long balls,15/25 (60%),11/17 (65%),15/25 (60%),11/17 (65%)
14131939,2025-10-25,Liga Portugal Betclic,Liga Portugal 25/26,9.0,Home,FC Arouca,Benfica,FC Arouca,2ND,Passes,Throw-ins,1,12,1,12
14131939,2025-10-25,Liga Portugal Betclic,Liga Portugal 25/26,9.0,Home,FC Arouca,Benfica,FC Arouca,2ND,Shots,Blocked shots,2,1,2,1
14131939,2025-10-25,Liga Portugal Betclic,Liga Portugal 25/26,9.0,Home,FC Arouca,Benfica,FC Arouca,2ND,Shots,Hit woodwork,1,0,1,0
14131939,2025-10-25,Liga Portugal Betclic,Liga Portugal 25/26,9.0,Home,FC Arouca,Benfica,FC Arouca,2ND,Shots,Shots inside box,9,2,9,2
14131939,2025-10-25,Liga Portugal Betclic,Liga Portugal 25/26,9.0,Home,FC Arouca,Benfica,FC Arouca,2ND,Shots,Shots off target,5,2,5,2
14131939,2025-10-25,Liga Portugal Betclic,Liga Portugal 25/26,9.0,Home,FC Arouca,Benfica,FC Arouca,2ND,Shots,Shots on target,5,0,5,0
14131939,2025-10-25,Liga Portugal Betclic,Liga Portugal 25/26,9.0,Home,FC Arouca,Benfica,FC Arouca,2ND,Shots,Shots outside box,3,1,3,1
14131939,2025-10-25,Liga Portugal Betclic,Liga Portugal 25/26,9.0,Home,FC Arouca,Benfica,FC Arouca,2ND,Shots,Total shots,12,3,12,3
14131939,2025-10-25,Liga Portugal Betclic,Liga Portugal 25/26,9.0,Home,FC Arouca,Benfica,FC Arouca,ALL,Attack,Big chances missed,1,0,1,0
14131939,2025-10-25,Liga Portugal Betclic,Liga Portugal 25/26,9.0,Home,FC Arouca,Benfica,FC Arouca,ALL,Attack,Big chances scored,4,0,4,0
14131939,2025-10-25,Liga Portugal Betclic,Liga Portugal 25/26,9.0,Home,FC Arouca,Benfica,FC Arouca,ALL,Attack,Fouled in final third,5,2,5,2
14131939,2025-10-25,Liga Portugal Betclic,Liga Portugal 25/26,9.0,Home,FC Arouca,Benfica,FC Arouca,ALL,Attack,Offsides,4,1,4,1
14131939,2025-10-25,Liga Portugal Betclic,Liga Portugal 25/26,9.0,Home,FC Arouca,Benfica,FC Arouca,ALL,Attack,Touches in penalty area,46,4,46,4
14131939,2025-10-25,Liga Portugal Betclic,Liga Portugal 25/26,9.0,Home,FC Arouca,Benfica,FC Arouca,ALL,Defending,Clearances,9,20,9,20
14131939,2025-10-25,Liga Portugal Betclic,Liga Portugal 25/26,9.0,Home,FC Arouca,Benfica,FC Arouca,ALL,Defending,Errors lead to a shot,1,0,1,0
14131939,2025-10-25,Liga Portugal Betclic,Liga Portugal 25/26,9.0,Home,FC Arouca,Benfica,FC Arouca,ALL,Defending,Interceptions,12,8,12,8
14131939,2025-10-25,Liga Portugal Betclic,Liga Portugal 25/26,9.0,Home,FC Arouca,Benfica,FC Arouca,ALL,Defending,Recoveries,58,42,58,42
14131939,2025-10-25,Liga Portugal Betclic,Liga Portugal 25/26,9.0,Home,FC Arouca,Benfica,FC Arouca,ALL,Defending,Tackles won,85%,56%,85%,56%
14131939,2025-10-25,Liga Portugal Betclic,Liga Portugal 25/26,9.0,Home,FC Arouca,Benfica,FC Arouca,ALL,Defending,Total tackles,13,16,13,16
14131939,2025-10-25,Liga Portugal Betclic,Liga Portugal 25/26,9.0,Home,FC Arouca,Benfica,FC Arouca,ALL,Duels,Aerial duels,13/17 (76%),4/17 (24%),13/17 (76%),4/17 (24%)
14131939,2025-10-25,Liga Portugal Betclic,Liga Portugal 25/26,9.0,Home,FC Arouca,Benfica,FC Arouca,ALL,Duels,Dispossessed,9,5,9,5
14131939,2025-10-25,Liga Portugal Betclic,Liga Portugal 25/26,9.0,Home,FC Arouca,Benfica,FC Arouca,ALL,Duels,Dribbles,12/19 (63%),6/14 (43%),12/19 (63%),6/14 (43%)
14131939,2025-10-25,Liga Portugal Betclic,Liga Portugal 25/26,9.0,Home,FC Arouca,Benfica,FC Arouca,ALL,Duels,Duels,59%,41%,59%,41%
14131939,2025-10-25,Liga Portugal Betclic,Liga Portugal 25/26,9.0,Home,FC Arouca,Benfica,FC Arouca,ALL,Duels,Ground duels,42/77 (55%),35/77 (45%),42/77 (55%),35/77 (45%)
14131939,2025-10-25,Liga Portugal Betclic,Liga Portugal 25/26,9.0,Home,FC Arouca,Benfica,FC Arouca,ALL,Goalkeeping,Big saves,0,1,0,1
14131939,2025-10-25,Liga Portugal Betclic,Liga Portugal 25/26,9.0,Home,FC Arouca,Benfica,FC Arouca,ALL,Goalkeeping,Goal kicks,5,13,5,13
14131939,2025-10-25,Liga Portugal Betclic,Liga Portugal 25/26,9.0,Home,FC Arouca,Benfica,FC Arouca,ALL,Goalkeeping,Goals prevented,0.00,-0.45,0.00,-0.45
14131939,2025-10-25,Liga Portugal Betclic,Liga Portugal 25/26,9.0,Home,FC Arouca,Benfica,FC Arouca,ALL,Goalkeeping,Total saves,0,3,0,3
14131939,2025-10-25,Liga Portugal Betclic,Liga Portugal 25/26,9.0,Home,FC Arouca,Benfica,FC Arouca,ALL,Match overview,Ball possession,53%,47%,53%,47%
14131939,2025-10-25,Liga Portugal Betclic,Liga Portugal 25/26,9.0,Home,FC Arouca,Benfica,FC Arouca,ALL,Match overview,Big chances,5,0,5,0
14131939,2025-10-25,Liga Portugal Betclic,Liga Portugal 25/26,9.0,Home,FC Arouca,Benfica,FC Arouca,ALL,Match overview,Corner kicks,9,1,9,1
14131939,2025-10-25,Liga Portugal Betclic,Liga Portugal 25/26,9.0,Home,FC Arouca,Benfica,FC Arouca,ALL,Match overview,Expected goals,3.84,0.44,3.84,0.44
14131939,2025-10-25,Liga Portugal Betclic,Liga Portugal 25/26,9.0,Home,FC Arouca,Benfica,FC Arouca,ALL,Match overview,Fouls,13,18,13,18
14131939,2025-10-25,Liga Portugal Betclic,Liga Portugal 25/26,9.0,Home,FC Arouca,Benfica,FC Arouca,ALL,Match overview,Free kicks,15,13,15,13
14131939,2025-10-25,Liga Portugal Betclic,Liga Portugal 25/26,9.0,Home,FC Arouca,Benfica,FC Arouca,ALL,Match overview,Goalkeeper saves,0,3,0,3
14131939,2025-10-25,Liga Portugal Betclic,Liga Portugal 25/26,9.0,Home,FC Arouca,Benfica,FC Arouca,ALL,Match overview,Passes,466,406,466,406
14131939,2025-10-25,Liga Portugal Betclic,Liga Portugal 25/26,9.0,Home,FC Arouca,Benfica,FC Arouca,ALL,Match overview,Tackles,13,16,13,16
14131939,2025-10-25,Liga Portugal Betclic,Liga Portugal 25/26,9.0,Home,FC Arouca,Benfica,FC Arouca,ALL,Match overview,Total shots,17,5,17,5
14131939,2025-10-25,Liga Portugal Betclic,Liga Portugal 25/26,9.0,Home,FC Arouca,Benfica,FC Arouca,ALL,Match overview,Yellow cards,2,2,2,2
14131939,2025-10-25,Liga Portugal Betclic,Liga Portugal 25/26,9.0,Home,FC Arouca,Benfica,FC Arouca,ALL,Passes,Accurate passes,398,330,398,330
14131939,2025-10-25,Liga Portugal Betclic,Liga Portugal 25/26,9.0,Home,FC Arouca,Benfica,FC Arouca,ALL,Passes,Crosses,4/18 (22%),1/10 (10%),4/18 (22%),1/10 (10%)
14131939,2025-10-25,Liga Portugal Betclic,Liga Portugal 25/26,9.0,Home,FC Arouca,Benfica,FC Arouca,ALL,Passes,Final third entries,55,38,55,38
14131939,2025-10-25,Liga Portugal Betclic,Liga Portugal 25/26,9.0,Home,FC Arouca,Benfica,FC Arouca,ALL,Passes,Final third phase,97/134 (72%),52/76 (68%),97/134 (72%),52/76 (68%)
14131939,2025-10-25,Liga Portugal Betclic,Liga Portugal 25/26,9.0,Home,FC Arouca,Benfica,FC Arouca,ALL,Passes,Long balls,38/52 (73%),19/42 (45%),38/52 (73%),19/42 (45%)
14131939,2025-10-25,Liga Portugal Betclic,Liga Portugal 25/26,9.0,Home,FC Arouca,Benfica,FC Arouca,ALL,Passes,Throw-ins,6,26,6,26
14131939,2025-10-25,Liga Portugal Betclic,Liga Portugal 25/26,9.0,Home,FC Arouca,Benfica,FC Arouca,ALL,Shots,Blocked shots,2,1,2,1
14131939,2025-10-25,Liga Portugal Betclic,Liga Portugal 25/26,9.0,Home,FC Arouca,Benfica,FC Arouca,ALL,Shots,Hit woodwork,2,0,2,0
14131939,2025-10-25,Liga Portugal Betclic,Liga Portugal 25/26,9.0,Home,FC Arouca,Benfica,FC Arouca,ALL,Shots,Shots inside box,14,2,14,2
14131939,2025-10-25,Liga Portugal Betclic,Liga Portugal 25/26,9.0,Home,FC Arouca,Benfica,FC Arouca,ALL,Shots,Shots off target,7,4,7,4
14131939,2025-10-25,Liga Portugal Betclic,Liga Portugal 25/26,9.0,Home,FC Arouca,Benfica,FC Arouca,ALL,Shots,Shots on target,8,0,8,0
14131939,2025-10-25,Liga Portugal Betclic,Liga Portugal 25/26,9.0,Home,FC Arouca,Benfica,FC Arouca,ALL,Shots,Shots outside box,3,3,3,3
14131939,2025-10-25,Liga Portugal Betclic,Liga Portugal 25/26,9.0,Home,FC Arouca,Benfica,FC Arouca,ALL,Shots,Total shots,17,5,17,5
14886529,2025-10-29,Taca da Liga,League Cup 25/26,27.0,Home,Tondela,Benfica,Tondela,1ST,Attack,Big chances missed,1,0,1,0
14886529,2025-10-29,Taca da Liga,League Cup 25/26,27.0,Home,Tondela,Benfica,Tondela,1ST,Attack,Big chances scored,1,0,1,0
14886529,2025-10-29,Taca da Liga,League Cup 25/26,27.0,Home,Tondela,Benfica,Tondela,1ST,Attack,Fouled in final third,2,2,2,2
14886529,2025-10-29,Taca da Liga,League Cup 25/26,27.0,Home,Tondela,Benfica,Tondela,1ST,Attack,Offsides,0,1,0,1
14886529,2025-10-29,Taca da Liga,League Cup 25/26,27.0,Home,Tondela,Benfica,Tondela,1ST,Attack,Through balls,4,0,4,0
14886529,2025-10-29,Taca da Liga,League Cup 25/26,27.0,Home,Tondela,Benfica,Tondela,1ST,Defending,Clearances,8,21,8,21
14886529,2025-10-29,Taca da Liga,League Cup 25/26,27.0,Home,Tondela,Benfica,Tondela,1ST,Defending,Interceptions,6,5,6,5
14886529,2025-10-29,Taca da Liga,League Cup 25/26,27.0,Home,Tondela,Benfica,Tondela,1ST,Defending,Recoveries,23,21,23,21
14886529,2025-10-29,Taca da Liga,League Cup 25/26,27.0,Home,Tondela,Benfica,Tondela,1ST,Defending,Tackles won,86%,86%,86%,86%
14886529,2025-10-29,Taca da Liga,League Cup 25/26,27.0,Home,Tondela,Benfica,Tondela,1ST,Defending,Total tackles,7,7,7,7
14886529,2025-10-29,Taca da Liga,League Cup 25/26,27.0,Home,Tondela,Benfica,Tondela,1ST,Duels,Aerial duels,6/12 (50%),6/12 (50%),6/12 (50%),6/12 (50%)
14886529,2025-10-29,Taca da Liga,League Cup 25/26,27.0,Home,Tondela,Benfica,Tondela,1ST,Duels,Dispossessed,5,3,5,3
14886529,2025-10-29,Taca da Liga,League Cup 25/26,27.0,Home,Tondela,Benfica,Tondela,1ST,Duels,Dribbles,4/6 (67%),0/4 (0%),4/6 (67%),0/4 (0%)
14886529,2025-10-29,Taca da Liga,League Cup 25/26,27.0,Home,Tondela,Benfica,Tondela,1ST,Duels,Duels,56%,44%,56%,44%
14886529,2025-10-29,Taca da Liga,League Cup 25/26,27.0,Home,Tondela,Benfica,Tondela,1ST,Duels,Ground duels,18/31 (58%),13/31 (42%),18/31 (58%),13/31 (42%)
14886529,2025-10-29,Taca da Liga,League Cup 25/26,27.0,Home,Tondela,Benfica,Tondela,1ST,Goalkeeping,Goal kicks,2,4,2,4
14886529,2025-10-29,Taca da Liga,League Cup 25/26,27.0,Home,Tondela,Benfica,Tondela,1ST,Goalkeeping,Total saves,0,2,0,2
14886529,2025-10-29,Taca da Liga,League Cup 25/26,27.0,Home,Tondela,Benfica,Tondela,1ST,Match overview,Ball possession,69%,31%,69%,31%
14886529,2025-10-29,Taca da Liga,League Cup 25/26,27.0,Home,Tondela,Benfica,Tondela,1ST,Match overview,Big chances,2,0,2,0
14886529,2025-10-29,Taca da Liga,League Cup 25/26,27.0,Home,Tondela,Benfica,Tondela,1ST,Match overview,Corner kicks,4,1,4,1
14886529,2025-10-29,Taca da Liga,League Cup 25/26,27.0,Home,Tondela,Benfica,Tondela,1ST,Match overview,Fouls,6,9,6,9
14886529,2025-10-29,Taca da Liga,League Cup 25/26,27.0,Home,Tondela,Benfica,Tondela,1ST,Match overview,Free kicks,8,6,8,6
14886529,2025-10-29,Taca da Liga,League Cup 25/26,27.0,Home,Tondela,Benfica,Tondela,1ST,Match overview,Goalkeeper saves,0,2,0,2
14886529,2025-10-29,Taca da Liga,League Cup 25/26,27.0,Home,Tondela,Benfica,Tondela,1ST,Match overview,Passes,276,122,276,122
14886529,2025-10-29,Taca da Liga,League Cup 25/26,27.0,Home,Tondela,Benfica,Tondela,1ST,Match overview,Tackles,7,7,7,7
14886529,2025-10-29,Taca da Liga,League Cup 25/26,27.0,Home,Tondela,Benfica,Tondela,1ST,Match overview,Total shots,5,2,5,2
14886529,2025-10-29,Taca da Liga,League Cup 25/26,27.0,Home,Tondela,Benfica,Tondela,1ST,Match overview,Yellow cards,0,1,0,1
14886529,2025-10-29,Taca da Liga,League Cup 25/26,27.0,Home,Tondela,Benfica,Tondela,1ST,Passes,Accurate passes,233,83,233,83
14886529,2025-10-29,Taca da Liga,League Cup 25/26,27.0,Home,Tondela,Benfica,Tondela,1ST,Passes,Crosses,3/9 (33%),0/5 (0%),3/9 (33%),0/5 (0%)
14886529,2025-10-29,Taca da Liga,League Cup 25/26,27.0,Home,Tondela,Benfica,Tondela,1ST,Passes,Final third entries,34,18,34,18
14886529,2025-10-29,Taca da Liga,League Cup 25/26,27.0,Home,Tondela,Benfica,Tondela,1ST,Passes,Long balls,14/26 (54%),12/31 (39%),14/26 (54%),12/31 (39%)
14886529,2025-10-29,Taca da Liga,League Cup 25/26,27.0,Home,Tondela,Benfica,Tondela,1ST,Passes,Throw-ins,12,7,12,7
14886529,2025-10-29,Taca da Liga,League Cup 25/26,27.0,Home,Tondela,Benfica,Tondela,1ST,Shots,Blocked shots,0,2,0,2
14886529,2025-10-29,Taca da Liga,League Cup 25/26,27.0,Home,Tondela,Benfica,Tondela,1ST,Shots,Hit woodwork,0,0,0,0
14886529,2025-10-29,Taca da Liga,League Cup 25/26,27.0,Home,Tondela,Benfica,Tondela,1ST,Shots,Shots inside box,5,1,5,1
14886529,2025-10-29,Taca da Liga,League Cup 25/26,27.0,Home,Tondela,Benfica,Tondela,1ST,Shots,Shots off target,2,0,2,0
14886529,2025-10-29,Taca da Liga,League Cup 25/26,27.0,Home,Tondela,Benfica,Tondela,1ST,Shots,Shots on target,3,0,3,0
14886529,2025-10-29,Taca da Liga,League Cup 25/26,27.0,Home,Tondela,Benfica,Tondela,1ST,Shots,Shots outside box,0,1,0,1
14886529,2025-10-29,Taca da Liga,League Cup 25/26,27.0,Home,Tondela,Benfica,Tondela,1ST,Shots,Total shots,5,2,5,2
14886529,2025-10-29,Taca da Liga,League Cup 25/26,27.0,Home,Tondela,Benfica,Tondela,2ND,Attack,Big chances missed,0,0,0,0
14886529,2025-10-29,Taca da Liga,League Cup 25/26,27.0,Home,Tondela,Benfica,Tondela,2ND,Attack,Big chances scored,1,0,1,0
14886529,2025-10-29,Taca da Liga,League Cup 25/26,27.0,Home,Tondela,Benfica,Tondela,2ND,Attack,Fouled in final third,1,1,1,1
14886529,2025-10-29,Taca da Liga,League Cup 25/26,27.0,Home,Tondela,Benfica,Tondela,2ND,Attack,Offsides,1,1,1,1
14886529,2025-10-29,Taca da Liga,League Cup 25/26,27.0,Home,Tondela,Benfica,Tondela,2ND,Attack,Through balls,1,0,1,0
14886529,2025-10-29,Taca da Liga,League Cup 25/26,27.0,Home,Tondela,Benfica,Tondela,2ND,Defending,Clearances,10,15,10,15
14886529,2025-10-29,Taca da Liga,League Cup 25/26,27.0,Home,Tondela,Benfica,Tondela,2ND,Defending,Interceptions,6,3,6,3
14886529,2025-10-29,Taca da Liga,League Cup 25/26,27.0,Home,Tondela,Benfica,Tondela,2ND,Defending,Recoveries,27,26,27,26
14886529,2025-10-29,Taca da Liga,League Cup 25/26,27.0,Home,Tondela,Benfica,Tondela,2ND,Defending,Tackles won,67%,85%,67%,85%
14886529,2025-10-29,Taca da Liga,League Cup 25/26,27.0,Home,Tondela,Benfica,Tondela,2ND,Defending,Total tackles,6,13,6,13
14886529,2025-10-29,Taca da Liga,League Cup 25/26,27.0,Home,Tondela,Benfica,Tondela,2ND,Duels,Aerial duels,6/15 (40%),9/15 (60%),6/15 (40%),9/15 (60%)
14886529,2025-10-29,Taca da Liga,League Cup 25/26,27.0,Home,Tondela,Benfica,Tondela,2ND,Duels,Dispossessed,6,1,6,1
14886529,2025-10-29,Taca da Liga,League Cup 25/26,27.0,Home,Tondela,Benfica,Tondela,2ND,Duels,Dribbles,7/14 (50%),2/7 (29%),7/14 (50%),2/7 (29%)
14886529,2025-10-29,Taca da Liga,League Cup 25/26,27.0,Home,Tondela,Benfica,Tondela,2ND,Duels,Duels,47%,53%,47%,53%
14886529,2025-10-29,Taca da Liga,League Cup 25/26,27.0,Home,Tondela,Benfica,Tondela,2ND,Duels,Ground duels,22/45 (49%),23/45 (51%),22/45 (49%),23/45 (51%)
14886529,2025-10-29,Taca da Liga,League Cup 25/26,27.0,Home,Tondela,Benfica,Tondela,2ND,Goalkeeping,Goal kicks,4,4,4,4
14886529,2025-10-29,Taca da Liga,League Cup 25/26,27.0,Home,Tondela,Benfica,Tondela,2ND,Goalkeeping,Total saves,1,1,1,1
14886529,2025-10-29,Taca da Liga,League Cup 25/26,27.0,Home,Tondela,Benfica,Tondela,2ND,Match overview,Ball possession,60%,40%,60%,40%
14886529,2025-10-29,Taca da Liga,League Cup 25/26,27.0,Home,Tondela,Benfica,Tondela,2ND,Match overview,Big chances,1,0,1,0
14886529,2025-10-29,Taca da Liga,League Cup 25/26,27.0,Home,Tondela,Benfica,Tondela,2ND,Match overview,Corner kicks,3,1,3,1
14886529,2025-10-29,Taca da Liga,League Cup 25/26,27.0,Home,Tondela,Benfica,Tondela,2ND,Match overview,Fouls,0,1,0,1
14886529,2025-10-29,Taca da Liga,League Cup 25/26,27.0,Home,Tondela,Benfica,Tondela,2ND,Match overview,Free kicks,9,8,9,8
14886529,2025-10-29,Taca da Liga,League Cup 25/26,27.0,Home,Tondela,Benfica,Tondela,2ND,Match overview,Goalkeeper saves,1,1,1,1
14886529,2025-10-29,Taca da Liga,League Cup 25/26,27.0,Home,Tondela,Benfica,Tondela,2ND,Match overview,Passes,224,142,224,142
14886529,2025-10-29,Taca da Liga,League Cup 25/26,27.0,Home,Tondela,Benfica,Tondela,2ND,Match overview,Tackles,6,13,6,13
14886529,2025-10-29,Taca da Liga,League Cup 25/26,27.0,Home,Tondela,Benfica,Tondela,2ND,Match overview,Total shots,6,6,6,6
14886529,2025-10-29,Taca da Liga,League Cup 25/26,27.0,Home,Tondela,Benfica,Tondela,2ND,Match overview,Yellow cards,1,1,1,1
14886529,2025-10-29,Taca da Liga,League Cup 25/26,27.0,Home,Tondela,Benfica,Tondela,2ND,Passes,Accurate passes,186,100,186,100
14886529,2025-10-29,Taca da Liga,League Cup 25/26,27.0,Home,Tondela,Benfica,Tondela,2ND,Passes,Crosses,0/4 (0%),1/7 (14%),0/4 (0%),1/7 (14%)
14886529,2025-10-29,Taca da Liga,League Cup 25/26,27.0,Home,Tondela,Benfica,Tondela,2ND,Passes,Final third entries,34,24,34,24
14886529,2025-10-29,Taca da Liga,League Cup 25/26,27.0,Home,Tondela,Benfica,Tondela,2ND,Passes,Long balls,12/25 (48%),15/33 (45%),12/25 (48%),15/33 (45%)
14886529,2025-10-29,Taca da Liga,League Cup 25/26,27.0,Home,Tondela,Benfica,Tondela,2ND,Passes,Throw-ins,8,7,8,7
14886529,2025-10-29,Taca da Liga,League Cup 25/26,27.0,Home,Tondela,Benfica,Tondela,2ND,Shots,Blocked shots,1,2,1,2
14886529,2025-10-29,Taca da Liga,League Cup 25/26,27.0,Home,Tondela,Benfica,Tondela,2ND,Shots,Hit woodwork,0,0,0,0
14886529,2025-10-29,Taca da Liga,League Cup 25/26,27.0,Home,Tondela,Benfica,Tondela,2ND,Shots,Shots inside box,4,4,4,4
14886529,2025-10-29,Taca da Liga,League Cup 25/26,27.0,Home,Tondela,Benfica,Tondela,2ND,Shots,Shots off target,2,3,2,3
14886529,2025-10-29,Taca da Liga,League Cup 25/26,27.0,Home,Tondela,Benfica,Tondela,2ND,Shots,Shots on target,3,1,3,1
14886529,2025-10-29,Taca da Liga,League Cup 25/26,27.0,Home,Tondela,Benfica,Tondela,2ND,Shots,Shots outside box,2,2,2,2
14886529,2025-10-29,Taca da Liga,League Cup 25/26,27.0,Home,Tondela,Benfica,Tondela,2ND,Shots,Total shots,6,6,6,6
14886529,2025-10-29,Taca da Liga,League Cup 25/26,27.0,Home,Tondela,Benfica,Tondela,ALL,Attack,Big chances missed,1,0,1,0
14886529,2025-10-29,Taca da Liga,League Cup 25/26,27.0,Home,Tondela,Benfica,Tondela,ALL,Attack,Big chances scored,2,0,2,0
14886529,2025-10-29,Taca da Liga,League Cup 25/26,27.0,Home,Tondela,Benfica,Tondela,ALL,Attack,Fouled in final third,3,3,3,3
14886529,2025-10-29,Taca da Liga,League Cup 25/26,27.0,Home,Tondela,Benfica,Tondela,ALL,Attack,Offsides,1,2,1,2
14886529,2025-10-29,Taca da Liga,League Cup 25/26,27.0,Home,Tondela,Benfica,Tondela,ALL,Attack,Through balls,5,0,5,0
14886529,2025-10-29,Taca da Liga,League Cup 25/26,27.0,Home,Tondela,Benfica,Tondela,ALL,Attack,Touches in penalty area,30,9,30,9
14886529,2025-10-29,Taca da Liga,League Cup 25/26,27.0,Home,Tondela,Benfica,Tondela,ALL,Defending,Clearances,18,36,18,36
14886529,2025-10-29,Taca da Liga,League Cup 25/26,27.0,Home,Tondela,Benfica,Tondela,ALL,Defending,Errors lead to a goal,0,2,0,2
14886529,2025-10-29,Taca da Liga,League Cup 25/26,27.0,Home,Tondela,Benfica,Tondela,ALL,Defending,Errors lead to a shot,2,0,2,0
14886529,2025-10-29,Taca da Liga,League Cup 25/26,27.0,Home,Tondela,Benfica,Tondela,ALL,Defending,Interceptions,12,8,12,8
14886529,2025-10-29,Taca da Liga,League Cup 25/26,27.0,Home,Tondela,Benfica,Tondela,ALL,Defending,Recoveries,50,47,50,47
14886529,2025-10-29,Taca da Liga,League Cup 25/26,27.0,Home,Tondela,Benfica,Tondela,ALL,Defending,Tackles won,77%,85%,77%,85%
14886529,2025-10-29,Taca da Liga,League Cup 25/26,27.0,Home,Tondela,Benfica,Tondela,ALL,Defending,Total tackles,13,20,13,20
14886529,2025-10-29,Taca da Liga,League Cup 25/26,27.0,Home,Tondela,Benfica,Tondela,ALL,Duels,Aerial duels,12/27 (44%),15/27 (56%),12/27 (44%),15/27 (56%)
14886529,2025-10-29,Taca da Liga,League Cup 25/26,27.0,Home,Tondela,Benfica,Tondela,ALL,Duels,Dispossessed,11,4,11,4
14886529,2025-10-29,Taca da Liga,League Cup 25/26,27.0,Home,Tondela,Benfica,Tondela,ALL,Duels,Dribbles,11/20 (55%),2/11 (18%),11/20 (55%),2/11 (18%)
14886529,2025-10-29,Taca da Liga,League Cup 25/26,27.0,Home,Tondela,Benfica,Tondela,ALL,Duels,Duels,50%,50%,50%,50%
14886529,2025-10-29,Taca da Liga,League Cup 25/26,27.0,Home,Tondela,Benfica,Tondela,ALL,Duels,Ground duels,40/76 (53%),36/76 (47%),40/76 (53%),36/76 (47%)
14886529,2025-10-29,Taca da Liga,League Cup 25/26,27.0,Home,Tondela,Benfica,Tondela,ALL,Goalkeeping,Big saves,0,2,0,2
14886529,2025-10-29,Taca da Liga,League Cup 25/26,27.0,Home,Tondela,Benfica,Tondela,ALL,Goalkeeping,Goal kicks,6,8,6,8
14886529,2025-10-29,Taca da Liga,League Cup 25/26,27.0,Home,Tondela,Benfica,Tondela,ALL,Goalkeeping,High claims,0,1,0,1
14886529,2025-10-29,Taca da Liga,League Cup 25/26,27.0,Home,Tondela,Benfica,Tondela,ALL,Goalkeeping,Punches,1,0,1,0
14886529,2025-10-29,Taca da Liga,League Cup 25/26,27.0,Home,Tondela,Benfica,Tondela,ALL,Goalkeeping,Total saves,1,3,1,3
14886529,2025-10-29,Taca da Liga,League Cup 25/26,27.0,Home,Tondela,Benfica,Tondela,ALL,Match overview,Ball possession,65%,35%,65%,35%
14886529,2025-10-29,Taca da Liga,League Cup 25/26,27.0,Home,Tondela,Benfica,Tondela,ALL,Match overview,Big chances,3,0,3,0
14886529,2025-10-29,Taca da Liga,League Cup 25/26,27.0,Home,Tondela,Benfica,Tondela,ALL,Match overview,Corner kicks,7,2,7,2
14886529,2025-10-29,Taca da Liga,League Cup 25/26,27.0,Home,Tondela,Benfica,Tondela,ALL,Match overview,Expected goals,1.99,0.51,1.99,0.51
14886529,2025-10-29,Taca da Liga,League Cup 25/26,27.0,Home,Tondela,Benfica,Tondela,ALL,Match overview,Fouls,6,10,6,10
14886529,2025-10-29,Taca da Liga,League Cup 25/26,27.0,Home,Tondela,Benfica,Tondela,ALL,Match overview,Free kicks,17,14,17,14
14886529,2025-10-29,Taca da Liga,League Cup 25/26,27.0,Home,Tondela,Benfica,Tondela,ALL,Match overview,Goalkeeper saves,1,3,1,3
14886529,2025-10-29,Taca da Liga,League Cup 25/26,27.0,Home,Tondela,Benfica,Tondela,ALL,Match overview,Passes,500,264,500,264
14886529,2025-10-29,Taca da Liga,League Cup 25/26,27.0,Home,Tondela,Benfica,Tondela,ALL,Match overview,Tackles,13,20,13,20
14886529,2025-10-29,Taca da Liga,League Cup 25/26,27.0,Home,Tondela,Benfica,Tondela,ALL,Match overview,Total shots,11,8,11,8
14886529,2025-10-29,Taca da Liga,League Cup 25/26,27.0,Home,Tondela,Benfica,Tondela,ALL,Match overview,Yellow cards,1,2,1,2
14886529,2025-10-29,Taca da Liga,League Cup 25/26,27.0,Home,Tondela,Benfica,Tondela,ALL,Passes,Accurate passes,419,183,419,183
14886529,2025-10-29,Taca da Liga,League Cup 25/26,27.0,Home,Tondela,Benfica,Tondela,ALL,Passes,Crosses,3/13 (23%),1/12 (8%),3/13 (23%),1/12 (8%)
14886529,2025-10-29,Taca da Liga,League Cup 25/26,27.0,Home,Tondela,Benfica,Tondela,ALL,Passes,Final third entries,68,42,68,42
14886529,2025-10-29,Taca da Liga,League Cup 25/26,27.0,Home,Tondela,Benfica,Tondela,ALL,Passes,Final third phase,85/129 (66%),41/71 (58%),85/129 (66%),41/71 (58%)
14886529,2025-10-29,Taca da Liga,League Cup 25/26,27.0,Home,Tondela,Benfica,Tondela,ALL,Passes,Long balls,26/51 (51%),27/64 (42%),26/51 (51%),27/64 (42%)
14886529,2025-10-29,Taca da Liga,League Cup 25/26,27.0,Home,Tondela,Benfica,Tondela,ALL,Passes,Throw-ins,20,14,20,14
14886529,2025-10-29,Taca da Liga,League Cup 25/26,27.0,Home,Tondela,Benfica,Tondela,ALL,Shots,Blocked shots,1,4,1,4
14886529,2025-10-29,Taca da Liga,League Cup 25/26,27.0,Home,Tondela,Benfica,Tondela,ALL,Shots,Hit woodwork,0,0,0,0
14886529,2025-10-29,Taca da Liga,League Cup 25/26,27.0,Home,Tondela,Benfica,Tondela,ALL,Shots,Shots inside box,9,5,9,5
14886529,2025-10-29,Taca da Liga,League Cup 25/26,27.0,Home,Tondela,Benfica,Tondela,ALL,Shots,Shots off target,4,3,4,3
14886529,2025-10-29,Taca da Liga,League Cup 25/26,27.0,Home,Tondela,Benfica,Tondela,ALL,Shots,Shots on target,6,1,6,1
14886529,2025-10-29,Taca da Liga,League Cup 25/26,27.0,Home,Tondela,Benfica,Tondela,ALL,Shots,Shots outside box,2,3,2,3
14886529,2025-10-29,Taca da Liga,League Cup 25/26,27.0,Home,Tondela,Benfica,Tondela,ALL,Shots,Total shots,11,8,11,8
14131949,2025-11-01,Liga Portugal Betclic,Liga Portugal 25/26,10.0,Away,Vitória SC,Vitória SC,Benfica,1ST,Attack,Big chances missed,0,0,0,0
14131949,2025-11-01,Liga Portugal Betclic,Liga Portugal 25/26,10.0,Away,Vitória SC,Vitória SC,Benfica,1ST,Attack,Big chances scored,0,0,0,0
14131949,2025-11-01,Liga Portugal Betclic,Liga Portugal 25/26,10.0,Away,Vitória SC,Vitória SC,Benfica,1ST,Attack,Fouled in final third,0,2,2,0
14131949,2025-11-01,Liga Portugal Betclic,Liga Portugal 25/26,10.0,Away,Vitória SC,Vitória SC,Benfica,1ST,Attack,Offsides,0,1,1,0
14131949,2025-11-01,Liga Portugal Betclic,Liga Portugal 25/26,10.0,Away,Vitória SC,Vitória SC,Benfica,1ST,Defending,Clearances,4,7,7,4
14131949,2025-11-01,Liga Portugal Betclic,Liga Portugal 25/26,10.0,Away,Vitória SC,Vitória SC,Benfica,1ST,Defending,Interceptions,2,6,6,2
14131949,2025-11-01,Liga Portugal Betclic,Liga Portugal 25/26,10.0,Away,Vitória SC,Vitória SC,Benfica,1ST,Defending,Recoveries,26,26,26,26
14131949,2025-11-01,Liga Portugal Betclic,Liga Portugal 25/26,10.0,Away,Vitória SC,Vitória SC,Benfica,1ST,Defending,Tackles won,25%,50%,50%,25%
14131949,2025-11-01,Liga Portugal Betclic,Liga Portugal 25/26,10.0,Away,Vitória SC,Vitória SC,Benfica,1ST,Defending,Total tackles,4,8,8,4
14131949,2025-11-01,Liga Portugal Betclic,Liga Portugal 25/26,10.0,Away,Vitória SC,Vitória SC,Benfica,1ST,Duels,Aerial duels,5/9 (56%),4/9 (44%),4/9 (44%),5/9 (56%)
14131949,2025-11-01,Liga Portugal Betclic,Liga Portugal 25/26,10.0,Away,Vitória SC,Vitória SC,Benfica,1ST,Duels,Dispossessed,3,2,2,3
14131949,2025-11-01,Liga Portugal Betclic,Liga Portugal 25/26,10.0,Away,Vitória SC,Vitória SC,Benfica,1ST,Duels,Dribbles,9/14 (64%),3/5 (60%),3/5 (60%),9/14 (64%)
14131949,2025-11-01,Liga Portugal Betclic,Liga Portugal 25/26,10.0,Away,Vitória SC,Vitória SC,Benfica,1ST,Duels,Duels,50%,50%,50%,50%
14131949,2025-11-01,Liga Portugal Betclic,Liga Portugal 25/26,10.0,Away,Vitória SC,Vitória SC,Benfica,1ST,Duels,Ground duels,18/37 (49%),19/37 (51%),19/37 (51%),18/37 (49%)
14131949,2025-11-01,Liga Portugal Betclic,Liga Portugal 25/26,10.0,Away,Vitória SC,Vitória SC,Benfica,1ST,Goalkeeping,Goal kicks,4,6,6,4
14131949,2025-11-01,Liga Portugal Betclic,Liga Portugal 25/26,10.0,Away,Vitória SC,Vitória SC,Benfica,1ST,Goalkeeping,Total saves,3,1,1,3
14131949,2025-11-01,Liga Portugal Betclic,Liga Portugal 25/26,10.0,Away,Vitória SC,Vitória SC,Benfica,1ST,Match overview,Ball possession,61%,39%,39%,61%
14131949,2025-11-01,Liga Portugal Betclic,Liga Portugal 25/26,10.0,Away,Vitória SC,Vitória SC,Benfica,1ST,Match overview,Big chances,0,0,0,0
14131949,2025-11-01,Liga Portugal Betclic,Liga Portugal 25/26,10.0,Away,Vitória SC,Vitória SC,Benfica,1ST,Match overview,Corner kicks,2,1,1,2
14131949,2025-11-01,Liga Portugal Betclic,Liga Portugal 25/26,10.0,Away,Vitória SC,Vitória SC,Benfica,1ST,Match overview,Expected goals,0.21,0.26,0.26,0.21
14131949,2025-11-01,Liga Portugal Betclic,Liga Portugal 25/26,10.0,Away,Vitória SC,Vitória SC,Benfica,1ST,Match overview,Fouls,8,5,5,8
14131949,2025-11-01,Liga Portugal Betclic,Liga Portugal 25/26,10.0,Away,Vitória SC,Vitória SC,Benfica,1ST,Match overview,Free kicks,5,8,8,5
14131949,2025-11-01,Liga Portugal Betclic,Liga Portugal 25/26,10.0,Away,Vitória SC,Vitória SC,Benfica,1ST,Match overview,Goalkeeper saves,3,1,1,3
14131949,2025-11-01,Liga Portugal Betclic,Liga Portugal 25/26,10.0,Away,Vitória SC,Vitória SC,Benfica,1ST,Match overview,Passes,272,173,173,272
14131949,2025-11-01,Liga Portugal Betclic,Liga Portugal 25/26,10.0,Away,Vitória SC,Vitória SC,Benfica,1ST,Match overview,Red cards,0,0,0,0
14131949,2025-11-01,Liga Portugal Betclic,Liga Portugal 25/26,10.0,Away,Vitória SC,Vitória SC,Benfica,1ST,Match overview,Tackles,4,8,8,4
14131949,2025-11-01,Liga Portugal Betclic,Liga Portugal 25/26,10.0,Away,Vitória SC,Vitória SC,Benfica,1ST,Match overview,Total shots,7,7,7,7
14131949,2025-11-01,Liga Portugal Betclic,Liga Portugal 25/26,10.0,Away,Vitória SC,Vitória SC,Benfica,1ST,Match overview,Yellow cards,3,1,1,3
14131949,2025-11-01,Liga Portugal Betclic,Liga Portugal 25/26,10.0,Away,Vitória SC,Vitória SC,Benfica,1ST,Passes,Accurate passes,239,136,136,239
14131949,2025-11-01,Liga Portugal Betclic,Liga Portugal 25/26,10.0,Away,Vitória SC,Vitória SC,Benfica,1ST,Passes,Crosses,1/6 (17%),0/4 (0%),0/4 (0%),1/6 (17%)
14131949,2025-11-01,Liga Portugal Betclic,Liga Portugal 25/26,10.0,Away,Vitória SC,Vitória SC,Benfica,1ST,Passes,Final third entries,36,19,19,36
14131949,2025-11-01,Liga Portugal Betclic,Liga Portugal 25/26,10.0,Away,Vitória SC,Vitória SC,Benfica,1ST,Passes,Long balls,15/29 (52%),20/37 (54%),20/37 (54%),15/29 (52%)
14131949,2025-11-01,Liga Portugal Betclic,Liga Portugal 25/26,10.0,Away,Vitória SC,Vitória SC,Benfica,1ST,Passes,Throw-ins,11,5,5,11
14131949,2025-11-01,Liga Portugal Betclic,Liga Portugal 25/26,10.0,Away,Vitória SC,Vitória SC,Benfica,1ST,Shots,Blocked shots,3,2,2,3
14131949,2025-11-01,Liga Portugal Betclic,Liga Portugal 25/26,10.0,Away,Vitória SC,Vitória SC,Benfica,1ST,Shots,Hit woodwork,0,0,0,0
14131949,2025-11-01,Liga Portugal Betclic,Liga Portugal 25/26,10.0,Away,Vitória SC,Vitória SC,Benfica,1ST,Shots,Shots inside box,2,2,2,2
14131949,2025-11-01,Liga Portugal Betclic,Liga Portugal 25/26,10.0,Away,Vitória SC,Vitória SC,Benfica,1ST,Shots,Shots off target,3,2,2,3
14131949,2025-11-01,Liga Portugal Betclic,Liga Portugal 25/26,10.0,Away,Vitória SC,Vitória SC,Benfica,1ST,Shots,Shots on target,1,3,3,1
14131949,2025-11-01,Liga Portugal Betclic,Liga Portugal 25/26,10.0,Away,Vitória SC,Vitória SC,Benfica,1ST,Shots,Shots outside box,5,5,5,5
14131949,2025-11-01,Liga Portugal Betclic,Liga Portugal 25/26,10.0,Away,Vitória SC,Vitória SC,Benfica,1ST,Shots,Total shots,7,7,7,7
14131949,2025-11-01,Liga Portugal Betclic,Liga Portugal 25/26,10.0,Away,Vitória SC,Vitória SC,Benfica,2ND,Attack,Big chances missed,4,0,0,4
14131949,2025-11-01,Liga Portugal Betclic,Liga Portugal 25/26,10.0,Away,Vitória SC,Vitória SC,Benfica,2ND,Attack,Big chances scored,2,0,0,2
14131949,2025-11-01,Liga Portugal Betclic,Liga Portugal 25/26,10.0,Away,Vitória SC,Vitória SC,Benfica,2ND,Attack,Fouled in final third,2,0,0,2
14131949,2025-11-01,Liga Portugal Betclic,Liga Portugal 25/26,10.0,Away,Vitória SC,Vitória SC,Benfica,2ND,Attack,Offsides,0,0,0,0
14131949,2025-11-01,Liga Portugal Betclic,Liga Portugal 25/26,10.0,Away,Vitória SC,Vitória SC,Benfica,2ND,Defending,Clearances,6,9,9,6
14131949,2025-11-01,Liga Portugal Betclic,Liga Portugal 25/26,10.0,Away,Vitória SC,Vitória SC,Benfica,2ND,Defending,Interceptions,6,4,4,6
14131949,2025-11-01,Liga Portugal Betclic,Liga Portugal 25/26,10.0,Away,Vitória SC,Vitória SC,Benfica,2ND,Defending,Recoveries,16,13,13,16
14131949,2025-11-01,Liga Portugal Betclic,Liga Portugal 25/26,10.0,Away,Vitória SC,Vitória SC,Benfica,2ND,Defending,Tackles won,60%,57%,57%,60%
14131949,2025-11-01,Liga Portugal Betclic,Liga Portugal 25/26,10.0,Away,Vitória SC,Vitória SC,Benfica,2ND,Defending,Total tackles,5,7,7,5
14131949,2025-11-01,Liga Portugal Betclic,Liga Portugal 25/26,10.0,Away,Vitória SC,Vitória SC,Benfica,2ND,Duels,Aerial duels,6/12 (50%),6/12 (50%),6/12 (50%),6/12 (50%)
14131949,2025-11-01,Liga Portugal Betclic,Liga Portugal 25/26,10.0,Away,Vitória SC,Vitória SC,Benfica,2ND,Duels,Dispossessed,2,2,2,2
14131949,2025-11-01,Liga Portugal Betclic,Liga Portugal 25/26,10.0,Away,Vitória SC,Vitória SC,Benfica,2ND,Duels,Dribbles,6/11 (55%),3/6 (50%),3/6 (50%),6/11 (55%)
14131949,2025-11-01,Liga Portugal Betclic,Liga Portugal 25/26,10.0,Away,Vitória SC,Vitória SC,Benfica,2ND,Duels,Duels,56%,44%,44%,56%
14131949,2025-11-01,Liga Portugal Betclic,Liga Portugal 25/26,10.0,Away,Vitória SC,Vitória SC,Benfica,2ND,Duels,Ground duels,18/31 (58%),13/31 (42%),13/31 (42%),18/31 (58%)
14131949,2025-11-01,Liga Portugal Betclic,Liga Portugal 25/26,10.0,Away,Vitória SC,Vitória SC,Benfica,2ND,Goalkeeping,Goal kicks,2,6,6,2
14131949,2025-11-01,Liga Portugal Betclic,Liga Portugal 25/26,10.0,Away,Vitória SC,Vitória SC,Benfica,2ND,Goalkeeping,Total saves,0,6,6,0
14131949,2025-11-01,Liga Portugal Betclic,Liga Portugal 25/26,10.0,Away,Vitória SC,Vitória SC,Benfica,2ND,Match overview,Ball possession,72%,28%,28%,72%
14131949,2025-11-01,Liga Portugal Betclic,Liga Portugal 25/26,10.0,Away,Vitória SC,Vitória SC,Benfica,2ND,Match overview,Big chances,6,0,0,6
14131949,2025-11-01,Liga Portugal Betclic,Liga Portugal 25/26,10.0,Away,Vitória SC,Vitória SC,Benfica,2ND,Match overview,Corner kicks,4,2,2,4
14131949,2025-11-01,Liga Portugal Betclic,Liga Portugal 25/26,10.0,Away,Vitória SC,Vitória SC,Benfica,2ND,Match overview,Expected goals,1.92,0.16,0.16,1.92
14131949,2025-11-01,Liga Portugal Betclic,Liga Portugal 25/26,10.0,Away,Vitória SC,Vitória SC,Benfica,2ND,Match overview,Fouls,3,7,7,3
14131949,2025-11-01,Liga Portugal Betclic,Liga Portugal 25/26,10.0,Away,Vitória SC,Vitória SC,Benfica,2ND,Match overview,Free kicks,7,3,3,7
14131949,2025-11-01,Liga Portugal Betclic,Liga Portugal 25/26,10.0,Away,Vitória SC,Vitória SC,Benfica,2ND,Match overview,Goalkeeper saves,0,6,6,0
14131949,2025-11-01,Liga Portugal Betclic,Liga Portugal 25/26,10.0,Away,Vitória SC,Vitória SC,Benfica,2ND,Match overview,Passes,280,106,106,280
14131949,2025-11-01,Liga Portugal Betclic,Liga Portugal 25/26,10.0,Away,Vitória SC,Vitória SC,Benfica,2ND,Match overview,Red cards,0,1,1,0
14131949,2025-11-01,Liga Portugal Betclic,Liga Portugal 25/26,10.0,Away,Vitória SC,Vitória SC,Benfica,2ND,Match overview,Tackles,5,7,7,5
14131949,2025-11-01,Liga Portugal Betclic,Liga Portugal 25/26,10.0,Away,Vitória SC,Vitória SC,Benfica,2ND,Match overview,Total shots,17,3,3,17
14131949,2025-11-01,Liga Portugal Betclic,Liga Portugal 25/26,10.0,Away,Vitória SC,Vitória SC,Benfica,2ND,Match overview,Yellow cards,1,2,2,1
14131949,2025-11-01,Liga Portugal Betclic,Liga Portugal 25/26,10.0,Away,Vitória SC,Vitória SC,Benfica,2ND,Passes,Accurate passes,259,80,80,259
14131949,2025-11-01,Liga Portugal Betclic,Liga Portugal 25/26,10.0,Away,Vitória SC,Vitória SC,Benfica,2ND,Passes,Crosses,5/11 (45%),1/3 (33%),1/3 (33%),5/11 (45%)
14131949,2025-11-01,Liga Portugal Betclic,Liga Portugal 25/26,10.0,Away,Vitória SC,Vitória SC,Benfica,2ND,Passes,Final third entries,45,10,10,45
14131949,2025-11-01,Liga Portugal Betclic,Liga Portugal 25/26,10.0,Away,Vitória SC,Vitória SC,Benfica,2ND,Passes,Long balls,15/21 (71%),10/18 (56%),10/18 (56%),15/21 (71%)
14131949,2025-11-01,Liga Portugal Betclic,Liga Portugal 25/26,10.0,Away,Vitória SC,Vitória SC,Benfica,2ND,Passes,Throw-ins,8,10,10,8
14131949,2025-11-01,Liga Portugal Betclic,Liga Portugal 25/26,10.0,Away,Vitória SC,Vitória SC,Benfica,2ND,Shots,Blocked shots,3,1,1,3
14131949,2025-11-01,Liga Portugal Betclic,Liga Portugal 25/26,10.0,Away,Vitória SC,Vitória SC,Benfica,2ND,Shots,Hit woodwork,0,0,0,0
14131949,2025-11-01,Liga Portugal Betclic,Liga Portugal 25/26,10.0,Away,Vitória SC,Vitória SC,Benfica,2ND,Shots,Shots inside box,11,2,2,11
14131949,2025-11-01,Liga Portugal Betclic,Liga Portugal 25/26,10.0,Away,Vitória SC,Vitória SC,Benfica,2ND,Shots,Shots off target,5,2,2,5
14131949,2025-11-01,Liga Portugal Betclic,Liga Portugal 25/26,10.0,Away,Vitória SC,Vitória SC,Benfica,2ND,Shots,Shots on target,9,0,0,9
14131949,2025-11-01,Liga Portugal Betclic,Liga Portugal 25/26,10.0,Away,Vitória SC,Vitória SC,Benfica,2ND,Shots,Shots outside box,6,1,1,6
14131949,2025-11-01,Liga Portugal Betclic,Liga Portugal 25/26,10.0,Away,Vitória SC,Vitória SC,Benfica,2ND,Shots,Total shots,17,3,3,17
14131949,2025-11-01,Liga Portugal Betclic,Liga Portugal 25/26,10.0,Away,Vitória SC,Vitória SC,Benfica,ALL,Attack,Big chances missed,4,0,0,4
14131949,2025-11-01,Liga Portugal Betclic,Liga Portugal 25/26,10.0,Away,Vitória SC,Vitória SC,Benfica,ALL,Attack,Big chances scored,2,0,0,2
14131949,2025-11-01,Liga Portugal Betclic,Liga Portugal 25/26,10.0,Away,Vitória SC,Vitória SC,Benfica,ALL,Attack,Fouled in final third,2,2,2,2
14131949,2025-11-01,Liga Portugal Betclic,Liga Portugal 25/26,10.0,Away,Vitória SC,Vitória SC,Benfica,ALL,Attack,Offsides,0,1,1,0
14131949,2025-11-01,Liga Portugal Betclic,Liga Portugal 25/26,10.0,Away,Vitória SC,Vitória SC,Benfica,ALL,Attack,Touches in penalty area,37,8,8,37
14131949,2025-11-01,Liga Portugal Betclic,Liga Portugal 25/26,10.0,Away,Vitória SC,Vitória SC,Benfica,ALL,Defending,Clearances,10,16,16,10
14131949,2025-11-01,Liga Portugal Betclic,Liga Portugal 25/26,10.0,Away,Vitória SC,Vitória SC,Benfica,ALL,Defending,Errors lead to a shot,1,0,0,1
14131949,2025-11-01,Liga Portugal Betclic,Liga Portugal 25/26,10.0,Away,Vitória SC,Vitória SC,Benfica,ALL,Defending,Interceptions,8,10,10,8
14131949,2025-11-01,Liga Portugal Betclic,Liga Portugal 25/26,10.0,Away,Vitória SC,Vitória SC,Benfica,ALL,Defending,Recoveries,42,39,39,42
14131949,2025-11-01,Liga Portugal Betclic,Liga Portugal 25/26,10.0,Away,Vitória SC,Vitória SC,Benfica,ALL,Defending,Tackles won,44%,53%,53%,44%
14131949,2025-11-01,Liga Portugal Betclic,Liga Portugal 25/26,10.0,Away,Vitória SC,Vitória SC,Benfica,ALL,Defending,Total tackles,9,15,15,9
14131949,2025-11-01,Liga Portugal Betclic,Liga Portugal 25/26,10.0,Away,Vitória SC,Vitória SC,Benfica,ALL,Duels,Aerial duels,11/21 (52%),10/21 (48%),10/21 (48%),11/21 (52%)
14131949,2025-11-01,Liga Portugal Betclic,Liga Portugal 25/26,10.0,Away,Vitória SC,Vitória SC,Benfica,ALL,Duels,Dispossessed,5,4,4,5
14131949,2025-11-01,Liga Portugal Betclic,Liga Portugal 25/26,10.0,Away,Vitória SC,Vitória SC,Benfica,ALL,Duels,Dribbles,15/25 (60%),6/11 (55%),6/11 (55%),15/25 (60%)
14131949,2025-11-01,Liga Portugal Betclic,Liga Portugal 25/26,10.0,Away,Vitória SC,Vitória SC,Benfica,ALL,Duels,Duels,53%,47%,47%,53%
14131949,2025-11-01,Liga Portugal Betclic,Liga Portugal 25/26,10.0,Away,Vitória SC,Vitória SC,Benfica,ALL,Duels,Ground duels,36/68 (53%),32/68 (47%),32/68 (47%),36/68 (53%)
14131949,2025-11-01,Liga Portugal Betclic,Liga Portugal 25/26,10.0,Away,Vitória SC,Vitória SC,Benfica,ALL,Goalkeeping,Big saves,0,1,1,0
14131949,2025-11-01,Liga Portugal Betclic,Liga Portugal 25/26,10.0,Away,Vitória SC,Vitória SC,Benfica,ALL,Goalkeeping,Goal kicks,6,12,12,6
14131949,2025-11-01,Liga Portugal Betclic,Liga Portugal 25/26,10.0,Away,Vitória SC,Vitória SC,Benfica,ALL,Goalkeeping,Goals prevented,0.07,-0.48,-0.48,0.07
14131949,2025-11-01,Liga Portugal Betclic,Liga Portugal 25/26,10.0,Away,Vitória SC,Vitória SC,Benfica,ALL,Goalkeeping,Total saves,3,7,7,3
14131949,2025-11-01,Liga Portugal Betclic,Liga Portugal 25/26,10.0,Away,Vitória SC,Vitória SC,Benfica,ALL,Match overview,Ball possession,66%,34%,34%,66%
14131949,2025-11-01,Liga Portugal Betclic,Liga Portugal 25/26,10.0,Away,Vitória SC,Vitória SC,Benfica,ALL,Match overview,Big chances,6,0,0,6
14131949,2025-11-01,Liga Portugal Betclic,Liga Portugal 25/26,10.0,Away,Vitória SC,Vitória SC,Benfica,ALL,Match overview,Corner kicks,6,3,3,6
14131949,2025-11-01,Liga Portugal Betclic,Liga Portugal 25/26,10.0,Away,Vitória SC,Vitória SC,Benfica,ALL,Match overview,Distance covered,98.4 km,95.2 km,95.2 km,98.4 km
14131949,2025-11-01,Liga Portugal Betclic,Liga Portugal 25/26,10.0,Away,Vitória SC,Vitória SC,Benfica,ALL,Match overview,Expected goals,2.13,0.43,0.43,2.13
14131949,2025-11-01,Liga Portugal Betclic,Liga Portugal 25/26,10.0,Away,Vitória SC,Vitória SC,Benfica,ALL,Match overview,Fouls,11,12,12,11
14131949,2025-11-01,Liga Portugal Betclic,Liga Portugal 25/26,10.0,Away,Vitória SC,Vitória SC,Benfica,ALL,Match overview,Free kicks,12,11,11,12
14131949,2025-11-01,Liga Portugal Betclic,Liga Portugal 25/26,10.0,Away,Vitória SC,Vitória SC,Benfica,ALL,Match overview,Goalkeeper saves,3,7,7,3
14131949,2025-11-01,Liga Portugal Betclic,Liga Portugal 25/26,10.0,Away,Vitória SC,Vitória SC,Benfica,ALL,Match overview,Number of sprints,128,133,133,128
14131949,2025-11-01,Liga Portugal Betclic,Liga Portugal 25/26,10.0,Away,Vitória SC,Vitória SC,Benfica,ALL,Match overview,Passes,552,279,279,552
14131949,2025-11-01,Liga Portugal Betclic,Liga Portugal 25/26,10.0,Away,Vitória SC,Vitória SC,Benfica,ALL,Match overview,Red cards,0,1,1,0
14131949,2025-11-01,Liga Portugal Betclic,Liga Portugal 25/26,10.0,Away,Vitória SC,Vitória SC,Benfica,ALL,Match overview,Tackles,9,15,15,9
14131949,2025-11-01,Liga Portugal Betclic,Liga Portugal 25/26,10.0,Away,Vitória SC,Vitória SC,Benfica,ALL,Match overview,Total shots,24,10,10,24
14131949,2025-11-01,Liga Portugal Betclic,Liga Portugal 25/26,10.0,Away,Vitória SC,Vitória SC,Benfica,ALL,Match overview,Yellow cards,4,3,3,4
14131949,2025-11-01,Liga Portugal Betclic,Liga Portugal 25/26,10.0,Away,Vitória SC,Vitória SC,Benfica,ALL,Passes,Accurate passes,498,216,216,498
14131949,2025-11-01,Liga Portugal Betclic,Liga Portugal 25/26,10.0,Away,Vitória SC,Vitória SC,Benfica,ALL,Passes,Crosses,6/17 (35%),1/7 (14%),1/7 (14%),6/17 (35%)
14131949,2025-11-01,Liga Portugal Betclic,Liga Portugal 25/26,10.0,Away,Vitória SC,Vitória SC,Benfica,ALL,Passes,Final third entries,81,29,29,81
14131949,2025-11-01,Liga Portugal Betclic,Liga Portugal 25/26,10.0,Away,Vitória SC,Vitória SC,Benfica,ALL,Passes,Final third phase,145/174 (83%),44/64 (69%),44/64 (69%),145/174 (83%)
14131949,2025-11-01,Liga Portugal Betclic,Liga Portugal 25/26,10.0,Away,Vitória SC,Vitória SC,Benfica,ALL,Passes,Long balls,30/50 (60%),30/55 (55%),30/55 (55%),30/50 (60%)
14131949,2025-11-01,Liga Portugal Betclic,Liga Portugal 25/26,10.0,Away,Vitória SC,Vitória SC,Benfica,ALL,Passes,Throw-ins,19,15,15,19
14131949,2025-11-01,Liga Portugal Betclic,Liga Portugal 25/26,10.0,Away,Vitória SC,Vitória SC,Benfica,ALL,Shots,Blocked shots,6,3,3,6
14131949,2025-11-01,Liga Portugal Betclic,Liga Portugal 25/26,10.0,Away,Vitória SC,Vitória SC,Benfica,ALL,Shots,Hit woodwork,0,0,0,0
14131949,2025-11-01,Liga Portugal Betclic,Liga Portugal 25/26,10.0,Away,Vitória SC,Vitória SC,Benfica,ALL,Shots,Shots inside box,13,4,4,13
14131949,2025-11-01,Liga Portugal Betclic,Liga Portugal 25/26,10.0,Away,Vitória SC,Vitória SC,Benfica,ALL,Shots,Shots off target,8,4,4,8
14131949,2025-11-01,Liga Portugal Betclic,Liga Portugal 25/26,10.0,Away,Vitória SC,Vitória SC,Benfica,ALL,Shots,Shots on target,10,3,3,10
14131949,2025-11-01,Liga Portugal Betclic,Liga Portugal 25/26,10.0,Away,Vitória SC,Vitória SC,Benfica,ALL,Shots,Shots outside box,11,6,6,11
14131949,2025-11-01,Liga Portugal Betclic,Liga Portugal 25/26,10.0,Away,Vitória SC,Vitória SC,Benfica,ALL,Shots,Total shots,24,10,10,24
14566736,2025-11-05,UEFA Champions League,UEFA Champions League 25/26,4.0,Home,Bayer 04 Leverkusen,Benfica,Bayer 04 Leverkusen,1ST,Attack,Big chances missed,3,1,3,1
14566736,2025-11-05,UEFA Champions League,UEFA Champions League 25/26,4.0,Home,Bayer 04 Leverkusen,Benfica,Bayer 04 Leverkusen,1ST,Attack,Big chances scored,0,0,0,0
14566736,2025-11-05,UEFA Champions League,UEFA Champions League 25/26,4.0,Home,Bayer 04 Leverkusen,Benfica,Bayer 04 Leverkusen,1ST,Attack,Fouled in final third,1,1,1,1
14566736,2025-11-05,UEFA Champions League,UEFA Champions League 25/26,4.0,Home,Bayer 04 Leverkusen,Benfica,Bayer 04 Leverkusen,1ST,Attack,Offsides,0,0,0,0
14566736,2025-11-05,UEFA Champions League,UEFA Champions League 25/26,4.0,Home,Bayer 04 Leverkusen,Benfica,Bayer 04 Leverkusen,1ST,Attack,Through balls,2,1,2,1
14566736,2025-11-05,UEFA Champions League,UEFA Champions League 25/26,4.0,Home,Bayer 04 Leverkusen,Benfica,Bayer 04 Leverkusen,1ST,Defending,Clearances,3,7,3,7
14566736,2025-11-05,UEFA Champions League,UEFA Champions League 25/26,4.0,Home,Bayer 04 Leverkusen,Benfica,Bayer 04 Leverkusen,1ST,Defending,Interceptions,7,4,7,4
14566736,2025-11-05,UEFA Champions League,UEFA Champions League 25/26,4.0,Home,Bayer 04 Leverkusen,Benfica,Bayer 04 Leverkusen,1ST,Defending,Recoveries,30,22,30,22
14566736,2025-11-05,UEFA Champions League,UEFA Champions League 25/26,4.0,Home,Bayer 04 Leverkusen,Benfica,Bayer 04 Leverkusen,1ST,Defending,Tackles won,67%,29%,67%,29%
14566736,2025-11-05,UEFA Champions League,UEFA Champions League 25/26,4.0,Home,Bayer 04 Leverkusen,Benfica,Bayer 04 Leverkusen,1ST,Defending,Total tackles,12,7,12,7
14566736,2025-11-05,UEFA Champions League,UEFA Champions League 25/26,4.0,Home,Bayer 04 Leverkusen,Benfica,Bayer 04 Leverkusen,1ST,Duels,Aerial duels,6/8 (75%),2/8 (25%),6/8 (75%),2/8 (25%)
14566736,2025-11-05,UEFA Champions League,UEFA Champions League 25/26,4.0,Home,Bayer 04 Leverkusen,Benfica,Bayer 04 Leverkusen,1ST,Duels,Dispossessed,2,8,2,8
14566736,2025-11-05,UEFA Champions League,UEFA Champions League 25/26,4.0,Home,Bayer 04 Leverkusen,Benfica,Bayer 04 Leverkusen,1ST,Duels,Dribbles,4/9 (44%),5/9 (56%),4/9 (44%),5/9 (56%)
14566736,2025-11-05,UEFA Champions League,UEFA Champions League 25/26,4.0,Home,Bayer 04 Leverkusen,Benfica,Bayer 04 Leverkusen,1ST,Duels,Duels,60%,40%,60%,40%
14566736,2025-11-05,UEFA Champions League,UEFA Champions League 25/26,4.0,Home,Bayer 04 Leverkusen,Benfica,Bayer 04 Leverkusen,1ST,Duels,Ground duels,20/35 (57%),15/35 (43%),20/35 (57%),15/35 (43%)
14566736,2025-11-05,UEFA Champions League,UEFA Champions League 25/26,4.0,Home,Bayer 04 Leverkusen,Benfica,Bayer 04 Leverkusen,1ST,Goalkeeping,Goal kicks,3,9,3,9
14566736,2025-11-05,UEFA Champions League,UEFA Champions League 25/26,4.0,Home,Bayer 04 Leverkusen,Benfica,Bayer 04 Leverkusen,1ST,Goalkeeping,Total saves,1,4,1,4
14566736,2025-11-05,UEFA Champions League,UEFA Champions League 25/26,4.0,Home,Bayer 04 Leverkusen,Benfica,Bayer 04 Leverkusen,1ST,Match overview,Ball possession,47%,53%,47%,53%
14566736,2025-11-05,UEFA Champions League,UEFA Champions League 25/26,4.0,Home,Bayer 04 Leverkusen,Benfica,Bayer 04 Leverkusen,1ST,Match overview,Big chances,3,1,3,1
14566736,2025-11-05,UEFA Champions League,UEFA Champions League 25/26,4.0,Home,Bayer 04 Leverkusen,Benfica,Bayer 04 Leverkusen,1ST,Match overview,Corner kicks,2,0,2,0
14566736,2025-11-05,UEFA Champions League,UEFA Champions League 25/26,4.0,Home,Bayer 04 Leverkusen,Benfica,Bayer 04 Leverkusen,1ST,Match overview,Expected goals,1.00,0.31,1.00,0.31
14566736,2025-11-05,UEFA Champions League,UEFA Champions League 25/26,4.0,Home,Bayer 04 Leverkusen,Benfica,Bayer 04 Leverkusen,1ST,Match overview,Fouls,3,4,3,4
14566736,2025-11-05,UEFA Champions League,UEFA Champions League 25/26,4.0,Home,Bayer 04 Leverkusen,Benfica,Bayer 04 Leverkusen,1ST,Match overview,Free kicks,4,3,4,3
14566736,2025-11-05,UEFA Champions League,UEFA Champions League 25/26,4.0,Home,Bayer 04 Leverkusen,Benfica,Bayer 04 Leverkusen,1ST,Match overview,Goalkeeper saves,1,4,1,4
14566736,2025-11-05,UEFA Champions League,UEFA Champions League 25/26,4.0,Home,Bayer 04 Leverkusen,Benfica,Bayer 04 Leverkusen,1ST,Match overview,Number of sprints,0,0,0,0
14566736,2025-11-05,UEFA Champions League,UEFA Champions League 25/26,4.0,Home,Bayer 04 Leverkusen,Benfica,Bayer 04 Leverkusen,1ST,Match overview,Passes,251,293,251,293
14566736,2025-11-05,UEFA Champions League,UEFA Champions League 25/26,4.0,Home,Bayer 04 Leverkusen,Benfica,Bayer 04 Leverkusen,1ST,Match overview,Tackles,12,7,12,7
14566736,2025-11-05,UEFA Champions League,UEFA Champions League 25/26,4.0,Home,Bayer 04 Leverkusen,Benfica,Bayer 04 Leverkusen,1ST,Match overview,Total shots,10,3,10,3
14566736,2025-11-05,UEFA Champions League,UEFA Champions League 25/26,4.0,Home,Bayer 04 Leverkusen,Benfica,Bayer 04 Leverkusen,1ST,Match overview,Yellow cards,0,1,0,1
14566736,2025-11-05,UEFA Champions League,UEFA Champions League 25/26,4.0,Home,Bayer 04 Leverkusen,Benfica,Bayer 04 Leverkusen,1ST,Passes,Accurate passes,222,262,222,262
14566736,2025-11-05,UEFA Champions League,UEFA Champions League 25/26,4.0,Home,Bayer 04 Leverkusen,Benfica,Bayer 04 Leverkusen,1ST,Passes,Crosses,2/8 (25%),1/1 (100%),2/8 (25%),1/1 (100%)
14566736,2025-11-05,UEFA Champions League,UEFA Champions League 25/26,4.0,Home,Bayer 04 Leverkusen,Benfica,Bayer 04 Leverkusen,1ST,Passes,Final third entries,23,20,23,20
14566736,2025-11-05,UEFA Champions League,UEFA Champions League 25/26,4.0,Home,Bayer 04 Leverkusen,Benfica,Bayer 04 Leverkusen,1ST,Passes,Long balls,14/24 (58%),8/20 (40%),14/24 (58%),8/20 (40%)
14566736,2025-11-05,UEFA Champions League,UEFA Champions League 25/26,4.0,Home,Bayer 04 Leverkusen,Benfica,Bayer 04 Leverkusen,1ST,Passes,Throw-ins,5,9,5,9
14566736,2025-11-05,UEFA Champions League,UEFA Champions League 25/26,4.0,Home,Bayer 04 Leverkusen,Benfica,Bayer 04 Leverkusen,1ST,Shots,Blocked shots,1,0,1,0
14566736,2025-11-05,UEFA Champions League,UEFA Champions League 25/26,4.0,Home,Bayer 04 Leverkusen,Benfica,Bayer 04 Leverkusen,1ST,Shots,Hit woodwork,2,0,2,0
14566736,2025-11-05,UEFA Champions League,UEFA Champions League 25/26,4.0,Home,Bayer 04 Leverkusen,Benfica,Bayer 04 Leverkusen,1ST,Shots,Shots inside box,7,3,7,3
14566736,2025-11-05,UEFA Champions League,UEFA Champions League 25/26,4.0,Home,Bayer 04 Leverkusen,Benfica,Bayer 04 Leverkusen,1ST,Shots,Shots off target,4,2,4,2
14566736,2025-11-05,UEFA Champions League,UEFA Champions League 25/26,4.0,Home,Bayer 04 Leverkusen,Benfica,Bayer 04 Leverkusen,1ST,Shots,Shots on target,5,1,5,1
14566736,2025-11-05,UEFA Champions League,UEFA Champions League 25/26,4.0,Home,Bayer 04 Leverkusen,Benfica,Bayer 04 Leverkusen,1ST,Shots,Shots outside box,3,0,3,0
14566736,2025-11-05,UEFA Champions League,UEFA Champions League 25/26,4.0,Home,Bayer 04 Leverkusen,Benfica,Bayer 04 Leverkusen,1ST,Shots,Total shots,10,3,10,3
14566736,2025-11-05,UEFA Champions League,UEFA Champions League 25/26,4.0,Home,Bayer 04 Leverkusen,Benfica,Bayer 04 Leverkusen,2ND,Attack,Big chances missed,0,0,0,0
14566736,2025-11-05,UEFA Champions League,UEFA Champions League 25/26,4.0,Home,Bayer 04 Leverkusen,Benfica,Bayer 04 Leverkusen,2ND,Attack,Big chances scored,0,1,0,1
14566736,2025-11-05,UEFA Champions League,UEFA Champions League 25/26,4.0,Home,Bayer 04 Leverkusen,Benfica,Bayer 04 Leverkusen,2ND,Attack,Fouled in final third,0,2,0,2
14566736,2025-11-05,UEFA Champions League,UEFA Champions League 25/26,4.0,Home,Bayer 04 Leverkusen,Benfica,Bayer 04 Leverkusen,2ND,Attack,Offsides,0,2,0,2
14566736,2025-11-05,UEFA Champions League,UEFA Champions League 25/26,4.0,Home,Bayer 04 Leverkusen,Benfica,Bayer 04 Leverkusen,2ND,Attack,Through balls,1,0,1,0
14566736,2025-11-05,UEFA Champions League,UEFA Champions League 25/26,4.0,Home,Bayer 04 Leverkusen,Benfica,Bayer 04 Leverkusen,2ND,Defending,Clearances,7,26,7,26
14566736,2025-11-05,UEFA Champions League,UEFA Champions League 25/26,4.0,Home,Bayer 04 Leverkusen,Benfica,Bayer 04 Leverkusen,2ND,Defending,Interceptions,7,2,7,2
14566736,2025-11-05,UEFA Champions League,UEFA Champions League 25/26,4.0,Home,Bayer 04 Leverkusen,Benfica,Bayer 04 Leverkusen,2ND,Defending,Recoveries,24,22,24,22
14566736,2025-11-05,UEFA Champions League,UEFA Champions League 25/26,4.0,Home,Bayer 04 Leverkusen,Benfica,Bayer 04 Leverkusen,2ND,Defending,Tackles won,67%,69%,67%,69%
14566736,2025-11-05,UEFA Champions League,UEFA Champions League 25/26,4.0,Home,Bayer 04 Leverkusen,Benfica,Bayer 04 Leverkusen,2ND,Defending,Total tackles,6,13,6,13
14566736,2025-11-05,UEFA Champions League,UEFA Champions League 25/26,4.0,Home,Bayer 04 Leverkusen,Benfica,Bayer 04 Leverkusen,2ND,Duels,Aerial duels,7/15 (47%),8/15 (53%),7/15 (47%),8/15 (53%)
14566736,2025-11-05,UEFA Champions League,UEFA Champions League 25/26,4.0,Home,Bayer 04 Leverkusen,Benfica,Bayer 04 Leverkusen,2ND,Duels,Dispossessed,5,4,5,4
14566736,2025-11-05,UEFA Champions League,UEFA Champions League 25/26,4.0,Home,Bayer 04 Leverkusen,Benfica,Bayer 04 Leverkusen,2ND,Duels,Dribbles,3/11 (27%),3/5 (60%),3/11 (27%),3/5 (60%)
14566736,2025-11-05,UEFA Champions League,UEFA Champions League 25/26,4.0,Home,Bayer 04 Leverkusen,Benfica,Bayer 04 Leverkusen,2ND,Duels,Duels,44%,56%,44%,56%
14566736,2025-11-05,UEFA Champions League,UEFA Champions League 25/26,4.0,Home,Bayer 04 Leverkusen,Benfica,Bayer 04 Leverkusen,2ND,Duels,Ground duels,14/33 (42%),19/33 (58%),14/33 (42%),19/33 (58%)
14566736,2025-11-05,UEFA Champions League,UEFA Champions League 25/26,4.0,Home,Bayer 04 Leverkusen,Benfica,Bayer 04 Leverkusen,2ND,Goalkeeping,Goal kicks,1,7,1,7
14566736,2025-11-05,UEFA Champions League,UEFA Champions League 25/26,4.0,Home,Bayer 04 Leverkusen,Benfica,Bayer 04 Leverkusen,2ND,Goalkeeping,Total saves,1,1,1,1
14566736,2025-11-05,UEFA Champions League,UEFA Champions League 25/26,4.0,Home,Bayer 04 Leverkusen,Benfica,Bayer 04 Leverkusen,2ND,Match overview,Ball possession,61%,39%,61%,39%
14566736,2025-11-05,UEFA Champions League,UEFA Champions League 25/26,4.0,Home,Bayer 04 Leverkusen,Benfica,Bayer 04 Leverkusen,2ND,Match overview,Big chances,0,1,0,1
14566736,2025-11-05,UEFA Champions League,UEFA Champions League 25/26,4.0,Home,Bayer 04 Leverkusen,Benfica,Bayer 04 Leverkusen,2ND,Match overview,Corner kicks,4,0,4,0
14566736,2025-11-05,UEFA Champions League,UEFA Champions League 25/26,4.0,Home,Bayer 04 Leverkusen,Benfica,Bayer 04 Leverkusen,2ND,Match overview,Expected goals,0.61,0.44,0.61,0.44
14566736,2025-11-05,UEFA Champions League,UEFA Champions League 25/26,4.0,Home,Bayer 04 Leverkusen,Benfica,Bayer 04 Leverkusen,2ND,Match overview,Fouls,4,5,4,5
14566736,2025-11-05,UEFA Champions League,UEFA Champions League 25/26,4.0,Home,Bayer 04 Leverkusen,Benfica,Bayer 04 Leverkusen,2ND,Match overview,Free kicks,5,4,5,4
14566736,2025-11-05,UEFA Champions League,UEFA Champions League 25/26,4.0,Home,Bayer 04 Leverkusen,Benfica,Bayer 04 Leverkusen,2ND,Match overview,Goalkeeper saves,1,1,1,1
14566736,2025-11-05,UEFA Champions League,UEFA Champions League 25/26,4.0,Home,Bayer 04 Leverkusen,Benfica,Bayer 04 Leverkusen,2ND,Match overview,Number of sprints,0,0,0,0
14566736,2025-11-05,UEFA Champions League,UEFA Champions League 25/26,4.0,Home,Bayer 04 Leverkusen,Benfica,Bayer 04 Leverkusen,2ND,Match overview,Passes,279,188,279,188
14566736,2025-11-05,UEFA Champions League,UEFA Champions League 25/26,4.0,Home,Bayer 04 Leverkusen,Benfica,Bayer 04 Leverkusen,2ND,Match overview,Tackles,6,13,6,13
14566736,2025-11-05,UEFA Champions League,UEFA Champions League 25/26,4.0,Home,Bayer 04 Leverkusen,Benfica,Bayer 04 Leverkusen,2ND,Match overview,Total shots,11,4,11,4
14566736,2025-11-05,UEFA Champions League,UEFA Champions League 25/26,4.0,Home,Bayer 04 Leverkusen,Benfica,Bayer 04 Leverkusen,2ND,Match overview,Yellow cards,2,2,2,2
14566736,2025-11-05,UEFA Champions League,UEFA Champions League 25/26,4.0,Home,Bayer 04 Leverkusen,Benfica,Bayer 04 Leverkusen,2ND,Passes,Accurate passes,252,162,252,162
14566736,2025-11-05,UEFA Champions League,UEFA Champions League 25/26,4.0,Home,Bayer 04 Leverkusen,Benfica,Bayer 04 Leverkusen,2ND,Passes,Crosses,5/18 (28%),0/2 (0%),5/18 (28%),0/2 (0%)
14566736,2025-11-05,UEFA Champions League,UEFA Champions League 25/26,4.0,Home,Bayer 04 Leverkusen,Benfica,Bayer 04 Leverkusen,2ND,Passes,Final third entries,36,14,36,14
14566736,2025-11-05,UEFA Champions League,UEFA Champions League 25/26,4.0,Home,Bayer 04 Leverkusen,Benfica,Bayer 04 Leverkusen,2ND,Passes,Long balls,16/22 (73%),11/16 (69%),16/22 (73%),11/16 (69%)
14566736,2025-11-05,UEFA Champions League,UEFA Champions League 25/26,4.0,Home,Bayer 04 Leverkusen,Benfica,Bayer 04 Leverkusen,2ND,Passes,Throw-ins,10,9,10,9
14566736,2025-11-05,UEFA Champions League,UEFA Champions League 25/26,4.0,Home,Bayer 04 Leverkusen,Benfica,Bayer 04 Leverkusen,2ND,Shots,Blocked shots,5,1,5,1
14566736,2025-11-05,UEFA Champions League,UEFA Champions League 25/26,4.0,Home,Bayer 04 Leverkusen,Benfica,Bayer 04 Leverkusen,2ND,Shots,Hit woodwork,0,0,0,0
14566736,2025-11-05,UEFA Champions League,UEFA Champions League 25/26,4.0,Home,Bayer 04 Leverkusen,Benfica,Bayer 04 Leverkusen,2ND,Shots,Shots inside box,5,2,5,2
14566736,2025-11-05,UEFA Champions League,UEFA Champions League 25/26,4.0,Home,Bayer 04 Leverkusen,Benfica,Bayer 04 Leverkusen,2ND,Shots,Shots off target,5,1,5,1
14566736,2025-11-05,UEFA Champions League,UEFA Champions League 25/26,4.0,Home,Bayer 04 Leverkusen,Benfica,Bayer 04 Leverkusen,2ND,Shots,Shots on target,1,2,1,2
14566736,2025-11-05,UEFA Champions League,UEFA Champions League 25/26,4.0,Home,Bayer 04 Leverkusen,Benfica,Bayer 04 Leverkusen,2ND,Shots,Shots outside box,6,2,6,2
14566736,2025-11-05,UEFA Champions League,UEFA Champions League 25/26,4.0,Home,Bayer 04 Leverkusen,Benfica,Bayer 04 Leverkusen,2ND,Shots,Total shots,11,4,11,4
14566736,2025-11-05,UEFA Champions League,UEFA Champions League 25/26,4.0,Home,Bayer 04 Leverkusen,Benfica,Bayer 04 Leverkusen,ALL,Attack,Big chances missed,3,1,3,1
14566736,2025-11-05,UEFA Champions League,UEFA Champions League 25/26,4.0,Home,Bayer 04 Leverkusen,Benfica,Bayer 04 Leverkusen,ALL,Attack,Big chances scored,0,1,0,1
14566736,2025-11-05,UEFA Champions League,UEFA Champions League 25/26,4.0,Home,Bayer 04 Leverkusen,Benfica,Bayer 04 Leverkusen,ALL,Attack,Fouled in final third,1,3,1,3
14566736,2025-11-05,UEFA Champions League,UEFA Champions League 25/26,4.0,Home,Bayer 04 Leverkusen,Benfica,Bayer 04 Leverkusen,ALL,Attack,Offsides,0,2,0,2
14566736,2025-11-05,UEFA Champions League,UEFA Champions League 25/26,4.0,Home,Bayer 04 Leverkusen,Benfica,Bayer 04 Leverkusen,ALL,Attack,Through balls,3,1,3,1
14566736,2025-11-05,UEFA Champions League,UEFA Champions League 25/26,4.0,Home,Bayer 04 Leverkusen,Benfica,Bayer 04 Leverkusen,ALL,Attack,Touches in penalty area,46,15,46,15
14566736,2025-11-05,UEFA Champions League,UEFA Champions League 25/26,4.0,Home,Bayer 04 Leverkusen,Benfica,Bayer 04 Leverkusen,ALL,Defending,Clearances,10,33,10,33
14566736,2025-11-05,UEFA Champions League,UEFA Champions League 25/26,4.0,Home,Bayer 04 Leverkusen,Benfica,Bayer 04 Leverkusen,ALL,Defending,Errors lead to a goal,1,0,1,0
14566736,2025-11-05,UEFA Champions League,UEFA Champions League 25/26,4.0,Home,Bayer 04 Leverkusen,Benfica,Bayer 04 Leverkusen,ALL,Defending,Errors lead to a shot,0,1,0,1
14566736,2025-11-05,UEFA Champions League,UEFA Champions League 25/26,4.0,Home,Bayer 04 Leverkusen,Benfica,Bayer 04 Leverkusen,ALL,Defending,Interceptions,14,6,14,6
14566736,2025-11-05,UEFA Champions League,UEFA Champions League 25/26,4.0,Home,Bayer 04 Leverkusen,Benfica,Bayer 04 Leverkusen,ALL,Defending,Recoveries,54,44,54,44
14566736,2025-11-05,UEFA Champions League,UEFA Champions League 25/26,4.0,Home,Bayer 04 Leverkusen,Benfica,Bayer 04 Leverkusen,ALL,Defending,Tackles won,67%,55%,67%,55%
14566736,2025-11-05,UEFA Champions League,UEFA Champions League 25/26,4.0,Home,Bayer 04 Leverkusen,Benfica,Bayer 04 Leverkusen,ALL,Defending,Total tackles,18,20,18,20
14566736,2025-11-05,UEFA Champions League,UEFA Champions League 25/26,4.0,Home,Bayer 04 Leverkusen,Benfica,Bayer 04 Leverkusen,ALL,Duels,Aerial duels,13/23 (57%),10/23 (43%),13/23 (57%),10/23 (43%)
14566736,2025-11-05,UEFA Champions League,UEFA Champions League 25/26,4.0,Home,Bayer 04 Leverkusen,Benfica,Bayer 04 Leverkusen,ALL,Duels,Dispossessed,7,12,7,12
14566736,2025-11-05,UEFA Champions League,UEFA Champions League 25/26,4.0,Home,Bayer 04 Leverkusen,Benfica,Bayer 04 Leverkusen,ALL,Duels,Dribbles,7/20 (35%),8/14 (57%),7/20 (35%),8/14 (57%)
14566736,2025-11-05,UEFA Champions League,UEFA Champions League 25/26,4.0,Home,Bayer 04 Leverkusen,Benfica,Bayer 04 Leverkusen,ALL,Duels,Duels,52%,48%,52%,48%
14566736,2025-11-05,UEFA Champions League,UEFA Champions League 25/26,4.0,Home,Bayer 04 Leverkusen,Benfica,Bayer 04 Leverkusen,ALL,Duels,Ground duels,34/68 (50%),34/68 (50%),34/68 (50%),34/68 (50%)
14566736,2025-11-05,UEFA Champions League,UEFA Champions League 25/26,4.0,Home,Bayer 04 Leverkusen,Benfica,Bayer 04 Leverkusen,ALL,Goalkeeping,Goal kicks,4,16,4,16
14566736,2025-11-05,UEFA Champions League,UEFA Champions League 25/26,4.0,Home,Bayer 04 Leverkusen,Benfica,Bayer 04 Leverkusen,ALL,Goalkeeping,Goals prevented,-0.63,0.71,-0.63,0.71
14566736,2025-11-05,UEFA Champions League,UEFA Champions League 25/26,4.0,Home,Bayer 04 Leverkusen,Benfica,Bayer 04 Leverkusen,ALL,Goalkeeping,Total saves,2,5,2,5
14566736,2025-11-05,UEFA Champions League,UEFA Champions League 25/26,4.0,Home,Bayer 04 Leverkusen,Benfica,Bayer 04 Leverkusen,ALL,Match overview,Ball possession,53%,47%,53%,47%
14566736,2025-11-05,UEFA Champions League,UEFA Champions League 25/26,4.0,Home,Bayer 04 Leverkusen,Benfica,Bayer 04 Leverkusen,ALL,Match overview,Big chances,3,2,3,2
14566736,2025-11-05,UEFA Champions League,UEFA Champions League 25/26,4.0,Home,Bayer 04 Leverkusen,Benfica,Bayer 04 Leverkusen,ALL,Match overview,Corner kicks,6,0,6,0
14566736,2025-11-05,UEFA Champions League,UEFA Champions League 25/26,4.0,Home,Bayer 04 Leverkusen,Benfica,Bayer 04 Leverkusen,ALL,Match overview,Distance covered,122.0 km,122.8 km,122.0 km,122.8 km
14566736,2025-11-05,UEFA Champions League,UEFA Champions League 25/26,4.0,Home,Bayer 04 Leverkusen,Benfica,Bayer 04 Leverkusen,ALL,Match overview,Expected goals,1.62,0.74,1.62,0.74
14566736,2025-11-05,UEFA Champions League,UEFA Champions League 25/26,4.0,Home,Bayer 04 Leverkusen,Benfica,Bayer 04 Leverkusen,ALL,Match overview,Fouls,7,9,7,9
14566736,2025-11-05,UEFA Champions League,UEFA Champions League 25/26,4.0,Home,Bayer 04 Leverkusen,Benfica,Bayer 04 Leverkusen,ALL,Match overview,Free kicks,9,7,9,7
14566736,2025-11-05,UEFA Champions League,UEFA Champions League 25/26,4.0,Home,Bayer 04 Leverkusen,Benfica,Bayer 04 Leverkusen,ALL,Match overview,Goalkeeper saves,2,5,2,5
14566736,2025-11-05,UEFA Champions League,UEFA Champions League 25/26,4.0,Home,Bayer 04 Leverkusen,Benfica,Bayer 04 Leverkusen,ALL,Match overview,Number of sprints,132,105,132,105
14566736,2025-11-05,UEFA Champions League,UEFA Champions League 25/26,4.0,Home,Bayer 04 Leverkusen,Benfica,Bayer 04 Leverkusen,ALL,Match overview,Passes,530,481,530,481
14566736,2025-11-05,UEFA Champions League,UEFA Champions League 25/26,4.0,Home,Bayer 04 Leverkusen,Benfica,Bayer 04 Leverkusen,ALL,Match overview,Tackles,18,20,18,20
14566736,2025-11-05,UEFA Champions League,UEFA Champions League 25/26,4.0,Home,Bayer 04 Leverkusen,Benfica,Bayer 04 Leverkusen,ALL,Match overview,Total shots,21,7,21,7
14566736,2025-11-05,UEFA Champions League,UEFA Champions League 25/26,4.0,Home,Bayer 04 Leverkusen,Benfica,Bayer 04 Leverkusen,ALL,Match overview,Yellow cards,2,3,2,3
14566736,2025-11-05,UEFA Champions League,UEFA Champions League 25/26,4.0,Home,Bayer 04 Leverkusen,Benfica,Bayer 04 Leverkusen,ALL,Passes,Accurate passes,474,424,474,424
14566736,2025-11-05,UEFA Champions League,UEFA Champions League 25/26,4.0,Home,Bayer 04 Leverkusen,Benfica,Bayer 04 Leverkusen,ALL,Passes,Crosses,7/26 (27%),1/3 (33%),7/26 (27%),1/3 (33%)
14566736,2025-11-05,UEFA Champions League,UEFA Champions League 25/26,4.0,Home,Bayer 04 Leverkusen,Benfica,Bayer 04 Leverkusen,ALL,Passes,Final third entries,59,34,59,34
14566736,2025-11-05,UEFA Champions League,UEFA Champions League 25/26,4.0,Home,Bayer 04 Leverkusen,Benfica,Bayer 04 Leverkusen,ALL,Passes,Final third phase,132/164 (80%),47/66 (71%),132/164 (80%),47/66 (71%)
14566736,2025-11-05,UEFA Champions League,UEFA Champions League 25/26,4.0,Home,Bayer 04 Leverkusen,Benfica,Bayer 04 Leverkusen,ALL,Passes,Long balls,30/46 (65%),19/36 (53%),30/46 (65%),19/36 (53%)
14566736,2025-11-05,UEFA Champions League,UEFA Champions League 25/26,4.0,Home,Bayer 04 Leverkusen,Benfica,Bayer 04 Leverkusen,ALL,Passes,Throw-ins,15,18,15,18
14566736,2025-11-05,UEFA Champions League,UEFA Champions League 25/26,4.0,Home,Bayer 04 Leverkusen,Benfica,Bayer 04 Leverkusen,ALL,Shots,Blocked shots,6,1,6,1
14566736,2025-11-05,UEFA Champions League,UEFA Champions League 25/26,4.0,Home,Bayer 04 Leverkusen,Benfica,Bayer 04 Leverkusen,ALL,Shots,Hit woodwork,2,0,2,0
14566736,2025-11-05,UEFA Champions League,UEFA Champions League 25/26,4.0,Home,Bayer 04 Leverkusen,Benfica,Bayer 04 Leverkusen,ALL,Shots,Shots inside box,12,5,12,5
14566736,2025-11-05,UEFA Champions League,UEFA Champions League 25/26,4.0,Home,Bayer 04 Leverkusen,Benfica,Bayer 04 Leverkusen,ALL,Shots,Shots off target,9,3,9,3
14566736,2025-11-05,UEFA Champions League,UEFA Champions League 25/26,4.0,Home,Bayer 04 Leverkusen,Benfica,Bayer 04 Leverkusen,ALL,Shots,Shots on target,6,3,6,3
14566736,2025-11-05,UEFA Champions League,UEFA Champions League 25/26,4.0,Home,Bayer 04 Leverkusen,Benfica,Bayer 04 Leverkusen,ALL,Shots,Shots outside box,9,2,9,2
14566736,2025-11-05,UEFA Champions League,UEFA Champions League 25/26,4.0,Home,Bayer 04 Leverkusen,Benfica,Bayer 04 Leverkusen,ALL,Shots,Total shots,21,7,21,7
14131956,2025-11-09,Liga Portugal Betclic,Liga Portugal 25/26,11.0,Home,Casa Pia,Benfica,Casa Pia,1ST,Attack,Big chances missed,1,1,1,1
14131956,2025-11-09,Liga Portugal Betclic,Liga Portugal 25/26,11.0,Home,Casa Pia,Benfica,Casa Pia,1ST,Attack,Big chances scored,1,0,1,0
14131956,2025-11-09,Liga Portugal Betclic,Liga Portugal 25/26,11.0,Home,Casa Pia,Benfica,Casa Pia,1ST,Attack,Fouled in final third,0,0,0,0
14131956,2025-11-09,Liga Portugal Betclic,Liga Portugal 25/26,11.0,Home,Casa Pia,Benfica,Casa Pia,1ST,Attack,Offsides,3,0,3,0
14131956,2025-11-09,Liga Portugal Betclic,Liga Portugal 25/26,11.0,Home,Casa Pia,Benfica,Casa Pia,1ST,Attack,Through balls,1,0,1,0
14131956,2025-11-09,Liga Portugal Betclic,Liga Portugal 25/26,11.0,Home,Casa Pia,Benfica,Casa Pia,1ST,Defending,Clearances,5,20,5,20
14131956,2025-11-09,Liga Portugal Betclic,Liga Portugal 25/26,11.0,Home,Casa Pia,Benfica,Casa Pia,1ST,Defending,Interceptions,3,1,3,1
14131956,2025-11-09,Liga Portugal Betclic,Liga Portugal 25/26,11.0,Home,Casa Pia,Benfica,Casa Pia,1ST,Defending,Recoveries,22,16,22,16
14131956,2025-11-09,Liga Portugal Betclic,Liga Portugal 25/26,11.0,Home,Casa Pia,Benfica,Casa Pia,1ST,Defending,Tackles won,57%,44%,57%,44%
14131956,2025-11-09,Liga Portugal Betclic,Liga Portugal 25/26,11.0,Home,Casa Pia,Benfica,Casa Pia,1ST,Defending,Total tackles,7,9,7,9
14131956,2025-11-09,Liga Portugal Betclic,Liga Portugal 25/26,11.0,Home,Casa Pia,Benfica,Casa Pia,1ST,Duels,Aerial duels,5/12 (42%),7/12 (58%),5/12 (42%),7/12 (58%)
14131956,2025-11-09,Liga Portugal Betclic,Liga Portugal 25/26,11.0,Home,Casa Pia,Benfica,Casa Pia,1ST,Duels,Dispossessed,3,2,3,2
14131956,2025-11-09,Liga Portugal Betclic,Liga Portugal 25/26,11.0,Home,Casa Pia,Benfica,Casa Pia,1ST,Duels,Dribbles,5/11 (45%),5/10 (50%),5/11 (45%),5/10 (50%)
14131956,2025-11-09,Liga Portugal Betclic,Liga Portugal 25/26,11.0,Home,Casa Pia,Benfica,Casa Pia,1ST,Duels,Duels,43%,57%,43%,57%
14131956,2025-11-09,Liga Portugal Betclic,Liga Portugal 25/26,11.0,Home,Casa Pia,Benfica,Casa Pia,1ST,Duels,Ground duels,14/32 (44%),18/32 (56%),14/32 (44%),18/32 (56%)
14131956,2025-11-09,Liga Portugal Betclic,Liga Portugal 25/26,11.0,Home,Casa Pia,Benfica,Casa Pia,1ST,Goalkeeping,Goal kicks,0,4,0,4
14131956,2025-11-09,Liga Portugal Betclic,Liga Portugal 25/26,11.0,Home,Casa Pia,Benfica,Casa Pia,1ST,Goalkeeping,Total saves,1,1,1,1
14131956,2025-11-09,Liga Portugal Betclic,Liga Portugal 25/26,11.0,Home,Casa Pia,Benfica,Casa Pia,1ST,Match overview,Ball possession,72%,28%,72%,28%
14131956,2025-11-09,Liga Portugal Betclic,Liga Portugal 25/26,11.0,Home,Casa Pia,Benfica,Casa Pia,1ST,Match overview,Big chances,2,1,2,1
14131956,2025-11-09,Liga Portugal Betclic,Liga Portugal 25/26,11.0,Home,Casa Pia,Benfica,Casa Pia,1ST,Match overview,Corner kicks,3,2,3,2
14131956,2025-11-09,Liga Portugal Betclic,Liga Portugal 25/26,11.0,Home,Casa Pia,Benfica,Casa Pia,1ST,Match overview,Expected goals,0.78,0.16,0.78,0.16
14131956,2025-11-09,Liga Portugal Betclic,Liga Portugal 25/26,11.0,Home,Casa Pia,Benfica,Casa Pia,1ST,Match overview,Fouls,4,3,4,3
14131956,2025-11-09,Liga Portugal Betclic,Liga Portugal 25/26,11.0,Home,Casa Pia,Benfica,Casa Pia,1ST,Match overview,Free kicks,3,4,3,4
14131956,2025-11-09,Liga Portugal Betclic,Liga Portugal 25/26,11.0,Home,Casa Pia,Benfica,Casa Pia,1ST,Match overview,Goalkeeper saves,1,1,1,1
14131956,2025-11-09,Liga Portugal Betclic,Liga Portugal 25/26,11.0,Home,Casa Pia,Benfica,Casa Pia,1ST,Match overview,Passes,364,138,364,138
14131956,2025-11-09,Liga Portugal Betclic,Liga Portugal 25/26,11.0,Home,Casa Pia,Benfica,Casa Pia,1ST,Match overview,Tackles,7,9,7,9
14131956,2025-11-09,Liga Portugal Betclic,Liga Portugal 25/26,11.0,Home,Casa Pia,Benfica,Casa Pia,1ST,Match overview,Total shots,10,3,10,3
14131956,2025-11-09,Liga Portugal Betclic,Liga Portugal 25/26,11.0,Home,Casa Pia,Benfica,Casa Pia,1ST,Match overview,Yellow cards,0,1,0,1
14131956,2025-11-09,Liga Portugal Betclic,Liga Portugal 25/26,11.0,Home,Casa Pia,Benfica,Casa Pia,1ST,Passes,Accurate passes,324,105,324,105
14131956,2025-11-09,Liga Portugal Betclic,Liga Portugal 25/26,11.0,Home,Casa Pia,Benfica,Casa Pia,1ST,Passes,Crosses,1/9 (11%),2/3 (67%),1/9 (11%),2/3 (67%)
14131956,2025-11-09,Liga Portugal Betclic,Liga Portugal 25/26,11.0,Home,Casa Pia,Benfica,Casa Pia,1ST,Passes,Final third entries,57,15,57,15
14131956,2025-11-09,Liga Portugal Betclic,Liga Portugal 25/26,11.0,Home,Casa Pia,Benfica,Casa Pia,1ST,Passes,Long balls,16/25 (64%),11/21 (52%),16/25 (64%),11/21 (52%)
14131956,2025-11-09,Liga Portugal Betclic,Liga Portugal 25/26,11.0,Home,Casa Pia,Benfica,Casa Pia,1ST,Passes,Throw-ins,9,7,9,7
14131956,2025-11-09,Liga Portugal Betclic,Liga Portugal 25/26,11.0,Home,Casa Pia,Benfica,Casa Pia,1ST,Shots,Blocked shots,5,2,5,2
14131956,2025-11-09,Liga Portugal Betclic,Liga Portugal 25/26,11.0,Home,Casa Pia,Benfica,Casa Pia,1ST,Shots,Hit woodwork,1,0,1,0
14131956,2025-11-09,Liga Portugal Betclic,Liga Portugal 25/26,11.0,Home,Casa Pia,Benfica,Casa Pia,1ST,Shots,Shots inside box,6,2,6,2
14131956,2025-11-09,Liga Portugal Betclic,Liga Portugal 25/26,11.0,Home,Casa Pia,Benfica,Casa Pia,1ST,Shots,Shots off target,3,0,3,0
14131956,2025-11-09,Liga Portugal Betclic,Liga Portugal 25/26,11.0,Home,Casa Pia,Benfica,Casa Pia,1ST,Shots,Shots on target,2,1,2,1
14131956,2025-11-09,Liga Portugal Betclic,Liga Portugal 25/26,11.0,Home,Casa Pia,Benfica,Casa Pia,1ST,Shots,Shots outside box,4,1,4,1
14131956,2025-11-09,Liga Portugal Betclic,Liga Portugal 25/26,11.0,Home,Casa Pia,Benfica,Casa Pia,1ST,Shots,Total shots,10,3,10,3
14131956,2025-11-09,Liga Portugal Betclic,Liga Portugal 25/26,11.0,Home,Casa Pia,Benfica,Casa Pia,2ND,Attack,Big chances missed,0,1,0,1
14131956,2025-11-09,Liga Portugal Betclic,Liga Portugal 25/26,11.0,Home,Casa Pia,Benfica,Casa Pia,2ND,Attack,Big chances scored,1,1,1,1
14131956,2025-11-09,Liga Portugal Betclic,Liga Portugal 25/26,11.0,Home,Casa Pia,Benfica,Casa Pia,2ND,Attack,Fouled in final third,2,1,2,1
14131956,2025-11-09,Liga Portugal Betclic,Liga Portugal 25/26,11.0,Home,Casa Pia,Benfica,Casa Pia,2ND,Attack,Offsides,2,1,2,1
14131956,2025-11-09,Liga Portugal Betclic,Liga Portugal 25/26,11.0,Home,Casa Pia,Benfica,Casa Pia,2ND,Attack,Through balls,0,0,0,0
14131956,2025-11-09,Liga Portugal Betclic,Liga Portugal 25/26,11.0,Home,Casa Pia,Benfica,Casa Pia,2ND,Defending,Clearances,3,13,3,13
14131956,2025-11-09,Liga Portugal Betclic,Liga Portugal 25/26,11.0,Home,Casa Pia,Benfica,Casa Pia,2ND,Defending,Interceptions,3,3,3,3
14131956,2025-11-09,Liga Portugal Betclic,Liga Portugal 25/26,11.0,Home,Casa Pia,Benfica,Casa Pia,2ND,Defending,Recoveries,25,21,25,21
14131956,2025-11-09,Liga Portugal Betclic,Liga Portugal 25/26,11.0,Home,Casa Pia,Benfica,Casa Pia,2ND,Defending,Tackles won,43%,33%,43%,33%
14131956,2025-11-09,Liga Portugal Betclic,Liga Portugal 25/26,11.0,Home,Casa Pia,Benfica,Casa Pia,2ND,Defending,Total tackles,7,6,7,6
14131956,2025-11-09,Liga Portugal Betclic,Liga Portugal 25/26,11.0,Home,Casa Pia,Benfica,Casa Pia,2ND,Duels,Aerial duels,7/13 (54%),6/13 (46%),7/13 (54%),6/13 (46%)
14131956,2025-11-09,Liga Portugal Betclic,Liga Portugal 25/26,11.0,Home,Casa Pia,Benfica,Casa Pia,2ND,Duels,Dispossessed,3,4,3,4
14131956,2025-11-09,Liga Portugal Betclic,Liga Portugal 25/26,11.0,Home,Casa Pia,Benfica,Casa Pia,2ND,Duels,Dribbles,2/5 (40%),2/5 (40%),2/5 (40%),2/5 (40%)
14131956,2025-11-09,Liga Portugal Betclic,Liga Portugal 25/26,11.0,Home,Casa Pia,Benfica,Casa Pia,2ND,Duels,Duels,57%,43%,57%,43%
14131956,2025-11-09,Liga Portugal Betclic,Liga Portugal 25/26,11.0,Home,Casa Pia,Benfica,Casa Pia,2ND,Duels,Ground duels,13/22 (59%),9/22 (41%),13/22 (59%),9/22 (41%)
14131956,2025-11-09,Liga Portugal Betclic,Liga Portugal 25/26,11.0,Home,Casa Pia,Benfica,Casa Pia,2ND,Goalkeeping,Goal kicks,1,7,1,7
14131956,2025-11-09,Liga Portugal Betclic,Liga Portugal 25/26,11.0,Home,Casa Pia,Benfica,Casa Pia,2ND,Goalkeeping,Total saves,2,3,2,3
14131956,2025-11-09,Liga Portugal Betclic,Liga Portugal 25/26,11.0,Home,Casa Pia,Benfica,Casa Pia,2ND,Match overview,Ball possession,57%,43%,57%,43%
14131956,2025-11-09,Liga Portugal Betclic,Liga Portugal 25/26,11.0,Home,Casa Pia,Benfica,Casa Pia,2ND,Match overview,Big chances,1,2,1,2
14131956,2025-11-09,Liga Portugal Betclic,Liga Portugal 25/26,11.0,Home,Casa Pia,Benfica,Casa Pia,2ND,Match overview,Corner kicks,3,0,3,0
14131956,2025-11-09,Liga Portugal Betclic,Liga Portugal 25/26,11.0,Home,Casa Pia,Benfica,Casa Pia,2ND,Match overview,Expected goals,1.44,1.05,1.44,1.05
14131956,2025-11-09,Liga Portugal Betclic,Liga Portugal 25/26,11.0,Home,Casa Pia,Benfica,Casa Pia,2ND,Match overview,Fouls,4,5,4,5
14131956,2025-11-09,Liga Portugal Betclic,Liga Portugal 25/26,11.0,Home,Casa Pia,Benfica,Casa Pia,2ND,Match overview,Free kicks,4,3,4,3
14131956,2025-11-09,Liga Portugal Betclic,Liga Portugal 25/26,11.0,Home,Casa Pia,Benfica,Casa Pia,2ND,Match overview,Goalkeeper saves,2,3,2,3
14131956,2025-11-09,Liga Portugal Betclic,Liga Portugal 25/26,11.0,Home,Casa Pia,Benfica,Casa Pia,2ND,Match overview,Passes,198,154,198,154
14131956,2025-11-09,Liga Portugal Betclic,Liga Portugal 25/26,11.0,Home,Casa Pia,Benfica,Casa Pia,2ND,Match overview,Tackles,7,6,7,6
14131956,2025-11-09,Liga Portugal Betclic,Liga Portugal 25/26,11.0,Home,Casa Pia,Benfica,Casa Pia,2ND,Match overview,Total shots,9,4,9,4
14131956,2025-11-09,Liga Portugal Betclic,Liga Portugal 25/26,11.0,Home,Casa Pia,Benfica,Casa Pia,2ND,Match overview,Yellow cards,3,1,3,1
14131956,2025-11-09,Liga Portugal Betclic,Liga Portugal 25/26,11.0,Home,Casa Pia,Benfica,Casa Pia,2ND,Passes,Accurate passes,165,119,165,119
14131956,2025-11-09,Liga Portugal Betclic,Liga Portugal 25/26,11.0,Home,Casa Pia,Benfica,Casa Pia,2ND,Passes,Crosses,2/9 (22%),0/4 (0%),2/9 (22%),0/4 (0%)
14131956,2025-11-09,Liga Portugal Betclic,Liga Portugal 25/26,11.0,Home,Casa Pia,Benfica,Casa Pia,2ND,Passes,Final third entries,36,5,36,5
14131956,2025-11-09,Liga Portugal Betclic,Liga Portugal 25/26,11.0,Home,Casa Pia,Benfica,Casa Pia,2ND,Passes,Long balls,13/23 (57%),9/24 (38%),13/23 (57%),9/24 (38%)
14131956,2025-11-09,Liga Portugal Betclic,Liga Portugal 25/26,11.0,Home,Casa Pia,Benfica,Casa Pia,2ND,Passes,Throw-ins,12,8,12,8
14131956,2025-11-09,Liga Portugal Betclic,Liga Portugal 25/26,11.0,Home,Casa Pia,Benfica,Casa Pia,2ND,Shots,Blocked shots,1,1,1,1
14131956,2025-11-09,Liga Portugal Betclic,Liga Portugal 25/26,11.0,Home,Casa Pia,Benfica,Casa Pia,2ND,Shots,Hit woodwork,0,0,0,0
14131956,2025-11-09,Liga Portugal Betclic,Liga Portugal 25/26,11.0,Home,Casa Pia,Benfica,Casa Pia,2ND,Shots,Shots inside box,4,2,4,2
14131956,2025-11-09,Liga Portugal Betclic,Liga Portugal 25/26,11.0,Home,Casa Pia,Benfica,Casa Pia,2ND,Shots,Shots off target,4,0,4,0
14131956,2025-11-09,Liga Portugal Betclic,Liga Portugal 25/26,11.0,Home,Casa Pia,Benfica,Casa Pia,2ND,Shots,Shots on target,4,3,4,3
14131956,2025-11-09,Liga Portugal Betclic,Liga Portugal 25/26,11.0,Home,Casa Pia,Benfica,Casa Pia,2ND,Shots,Shots outside box,5,2,5,2
14131956,2025-11-09,Liga Portugal Betclic,Liga Portugal 25/26,11.0,Home,Casa Pia,Benfica,Casa Pia,2ND,Shots,Total shots,9,4,9,4
14131956,2025-11-09,Liga Portugal Betclic,Liga Portugal 25/26,11.0,Home,Casa Pia,Benfica,Casa Pia,ALL,Attack,Big chances missed,1,2,1,2
14131956,2025-11-09,Liga Portugal Betclic,Liga Portugal 25/26,11.0,Home,Casa Pia,Benfica,Casa Pia,ALL,Attack,Big chances scored,2,1,2,1
14131956,2025-11-09,Liga Portugal Betclic,Liga Portugal 25/26,11.0,Home,Casa Pia,Benfica,Casa Pia,ALL,Attack,Fouled in final third,2,1,2,1
14131956,2025-11-09,Liga Portugal Betclic,Liga Portugal 25/26,11.0,Home,Casa Pia,Benfica,Casa Pia,ALL,Attack,Offsides,5,1,5,1
14131956,2025-11-09,Liga Portugal Betclic,Liga Portugal 25/26,11.0,Home,Casa Pia,Benfica,Casa Pia,ALL,Attack,Through balls,1,0,1,0
14131956,2025-11-09,Liga Portugal Betclic,Liga Portugal 25/26,11.0,Home,Casa Pia,Benfica,Casa Pia,ALL,Attack,Touches in penalty area,35,7,35,7
14131956,2025-11-09,Liga Portugal Betclic,Liga Portugal 25/26,11.0,Home,Casa Pia,Benfica,Casa Pia,ALL,Defending,Clearances,8,33,8,33
14131956,2025-11-09,Liga Portugal Betclic,Liga Portugal 25/26,11.0,Home,Casa Pia,Benfica,Casa Pia,ALL,Defending,Errors lead to a goal,2,0,2,0
14131956,2025-11-09,Liga Portugal Betclic,Liga Portugal 25/26,11.0,Home,Casa Pia,Benfica,Casa Pia,ALL,Defending,Interceptions,6,4,6,4
14131956,2025-11-09,Liga Portugal Betclic,Liga Portugal 25/26,11.0,Home,Casa Pia,Benfica,Casa Pia,ALL,Defending,Recoveries,47,37,47,37
14131956,2025-11-09,Liga Portugal Betclic,Liga Portugal 25/26,11.0,Home,Casa Pia,Benfica,Casa Pia,ALL,Defending,Tackles won,50%,40%,50%,40%
14131956,2025-11-09,Liga Portugal Betclic,Liga Portugal 25/26,11.0,Home,Casa Pia,Benfica,Casa Pia,ALL,Defending,Total tackles,14,15,14,15
14131956,2025-11-09,Liga Portugal Betclic,Liga Portugal 25/26,11.0,Home,Casa Pia,Benfica,Casa Pia,ALL,Duels,Aerial duels,12/25 (48%),13/25 (52%),12/25 (48%),13/25 (52%)
14131956,2025-11-09,Liga Portugal Betclic,Liga Portugal 25/26,11.0,Home,Casa Pia,Benfica,Casa Pia,ALL,Duels,Dispossessed,6,6,6,6
14131956,2025-11-09,Liga Portugal Betclic,Liga Portugal 25/26,11.0,Home,Casa Pia,Benfica,Casa Pia,ALL,Duels,Dribbles,7/16 (44%),7/15 (47%),7/16 (44%),7/15 (47%)
14131956,2025-11-09,Liga Portugal Betclic,Liga Portugal 25/26,11.0,Home,Casa Pia,Benfica,Casa Pia,ALL,Duels,Duels,49%,51%,49%,51%
14131956,2025-11-09,Liga Portugal Betclic,Liga Portugal 25/26,11.0,Home,Casa Pia,Benfica,Casa Pia,ALL,Duels,Ground duels,27/54 (50%),27/54 (50%),27/54 (50%),27/54 (50%)
14131956,2025-11-09,Liga Portugal Betclic,Liga Portugal 25/26,11.0,Home,Casa Pia,Benfica,Casa Pia,ALL,Goalkeeping,Big saves,0,3,0,3
14131956,2025-11-09,Liga Portugal Betclic,Liga Portugal 25/26,11.0,Home,Casa Pia,Benfica,Casa Pia,ALL,Goalkeeping,Goal kicks,1,11,1,11
14131956,2025-11-09,Liga Portugal Betclic,Liga Portugal 25/26,11.0,Home,Casa Pia,Benfica,Casa Pia,ALL,Goalkeeping,Goals prevented,-0.33,0.60,-0.33,0.60
14131956,2025-11-09,Liga Portugal Betclic,Liga Portugal 25/26,11.0,Home,Casa Pia,Benfica,Casa Pia,ALL,Goalkeeping,Penalty saves,1,0,1,0
14131956,2025-11-09,Liga Portugal Betclic,Liga Portugal 25/26,11.0,Home,Casa Pia,Benfica,Casa Pia,ALL,Goalkeeping,Punches,0,1,0,1
14131956,2025-11-09,Liga Portugal Betclic,Liga Portugal 25/26,11.0,Home,Casa Pia,Benfica,Casa Pia,ALL,Goalkeeping,Total saves,3,4,3,4
14131956,2025-11-09,Liga Portugal Betclic,Liga Portugal 25/26,11.0,Home,Casa Pia,Benfica,Casa Pia,ALL,Match overview,Ball possession,66%,34%,66%,34%
14131956,2025-11-09,Liga Portugal Betclic,Liga Portugal 25/26,11.0,Home,Casa Pia,Benfica,Casa Pia,ALL,Match overview,Big chances,3,3,3,3
14131956,2025-11-09,Liga Portugal Betclic,Liga Portugal 25/26,11.0,Home,Casa Pia,Benfica,Casa Pia,ALL,Match overview,Corner kicks,6,2,6,2
14131956,2025-11-09,Liga Portugal Betclic,Liga Portugal 25/26,11.0,Home,Casa Pia,Benfica,Casa Pia,ALL,Match overview,Expected goals,2.22,1.21,2.22,1.21
14131956,2025-11-09,Liga Portugal Betclic,Liga Portugal 25/26,11.0,Home,Casa Pia,Benfica,Casa Pia,ALL,Match overview,Fouls,8,8,8,8
14131956,2025-11-09,Liga Portugal Betclic,Liga Portugal 25/26,11.0,Home,Casa Pia,Benfica,Casa Pia,ALL,Match overview,Free kicks,7,7,7,7
14131956,2025-11-09,Liga Portugal Betclic,Liga Portugal 25/26,11.0,Home,Casa Pia,Benfica,Casa Pia,ALL,Match overview,Goalkeeper saves,3,4,3,4
14131956,2025-11-09,Liga Portugal Betclic,Liga Portugal 25/26,11.0,Home,Casa Pia,Benfica,Casa Pia,ALL,Match overview,Passes,562,292,562,292
14131956,2025-11-09,Liga Portugal Betclic,Liga Portugal 25/26,11.0,Home,Casa Pia,Benfica,Casa Pia,ALL,Match overview,Tackles,14,15,14,15
14131956,2025-11-09,Liga Portugal Betclic,Liga Portugal 25/26,11.0,Home,Casa Pia,Benfica,Casa Pia,ALL,Match overview,Total shots,19,7,19,7
14131956,2025-11-09,Liga Portugal Betclic,Liga Portugal 25/26,11.0,Home,Casa Pia,Benfica,Casa Pia,ALL,Match overview,Yellow cards,3,2,3,2
14131956,2025-11-09,Liga Portugal Betclic,Liga Portugal 25/26,11.0,Home,Casa Pia,Benfica,Casa Pia,ALL,Passes,Accurate passes,489,224,489,224
14131956,2025-11-09,Liga Portugal Betclic,Liga Portugal 25/26,11.0,Home,Casa Pia,Benfica,Casa Pia,ALL,Passes,Crosses,3/18 (17%),2/7 (29%),3/18 (17%),2/7 (29%)
14131956,2025-11-09,Liga Portugal Betclic,Liga Portugal 25/26,11.0,Home,Casa Pia,Benfica,Casa Pia,ALL,Passes,Final third entries,93,20,93,20
14131956,2025-11-09,Liga Portugal Betclic,Liga Portugal 25/26,11.0,Home,Casa Pia,Benfica,Casa Pia,ALL,Passes,Final third phase,177/227 (78%),19/31 (61%),177/227 (78%),19/31 (61%)
14131956,2025-11-09,Liga Portugal Betclic,Liga Portugal 25/26,11.0,Home,Casa Pia,Benfica,Casa Pia,ALL,Passes,Long balls,29/48 (60%),20/45 (44%),29/48 (60%),20/45 (44%)
14131956,2025-11-09,Liga Portugal Betclic,Liga Portugal 25/26,11.0,Home,Casa Pia,Benfica,Casa Pia,ALL,Passes,Throw-ins,21,15,21,15
14131956,2025-11-09,Liga Portugal Betclic,Liga Portugal 25/26,11.0,Home,Casa Pia,Benfica,Casa Pia,ALL,Shots,Blocked shots,6,3,6,3
14131956,2025-11-09,Liga Portugal Betclic,Liga Portugal 25/26,11.0,Home,Casa Pia,Benfica,Casa Pia,ALL,Shots,Hit woodwork,1,0,1,0
14131956,2025-11-09,Liga Portugal Betclic,Liga Portugal 25/26,11.0,Home,Casa Pia,Benfica,Casa Pia,ALL,Shots,Shots inside box,10,4,10,4
14131956,2025-11-09,Liga Portugal Betclic,Liga Portugal 25/26,11.0,Home,Casa Pia,Benfica,Casa Pia,ALL,Shots,Shots off target,7,0,7,0
14131956,2025-11-09,Liga Portugal Betclic,Liga Portugal 25/26,11.0,Home,Casa Pia,Benfica,Casa Pia,ALL,Shots,Shots on target,6,4,6,4
14131956,2025-11-09,Liga Portugal Betclic,Liga Portugal 25/26,11.0,Home,Casa Pia,Benfica,Casa Pia,ALL,Shots,Shots outside box,9,3,9,3
14131956,2025-11-09,Liga Portugal Betclic,Liga Portugal 25/26,11.0,Home,Casa Pia,Benfica,Casa Pia,ALL,Shots,Total shots,19,7,19,7
14917422,2025-11-21,Taça de Portugal,Taca de Portugal 25/26,4.0,Away,Atletico CP,Atletico CP,Benfica,1ST,Attack,Big chances missed,2,0,0,2
14917422,2025-11-21,Taça de Portugal,Taca de Portugal 25/26,4.0,Away,Atletico CP,Atletico CP,Benfica,1ST,Attack,Big chances scored,0,0,0,0
14917422,2025-11-21,Taça de Portugal,Taca de Portugal 25/26,4.0,Away,Atletico CP,Atletico CP,Benfica,1ST,Attack,Fouled in final third,2,0,0,2
14917422,2025-11-21,Taça de Portugal,Taca de Portugal 25/26,4.0,Away,Atletico CP,Atletico CP,Benfica,1ST,Attack,Offsides,0,2,2,0
14917422,2025-11-21,Taça de Portugal,Taca de Portugal 25/26,4.0,Away,Atletico CP,Atletico CP,Benfica,1ST,Defending,Clearances,12,16,16,12
14917422,2025-11-21,Taça de Portugal,Taca de Portugal 25/26,4.0,Away,Atletico CP,Atletico CP,Benfica,1ST,Defending,Interceptions,3,4,4,3
14917422,2025-11-21,Taça de Portugal,Taca de Portugal 25/26,4.0,Away,Atletico CP,Atletico CP,Benfica,1ST,Defending,Recoveries,23,23,23,23
14917422,2025-11-21,Taça de Portugal,Taca de Portugal 25/26,4.0,Away,Atletico CP,Atletico CP,Benfica,1ST,Defending,Tackles won,60%,57%,57%,60%
14917422,2025-11-21,Taça de Portugal,Taca de Portugal 25/26,4.0,Away,Atletico CP,Atletico CP,Benfica,1ST,Defending,Total tackles,5,14,14,5
14917422,2025-11-21,Taça de Portugal,Taca de Portugal 25/26,4.0,Away,Atletico CP,Atletico CP,Benfica,1ST,Duels,Aerial duels,8/19 (42%),11/19 (58%),11/19 (58%),8/19 (42%)
14917422,2025-11-21,Taça de Portugal,Taca de Portugal 25/26,4.0,Away,Atletico CP,Atletico CP,Benfica,1ST,Duels,Dispossessed,11,2,2,11
14917422,2025-11-21,Taça de Portugal,Taca de Portugal 25/26,4.0,Away,Atletico CP,Atletico CP,Benfica,1ST,Duels,Dribbles,2/5 (40%),4/7 (57%),4/7 (57%),2/5 (40%)
14917422,2025-11-21,Taça de Portugal,Taca de Portugal 25/26,4.0,Away,Atletico CP,Atletico CP,Benfica,1ST,Duels,Duels,39%,61%,61%,39%
14917422,2025-11-21,Taça de Portugal,Taca de Portugal 25/26,4.0,Away,Atletico CP,Atletico CP,Benfica,1ST,Duels,Ground duels,12/32 (38%),20/32 (63%),20/32 (63%),12/32 (38%)
14917422,2025-11-21,Taça de Portugal,Taca de Portugal 25/26,4.0,Away,Atletico CP,Atletico CP,Benfica,1ST,Goalkeeping,Goal kicks,6,4,4,6
14917422,2025-11-21,Taça de Portugal,Taca de Portugal 25/26,4.0,Away,Atletico CP,Atletico CP,Benfica,1ST,Goalkeeping,Total saves,2,1,1,2
14917422,2025-11-21,Taça de Portugal,Taca de Portugal 25/26,4.0,Away,Atletico CP,Atletico CP,Benfica,1ST,Match overview,Ball possession,73%,27%,27%,73%
14917422,2025-11-21,Taça de Portugal,Taca de Portugal 25/26,4.0,Away,Atletico CP,Atletico CP,Benfica,1ST,Match overview,Big chances,2,0,0,2
14917422,2025-11-21,Taça de Portugal,Taca de Portugal 25/26,4.0,Away,Atletico CP,Atletico CP,Benfica,1ST,Match overview,Corner kicks,4,3,3,4
14917422,2025-11-21,Taça de Portugal,Taca de Portugal 25/26,4.0,Away,Atletico CP,Atletico CP,Benfica,1ST,Match overview,Fouls,4,5,5,4
14917422,2025-11-21,Taça de Portugal,Taca de Portugal 25/26,4.0,Away,Atletico CP,Atletico CP,Benfica,1ST,Match overview,Free kicks,5,4,4,5
14917422,2025-11-21,Taça de Portugal,Taca de Portugal 25/26,4.0,Away,Atletico CP,Atletico CP,Benfica,1ST,Match overview,Goalkeeper saves,2,1,1,2
14917422,2025-11-21,Taça de Portugal,Taca de Portugal 25/26,4.0,Away,Atletico CP,Atletico CP,Benfica,1ST,Match overview,Passes,285,103,103,285
14917422,2025-11-21,Taça de Portugal,Taca de Portugal 25/26,4.0,Away,Atletico CP,Atletico CP,Benfica,1ST,Match overview,Tackles,5,14,14,5
14917422,2025-11-21,Taça de Portugal,Taca de Portugal 25/26,4.0,Away,Atletico CP,Atletico CP,Benfica,1ST,Match overview,Total shots,11,8,8,11
14917422,2025-11-21,Taça de Portugal,Taca de Portugal 25/26,4.0,Away,Atletico CP,Atletico CP,Benfica,1ST,Match overview,Yellow cards,2,1,1,2
14917422,2025-11-21,Taça de Portugal,Taca de Portugal 25/26,4.0,Away,Atletico CP,Atletico CP,Benfica,1ST,Passes,Accurate passes,244,68,68,244
14917422,2025-11-21,Taça de Portugal,Taca de Portugal 25/26,4.0,Away,Atletico CP,Atletico CP,Benfica,1ST,Passes,Crosses,3/13 (23%),0/7 (0%),0/7 (0%),3/13 (23%)
14917422,2025-11-21,Taça de Portugal,Taca de Portugal 25/26,4.0,Away,Atletico CP,Atletico CP,Benfica,1ST,Passes,Final third entries,33,11,11,33
14917422,2025-11-21,Taça de Portugal,Taca de Portugal 25/26,4.0,Away,Atletico CP,Atletico CP,Benfica,1ST,Passes,Long balls,14/22 (64%),6/18 (33%),6/18 (33%),14/22 (64%)
14917422,2025-11-21,Taça de Portugal,Taca de Portugal 25/26,4.0,Away,Atletico CP,Atletico CP,Benfica,1ST,Passes,Throw-ins,11,12,12,11
14917422,2025-11-21,Taça de Portugal,Taca de Portugal 25/26,4.0,Away,Atletico CP,Atletico CP,Benfica,1ST,Shots,Blocked shots,4,3,3,4
14917422,2025-11-21,Taça de Portugal,Taca de Portugal 25/26,4.0,Away,Atletico CP,Atletico CP,Benfica,1ST,Shots,Hit woodwork,0,0,0,0
14917422,2025-11-21,Taça de Portugal,Taca de Portugal 25/26,4.0,Away,Atletico CP,Atletico CP,Benfica,1ST,Shots,Shots inside box,9,3,3,9
14917422,2025-11-21,Taça de Portugal,Taca de Portugal 25/26,4.0,Away,Atletico CP,Atletico CP,Benfica,1ST,Shots,Shots off target,6,3,3,6
14917422,2025-11-21,Taça de Portugal,Taca de Portugal 25/26,4.0,Away,Atletico CP,Atletico CP,Benfica,1ST,Shots,Shots on target,1,2,2,1
14917422,2025-11-21,Taça de Portugal,Taca de Portugal 25/26,4.0,Away,Atletico CP,Atletico CP,Benfica,1ST,Shots,Shots outside box,2,5,5,2
14917422,2025-11-21,Taça de Portugal,Taca de Portugal 25/26,4.0,Away,Atletico CP,Atletico CP,Benfica,1ST,Shots,Total shots,11,8,8,11
14917422,2025-11-21,Taça de Portugal,Taca de Portugal 25/26,4.0,Away,Atletico CP,Atletico CP,Benfica,2ND,Attack,Big chances missed,1,0,0,1
14917422,2025-11-21,Taça de Portugal,Taca de Portugal 25/26,4.0,Away,Atletico CP,Atletico CP,Benfica,2ND,Attack,Big chances scored,1,0,0,1
14917422,2025-11-21,Taça de Portugal,Taca de Portugal 25/26,4.0,Away,Atletico CP,Atletico CP,Benfica,2ND,Attack,Fouled in final third,2,0,0,2
14917422,2025-11-21,Taça de Portugal,Taca de Portugal 25/26,4.0,Away,Atletico CP,Atletico CP,Benfica,2ND,Attack,Offsides,0,1,1,0
14917422,2025-11-21,Taça de Portugal,Taca de Portugal 25/26,4.0,Away,Atletico CP,Atletico CP,Benfica,2ND,Defending,Clearances,5,23,23,5
14917422,2025-11-21,Taça de Portugal,Taca de Portugal 25/26,4.0,Away,Atletico CP,Atletico CP,Benfica,2ND,Defending,Interceptions,1,7,7,1
14917422,2025-11-21,Taça de Portugal,Taca de Portugal 25/26,4.0,Away,Atletico CP,Atletico CP,Benfica,2ND,Defending,Recoveries,26,26,26,26
14917422,2025-11-21,Taça de Portugal,Taca de Portugal 25/26,4.0,Away,Atletico CP,Atletico CP,Benfica,2ND,Defending,Tackles won,80%,56%,56%,80%
14917422,2025-11-21,Taça de Portugal,Taca de Portugal 25/26,4.0,Away,Atletico CP,Atletico CP,Benfica,2ND,Defending,Total tackles,5,9,9,5
14917422,2025-11-21,Taça de Portugal,Taca de Portugal 25/26,4.0,Away,Atletico CP,Atletico CP,Benfica,2ND,Duels,Aerial duels,4/8 (50%),4/8 (50%),4/8 (50%),4/8 (50%)
14917422,2025-11-21,Taça de Portugal,Taca de Portugal 25/26,4.0,Away,Atletico CP,Atletico CP,Benfica,2ND,Duels,Dispossessed,2,5,5,2
14917422,2025-11-21,Taça de Portugal,Taca de Portugal 25/26,4.0,Away,Atletico CP,Atletico CP,Benfica,2ND,Duels,Dribbles,3/10 (30%),4/4 (100%),4/4 (100%),3/10 (30%)
14917422,2025-11-21,Taça de Portugal,Taca de Portugal 25/26,4.0,Away,Atletico CP,Atletico CP,Benfica,2ND,Duels,Duels,51%,49%,49%,51%
14917422,2025-11-21,Taça de Portugal,Taca de Portugal 25/26,4.0,Away,Atletico CP,Atletico CP,Benfica,2ND,Duels,Ground duels,16/31 (52%),15/31 (48%),15/31 (48%),16/31 (52%)
14917422,2025-11-21,Taça de Portugal,Taca de Portugal 25/26,4.0,Away,Atletico CP,Atletico CP,Benfica,2ND,Goalkeeping,Goal kicks,2,1,1,2
14917422,2025-11-21,Taça de Portugal,Taca de Portugal 25/26,4.0,Away,Atletico CP,Atletico CP,Benfica,2ND,Goalkeeping,Total saves,0,3,3,0
14917422,2025-11-21,Taça de Portugal,Taca de Portugal 25/26,4.0,Away,Atletico CP,Atletico CP,Benfica,2ND,Match overview,Ball possession,65%,35%,35%,65%
14917422,2025-11-21,Taça de Portugal,Taca de Portugal 25/26,4.0,Away,Atletico CP,Atletico CP,Benfica,2ND,Match overview,Big chances,2,0,0,2
14917422,2025-11-21,Taça de Portugal,Taca de Portugal 25/26,4.0,Away,Atletico CP,Atletico CP,Benfica,2ND,Match overview,Corner kicks,8,1,1,8
14917422,2025-11-21,Taça de Portugal,Taca de Portugal 25/26,4.0,Away,Atletico CP,Atletico CP,Benfica,2ND,Match overview,Fouls,3,8,8,3
14917422,2025-11-21,Taça de Portugal,Taca de Portugal 25/26,4.0,Away,Atletico CP,Atletico CP,Benfica,2ND,Match overview,Free kicks,6,3,3,6
14917422,2025-11-21,Taça de Portugal,Taca de Portugal 25/26,4.0,Away,Atletico CP,Atletico CP,Benfica,2ND,Match overview,Goalkeeper saves,0,3,3,0
14917422,2025-11-21,Taça de Portugal,Taca de Portugal 25/26,4.0,Away,Atletico CP,Atletico CP,Benfica,2ND,Match overview,Passes,273,153,153,273
14917422,2025-11-21,Taça de Portugal,Taca de Portugal 25/26,4.0,Away,Atletico CP,Atletico CP,Benfica,2ND,Match overview,Tackles,5,9,9,5
14917422,2025-11-21,Taça de Portugal,Taca de Portugal 25/26,4.0,Away,Atletico CP,Atletico CP,Benfica,2ND,Match overview,Total shots,15,0,0,15
14917422,2025-11-21,Taça de Portugal,Taca de Portugal 25/26,4.0,Away,Atletico CP,Atletico CP,Benfica,2ND,Match overview,Yellow cards,1,4,4,1
14917422,2025-11-21,Taça de Portugal,Taca de Portugal 25/26,4.0,Away,Atletico CP,Atletico CP,Benfica,2ND,Passes,Accurate passes,234,113,113,234
14917422,2025-11-21,Taça de Portugal,Taca de Portugal 25/26,4.0,Away,Atletico CP,Atletico CP,Benfica,2ND,Passes,Crosses,3/15 (20%),0/2 (0%),0/2 (0%),3/15 (20%)
14917422,2025-11-21,Taça de Portugal,Taca de Portugal 25/26,4.0,Away,Atletico CP,Atletico CP,Benfica,2ND,Passes,Final third entries,35,11,11,35
14917422,2025-11-21,Taça de Portugal,Taca de Portugal 25/26,4.0,Away,Atletico CP,Atletico CP,Benfica,2ND,Passes,Long balls,12/20 (60%),8/29 (28%),8/29 (28%),12/20 (60%)
14917422,2025-11-21,Taça de Portugal,Taca de Portugal 25/26,4.0,Away,Atletico CP,Atletico CP,Benfica,2ND,Passes,Throw-ins,8,5,5,8
14917422,2025-11-21,Taça de Portugal,Taca de Portugal 25/26,4.0,Away,Atletico CP,Atletico CP,Benfica,2ND,Shots,Blocked shots,8,0,0,8
14917422,2025-11-21,Taça de Portugal,Taca de Portugal 25/26,4.0,Away,Atletico CP,Atletico CP,Benfica,2ND,Shots,Hit woodwork,0,0,0,0
14917422,2025-11-21,Taça de Portugal,Taca de Portugal 25/26,4.0,Away,Atletico CP,Atletico CP,Benfica,2ND,Shots,Shots inside box,10,0,0,10
14917422,2025-11-21,Taça de Portugal,Taca de Portugal 25/26,4.0,Away,Atletico CP,Atletico CP,Benfica,2ND,Shots,Shots off target,2,0,0,2
14917422,2025-11-21,Taça de Portugal,Taca de Portugal 25/26,4.0,Away,Atletico CP,Atletico CP,Benfica,2ND,Shots,Shots on target,5,0,0,5
14917422,2025-11-21,Taça de Portugal,Taca de Portugal 25/26,4.0,Away,Atletico CP,Atletico CP,Benfica,2ND,Shots,Shots outside box,5,0,0,5
14917422,2025-11-21,Taça de Portugal,Taca de Portugal 25/26,4.0,Away,Atletico CP,Atletico CP,Benfica,2ND,Shots,Total shots,15,0,0,15
14917422,2025-11-21,Taça de Portugal,Taca de Portugal 25/26,4.0,Away,Atletico CP,Atletico CP,Benfica,ALL,Attack,Big chances missed,3,0,0,3
14917422,2025-11-21,Taça de Portugal,Taca de Portugal 25/26,4.0,Away,Atletico CP,Atletico CP,Benfica,ALL,Attack,Big chances scored,1,0,0,1
14917422,2025-11-21,Taça de Portugal,Taca de Portugal 25/26,4.0,Away,Atletico CP,Atletico CP,Benfica,ALL,Attack,Fouled in final third,4,0,0,4
14917422,2025-11-21,Taça de Portugal,Taca de Portugal 25/26,4.0,Away,Atletico CP,Atletico CP,Benfica,ALL,Attack,Offsides,0,3,3,0
14917422,2025-11-21,Taça de Portugal,Taca de Portugal 25/26,4.0,Away,Atletico CP,Atletico CP,Benfica,ALL,Attack,Touches in penalty area,55,12,12,55
14917422,2025-11-21,Taça de Portugal,Taca de Portugal 25/26,4.0,Away,Atletico CP,Atletico CP,Benfica,ALL,Defending,Clearances,17,39,39,17
14917422,2025-11-21,Taça de Portugal,Taca de Portugal 25/26,4.0,Away,Atletico CP,Atletico CP,Benfica,ALL,Defending,Errors lead to a shot,1,0,0,1
14917422,2025-11-21,Taça de Portugal,Taca de Portugal 25/26,4.0,Away,Atletico CP,Atletico CP,Benfica,ALL,Defending,Interceptions,4,11,11,4
14917422,2025-11-21,Taça de Portugal,Taca de Portugal 25/26,4.0,Away,Atletico CP,Atletico CP,Benfica,ALL,Defending,Recoveries,49,49,49,49
14917422,2025-11-21,Taça de Portugal,Taca de Portugal 25/26,4.0,Away,Atletico CP,Atletico CP,Benfica,ALL,Defending,Tackles won,70%,57%,57%,70%
14917422,2025-11-21,Taça de Portugal,Taca de Portugal 25/26,4.0,Away,Atletico CP,Atletico CP,Benfica,ALL,Defending,Total tackles,10,23,23,10
14917422,2025-11-21,Taça de Portugal,Taca de Portugal 25/26,4.0,Away,Atletico CP,Atletico CP,Benfica,ALL,Duels,Aerial duels,12/27 (44%),15/27 (56%),15/27 (56%),12/27 (44%)
14917422,2025-11-21,Taça de Portugal,Taca de Portugal 25/26,4.0,Away,Atletico CP,Atletico CP,Benfica,ALL,Duels,Dispossessed,13,7,7,13
14917422,2025-11-21,Taça de Portugal,Taca de Portugal 25/26,4.0,Away,Atletico CP,Atletico CP,Benfica,ALL,Duels,Dribbles,5/15 (33%),8/11 (73%),8/11 (73%),5/15 (33%)
14917422,2025-11-21,Taça de Portugal,Taca de Portugal 25/26,4.0,Away,Atletico CP,Atletico CP,Benfica,ALL,Duels,Duels,44%,56%,56%,44%
14917422,2025-11-21,Taça de Portugal,Taca de Portugal 25/26,4.0,Away,Atletico CP,Atletico CP,Benfica,ALL,Duels,Ground duels,28/63 (44%),35/63 (56%),35/63 (56%),28/63 (44%)
14917422,2025-11-21,Taça de Portugal,Taca de Portugal 25/26,4.0,Away,Atletico CP,Atletico CP,Benfica,ALL,Goalkeeping,Big saves,0,1,1,0
14917422,2025-11-21,Taça de Portugal,Taca de Portugal 25/26,4.0,Away,Atletico CP,Atletico CP,Benfica,ALL,Goalkeeping,Goal kicks,8,5,5,8
14917422,2025-11-21,Taça de Portugal,Taca de Portugal 25/26,4.0,Away,Atletico CP,Atletico CP,Benfica,ALL,Goalkeeping,Penalty saves,0,1,1,0
14917422,2025-11-21,Taça de Portugal,Taca de Portugal 25/26,4.0,Away,Atletico CP,Atletico CP,Benfica,ALL,Goalkeeping,Punches,0,2,2,0
14917422,2025-11-21,Taça de Portugal,Taca de Portugal 25/26,4.0,Away,Atletico CP,Atletico CP,Benfica,ALL,Goalkeeping,Total saves,2,4,4,2
14917422,2025-11-21,Taça de Portugal,Taca de Portugal 25/26,4.0,Away,Atletico CP,Atletico CP,Benfica,ALL,Match overview,Ball possession,69%,31%,31%,69%
14917422,2025-11-21,Taça de Portugal,Taca de Portugal 25/26,4.0,Away,Atletico CP,Atletico CP,Benfica,ALL,Match overview,Big chances,4,0,0,4
14917422,2025-11-21,Taça de Portugal,Taca de Portugal 25/26,4.0,Away,Atletico CP,Atletico CP,Benfica,ALL,Match overview,Corner kicks,12,4,4,12
14917422,2025-11-21,Taça de Portugal,Taca de Portugal 25/26,4.0,Away,Atletico CP,Atletico CP,Benfica,ALL,Match overview,Fouls,7,13,13,7
14917422,2025-11-21,Taça de Portugal,Taca de Portugal 25/26,4.0,Away,Atletico CP,Atletico CP,Benfica,ALL,Match overview,Free kicks,11,7,7,11
14917422,2025-11-21,Taça de Portugal,Taca de Portugal 25/26,4.0,Away,Atletico CP,Atletico CP,Benfica,ALL,Match overview,Goalkeeper saves,2,4,4,2
14917422,2025-11-21,Taça de Portugal,Taca de Portugal 25/26,4.0,Away,Atletico CP,Atletico CP,Benfica,ALL,Match overview,Passes,558,256,256,558
14917422,2025-11-21,Taça de Portugal,Taca de Portugal 25/26,4.0,Away,Atletico CP,Atletico CP,Benfica,ALL,Match overview,Tackles,10,23,23,10
14917422,2025-11-21,Taça de Portugal,Taca de Portugal 25/26,4.0,Away,Atletico CP,Atletico CP,Benfica,ALL,Match overview,Total shots,26,8,8,26
14917422,2025-11-21,Taça de Portugal,Taca de Portugal 25/26,4.0,Away,Atletico CP,Atletico CP,Benfica,ALL,Match overview,Yellow cards,3,5,5,3
14917422,2025-11-21,Taça de Portugal,Taca de Portugal 25/26,4.0,Away,Atletico CP,Atletico CP,Benfica,ALL,Passes,Accurate passes,478,181,181,478
14917422,2025-11-21,Taça de Portugal,Taca de Portugal 25/26,4.0,Away,Atletico CP,Atletico CP,Benfica,ALL,Passes,Crosses,6/28 (21%),0/9 (0%),0/9 (0%),6/28 (21%)
14917422,2025-11-21,Taça de Portugal,Taca de Portugal 25/26,4.0,Away,Atletico CP,Atletico CP,Benfica,ALL,Passes,Final third entries,68,22,22,68
14917422,2025-11-21,Taça de Portugal,Taca de Portugal 25/26,4.0,Away,Atletico CP,Atletico CP,Benfica,ALL,Passes,Final third phase,141/187 (75%),20/40 (50%),20/40 (50%),141/187 (75%)
14917422,2025-11-21,Taça de Portugal,Taca de Portugal 25/26,4.0,Away,Atletico CP,Atletico CP,Benfica,ALL,Passes,Long balls,26/42 (62%),14/47 (30%),14/47 (30%),26/42 (62%)
14917422,2025-11-21,Taça de Portugal,Taca de Portugal 25/26,4.0,Away,Atletico CP,Atletico CP,Benfica,ALL,Passes,Throw-ins,19,17,17,19
14917422,2025-11-21,Taça de Portugal,Taca de Portugal 25/26,4.0,Away,Atletico CP,Atletico CP,Benfica,ALL,Shots,Blocked shots,12,3,3,12
14917422,2025-11-21,Taça de Portugal,Taca de Portugal 25/26,4.0,Away,Atletico CP,Atletico CP,Benfica,ALL,Shots,Hit woodwork,0,0,0,0
14917422,2025-11-21,Taça de Portugal,Taca de Portugal 25/26,4.0,Away,Atletico CP,Atletico CP,Benfica,ALL,Shots,Shots inside box,19,3,3,19
14917422,2025-11-21,Taça de Portugal,Taca de Portugal 25/26,4.0,Away,Atletico CP,Atletico CP,Benfica,ALL,Shots,Shots off target,8,3,3,8
14917422,2025-11-21,Taça de Portugal,Taca de Portugal 25/26,4.0,Away,Atletico CP,Atletico CP,Benfica,ALL,Shots,Shots on target,6,2,2,6
14917422,2025-11-21,Taça de Portugal,Taca de Portugal 25/26,4.0,Away,Atletico CP,Atletico CP,Benfica,ALL,Shots,Shots outside box,7,5,5,7
14917422,2025-11-21,Taça de Portugal,Taca de Portugal 25/26,4.0,Away,Atletico CP,Atletico CP,Benfica,ALL,Shots,Total shots,26,8,8,26
14566874,2025-11-25,UEFA Champions League,UEFA Champions League 25/26,5.0,Away,AFC Ajax,AFC Ajax,Benfica,1ST,Attack,Big chances missed,1,1,1,1
14566874,2025-11-25,UEFA Champions League,UEFA Champions League 25/26,5.0,Away,AFC Ajax,AFC Ajax,Benfica,1ST,Attack,Big chances scored,0,0,0,0
14566874,2025-11-25,UEFA Champions League,UEFA Champions League 25/26,5.0,Away,AFC Ajax,AFC Ajax,Benfica,1ST,Attack,Fouled in final third,1,1,1,1
14566874,2025-11-25,UEFA Champions League,UEFA Champions League 25/26,5.0,Away,AFC Ajax,AFC Ajax,Benfica,1ST,Attack,Through balls,0,1,1,0
14566874,2025-11-25,UEFA Champions League,UEFA Champions League 25/26,5.0,Away,AFC Ajax,AFC Ajax,Benfica,1ST,Defending,Clearances,19,6,6,19
14566874,2025-11-25,UEFA Champions League,UEFA Champions League 25/26,5.0,Away,AFC Ajax,AFC Ajax,Benfica,1ST,Defending,Interceptions,6,4,4,6
14566874,2025-11-25,UEFA Champions League,UEFA Champions League 25/26,5.0,Away,AFC Ajax,AFC Ajax,Benfica,1ST,Defending,Recoveries,21,22,22,21
14566874,2025-11-25,UEFA Champions League,UEFA Champions League 25/26,5.0,Away,AFC Ajax,AFC Ajax,Benfica,1ST,Defending,Tackles won,63%,50%,50%,63%
14566874,2025-11-25,UEFA Champions League,UEFA Champions League 25/26,5.0,Away,AFC Ajax,AFC Ajax,Benfica,1ST,Defending,Total tackles,8,6,6,8
14566874,2025-11-25,UEFA Champions League,UEFA Champions League 25/26,5.0,Away,AFC Ajax,AFC Ajax,Benfica,1ST,Duels,Aerial duels,7/13 (54%),6/13 (46%),6/13 (46%),7/13 (54%)
14566874,2025-11-25,UEFA Champions League,UEFA Champions League 25/26,5.0,Away,AFC Ajax,AFC Ajax,Benfica,1ST,Duels,Dispossessed,4,6,6,4
14566874,2025-11-25,UEFA Champions League,UEFA Champions League 25/26,5.0,Away,AFC Ajax,AFC Ajax,Benfica,1ST,Duels,Dribbles,2/4 (50%),9/11 (82%),9/11 (82%),2/4 (50%)
14566874,2025-11-25,UEFA Champions League,UEFA Champions League 25/26,5.0,Away,AFC Ajax,AFC Ajax,Benfica,1ST,Duels,Duels,49%,51%,51%,49%
14566874,2025-11-25,UEFA Champions League,UEFA Champions League 25/26,5.0,Away,AFC Ajax,AFC Ajax,Benfica,1ST,Duels,Ground duels,17/36 (47%),19/36 (53%),19/36 (53%),17/36 (47%)
14566874,2025-11-25,UEFA Champions League,UEFA Champions League 25/26,5.0,Away,AFC Ajax,AFC Ajax,Benfica,1ST,Goalkeeping,Goal kicks,2,2,2,2
14566874,2025-11-25,UEFA Champions League,UEFA Champions League 25/26,5.0,Away,AFC Ajax,AFC Ajax,Benfica,1ST,Goalkeeping,Total saves,2,1,1,2
14566874,2025-11-25,UEFA Champions League,UEFA Champions League 25/26,5.0,Away,AFC Ajax,AFC Ajax,Benfica,1ST,Match overview,Ball possession,39%,61%,61%,39%
14566874,2025-11-25,UEFA Champions League,UEFA Champions League 25/26,5.0,Away,AFC Ajax,AFC Ajax,Benfica,1ST,Match overview,Big chances,1,1,1,1
14566874,2025-11-25,UEFA Champions League,UEFA Champions League 25/26,5.0,Away,AFC Ajax,AFC Ajax,Benfica,1ST,Match overview,Corner kicks,2,3,3,2
14566874,2025-11-25,UEFA Champions League,UEFA Champions League 25/26,5.0,Away,AFC Ajax,AFC Ajax,Benfica,1ST,Match overview,Expected goals,0.35,0.44,0.44,0.35
14566874,2025-11-25,UEFA Champions League,UEFA Champions League 25/26,5.0,Away,AFC Ajax,AFC Ajax,Benfica,1ST,Match overview,Fouls,4,8,8,4
14566874,2025-11-25,UEFA Champions League,UEFA Champions League 25/26,5.0,Away,AFC Ajax,AFC Ajax,Benfica,1ST,Match overview,Free kicks,8,4,4,8
14566874,2025-11-25,UEFA Champions League,UEFA Champions League 25/26,5.0,Away,AFC Ajax,AFC Ajax,Benfica,1ST,Match overview,Goalkeeper saves,2,1,1,2
14566874,2025-11-25,UEFA Champions League,UEFA Champions League 25/26,5.0,Away,AFC Ajax,AFC Ajax,Benfica,1ST,Match overview,Number of sprints,0,0,0,0
14566874,2025-11-25,UEFA Champions League,UEFA Champions League 25/26,5.0,Away,AFC Ajax,AFC Ajax,Benfica,1ST,Match overview,Passes,206,321,321,206
14566874,2025-11-25,UEFA Champions League,UEFA Champions League 25/26,5.0,Away,AFC Ajax,AFC Ajax,Benfica,1ST,Match overview,Tackles,8,6,6,8
14566874,2025-11-25,UEFA Champions League,UEFA Champions League 25/26,5.0,Away,AFC Ajax,AFC Ajax,Benfica,1ST,Match overview,Total shots,6,4,4,6
14566874,2025-11-25,UEFA Champions League,UEFA Champions League 25/26,5.0,Away,AFC Ajax,AFC Ajax,Benfica,1ST,Match overview,Yellow cards,0,0,0,0
14566874,2025-11-25,UEFA Champions League,UEFA Champions League 25/26,5.0,Away,AFC Ajax,AFC Ajax,Benfica,1ST,Passes,Accurate passes,166,280,280,166
14566874,2025-11-25,UEFA Champions League,UEFA Champions League 25/26,5.0,Away,AFC Ajax,AFC Ajax,Benfica,1ST,Passes,Crosses,2/6 (33%),3/14 (21%),3/14 (21%),2/6 (33%)
14566874,2025-11-25,UEFA Champions League,UEFA Champions League 25/26,5.0,Away,AFC Ajax,AFC Ajax,Benfica,1ST,Passes,Final third entries,16,37,37,16
14566874,2025-11-25,UEFA Champions League,UEFA Champions League 25/26,5.0,Away,AFC Ajax,AFC Ajax,Benfica,1ST,Passes,Long balls,8/27 (30%),23/32 (72%),23/32 (72%),8/27 (30%)
14566874,2025-11-25,UEFA Champions League,UEFA Champions League 25/26,5.0,Away,AFC Ajax,AFC Ajax,Benfica,1ST,Passes,Throw-ins,5,7,7,5
14566874,2025-11-25,UEFA Champions League,UEFA Champions League 25/26,5.0,Away,AFC Ajax,AFC Ajax,Benfica,1ST,Shots,Blocked shots,3,1,1,3
14566874,2025-11-25,UEFA Champions League,UEFA Champions League 25/26,5.0,Away,AFC Ajax,AFC Ajax,Benfica,1ST,Shots,Hit woodwork,0,0,0,0
14566874,2025-11-25,UEFA Champions League,UEFA Champions League 25/26,5.0,Away,AFC Ajax,AFC Ajax,Benfica,1ST,Shots,Shots inside box,5,2,2,5
14566874,2025-11-25,UEFA Champions League,UEFA Champions League 25/26,5.0,Away,AFC Ajax,AFC Ajax,Benfica,1ST,Shots,Shots off target,1,2,2,1
14566874,2025-11-25,UEFA Champions League,UEFA Champions League 25/26,5.0,Away,AFC Ajax,AFC Ajax,Benfica,1ST,Shots,Shots on target,2,1,1,2
14566874,2025-11-25,UEFA Champions League,UEFA Champions League 25/26,5.0,Away,AFC Ajax,AFC Ajax,Benfica,1ST,Shots,Shots outside box,1,2,2,1
14566874,2025-11-25,UEFA Champions League,UEFA Champions League 25/26,5.0,Away,AFC Ajax,AFC Ajax,Benfica,1ST,Shots,Total shots,6,4,4,6
14566874,2025-11-25,UEFA Champions League,UEFA Champions League 25/26,5.0,Away,AFC Ajax,AFC Ajax,Benfica,2ND,Attack,Big chances missed,0,1,1,0
14566874,2025-11-25,UEFA Champions League,UEFA Champions League 25/26,5.0,Away,AFC Ajax,AFC Ajax,Benfica,2ND,Attack,Big chances scored,1,0,0,1
14566874,2025-11-25,UEFA Champions League,UEFA Champions League 25/26,5.0,Away,AFC Ajax,AFC Ajax,Benfica,2ND,Attack,Fouled in final third,0,0,0,0
14566874,2025-11-25,UEFA Champions League,UEFA Champions League 25/26,5.0,Away,AFC Ajax,AFC Ajax,Benfica,2ND,Attack,Through balls,1,1,1,1
14566874,2025-11-25,UEFA Champions League,UEFA Champions League 25/26,5.0,Away,AFC Ajax,AFC Ajax,Benfica,2ND,Defending,Clearances,12,10,10,12
14566874,2025-11-25,UEFA Champions League,UEFA Champions League 25/26,5.0,Away,AFC Ajax,AFC Ajax,Benfica,2ND,Defending,Interceptions,2,2,2,2
14566874,2025-11-25,UEFA Champions League,UEFA Champions League 25/26,5.0,Away,AFC Ajax,AFC Ajax,Benfica,2ND,Defending,Recoveries,18,19,19,18
14566874,2025-11-25,UEFA Champions League,UEFA Champions League 25/26,5.0,Away,AFC Ajax,AFC Ajax,Benfica,2ND,Defending,Tackles won,71%,56%,56%,71%
14566874,2025-11-25,UEFA Champions League,UEFA Champions League 25/26,5.0,Away,AFC Ajax,AFC Ajax,Benfica,2ND,Defending,Total tackles,7,9,9,7
14566874,2025-11-25,UEFA Champions League,UEFA Champions League 25/26,5.0,Away,AFC Ajax,AFC Ajax,Benfica,2ND,Duels,Aerial duels,12/17 (71%),5/17 (29%),5/17 (29%),12/17 (71%)
14566874,2025-11-25,UEFA Champions League,UEFA Champions League 25/26,5.0,Away,AFC Ajax,AFC Ajax,Benfica,2ND,Duels,Dispossessed,3,1,1,3
14566874,2025-11-25,UEFA Champions League,UEFA Champions League 25/26,5.0,Away,AFC Ajax,AFC Ajax,Benfica,2ND,Duels,Dribbles,3/9 (33%),6/12 (50%),6/12 (50%),3/9 (33%)
14566874,2025-11-25,UEFA Champions League,UEFA Champions League 25/26,5.0,Away,AFC Ajax,AFC Ajax,Benfica,2ND,Duels,Duels,56%,44%,44%,56%
14566874,2025-11-25,UEFA Champions League,UEFA Champions League 25/26,5.0,Away,AFC Ajax,AFC Ajax,Benfica,2ND,Duels,Ground duels,17/35 (49%),18/35 (51%),18/35 (51%),17/35 (49%)
14566874,2025-11-25,UEFA Champions League,UEFA Champions League 25/26,5.0,Away,AFC Ajax,AFC Ajax,Benfica,2ND,Goalkeeping,Goal kicks,1,4,4,1
14566874,2025-11-25,UEFA Champions League,UEFA Champions League 25/26,5.0,Away,AFC Ajax,AFC Ajax,Benfica,2ND,Goalkeeping,Total saves,2,1,1,2
14566874,2025-11-25,UEFA Champions League,UEFA Champions League 25/26,5.0,Away,AFC Ajax,AFC Ajax,Benfica,2ND,Match overview,Ball possession,37%,63%,63%,37%
14566874,2025-11-25,UEFA Champions League,UEFA Champions League 25/26,5.0,Away,AFC Ajax,AFC Ajax,Benfica,2ND,Match overview,Big chances,1,1,1,1
14566874,2025-11-25,UEFA Champions League,UEFA Champions League 25/26,5.0,Away,AFC Ajax,AFC Ajax,Benfica,2ND,Match overview,Corner kicks,2,7,7,2
14566874,2025-11-25,UEFA Champions League,UEFA Champions League 25/26,5.0,Away,AFC Ajax,AFC Ajax,Benfica,2ND,Match overview,Expected goals,0.81,0.52,0.52,0.81
14566874,2025-11-25,UEFA Champions League,UEFA Champions League 25/26,5.0,Away,AFC Ajax,AFC Ajax,Benfica,2ND,Match overview,Fouls,4,7,7,4
14566874,2025-11-25,UEFA Champions League,UEFA Champions League 25/26,5.0,Away,AFC Ajax,AFC Ajax,Benfica,2ND,Match overview,Free kicks,7,4,4,7
14566874,2025-11-25,UEFA Champions League,UEFA Champions League 25/26,5.0,Away,AFC Ajax,AFC Ajax,Benfica,2ND,Match overview,Goalkeeper saves,2,1,1,2
14566874,2025-11-25,UEFA Champions League,UEFA Champions League 25/26,5.0,Away,AFC Ajax,AFC Ajax,Benfica,2ND,Match overview,Number of sprints,0,0,0,0
14566874,2025-11-25,UEFA Champions League,UEFA Champions League 25/26,5.0,Away,AFC Ajax,AFC Ajax,Benfica,2ND,Match overview,Passes,199,344,344,199
14566874,2025-11-25,UEFA Champions League,UEFA Champions League 25/26,5.0,Away,AFC Ajax,AFC Ajax,Benfica,2ND,Match overview,Tackles,7,9,9,7
14566874,2025-11-25,UEFA Champions League,UEFA Champions League 25/26,5.0,Away,AFC Ajax,AFC Ajax,Benfica,2ND,Match overview,Total shots,5,3,3,5
14566874,2025-11-25,UEFA Champions League,UEFA Champions League 25/26,5.0,Away,AFC Ajax,AFC Ajax,Benfica,2ND,Match overview,Yellow cards,1,1,1,1
14566874,2025-11-25,UEFA Champions League,UEFA Champions League 25/26,5.0,Away,AFC Ajax,AFC Ajax,Benfica,2ND,Passes,Accurate passes,166,311,311,166
14566874,2025-11-25,UEFA Champions League,UEFA Champions League 25/26,5.0,Away,AFC Ajax,AFC Ajax,Benfica,2ND,Passes,Crosses,2/5 (40%),0/14 (0%),0/14 (0%),2/5 (40%)
14566874,2025-11-25,UEFA Champions League,UEFA Champions League 25/26,5.0,Away,AFC Ajax,AFC Ajax,Benfica,2ND,Passes,Final third entries,21,28,28,21
14566874,2025-11-25,UEFA Champions League,UEFA Champions League 25/26,5.0,Away,AFC Ajax,AFC Ajax,Benfica,2ND,Passes,Long balls,11/19 (58%),10/23 (43%),10/23 (43%),11/19 (58%)
14566874,2025-11-25,UEFA Champions League,UEFA Champions League 25/26,5.0,Away,AFC Ajax,AFC Ajax,Benfica,2ND,Passes,Throw-ins,10,9,9,10
14566874,2025-11-25,UEFA Champions League,UEFA Champions League 25/26,5.0,Away,AFC Ajax,AFC Ajax,Benfica,2ND,Shots,Blocked shots,0,0,0,0
14566874,2025-11-25,UEFA Champions League,UEFA Champions League 25/26,5.0,Away,AFC Ajax,AFC Ajax,Benfica,2ND,Shots,Hit woodwork,0,0,0,0
14566874,2025-11-25,UEFA Champions League,UEFA Champions League 25/26,5.0,Away,AFC Ajax,AFC Ajax,Benfica,2ND,Shots,Shots inside box,3,3,3,3
14566874,2025-11-25,UEFA Champions League,UEFA Champions League 25/26,5.0,Away,AFC Ajax,AFC Ajax,Benfica,2ND,Shots,Shots off target,3,1,1,3
14566874,2025-11-25,UEFA Champions League,UEFA Champions League 25/26,5.0,Away,AFC Ajax,AFC Ajax,Benfica,2ND,Shots,Shots on target,2,2,2,2
14566874,2025-11-25,UEFA Champions League,UEFA Champions League 25/26,5.0,Away,AFC Ajax,AFC Ajax,Benfica,2ND,Shots,Shots outside box,2,0,0,2
14566874,2025-11-25,UEFA Champions League,UEFA Champions League 25/26,5.0,Away,AFC Ajax,AFC Ajax,Benfica,2ND,Shots,Total shots,5,3,3,5
14566874,2025-11-25,UEFA Champions League,UEFA Champions League 25/26,5.0,Away,AFC Ajax,AFC Ajax,Benfica,ALL,Attack,Big chances missed,1,2,2,1
14566874,2025-11-25,UEFA Champions League,UEFA Champions League 25/26,5.0,Away,AFC Ajax,AFC Ajax,Benfica,ALL,Attack,Big chances scored,1,0,0,1
14566874,2025-11-25,UEFA Champions League,UEFA Champions League 25/26,5.0,Away,AFC Ajax,AFC Ajax,Benfica,ALL,Attack,Fouled in final third,1,1,1,1
14566874,2025-11-25,UEFA Champions League,UEFA Champions League 25/26,5.0,Away,AFC Ajax,AFC Ajax,Benfica,ALL,Attack,Through balls,1,2,2,1
14566874,2025-11-25,UEFA Champions League,UEFA Champions League 25/26,5.0,Away,AFC Ajax,AFC Ajax,Benfica,ALL,Attack,Touches in penalty area,25,17,17,25
14566874,2025-11-25,UEFA Champions League,UEFA Champions League 25/26,5.0,Away,AFC Ajax,AFC Ajax,Benfica,ALL,Defending,Clearances,31,16,16,31
14566874,2025-11-25,UEFA Champions League,UEFA Champions League 25/26,5.0,Away,AFC Ajax,AFC Ajax,Benfica,ALL,Defending,Errors lead to a shot,0,1,1,0
14566874,2025-11-25,UEFA Champions League,UEFA Champions League 25/26,5.0,Away,AFC Ajax,AFC Ajax,Benfica,ALL,Defending,Interceptions,8,6,6,8
14566874,2025-11-25,UEFA Champions League,UEFA Champions League 25/26,5.0,Away,AFC Ajax,AFC Ajax,Benfica,ALL,Defending,Recoveries,39,41,41,39
14566874,2025-11-25,UEFA Champions League,UEFA Champions League 25/26,5.0,Away,AFC Ajax,AFC Ajax,Benfica,ALL,Defending,Tackles won,67%,53%,53%,67%
14566874,2025-11-25,UEFA Champions League,UEFA Champions League 25/26,5.0,Away,AFC Ajax,AFC Ajax,Benfica,ALL,Defending,Total tackles,15,15,15,15
14566874,2025-11-25,UEFA Champions League,UEFA Champions League 25/26,5.0,Away,AFC Ajax,AFC Ajax,Benfica,ALL,Duels,Aerial duels,19/30 (63%),11/30 (37%),11/30 (37%),19/30 (63%)
14566874,2025-11-25,UEFA Champions League,UEFA Champions League 25/26,5.0,Away,AFC Ajax,AFC Ajax,Benfica,ALL,Duels,Dispossessed,7,7,7,7
14566874,2025-11-25,UEFA Champions League,UEFA Champions League 25/26,5.0,Away,AFC Ajax,AFC Ajax,Benfica,ALL,Duels,Dribbles,5/13 (38%),15/23 (65%),15/23 (65%),5/13 (38%)
14566874,2025-11-25,UEFA Champions League,UEFA Champions League 25/26,5.0,Away,AFC Ajax,AFC Ajax,Benfica,ALL,Duels,Duels,52%,48%,48%,52%
14566874,2025-11-25,UEFA Champions League,UEFA Champions League 25/26,5.0,Away,AFC Ajax,AFC Ajax,Benfica,ALL,Duels,Ground duels,34/71 (48%),37/71 (52%),37/71 (52%),34/71 (48%)
14566874,2025-11-25,UEFA Champions League,UEFA Champions League 25/26,5.0,Away,AFC Ajax,AFC Ajax,Benfica,ALL,Goalkeeping,Big saves,0,1,1,0
14566874,2025-11-25,UEFA Champions League,UEFA Champions League 25/26,5.0,Away,AFC Ajax,AFC Ajax,Benfica,ALL,Goalkeeping,Goal kicks,3,6,6,3
14566874,2025-11-25,UEFA Champions League,UEFA Champions League 25/26,5.0,Away,AFC Ajax,AFC Ajax,Benfica,ALL,Goalkeeping,Goals prevented,0.41,-0.12,-0.12,0.41
14566874,2025-11-25,UEFA Champions League,UEFA Champions League 25/26,5.0,Away,AFC Ajax,AFC Ajax,Benfica,ALL,Goalkeeping,High claims,3,0,0,3
14566874,2025-11-25,UEFA Champions League,UEFA Champions League 25/26,5.0,Away,AFC Ajax,AFC Ajax,Benfica,ALL,Goalkeeping,Total saves,4,2,2,4
14566874,2025-11-25,UEFA Champions League,UEFA Champions League 25/26,5.0,Away,AFC Ajax,AFC Ajax,Benfica,ALL,Match overview,Ball possession,38%,62%,62%,38%
14566874,2025-11-25,UEFA Champions League,UEFA Champions League 25/26,5.0,Away,AFC Ajax,AFC Ajax,Benfica,ALL,Match overview,Big chances,2,2,2,2
14566874,2025-11-25,UEFA Champions League,UEFA Champions League 25/26,5.0,Away,AFC Ajax,AFC Ajax,Benfica,ALL,Match overview,Corner kicks,4,10,10,4
14566874,2025-11-25,UEFA Champions League,UEFA Champions League 25/26,5.0,Away,AFC Ajax,AFC Ajax,Benfica,ALL,Match overview,Distance covered,119.3 km,116.3 km,116.3 km,119.3 km
14566874,2025-11-25,UEFA Champions League,UEFA Champions League 25/26,5.0,Away,AFC Ajax,AFC Ajax,Benfica,ALL,Match overview,Expected goals,1.17,0.96,0.96,1.17
14566874,2025-11-25,UEFA Champions League,UEFA Champions League 25/26,5.0,Away,AFC Ajax,AFC Ajax,Benfica,ALL,Match overview,Fouls,8,15,15,8
14566874,2025-11-25,UEFA Champions League,UEFA Champions League 25/26,5.0,Away,AFC Ajax,AFC Ajax,Benfica,ALL,Match overview,Free kicks,15,8,8,15
14566874,2025-11-25,UEFA Champions League,UEFA Champions League 25/26,5.0,Away,AFC Ajax,AFC Ajax,Benfica,ALL,Match overview,Goalkeeper saves,4,2,2,4
14566874,2025-11-25,UEFA Champions League,UEFA Champions League 25/26,5.0,Away,AFC Ajax,AFC Ajax,Benfica,ALL,Match overview,Number of sprints,75,85,85,75
14566874,2025-11-25,UEFA Champions League,UEFA Champions League 25/26,5.0,Away,AFC Ajax,AFC Ajax,Benfica,ALL,Match overview,Passes,405,665,665,405
14566874,2025-11-25,UEFA Champions League,UEFA Champions League 25/26,5.0,Away,AFC Ajax,AFC Ajax,Benfica,ALL,Match overview,Tackles,15,15,15,15
14566874,2025-11-25,UEFA Champions League,UEFA Champions League 25/26,5.0,Away,AFC Ajax,AFC Ajax,Benfica,ALL,Match overview,Total shots,11,7,7,11
14566874,2025-11-25,UEFA Champions League,UEFA Champions League 25/26,5.0,Away,AFC Ajax,AFC Ajax,Benfica,ALL,Match overview,Yellow cards,1,1,1,1
14566874,2025-11-25,UEFA Champions League,UEFA Champions League 25/26,5.0,Away,AFC Ajax,AFC Ajax,Benfica,ALL,Passes,Accurate passes,332,591,591,332
14566874,2025-11-25,UEFA Champions League,UEFA Champions League 25/26,5.0,Away,AFC Ajax,AFC Ajax,Benfica,ALL,Passes,Crosses,4/11 (36%),3/28 (11%),3/28 (11%),4/11 (36%)
14566874,2025-11-25,UEFA Champions League,UEFA Champions League 25/26,5.0,Away,AFC Ajax,AFC Ajax,Benfica,ALL,Passes,Final third entries,37,65,65,37
14566874,2025-11-25,UEFA Champions League,UEFA Champions League 25/26,5.0,Away,AFC Ajax,AFC Ajax,Benfica,ALL,Passes,Final third phase,69/95 (73%),109/145 (75%),109/145 (75%),69/95 (73%)
14566874,2025-11-25,UEFA Champions League,UEFA Champions League 25/26,5.0,Away,AFC Ajax,AFC Ajax,Benfica,ALL,Passes,Long balls,19/46 (41%),33/55 (60%),33/55 (60%),19/46 (41%)
14566874,2025-11-25,UEFA Champions League,UEFA Champions League 25/26,5.0,Away,AFC Ajax,AFC Ajax,Benfica,ALL,Passes,Throw-ins,15,16,16,15
14566874,2025-11-25,UEFA Champions League,UEFA Champions League 25/26,5.0,Away,AFC Ajax,AFC Ajax,Benfica,ALL,Shots,Blocked shots,3,1,1,3
14566874,2025-11-25,UEFA Champions League,UEFA Champions League 25/26,5.0,Away,AFC Ajax,AFC Ajax,Benfica,ALL,Shots,Hit woodwork,0,0,0,0
14566874,2025-11-25,UEFA Champions League,UEFA Champions League 25/26,5.0,Away,AFC Ajax,AFC Ajax,Benfica,ALL,Shots,Shots inside box,8,5,5,8
14566874,2025-11-25,UEFA Champions League,UEFA Champions League 25/26,5.0,Away,AFC Ajax,AFC Ajax,Benfica,ALL,Shots,Shots off target,4,3,3,4
14566874,2025-11-25,UEFA Champions League,UEFA Champions League 25/26,5.0,Away,AFC Ajax,AFC Ajax,Benfica,ALL,Shots,Shots on target,4,3,3,4
14566874,2025-11-25,UEFA Champions League,UEFA Champions League 25/26,5.0,Away,AFC Ajax,AFC Ajax,Benfica,ALL,Shots,Shots outside box,3,2,2,3
14566874,2025-11-25,UEFA Champions League,UEFA Champions League 25/26,5.0,Away,AFC Ajax,AFC Ajax,Benfica,ALL,Shots,Total shots,11,7,7,11
14131968,2025-11-29,Liga Portugal Betclic,Liga Portugal 25/26,12.0,Away,CD Nacional,CD Nacional,Benfica,1ST,Attack,Big chances missed,0,0,0,0
14131968,2025-11-29,Liga Portugal Betclic,Liga Portugal 25/26,12.0,Away,CD Nacional,CD Nacional,Benfica,1ST,Attack,Big chances scored,0,0,0,0
14131968,2025-11-29,Liga Portugal Betclic,Liga Portugal 25/26,12.0,Away,CD Nacional,CD Nacional,Benfica,1ST,Attack,Fouled in final third,1,0,0,1
14131968,2025-11-29,Liga Portugal Betclic,Liga Portugal 25/26,12.0,Away,CD Nacional,CD Nacional,Benfica,1ST,Attack,Offsides,1,0,0,1
14131968,2025-11-29,Liga Portugal Betclic,Liga Portugal 25/26,12.0,Away,CD Nacional,CD Nacional,Benfica,1ST,Defending,Clearances,10,25,25,10
14131968,2025-11-29,Liga Portugal Betclic,Liga Portugal 25/26,12.0,Away,CD Nacional,CD Nacional,Benfica,1ST,Defending,Interceptions,4,5,5,4
14131968,2025-11-29,Liga Portugal Betclic,Liga Portugal 25/26,12.0,Away,CD Nacional,CD Nacional,Benfica,1ST,Defending,Recoveries,28,24,24,28
14131968,2025-11-29,Liga Portugal Betclic,Liga Portugal 25/26,12.0,Away,CD Nacional,CD Nacional,Benfica,1ST,Defending,Tackles won,38%,75%,75%,38%
14131968,2025-11-29,Liga Portugal Betclic,Liga Portugal 25/26,12.0,Away,CD Nacional,CD Nacional,Benfica,1ST,Defending,Total tackles,8,8,8,8
14131968,2025-11-29,Liga Portugal Betclic,Liga Portugal 25/26,12.0,Away,CD Nacional,CD Nacional,Benfica,1ST,Duels,Aerial duels,13/26 (50%),13/26 (50%),13/26 (50%),13/26 (50%)
14131968,2025-11-29,Liga Portugal Betclic,Liga Portugal 25/26,12.0,Away,CD Nacional,CD Nacional,Benfica,1ST,Duels,Dispossessed,4,3,3,4
14131968,2025-11-29,Liga Portugal Betclic,Liga Portugal 25/26,12.0,Away,CD Nacional,CD Nacional,Benfica,1ST,Duels,Dribbles,7/11 (64%),4/9 (44%),4/9 (44%),7/11 (64%)
14131968,2025-11-29,Liga Portugal Betclic,Liga Portugal 25/26,12.0,Away,CD Nacional,CD Nacional,Benfica,1ST,Duels,Duels,53%,47%,47%,53%
14131968,2025-11-29,Liga Portugal Betclic,Liga Portugal 25/26,12.0,Away,CD Nacional,CD Nacional,Benfica,1ST,Duels,Ground duels,19/34 (56%),15/34 (44%),15/34 (44%),19/34 (56%)
14131968,2025-11-29,Liga Portugal Betclic,Liga Portugal 25/26,12.0,Away,CD Nacional,CD Nacional,Benfica,1ST,Goalkeeping,Goal kicks,2,7,7,2
14131968,2025-11-29,Liga Portugal Betclic,Liga Portugal 25/26,12.0,Away,CD Nacional,CD Nacional,Benfica,1ST,Goalkeeping,Total saves,0,4,4,0
14131968,2025-11-29,Liga Portugal Betclic,Liga Portugal 25/26,12.0,Away,CD Nacional,CD Nacional,Benfica,1ST,Match overview,Ball possession,64%,36%,36%,64%
14131968,2025-11-29,Liga Portugal Betclic,Liga Portugal 25/26,12.0,Away,CD Nacional,CD Nacional,Benfica,1ST,Match overview,Big chances,0,0,0,0
14131968,2025-11-29,Liga Portugal Betclic,Liga Portugal 25/26,12.0,Away,CD Nacional,CD Nacional,Benfica,1ST,Match overview,Corner kicks,3,1,1,3
14131968,2025-11-29,Liga Portugal Betclic,Liga Portugal 25/26,12.0,Away,CD Nacional,CD Nacional,Benfica,1ST,Match overview,Expected goals,0.76,0.00,0.00,0.76
14131968,2025-11-29,Liga Portugal Betclic,Liga Portugal 25/26,12.0,Away,CD Nacional,CD Nacional,Benfica,1ST,Match overview,Fouls,5,4,4,5
14131968,2025-11-29,Liga Portugal Betclic,Liga Portugal 25/26,12.0,Away,CD Nacional,CD Nacional,Benfica,1ST,Match overview,Free kicks,4,5,5,4
14131968,2025-11-29,Liga Portugal Betclic,Liga Portugal 25/26,12.0,Away,CD Nacional,CD Nacional,Benfica,1ST,Match overview,Goalkeeper saves,0,4,4,0
14131968,2025-11-29,Liga Portugal Betclic,Liga Portugal 25/26,12.0,Away,CD Nacional,CD Nacional,Benfica,1ST,Match overview,Passes,316,180,180,316
14131968,2025-11-29,Liga Portugal Betclic,Liga Portugal 25/26,12.0,Away,CD Nacional,CD Nacional,Benfica,1ST,Match overview,Tackles,8,8,8,8
14131968,2025-11-29,Liga Portugal Betclic,Liga Portugal 25/26,12.0,Away,CD Nacional,CD Nacional,Benfica,1ST,Match overview,Total shots,14,0,0,14
14131968,2025-11-29,Liga Portugal Betclic,Liga Portugal 25/26,12.0,Away,CD Nacional,CD Nacional,Benfica,1ST,Match overview,Yellow cards,0,0,0,0
14131968,2025-11-29,Liga Portugal Betclic,Liga Portugal 25/26,12.0,Away,CD Nacional,CD Nacional,Benfica,1ST,Passes,Accurate passes,267,125,125,267
14131968,2025-11-29,Liga Portugal Betclic,Liga Portugal 25/26,12.0,Away,CD Nacional,CD Nacional,Benfica,1ST,Passes,Crosses,5/14 (36%),0/5 (0%),0/5 (0%),5/14 (36%)
14131968,2025-11-29,Liga Portugal Betclic,Liga Portugal 25/26,12.0,Away,CD Nacional,CD Nacional,Benfica,1ST,Passes,Final third entries,47,29,29,47
14131968,2025-11-29,Liga Portugal Betclic,Liga Portugal 25/26,12.0,Away,CD Nacional,CD Nacional,Benfica,1ST,Passes,Long balls,11/20 (55%),10/35 (29%),10/35 (29%),11/20 (55%)
14131968,2025-11-29,Liga Portugal Betclic,Liga Portugal 25/26,12.0,Away,CD Nacional,CD Nacional,Benfica,1ST,Passes,Throw-ins,14,2,2,14
14131968,2025-11-29,Liga Portugal Betclic,Liga Portugal 25/26,12.0,Away,CD Nacional,CD Nacional,Benfica,1ST,Shots,Blocked shots,4,0,0,4
14131968,2025-11-29,Liga Portugal Betclic,Liga Portugal 25/26,12.0,Away,CD Nacional,CD Nacional,Benfica,1ST,Shots,Hit woodwork,0,0,0,0
14131968,2025-11-29,Liga Portugal Betclic,Liga Portugal 25/26,12.0,Away,CD Nacional,CD Nacional,Benfica,1ST,Shots,Shots inside box,8,0,0,8
14131968,2025-11-29,Liga Portugal Betclic,Liga Portugal 25/26,12.0,Away,CD Nacional,CD Nacional,Benfica,1ST,Shots,Shots off target,6,0,0,6
14131968,2025-11-29,Liga Portugal Betclic,Liga Portugal 25/26,12.0,Away,CD Nacional,CD Nacional,Benfica,1ST,Shots,Shots on target,4,0,0,4
14131968,2025-11-29,Liga Portugal Betclic,Liga Portugal 25/26,12.0,Away,CD Nacional,CD Nacional,Benfica,1ST,Shots,Shots outside box,6,0,0,6
14131968,2025-11-29,Liga Portugal Betclic,Liga Portugal 25/26,12.0,Away,CD Nacional,CD Nacional,Benfica,1ST,Shots,Total shots,14,0,0,14
14131968,2025-11-29,Liga Portugal Betclic,Liga Portugal 25/26,12.0,Away,CD Nacional,CD Nacional,Benfica,2ND,Attack,Big chances missed,2,0,0,2
14131968,2025-11-29,Liga Portugal Betclic,Liga Portugal 25/26,12.0,Away,CD Nacional,CD Nacional,Benfica,2ND,Attack,Big chances scored,1,1,1,1
14131968,2025-11-29,Liga Portugal Betclic,Liga Portugal 25/26,12.0,Away,CD Nacional,CD Nacional,Benfica,2ND,Attack,Fouled in final third,1,0,0,1
14131968,2025-11-29,Liga Portugal Betclic,Liga Portugal 25/26,12.0,Away,CD Nacional,CD Nacional,Benfica,2ND,Attack,Offsides,0,0,0,0
14131968,2025-11-29,Liga Portugal Betclic,Liga Portugal 25/26,12.0,Away,CD Nacional,CD Nacional,Benfica,2ND,Defending,Clearances,4,30,30,4
14131968,2025-11-29,Liga Portugal Betclic,Liga Portugal 25/26,12.0,Away,CD Nacional,CD Nacional,Benfica,2ND,Defending,Interceptions,2,4,4,2
14131968,2025-11-29,Liga Portugal Betclic,Liga Portugal 25/26,12.0,Away,CD Nacional,CD Nacional,Benfica,2ND,Defending,Recoveries,18,22,22,18
14131968,2025-11-29,Liga Portugal Betclic,Liga Portugal 25/26,12.0,Away,CD Nacional,CD Nacional,Benfica,2ND,Defending,Tackles won,75%,60%,60%,75%
14131968,2025-11-29,Liga Portugal Betclic,Liga Portugal 25/26,12.0,Away,CD Nacional,CD Nacional,Benfica,2ND,Defending,Total tackles,4,5,5,4
14131968,2025-11-29,Liga Portugal Betclic,Liga Portugal 25/26,12.0,Away,CD Nacional,CD Nacional,Benfica,2ND,Duels,Aerial duels,10/17 (59%),7/17 (41%),7/17 (41%),10/17 (59%)
14131968,2025-11-29,Liga Portugal Betclic,Liga Portugal 25/26,12.0,Away,CD Nacional,CD Nacional,Benfica,2ND,Duels,Dispossessed,3,2,2,3
14131968,2025-11-29,Liga Portugal Betclic,Liga Portugal 25/26,12.0,Away,CD Nacional,CD Nacional,Benfica,2ND,Duels,Dribbles,11/13 (85%),4/6 (67%),4/6 (67%),11/13 (85%)
14131968,2025-11-29,Liga Portugal Betclic,Liga Portugal 25/26,12.0,Away,CD Nacional,CD Nacional,Benfica,2ND,Duels,Duels,62%,38%,38%,62%
14131968,2025-11-29,Liga Portugal Betclic,Liga Portugal 25/26,12.0,Away,CD Nacional,CD Nacional,Benfica,2ND,Duels,Ground duels,21/33 (64%),12/33 (36%),12/33 (36%),21/33 (64%)
14131968,2025-11-29,Liga Portugal Betclic,Liga Portugal 25/26,12.0,Away,CD Nacional,CD Nacional,Benfica,2ND,Goalkeeping,Goal kicks,3,10,10,3
14131968,2025-11-29,Liga Portugal Betclic,Liga Portugal 25/26,12.0,Away,CD Nacional,CD Nacional,Benfica,2ND,Goalkeeping,Total saves,1,2,2,1
14131968,2025-11-29,Liga Portugal Betclic,Liga Portugal 25/26,12.0,Away,CD Nacional,CD Nacional,Benfica,2ND,Match overview,Ball possession,77%,23%,23%,77%
14131968,2025-11-29,Liga Portugal Betclic,Liga Portugal 25/26,12.0,Away,CD Nacional,CD Nacional,Benfica,2ND,Match overview,Big chances,3,1,1,3
14131968,2025-11-29,Liga Portugal Betclic,Liga Portugal 25/26,12.0,Away,CD Nacional,CD Nacional,Benfica,2ND,Match overview,Corner kicks,8,1,1,8
14131968,2025-11-29,Liga Portugal Betclic,Liga Portugal 25/26,12.0,Away,CD Nacional,CD Nacional,Benfica,2ND,Match overview,Expected goals,1.64,0.39,0.39,1.64
14131968,2025-11-29,Liga Portugal Betclic,Liga Portugal 25/26,12.0,Away,CD Nacional,CD Nacional,Benfica,2ND,Match overview,Fouls,3,6,6,3
14131968,2025-11-29,Liga Portugal Betclic,Liga Portugal 25/26,12.0,Away,CD Nacional,CD Nacional,Benfica,2ND,Match overview,Free kicks,6,3,3,6
14131968,2025-11-29,Liga Portugal Betclic,Liga Portugal 25/26,12.0,Away,CD Nacional,CD Nacional,Benfica,2ND,Match overview,Goalkeeper saves,1,2,2,1
14131968,2025-11-29,Liga Portugal Betclic,Liga Portugal 25/26,12.0,Away,CD Nacional,CD Nacional,Benfica,2ND,Match overview,Passes,279,85,85,279
14131968,2025-11-29,Liga Portugal Betclic,Liga Portugal 25/26,12.0,Away,CD Nacional,CD Nacional,Benfica,2ND,Match overview,Tackles,4,5,5,4
14131968,2025-11-29,Liga Portugal Betclic,Liga Portugal 25/26,12.0,Away,CD Nacional,CD Nacional,Benfica,2ND,Match overview,Total shots,16,6,6,16
14131968,2025-11-29,Liga Portugal Betclic,Liga Portugal 25/26,12.0,Away,CD Nacional,CD Nacional,Benfica,2ND,Match overview,Yellow cards,2,4,4,2
14131968,2025-11-29,Liga Portugal Betclic,Liga Portugal 25/26,12.0,Away,CD Nacional,CD Nacional,Benfica,2ND,Passes,Accurate passes,236,52,52,236
14131968,2025-11-29,Liga Portugal Betclic,Liga Portugal 25/26,12.0,Away,CD Nacional,CD Nacional,Benfica,2ND,Passes,Crosses,5/22 (23%),0/2 (0%),0/2 (0%),5/22 (23%)
14131968,2025-11-29,Liga Portugal Betclic,Liga Portugal 25/26,12.0,Away,CD Nacional,CD Nacional,Benfica,2ND,Passes,Final third entries,31,13,13,31
14131968,2025-11-29,Liga Portugal Betclic,Liga Portugal 25/26,12.0,Away,CD Nacional,CD Nacional,Benfica,2ND,Passes,Long balls,8/20 (40%),10/29 (34%),10/29 (34%),8/20 (40%)
14131968,2025-11-29,Liga Portugal Betclic,Liga Portugal 25/26,12.0,Away,CD Nacional,CD Nacional,Benfica,2ND,Passes,Throw-ins,19,6,6,19
14131968,2025-11-29,Liga Portugal Betclic,Liga Portugal 25/26,12.0,Away,CD Nacional,CD Nacional,Benfica,2ND,Shots,Blocked shots,6,1,1,6
14131968,2025-11-29,Liga Portugal Betclic,Liga Portugal 25/26,12.0,Away,CD Nacional,CD Nacional,Benfica,2ND,Shots,Hit woodwork,0,0,0,0
14131968,2025-11-29,Liga Portugal Betclic,Liga Portugal 25/26,12.0,Away,CD Nacional,CD Nacional,Benfica,2ND,Shots,Shots inside box,9,2,2,9
14131968,2025-11-29,Liga Portugal Betclic,Liga Portugal 25/26,12.0,Away,CD Nacional,CD Nacional,Benfica,2ND,Shots,Shots off target,6,3,3,6
14131968,2025-11-29,Liga Portugal Betclic,Liga Portugal 25/26,12.0,Away,CD Nacional,CD Nacional,Benfica,2ND,Shots,Shots on target,4,2,2,4
14131968,2025-11-29,Liga Portugal Betclic,Liga Portugal 25/26,12.0,Away,CD Nacional,CD Nacional,Benfica,2ND,Shots,Shots outside box,7,4,4,7
14131968,2025-11-29,Liga Portugal Betclic,Liga Portugal 25/26,12.0,Away,CD Nacional,CD Nacional,Benfica,2ND,Shots,Total shots,16,6,6,16
14131968,2025-11-29,Liga Portugal Betclic,Liga Portugal 25/26,12.0,Away,CD Nacional,CD Nacional,Benfica,ALL,Attack,Big chances missed,2,0,0,2
14131968,2025-11-29,Liga Portugal Betclic,Liga Portugal 25/26,12.0,Away,CD Nacional,CD Nacional,Benfica,ALL,Attack,Big chances scored,1,1,1,1
14131968,2025-11-29,Liga Portugal Betclic,Liga Portugal 25/26,12.0,Away,CD Nacional,CD Nacional,Benfica,ALL,Attack,Fouled in final third,2,0,0,2
14131968,2025-11-29,Liga Portugal Betclic,Liga Portugal 25/26,12.0,Away,CD Nacional,CD Nacional,Benfica,ALL,Attack,Offsides,1,0,0,1
14131968,2025-11-29,Liga Portugal Betclic,Liga Portugal 25/26,12.0,Away,CD Nacional,CD Nacional,Benfica,ALL,Attack,Touches in penalty area,62,4,4,62
14131968,2025-11-29,Liga Portugal Betclic,Liga Portugal 25/26,12.0,Away,CD Nacional,CD Nacional,Benfica,ALL,Defending,Clearances,14,55,55,14
14131968,2025-11-29,Liga Portugal Betclic,Liga Portugal 25/26,12.0,Away,CD Nacional,CD Nacional,Benfica,ALL,Defending,Errors lead to a goal,1,0,0,1
14131968,2025-11-29,Liga Portugal Betclic,Liga Portugal 25/26,12.0,Away,CD Nacional,CD Nacional,Benfica,ALL,Defending,Interceptions,6,9,9,6
14131968,2025-11-29,Liga Portugal Betclic,Liga Portugal 25/26,12.0,Away,CD Nacional,CD Nacional,Benfica,ALL,Defending,Recoveries,46,46,46,46
14131968,2025-11-29,Liga Portugal Betclic,Liga Portugal 25/26,12.0,Away,CD Nacional,CD Nacional,Benfica,ALL,Defending,Tackles won,50%,69%,69%,50%
14131968,2025-11-29,Liga Portugal Betclic,Liga Portugal 25/26,12.0,Away,CD Nacional,CD Nacional,Benfica,ALL,Defending,Total tackles,12,13,13,12
14131968,2025-11-29,Liga Portugal Betclic,Liga Portugal 25/26,12.0,Away,CD Nacional,CD Nacional,Benfica,ALL,Duels,Aerial duels,23/43 (53%),20/43 (47%),20/43 (47%),23/43 (53%)
14131968,2025-11-29,Liga Portugal Betclic,Liga Portugal 25/26,12.0,Away,CD Nacional,CD Nacional,Benfica,ALL,Duels,Dispossessed,7,5,5,7
14131968,2025-11-29,Liga Portugal Betclic,Liga Portugal 25/26,12.0,Away,CD Nacional,CD Nacional,Benfica,ALL,Duels,Dribbles,18/24 (75%),8/15 (53%),8/15 (53%),18/24 (75%)
14131968,2025-11-29,Liga Portugal Betclic,Liga Portugal 25/26,12.0,Away,CD Nacional,CD Nacional,Benfica,ALL,Duels,Duels,57%,43%,43%,57%
14131968,2025-11-29,Liga Portugal Betclic,Liga Portugal 25/26,12.0,Away,CD Nacional,CD Nacional,Benfica,ALL,Duels,Ground duels,40/67 (60%),27/67 (40%),27/67 (40%),40/67 (60%)
14131968,2025-11-29,Liga Portugal Betclic,Liga Portugal 25/26,12.0,Away,CD Nacional,CD Nacional,Benfica,ALL,Goalkeeping,Big saves,2,2,2,2
14131968,2025-11-29,Liga Portugal Betclic,Liga Portugal 25/26,12.0,Away,CD Nacional,CD Nacional,Benfica,ALL,Goalkeeping,Goal kicks,5,17,17,5
14131968,2025-11-29,Liga Portugal Betclic,Liga Portugal 25/26,12.0,Away,CD Nacional,CD Nacional,Benfica,ALL,Goalkeeping,Goals prevented,-0.05,0.62,0.62,-0.05
14131968,2025-11-29,Liga Portugal Betclic,Liga Portugal 25/26,12.0,Away,CD Nacional,CD Nacional,Benfica,ALL,Goalkeeping,Punches,0,1,1,0
14131968,2025-11-29,Liga Portugal Betclic,Liga Portugal 25/26,12.0,Away,CD Nacional,CD Nacional,Benfica,ALL,Goalkeeping,Total saves,1,6,6,1
14131968,2025-11-29,Liga Portugal Betclic,Liga Portugal 25/26,12.0,Away,CD Nacional,CD Nacional,Benfica,ALL,Match overview,Ball possession,70%,30%,30%,70%
14131968,2025-11-29,Liga Portugal Betclic,Liga Portugal 25/26,12.0,Away,CD Nacional,CD Nacional,Benfica,ALL,Match overview,Big chances,3,1,1,3
14131968,2025-11-29,Liga Portugal Betclic,Liga Portugal 25/26,12.0,Away,CD Nacional,CD Nacional,Benfica,ALL,Match overview,Corner kicks,11,2,2,11
14131968,2025-11-29,Liga Portugal Betclic,Liga Portugal 25/26,12.0,Away,CD Nacional,CD Nacional,Benfica,ALL,Match overview,Distance covered,116.2 km,120.7 km,120.7 km,116.2 km
14131968,2025-11-29,Liga Portugal Betclic,Liga Portugal 25/26,12.0,Away,CD Nacional,CD Nacional,Benfica,ALL,Match overview,Expected goals,2.40,0.39,0.39,2.40
14131968,2025-11-29,Liga Portugal Betclic,Liga Portugal 25/26,12.0,Away,CD Nacional,CD Nacional,Benfica,ALL,Match overview,Fouls,8,10,10,8
14131968,2025-11-29,Liga Portugal Betclic,Liga Portugal 25/26,12.0,Away,CD Nacional,CD Nacional,Benfica,ALL,Match overview,Free kicks,10,8,8,10
14131968,2025-11-29,Liga Portugal Betclic,Liga Portugal 25/26,12.0,Away,CD Nacional,CD Nacional,Benfica,ALL,Match overview,Goalkeeper saves,1,6,6,1
14131968,2025-11-29,Liga Portugal Betclic,Liga Portugal 25/26,12.0,Away,CD Nacional,CD Nacional,Benfica,ALL,Match overview,Number of sprints,135,158,158,135
14131968,2025-11-29,Liga Portugal Betclic,Liga Portugal 25/26,12.0,Away,CD Nacional,CD Nacional,Benfica,ALL,Match overview,Passes,595,265,265,595
14131968,2025-11-29,Liga Portugal Betclic,Liga Portugal 25/26,12.0,Away,CD Nacional,CD Nacional,Benfica,ALL,Match overview,Tackles,12,13,13,12
14131968,2025-11-29,Liga Portugal Betclic,Liga Portugal 25/26,12.0,Away,CD Nacional,CD Nacional,Benfica,ALL,Match overview,Total shots,30,6,6,30
14131968,2025-11-29,Liga Portugal Betclic,Liga Portugal 25/26,12.0,Away,CD Nacional,CD Nacional,Benfica,ALL,Match overview,Yellow cards,2,4,4,2
14131968,2025-11-29,Liga Portugal Betclic,Liga Portugal 25/26,12.0,Away,CD Nacional,CD Nacional,Benfica,ALL,Passes,Accurate passes,503,177,177,503
14131968,2025-11-29,Liga Portugal Betclic,Liga Portugal 25/26,12.0,Away,CD Nacional,CD Nacional,Benfica,ALL,Passes,Crosses,10/36 (28%),0/7 (0%),0/7 (0%),10/36 (28%)
14131968,2025-11-29,Liga Portugal Betclic,Liga Portugal 25/26,12.0,Away,CD Nacional,CD Nacional,Benfica,ALL,Passes,Final third entries,78,42,42,78
14131968,2025-11-29,Liga Portugal Betclic,Liga Portugal 25/26,12.0,Away,CD Nacional,CD Nacional,Benfica,ALL,Passes,Final third phase,213/272 (78%),39/73 (53%),39/73 (53%),213/272 (78%)
14131968,2025-11-29,Liga Portugal Betclic,Liga Portugal 25/26,12.0,Away,CD Nacional,CD Nacional,Benfica,ALL,Passes,Long balls,19/40 (48%),20/64 (31%),20/64 (31%),19/40 (48%)
14131968,2025-11-29,Liga Portugal Betclic,Liga Portugal 25/26,12.0,Away,CD Nacional,CD Nacional,Benfica,ALL,Passes,Throw-ins,33,8,8,33
14131968,2025-11-29,Liga Portugal Betclic,Liga Portugal 25/26,12.0,Away,CD Nacional,CD Nacional,Benfica,ALL,Shots,Blocked shots,10,1,1,10
14131968,2025-11-29,Liga Portugal Betclic,Liga Portugal 25/26,12.0,Away,CD Nacional,CD Nacional,Benfica,ALL,Shots,Hit woodwork,0,0,0,0
14131968,2025-11-29,Liga Portugal Betclic,Liga Portugal 25/26,12.0,Away,CD Nacional,CD Nacional,Benfica,ALL,Shots,Shots inside box,17,2,2,17
14131968,2025-11-29,Liga Portugal Betclic,Liga Portugal 25/26,12.0,Away,CD Nacional,CD Nacional,Benfica,ALL,Shots,Shots off target,12,3,3,12
14131968,2025-11-29,Liga Portugal Betclic,Liga Portugal 25/26,12.0,Away,CD Nacional,CD Nacional,Benfica,ALL,Shots,Shots on target,8,2,2,8
14131968,2025-11-29,Liga Portugal Betclic,Liga Portugal 25/26,12.0,Away,CD Nacional,CD Nacional,Benfica,ALL,Shots,Shots outside box,13,4,4,13
14131968,2025-11-29,Liga Portugal Betclic,Liga Portugal 25/26,12.0,Away,CD Nacional,CD Nacional,Benfica,ALL,Shots,Total shots,30,6,6,30
14131973,2025-12-05,Liga Portugal Betclic,Liga Portugal 25/26,13.0,Home,Sporting CP,Benfica,Sporting CP,1ST,Attack,Big chances scored,1,1,1,1
14131973,2025-12-05,Liga Portugal Betclic,Liga Portugal 25/26,13.0,Home,Sporting CP,Benfica,Sporting CP,1ST,Attack,Fouled in final third,1,0,1,0
14131973,2025-12-05,Liga Portugal Betclic,Liga Portugal 25/26,13.0,Home,Sporting CP,Benfica,Sporting CP,1ST,Attack,Offsides,0,0,0,0
14131973,2025-12-05,Liga Portugal Betclic,Liga Portugal 25/26,13.0,Home,Sporting CP,Benfica,Sporting CP,1ST,Defending,Clearances,5,5,5,5
14131973,2025-12-05,Liga Portugal Betclic,Liga Portugal 25/26,13.0,Home,Sporting CP,Benfica,Sporting CP,1ST,Defending,Interceptions,7,6,7,6
14131973,2025-12-05,Liga Portugal Betclic,Liga Portugal 25/26,13.0,Home,Sporting CP,Benfica,Sporting CP,1ST,Defending,Recoveries,18,26,18,26
14131973,2025-12-05,Liga Portugal Betclic,Liga Portugal 25/26,13.0,Home,Sporting CP,Benfica,Sporting CP,1ST,Defending,Tackles won,69%,75%,69%,75%
14131973,2025-12-05,Liga Portugal Betclic,Liga Portugal 25/26,13.0,Home,Sporting CP,Benfica,Sporting CP,1ST,Defending,Total tackles,13,8,13,8
14131973,2025-12-05,Liga Portugal Betclic,Liga Portugal 25/26,13.0,Home,Sporting CP,Benfica,Sporting CP,1ST,Duels,Aerial duels,11/15 (73%),4/15 (27%),11/15 (73%),4/15 (27%)
14131973,2025-12-05,Liga Portugal Betclic,Liga Portugal 25/26,13.0,Home,Sporting CP,Benfica,Sporting CP,1ST,Duels,Dispossessed,4,6,4,6
14131973,2025-12-05,Liga Portugal Betclic,Liga Portugal 25/26,13.0,Home,Sporting CP,Benfica,Sporting CP,1ST,Duels,Dribbles,1/5 (20%),5/12 (42%),1/5 (20%),5/12 (42%)
14131973,2025-12-05,Liga Portugal Betclic,Liga Portugal 25/26,13.0,Home,Sporting CP,Benfica,Sporting CP,1ST,Duels,Duels,59%,41%,59%,41%
14131973,2025-12-05,Liga Portugal Betclic,Liga Portugal 25/26,13.0,Home,Sporting CP,Benfica,Sporting CP,1ST,Duels,Ground duels,23/43 (53%),20/43 (47%),23/43 (53%),20/43 (47%)
14131973,2025-12-05,Liga Portugal Betclic,Liga Portugal 25/26,13.0,Home,Sporting CP,Benfica,Sporting CP,1ST,Goalkeeping,Goal kicks,2,1,2,1
14131973,2025-12-05,Liga Portugal Betclic,Liga Portugal 25/26,13.0,Home,Sporting CP,Benfica,Sporting CP,1ST,Goalkeeping,Total saves,1,0,1,0
14131973,2025-12-05,Liga Portugal Betclic,Liga Portugal 25/26,13.0,Home,Sporting CP,Benfica,Sporting CP,1ST,Match overview,Ball possession,41%,59%,41%,59%
14131973,2025-12-05,Liga Portugal Betclic,Liga Portugal 25/26,13.0,Home,Sporting CP,Benfica,Sporting CP,1ST,Match overview,Big chances,1,1,1,1
14131973,2025-12-05,Liga Portugal Betclic,Liga Portugal 25/26,13.0,Home,Sporting CP,Benfica,Sporting CP,1ST,Match overview,Corner kicks,2,1,2,1
14131973,2025-12-05,Liga Portugal Betclic,Liga Portugal 25/26,13.0,Home,Sporting CP,Benfica,Sporting CP,1ST,Match overview,Expected goals,0.73,0.58,0.73,0.58
14131973,2025-12-05,Liga Portugal Betclic,Liga Portugal 25/26,13.0,Home,Sporting CP,Benfica,Sporting CP,1ST,Match overview,Fouls,7,9,7,9
14131973,2025-12-05,Liga Portugal Betclic,Liga Portugal 25/26,13.0,Home,Sporting CP,Benfica,Sporting CP,1ST,Match overview,Free kicks,9,7,9,7
14131973,2025-12-05,Liga Portugal Betclic,Liga Portugal 25/26,13.0,Home,Sporting CP,Benfica,Sporting CP,1ST,Match overview,Goalkeeper saves,1,0,1,0
14131973,2025-12-05,Liga Portugal Betclic,Liga Portugal 25/26,13.0,Home,Sporting CP,Benfica,Sporting CP,1ST,Match overview,Passes,181,270,181,270
14131973,2025-12-05,Liga Portugal Betclic,Liga Portugal 25/26,13.0,Home,Sporting CP,Benfica,Sporting CP,1ST,Match overview,Red cards,0,0,0,0
14131973,2025-12-05,Liga Portugal Betclic,Liga Portugal 25/26,13.0,Home,Sporting CP,Benfica,Sporting CP,1ST,Match overview,Tackles,13,8,13,8
14131973,2025-12-05,Liga Portugal Betclic,Liga Portugal 25/26,13.0,Home,Sporting CP,Benfica,Sporting CP,1ST,Match overview,Total shots,5,5,5,5
14131973,2025-12-05,Liga Portugal Betclic,Liga Portugal 25/26,13.0,Home,Sporting CP,Benfica,Sporting CP,1ST,Match overview,Yellow cards,0,1,0,1
14131973,2025-12-05,Liga Portugal Betclic,Liga Portugal 25/26,13.0,Home,Sporting CP,Benfica,Sporting CP,1ST,Passes,Accurate passes,147,234,147,234
14131973,2025-12-05,Liga Portugal Betclic,Liga Portugal 25/26,13.0,Home,Sporting CP,Benfica,Sporting CP,1ST,Passes,Crosses,3/6 (50%),1/2 (50%),3/6 (50%),1/2 (50%)
14131973,2025-12-05,Liga Portugal Betclic,Liga Portugal 25/26,13.0,Home,Sporting CP,Benfica,Sporting CP,1ST,Passes,Final third entries,18,19,18,19
14131973,2025-12-05,Liga Portugal Betclic,Liga Portugal 25/26,13.0,Home,Sporting CP,Benfica,Sporting CP,1ST,Passes,Long balls,5/15 (33%),9/16 (56%),5/15 (33%),9/16 (56%)
14131973,2025-12-05,Liga Portugal Betclic,Liga Portugal 25/26,13.0,Home,Sporting CP,Benfica,Sporting CP,1ST,Passes,Throw-ins,9,5,9,5
14131973,2025-12-05,Liga Portugal Betclic,Liga Portugal 25/26,13.0,Home,Sporting CP,Benfica,Sporting CP,1ST,Shots,Blocked shots,1,1,1,1
14131973,2025-12-05,Liga Portugal Betclic,Liga Portugal 25/26,13.0,Home,Sporting CP,Benfica,Sporting CP,1ST,Shots,Hit woodwork,0,0,0,0
14131973,2025-12-05,Liga Portugal Betclic,Liga Portugal 25/26,13.0,Home,Sporting CP,Benfica,Sporting CP,1ST,Shots,Shots inside box,4,3,4,3
14131973,2025-12-05,Liga Portugal Betclic,Liga Portugal 25/26,13.0,Home,Sporting CP,Benfica,Sporting CP,1ST,Shots,Shots off target,3,2,3,2
14131973,2025-12-05,Liga Portugal Betclic,Liga Portugal 25/26,13.0,Home,Sporting CP,Benfica,Sporting CP,1ST,Shots,Shots on target,1,2,1,2
14131973,2025-12-05,Liga Portugal Betclic,Liga Portugal 25/26,13.0,Home,Sporting CP,Benfica,Sporting CP,1ST,Shots,Shots outside box,1,2,1,2
14131973,2025-12-05,Liga Portugal Betclic,Liga Portugal 25/26,13.0,Home,Sporting CP,Benfica,Sporting CP,1ST,Shots,Total shots,5,5,5,5
14131973,2025-12-05,Liga Portugal Betclic,Liga Portugal 25/26,13.0,Home,Sporting CP,Benfica,Sporting CP,2ND,Attack,Big chances scored,0,0,0,0
14131973,2025-12-05,Liga Portugal Betclic,Liga Portugal 25/26,13.0,Home,Sporting CP,Benfica,Sporting CP,2ND,Attack,Fouled in final third,1,1,1,1
14131973,2025-12-05,Liga Portugal Betclic,Liga Portugal 25/26,13.0,Home,Sporting CP,Benfica,Sporting CP,2ND,Attack,Offsides,2,1,2,1
14131973,2025-12-05,Liga Portugal Betclic,Liga Portugal 25/26,13.0,Home,Sporting CP,Benfica,Sporting CP,2ND,Defending,Clearances,9,11,9,11
14131973,2025-12-05,Liga Portugal Betclic,Liga Portugal 25/26,13.0,Home,Sporting CP,Benfica,Sporting CP,2ND,Defending,Interceptions,4,2,4,2
14131973,2025-12-05,Liga Portugal Betclic,Liga Portugal 25/26,13.0,Home,Sporting CP,Benfica,Sporting CP,2ND,Defending,Recoveries,24,22,24,22
14131973,2025-12-05,Liga Portugal Betclic,Liga Portugal 25/26,13.0,Home,Sporting CP,Benfica,Sporting CP,2ND,Defending,Tackles won,50%,55%,50%,55%
14131973,2025-12-05,Liga Portugal Betclic,Liga Portugal 25/26,13.0,Home,Sporting CP,Benfica,Sporting CP,2ND,Defending,Total tackles,12,11,12,11
14131973,2025-12-05,Liga Portugal Betclic,Liga Portugal 25/26,13.0,Home,Sporting CP,Benfica,Sporting CP,2ND,Duels,Aerial duels,3/8 (38%),5/8 (63%),3/8 (38%),5/8 (63%)
14131973,2025-12-05,Liga Portugal Betclic,Liga Portugal 25/26,13.0,Home,Sporting CP,Benfica,Sporting CP,2ND,Duels,Dispossessed,5,4,5,4
14131973,2025-12-05,Liga Portugal Betclic,Liga Portugal 25/26,13.0,Home,Sporting CP,Benfica,Sporting CP,2ND,Duels,Dribbles,3/9 (33%),4/12 (33%),3/9 (33%),4/12 (33%)
14131973,2025-12-05,Liga Portugal Betclic,Liga Portugal 25/26,13.0,Home,Sporting CP,Benfica,Sporting CP,2ND,Duels,Duels,50%,50%,50%,50%
14131973,2025-12-05,Liga Portugal Betclic,Liga Portugal 25/26,13.0,Home,Sporting CP,Benfica,Sporting CP,2ND,Duels,Ground duels,25/48 (52%),23/48 (48%),25/48 (52%),23/48 (48%)
14131973,2025-12-05,Liga Portugal Betclic,Liga Portugal 25/26,13.0,Home,Sporting CP,Benfica,Sporting CP,2ND,Goalkeeping,Goal kicks,1,3,1,3
14131973,2025-12-05,Liga Portugal Betclic,Liga Portugal 25/26,13.0,Home,Sporting CP,Benfica,Sporting CP,2ND,Goalkeeping,Total saves,0,3,0,3
14131973,2025-12-05,Liga Portugal Betclic,Liga Portugal 25/26,13.0,Home,Sporting CP,Benfica,Sporting CP,2ND,Match overview,Ball possession,41%,59%,41%,59%
14131973,2025-12-05,Liga Portugal Betclic,Liga Portugal 25/26,13.0,Home,Sporting CP,Benfica,Sporting CP,2ND,Match overview,Big chances,0,0,0,0
14131973,2025-12-05,Liga Portugal Betclic,Liga Portugal 25/26,13.0,Home,Sporting CP,Benfica,Sporting CP,2ND,Match overview,Corner kicks,1,1,1,1
14131973,2025-12-05,Liga Portugal Betclic,Liga Portugal 25/26,13.0,Home,Sporting CP,Benfica,Sporting CP,2ND,Match overview,Expected goals,0.19,0.00,0.19,0.00
14131973,2025-12-05,Liga Portugal Betclic,Liga Portugal 25/26,13.0,Home,Sporting CP,Benfica,Sporting CP,2ND,Match overview,Fouls,8,11,8,11
14131973,2025-12-05,Liga Portugal Betclic,Liga Portugal 25/26,13.0,Home,Sporting CP,Benfica,Sporting CP,2ND,Match overview,Free kicks,11,8,11,8
14131973,2025-12-05,Liga Portugal Betclic,Liga Portugal 25/26,13.0,Home,Sporting CP,Benfica,Sporting CP,2ND,Match overview,Goalkeeper saves,0,3,0,3
14131973,2025-12-05,Liga Portugal Betclic,Liga Portugal 25/26,13.0,Home,Sporting CP,Benfica,Sporting CP,2ND,Match overview,Passes,174,251,174,251
14131973,2025-12-05,Liga Portugal Betclic,Liga Portugal 25/26,13.0,Home,Sporting CP,Benfica,Sporting CP,2ND,Match overview,Red cards,1,0,1,0
14131973,2025-12-05,Liga Portugal Betclic,Liga Portugal 25/26,13.0,Home,Sporting CP,Benfica,Sporting CP,2ND,Match overview,Tackles,12,11,12,11
14131973,2025-12-05,Liga Portugal Betclic,Liga Portugal 25/26,13.0,Home,Sporting CP,Benfica,Sporting CP,2ND,Match overview,Total shots,5,0,5,0
14131973,2025-12-05,Liga Portugal Betclic,Liga Portugal 25/26,13.0,Home,Sporting CP,Benfica,Sporting CP,2ND,Match overview,Yellow cards,2,4,2,4
14131973,2025-12-05,Liga Portugal Betclic,Liga Portugal 25/26,13.0,Home,Sporting CP,Benfica,Sporting CP,2ND,Passes,Accurate passes,148,220,148,220
14131973,2025-12-05,Liga Portugal Betclic,Liga Portugal 25/26,13.0,Home,Sporting CP,Benfica,Sporting CP,2ND,Passes,Crosses,0/7 (0%),1/7 (14%),0/7 (0%),1/7 (14%)
14131973,2025-12-05,Liga Portugal Betclic,Liga Portugal 25/26,13.0,Home,Sporting CP,Benfica,Sporting CP,2ND,Passes,Final third entries,16,18,16,18
14131973,2025-12-05,Liga Portugal Betclic,Liga Portugal 25/26,13.0,Home,Sporting CP,Benfica,Sporting CP,2ND,Passes,Long balls,7/16 (44%),9/16 (56%),7/16 (44%),9/16 (56%)
14131973,2025-12-05,Liga Portugal Betclic,Liga Portugal 25/26,13.0,Home,Sporting CP,Benfica,Sporting CP,2ND,Passes,Throw-ins,7,12,7,12
14131973,2025-12-05,Liga Portugal Betclic,Liga Portugal 25/26,13.0,Home,Sporting CP,Benfica,Sporting CP,2ND,Shots,Blocked shots,0,0,0,0
14131973,2025-12-05,Liga Portugal Betclic,Liga Portugal 25/26,13.0,Home,Sporting CP,Benfica,Sporting CP,2ND,Shots,Hit woodwork,0,0,0,0
14131973,2025-12-05,Liga Portugal Betclic,Liga Portugal 25/26,13.0,Home,Sporting CP,Benfica,Sporting CP,2ND,Shots,Shots inside box,1,0,1,0
14131973,2025-12-05,Liga Portugal Betclic,Liga Portugal 25/26,13.0,Home,Sporting CP,Benfica,Sporting CP,2ND,Shots,Shots off target,2,0,2,0
14131973,2025-12-05,Liga Portugal Betclic,Liga Portugal 25/26,13.0,Home,Sporting CP,Benfica,Sporting CP,2ND,Shots,Shots on target,3,0,3,0
14131973,2025-12-05,Liga Portugal Betclic,Liga Portugal 25/26,13.0,Home,Sporting CP,Benfica,Sporting CP,2ND,Shots,Shots outside box,4,0,4,0
14131973,2025-12-05,Liga Portugal Betclic,Liga Portugal 25/26,13.0,Home,Sporting CP,Benfica,Sporting CP,2ND,Shots,Total shots,5,0,5,0
14131973,2025-12-05,Liga Portugal Betclic,Liga Portugal 25/26,13.0,Home,Sporting CP,Benfica,Sporting CP,ALL,Attack,Big chances scored,1,1,1,1
14131973,2025-12-05,Liga Portugal Betclic,Liga Portugal 25/26,13.0,Home,Sporting CP,Benfica,Sporting CP,ALL,Attack,Fouled in final third,2,1,2,1
14131973,2025-12-05,Liga Portugal Betclic,Liga Portugal 25/26,13.0,Home,Sporting CP,Benfica,Sporting CP,ALL,Attack,Offsides,2,1,2,1
14131973,2025-12-05,Liga Portugal Betclic,Liga Portugal 25/26,13.0,Home,Sporting CP,Benfica,Sporting CP,ALL,Attack,Touches in penalty area,13,9,13,9
14131973,2025-12-05,Liga Portugal Betclic,Liga Portugal 25/26,13.0,Home,Sporting CP,Benfica,Sporting CP,ALL,Defending,Clearances,14,16,14,16
14131973,2025-12-05,Liga Portugal Betclic,Liga Portugal 25/26,13.0,Home,Sporting CP,Benfica,Sporting CP,ALL,Defending,Errors lead to a goal,1,0,1,0
14131973,2025-12-05,Liga Portugal Betclic,Liga Portugal 25/26,13.0,Home,Sporting CP,Benfica,Sporting CP,ALL,Defending,Errors lead to a shot,1,1,1,1
14131973,2025-12-05,Liga Portugal Betclic,Liga Portugal 25/26,13.0,Home,Sporting CP,Benfica,Sporting CP,ALL,Defending,Interceptions,11,8,11,8
14131973,2025-12-05,Liga Portugal Betclic,Liga Portugal 25/26,13.0,Home,Sporting CP,Benfica,Sporting CP,ALL,Defending,Recoveries,42,48,42,48
14131973,2025-12-05,Liga Portugal Betclic,Liga Portugal 25/26,13.0,Home,Sporting CP,Benfica,Sporting CP,ALL,Defending,Tackles won,60%,63%,60%,63%
14131973,2025-12-05,Liga Portugal Betclic,Liga Portugal 25/26,13.0,Home,Sporting CP,Benfica,Sporting CP,ALL,Defending,Total tackles,25,19,25,19
14131973,2025-12-05,Liga Portugal Betclic,Liga Portugal 25/26,13.0,Home,Sporting CP,Benfica,Sporting CP,ALL,Duels,Aerial duels,14/23 (61%),9/23 (39%),14/23 (61%),9/23 (39%)
14131973,2025-12-05,Liga Portugal Betclic,Liga Portugal 25/26,13.0,Home,Sporting CP,Benfica,Sporting CP,ALL,Duels,Dispossessed,9,10,9,10
14131973,2025-12-05,Liga Portugal Betclic,Liga Portugal 25/26,13.0,Home,Sporting CP,Benfica,Sporting CP,ALL,Duels,Dribbles,4/14 (29%),9/24 (38%),4/14 (29%),9/24 (38%)
14131973,2025-12-05,Liga Portugal Betclic,Liga Portugal 25/26,13.0,Home,Sporting CP,Benfica,Sporting CP,ALL,Duels,Duels,54%,46%,54%,46%
14131973,2025-12-05,Liga Portugal Betclic,Liga Portugal 25/26,13.0,Home,Sporting CP,Benfica,Sporting CP,ALL,Duels,Ground duels,48/91 (53%),43/91 (47%),48/91 (53%),43/91 (47%)
14131973,2025-12-05,Liga Portugal Betclic,Liga Portugal 25/26,13.0,Home,Sporting CP,Benfica,Sporting CP,ALL,Goalkeeping,Goal kicks,3,4,3,4
14131973,2025-12-05,Liga Portugal Betclic,Liga Portugal 25/26,13.0,Home,Sporting CP,Benfica,Sporting CP,ALL,Goalkeeping,Goals prevented,-0.38,0.54,-0.38,0.54
14131973,2025-12-05,Liga Portugal Betclic,Liga Portugal 25/26,13.0,Home,Sporting CP,Benfica,Sporting CP,ALL,Goalkeeping,High claims,0,2,0,2
14131973,2025-12-05,Liga Portugal Betclic,Liga Portugal 25/26,13.0,Home,Sporting CP,Benfica,Sporting CP,ALL,Goalkeeping,Punches,2,0,2,0
14131973,2025-12-05,Liga Portugal Betclic,Liga Portugal 25/26,13.0,Home,Sporting CP,Benfica,Sporting CP,ALL,Goalkeeping,Total saves,1,3,1,3
14131973,2025-12-05,Liga Portugal Betclic,Liga Portugal 25/26,13.0,Home,Sporting CP,Benfica,Sporting CP,ALL,Match overview,Ball possession,41%,59%,41%,59%
14131973,2025-12-05,Liga Portugal Betclic,Liga Portugal 25/26,13.0,Home,Sporting CP,Benfica,Sporting CP,ALL,Match overview,Big chances,1,1,1,1
14131973,2025-12-05,Liga Portugal Betclic,Liga Portugal 25/26,13.0,Home,Sporting CP,Benfica,Sporting CP,ALL,Match overview,Corner kicks,3,2,3,2
14131973,2025-12-05,Liga Portugal Betclic,Liga Portugal 25/26,13.0,Home,Sporting CP,Benfica,Sporting CP,ALL,Match overview,Distance covered,87.1 km,71.6 km,87.1 km,71.6 km
14131973,2025-12-05,Liga Portugal Betclic,Liga Portugal 25/26,13.0,Home,Sporting CP,Benfica,Sporting CP,ALL,Match overview,Expected goals,0.92,0.58,0.92,0.58
14131973,2025-12-05,Liga Portugal Betclic,Liga Portugal 25/26,13.0,Home,Sporting CP,Benfica,Sporting CP,ALL,Match overview,Fouls,15,20,15,20
14131973,2025-12-05,Liga Portugal Betclic,Liga Portugal 25/26,13.0,Home,Sporting CP,Benfica,Sporting CP,ALL,Match overview,Free kicks,20,15,20,15
14131973,2025-12-05,Liga Portugal Betclic,Liga Portugal 25/26,13.0,Home,Sporting CP,Benfica,Sporting CP,ALL,Match overview,Goalkeeper saves,1,3,1,3
14131973,2025-12-05,Liga Portugal Betclic,Liga Portugal 25/26,13.0,Home,Sporting CP,Benfica,Sporting CP,ALL,Match overview,Number of sprints,88,63,88,63
14131973,2025-12-05,Liga Portugal Betclic,Liga Portugal 25/26,13.0,Home,Sporting CP,Benfica,Sporting CP,ALL,Match overview,Passes,355,521,355,521
14131973,2025-12-05,Liga Portugal Betclic,Liga Portugal 25/26,13.0,Home,Sporting CP,Benfica,Sporting CP,ALL,Match overview,Red cards,1,0,1,0
14131973,2025-12-05,Liga Portugal Betclic,Liga Portugal 25/26,13.0,Home,Sporting CP,Benfica,Sporting CP,ALL,Match overview,Tackles,25,19,25,19
14131973,2025-12-05,Liga Portugal Betclic,Liga Portugal 25/26,13.0,Home,Sporting CP,Benfica,Sporting CP,ALL,Match overview,Total shots,10,5,10,5
14131973,2025-12-05,Liga Portugal Betclic,Liga Portugal 25/26,13.0,Home,Sporting CP,Benfica,Sporting CP,ALL,Match overview,Yellow cards,2,5,2,5
14131973,2025-12-05,Liga Portugal Betclic,Liga Portugal 25/26,13.0,Home,Sporting CP,Benfica,Sporting CP,ALL,Passes,Accurate passes,295,454,295,454
14131973,2025-12-05,Liga Portugal Betclic,Liga Portugal 25/26,13.0,Home,Sporting CP,Benfica,Sporting CP,ALL,Passes,Crosses,3/13 (23%),2/9 (22%),3/13 (23%),2/9 (22%)
14131973,2025-12-05,Liga Portugal Betclic,Liga Portugal 25/26,13.0,Home,Sporting CP,Benfica,Sporting CP,ALL,Passes,Final third entries,34,37,34,37
14131973,2025-12-05,Liga Portugal Betclic,Liga Portugal 25/26,13.0,Home,Sporting CP,Benfica,Sporting CP,ALL,Passes,Final third phase,77/105 (73%),70/93 (75%),77/105 (73%),70/93 (75%)
14131973,2025-12-05,Liga Portugal Betclic,Liga Portugal 25/26,13.0,Home,Sporting CP,Benfica,Sporting CP,ALL,Passes,Long balls,12/31 (39%),18/32 (56%),12/31 (39%),18/32 (56%)
14131973,2025-12-05,Liga Portugal Betclic,Liga Portugal 25/26,13.0,Home,Sporting CP,Benfica,Sporting CP,ALL,Passes,Throw-ins,16,17,16,17
14131973,2025-12-05,Liga Portugal Betclic,Liga Portugal 25/26,13.0,Home,Sporting CP,Benfica,Sporting CP,ALL,Shots,Blocked shots,1,1,1,1
14131973,2025-12-05,Liga Portugal Betclic,Liga Portugal 25/26,13.0,Home,Sporting CP,Benfica,Sporting CP,ALL,Shots,Hit woodwork,0,0,0,0
14131973,2025-12-05,Liga Portugal Betclic,Liga Portugal 25/26,13.0,Home,Sporting CP,Benfica,Sporting CP,ALL,Shots,Shots inside box,5,3,5,3
14131973,2025-12-05,Liga Portugal Betclic,Liga Portugal 25/26,13.0,Home,Sporting CP,Benfica,Sporting CP,ALL,Shots,Shots off target,5,2,5,2
14131973,2025-12-05,Liga Portugal Betclic,Liga Portugal 25/26,13.0,Home,Sporting CP,Benfica,Sporting CP,ALL,Shots,Shots on target,4,2,4,2
14131973,2025-12-05,Liga Portugal Betclic,Liga Portugal 25/26,13.0,Home,Sporting CP,Benfica,Sporting CP,ALL,Shots,Shots outside box,5,2,5,2
14131973,2025-12-05,Liga Portugal Betclic,Liga Portugal 25/26,13.0,Home,Sporting CP,Benfica,Sporting CP,ALL,Shots,Total shots,10,5,10,5
14566737,2025-12-10,UEFA Champions League,UEFA Champions League 25/26,6.0,Home,SSC Napoli,Benfica,SSC Napoli,1ST,Attack,Big chances missed,2,0,2,0
14566737,2025-12-10,UEFA Champions League,UEFA Champions League 25/26,6.0,Home,SSC Napoli,Benfica,SSC Napoli,1ST,Attack,Big chances scored,1,0,1,0
14566737,2025-12-10,UEFA Champions League,UEFA Champions League 25/26,6.0,Home,SSC Napoli,Benfica,SSC Napoli,1ST,Attack,Fouled in final third,2,0,2,0
14566737,2025-12-10,UEFA Champions League,UEFA Champions League 25/26,6.0,Home,SSC Napoli,Benfica,SSC Napoli,1ST,Attack,Offsides,2,1,2,1
14566737,2025-12-10,UEFA Champions League,UEFA Champions League 25/26,6.0,Home,SSC Napoli,Benfica,SSC Napoli,1ST,Attack,Through balls,0,0,0,0
14566737,2025-12-10,UEFA Champions League,UEFA Champions League 25/26,6.0,Home,SSC Napoli,Benfica,SSC Napoli,1ST,Defending,Clearances,14,12,14,12
14566737,2025-12-10,UEFA Champions League,UEFA Champions League 25/26,6.0,Home,SSC Napoli,Benfica,SSC Napoli,1ST,Defending,Interceptions,5,2,5,2
14566737,2025-12-10,UEFA Champions League,UEFA Champions League 25/26,6.0,Home,SSC Napoli,Benfica,SSC Napoli,1ST,Defending,Recoveries,20,13,20,13
14566737,2025-12-10,UEFA Champions League,UEFA Champions League 25/26,6.0,Home,SSC Napoli,Benfica,SSC Napoli,1ST,Defending,Tackles won,67%,38%,67%,38%
14566737,2025-12-10,UEFA Champions League,UEFA Champions League 25/26,6.0,Home,SSC Napoli,Benfica,SSC Napoli,1ST,Defending,Total tackles,9,8,9,8
14566737,2025-12-10,UEFA Champions League,UEFA Champions League 25/26,6.0,Home,SSC Napoli,Benfica,SSC Napoli,1ST,Duels,Aerial duels,9/22 (41%),13/22 (59%),9/22 (41%),13/22 (59%)
14566737,2025-12-10,UEFA Champions League,UEFA Champions League 25/26,6.0,Home,SSC Napoli,Benfica,SSC Napoli,1ST,Duels,Dispossessed,3,2,3,2
14566737,2025-12-10,UEFA Champions League,UEFA Champions League 25/26,6.0,Home,SSC Napoli,Benfica,SSC Napoli,1ST,Duels,Dribbles,1/6 (17%),4/11 (36%),1/6 (17%),4/11 (36%)
14566737,2025-12-10,UEFA Champions League,UEFA Champions League 25/26,6.0,Home,SSC Napoli,Benfica,SSC Napoli,1ST,Duels,Duels,47%,53%,47%,53%
14566737,2025-12-10,UEFA Champions League,UEFA Champions League 25/26,6.0,Home,SSC Napoli,Benfica,SSC Napoli,1ST,Duels,Ground duels,18/35 (51%),17/35 (49%),18/35 (51%),17/35 (49%)
14566737,2025-12-10,UEFA Champions League,UEFA Champions League 25/26,6.0,Home,SSC Napoli,Benfica,SSC Napoli,1ST,Goalkeeping,Goal kicks,2,5,2,5
14566737,2025-12-10,UEFA Champions League,UEFA Champions League 25/26,6.0,Home,SSC Napoli,Benfica,SSC Napoli,1ST,Goalkeeping,Total saves,0,1,0,1
14566737,2025-12-10,UEFA Champions League,UEFA Champions League 25/26,6.0,Home,SSC Napoli,Benfica,SSC Napoli,1ST,Match overview,Ball possession,47%,53%,47%,53%
14566737,2025-12-10,UEFA Champions League,UEFA Champions League 25/26,6.0,Home,SSC Napoli,Benfica,SSC Napoli,1ST,Match overview,Big chances,3,0,3,0
14566737,2025-12-10,UEFA Champions League,UEFA Champions League 25/26,6.0,Home,SSC Napoli,Benfica,SSC Napoli,1ST,Match overview,Corner kicks,1,0,1,0
14566737,2025-12-10,UEFA Champions League,UEFA Champions League 25/26,6.0,Home,SSC Napoli,Benfica,SSC Napoli,1ST,Match overview,Expected goals,1.97,0.27,1.97,0.27
14566737,2025-12-10,UEFA Champions League,UEFA Champions League 25/26,6.0,Home,SSC Napoli,Benfica,SSC Napoli,1ST,Match overview,Fouls,6,8,6,8
14566737,2025-12-10,UEFA Champions League,UEFA Champions League 25/26,6.0,Home,SSC Napoli,Benfica,SSC Napoli,1ST,Match overview,Free kicks,8,6,8,6
14566737,2025-12-10,UEFA Champions League,UEFA Champions League 25/26,6.0,Home,SSC Napoli,Benfica,SSC Napoli,1ST,Match overview,Goalkeeper saves,0,1,0,1
14566737,2025-12-10,UEFA Champions League,UEFA Champions League 25/26,6.0,Home,SSC Napoli,Benfica,SSC Napoli,1ST,Match overview,Number of sprints,0,0,0,0
14566737,2025-12-10,UEFA Champions League,UEFA Champions League 25/26,6.0,Home,SSC Napoli,Benfica,SSC Napoli,1ST,Match overview,Passes,218,240,218,240
14566737,2025-12-10,UEFA Champions League,UEFA Champions League 25/26,6.0,Home,SSC Napoli,Benfica,SSC Napoli,1ST,Match overview,Tackles,9,8,9,8
14566737,2025-12-10,UEFA Champions League,UEFA Champions League 25/26,6.0,Home,SSC Napoli,Benfica,SSC Napoli,1ST,Match overview,Total shots,10,3,10,3
14566737,2025-12-10,UEFA Champions League,UEFA Champions League 25/26,6.0,Home,SSC Napoli,Benfica,SSC Napoli,1ST,Match overview,Yellow cards,0,0,0,0
14566737,2025-12-10,UEFA Champions League,UEFA Champions League 25/26,6.0,Home,SSC Napoli,Benfica,SSC Napoli,1ST,Passes,Accurate passes,178,201,178,201
14566737,2025-12-10,UEFA Champions League,UEFA Champions League 25/26,6.0,Home,SSC Napoli,Benfica,SSC Napoli,1ST,Passes,Crosses,1/3 (33%),2/6 (33%),1/3 (33%),2/6 (33%)
14566737,2025-12-10,UEFA Champions League,UEFA Champions League 25/26,6.0,Home,SSC Napoli,Benfica,SSC Napoli,1ST,Passes,Final third entries,17,21,17,21
14566737,2025-12-10,UEFA Champions League,UEFA Champions League 25/26,6.0,Home,SSC Napoli,Benfica,SSC Napoli,1ST,Passes,Long balls,13/27 (48%),10/24 (42%),13/27 (48%),10/24 (42%)
14566737,2025-12-10,UEFA Champions League,UEFA Champions League 25/26,6.0,Home,SSC Napoli,Benfica,SSC Napoli,1ST,Passes,Throw-ins,11,12,11,12
14566737,2025-12-10,UEFA Champions League,UEFA Champions League 25/26,6.0,Home,SSC Napoli,Benfica,SSC Napoli,1ST,Shots,Blocked shots,3,1,3,1
14566737,2025-12-10,UEFA Champions League,UEFA Champions League 25/26,6.0,Home,SSC Napoli,Benfica,SSC Napoli,1ST,Shots,Hit woodwork,0,0,0,0
14566737,2025-12-10,UEFA Champions League,UEFA Champions League 25/26,6.0,Home,SSC Napoli,Benfica,SSC Napoli,1ST,Shots,Shots inside box,8,3,8,3
14566737,2025-12-10,UEFA Champions League,UEFA Champions League 25/26,6.0,Home,SSC Napoli,Benfica,SSC Napoli,1ST,Shots,Shots off target,5,2,5,2
14566737,2025-12-10,UEFA Champions League,UEFA Champions League 25/26,6.0,Home,SSC Napoli,Benfica,SSC Napoli,1ST,Shots,Shots on target,2,0,2,0
14566737,2025-12-10,UEFA Champions League,UEFA Champions League 25/26,6.0,Home,SSC Napoli,Benfica,SSC Napoli,1ST,Shots,Shots outside box,2,0,2,0
14566737,2025-12-10,UEFA Champions League,UEFA Champions League 25/26,6.0,Home,SSC Napoli,Benfica,SSC Napoli,1ST,Shots,Total shots,10,3,10,3
14566737,2025-12-10,UEFA Champions League,UEFA Champions League 25/26,6.0,Home,SSC Napoli,Benfica,SSC Napoli,2ND,Attack,Big chances missed,0,1,0,1
14566737,2025-12-10,UEFA Champions League,UEFA Champions League 25/26,6.0,Home,SSC Napoli,Benfica,SSC Napoli,2ND,Attack,Big chances scored,0,0,0,0
14566737,2025-12-10,UEFA Champions League,UEFA Champions League 25/26,6.0,Home,SSC Napoli,Benfica,SSC Napoli,2ND,Attack,Fouled in final third,0,0,0,0
14566737,2025-12-10,UEFA Champions League,UEFA Champions League 25/26,6.0,Home,SSC Napoli,Benfica,SSC Napoli,2ND,Attack,Offsides,2,0,2,0
14566737,2025-12-10,UEFA Champions League,UEFA Champions League 25/26,6.0,Home,SSC Napoli,Benfica,SSC Napoli,2ND,Attack,Through balls,1,0,1,0
14566737,2025-12-10,UEFA Champions League,UEFA Champions League 25/26,6.0,Home,SSC Napoli,Benfica,SSC Napoli,2ND,Defending,Clearances,27,5,27,5
14566737,2025-12-10,UEFA Champions League,UEFA Champions League 25/26,6.0,Home,SSC Napoli,Benfica,SSC Napoli,2ND,Defending,Interceptions,6,3,6,3
14566737,2025-12-10,UEFA Champions League,UEFA Champions League 25/26,6.0,Home,SSC Napoli,Benfica,SSC Napoli,2ND,Defending,Recoveries,28,24,28,24
14566737,2025-12-10,UEFA Champions League,UEFA Champions League 25/26,6.0,Home,SSC Napoli,Benfica,SSC Napoli,2ND,Defending,Tackles won,75%,71%,75%,71%
14566737,2025-12-10,UEFA Champions League,UEFA Champions League 25/26,6.0,Home,SSC Napoli,Benfica,SSC Napoli,2ND,Defending,Total tackles,4,7,4,7
14566737,2025-12-10,UEFA Champions League,UEFA Champions League 25/26,6.0,Home,SSC Napoli,Benfica,SSC Napoli,2ND,Duels,Aerial duels,8/16 (50%),8/16 (50%),8/16 (50%),8/16 (50%)
14566737,2025-12-10,UEFA Champions League,UEFA Champions League 25/26,6.0,Home,SSC Napoli,Benfica,SSC Napoli,2ND,Duels,Dispossessed,5,1,5,1
14566737,2025-12-10,UEFA Champions League,UEFA Champions League 25/26,6.0,Home,SSC Napoli,Benfica,SSC Napoli,2ND,Duels,Dribbles,2/4 (50%),1/4 (25%),2/4 (50%),1/4 (25%)
14566737,2025-12-10,UEFA Champions League,UEFA Champions League 25/26,6.0,Home,SSC Napoli,Benfica,SSC Napoli,2ND,Duels,Duels,55%,45%,55%,45%
14566737,2025-12-10,UEFA Champions League,UEFA Champions League 25/26,6.0,Home,SSC Napoli,Benfica,SSC Napoli,2ND,Duels,Ground duels,16/28 (57%),12/28 (43%),16/28 (57%),12/28 (43%)
14566737,2025-12-10,UEFA Champions League,UEFA Champions League 25/26,6.0,Home,SSC Napoli,Benfica,SSC Napoli,2ND,Goalkeeping,Goal kicks,4,0,4,0
14566737,2025-12-10,UEFA Champions League,UEFA Champions League 25/26,6.0,Home,SSC Napoli,Benfica,SSC Napoli,2ND,Goalkeeping,Total saves,2,2,2,2
14566737,2025-12-10,UEFA Champions League,UEFA Champions League 25/26,6.0,Home,SSC Napoli,Benfica,SSC Napoli,2ND,Match overview,Ball possession,32%,68%,32%,68%
14566737,2025-12-10,UEFA Champions League,UEFA Champions League 25/26,6.0,Home,SSC Napoli,Benfica,SSC Napoli,2ND,Match overview,Big chances,0,1,0,1
14566737,2025-12-10,UEFA Champions League,UEFA Champions League 25/26,6.0,Home,SSC Napoli,Benfica,SSC Napoli,2ND,Match overview,Corner kicks,1,6,1,6
14566737,2025-12-10,UEFA Champions League,UEFA Champions League 25/26,6.0,Home,SSC Napoli,Benfica,SSC Napoli,2ND,Match overview,Expected goals,0.25,0.37,0.25,0.37
14566737,2025-12-10,UEFA Champions League,UEFA Champions League 25/26,6.0,Home,SSC Napoli,Benfica,SSC Napoli,2ND,Match overview,Fouls,5,13,5,13
14566737,2025-12-10,UEFA Champions League,UEFA Champions League 25/26,6.0,Home,SSC Napoli,Benfica,SSC Napoli,2ND,Match overview,Free kicks,13,5,13,5
14566737,2025-12-10,UEFA Champions League,UEFA Champions League 25/26,6.0,Home,SSC Napoli,Benfica,SSC Napoli,2ND,Match overview,Goalkeeper saves,2,2,2,2
14566737,2025-12-10,UEFA Champions League,UEFA Champions League 25/26,6.0,Home,SSC Napoli,Benfica,SSC Napoli,2ND,Match overview,Number of sprints,0,0,0,0
14566737,2025-12-10,UEFA Champions League,UEFA Champions League 25/26,6.0,Home,SSC Napoli,Benfica,SSC Napoli,2ND,Match overview,Passes,139,280,139,280
14566737,2025-12-10,UEFA Champions League,UEFA Champions League 25/26,6.0,Home,SSC Napoli,Benfica,SSC Napoli,2ND,Match overview,Tackles,4,7,4,7
14566737,2025-12-10,UEFA Champions League,UEFA Champions League 25/26,6.0,Home,SSC Napoli,Benfica,SSC Napoli,2ND,Match overview,Total shots,3,6,3,6
14566737,2025-12-10,UEFA Champions League,UEFA Champions League 25/26,6.0,Home,SSC Napoli,Benfica,SSC Napoli,2ND,Match overview,Yellow cards,1,2,1,2
14566737,2025-12-10,UEFA Champions League,UEFA Champions League 25/26,6.0,Home,SSC Napoli,Benfica,SSC Napoli,2ND,Passes,Accurate passes,96,236,96,236
14566737,2025-12-10,UEFA Champions League,UEFA Champions League 25/26,6.0,Home,SSC Napoli,Benfica,SSC Napoli,2ND,Passes,Crosses,0/1 (0%),7/20 (35%),0/1 (0%),7/20 (35%)
14566737,2025-12-10,UEFA Champions League,UEFA Champions League 25/26,6.0,Home,SSC Napoli,Benfica,SSC Napoli,2ND,Passes,Final third entries,24,37,24,37
14566737,2025-12-10,UEFA Champions League,UEFA Champions League 25/26,6.0,Home,SSC Napoli,Benfica,SSC Napoli,2ND,Passes,Long balls,7/34 (21%),10/20 (50%),7/34 (21%),10/20 (50%)
14566737,2025-12-10,UEFA Champions League,UEFA Champions League 25/26,6.0,Home,SSC Napoli,Benfica,SSC Napoli,2ND,Passes,Throw-ins,4,6,4,6
14566737,2025-12-10,UEFA Champions League,UEFA Champions League 25/26,6.0,Home,SSC Napoli,Benfica,SSC Napoli,2ND,Shots,Blocked shots,0,1,0,1
14566737,2025-12-10,UEFA Champions League,UEFA Champions League 25/26,6.0,Home,SSC Napoli,Benfica,SSC Napoli,2ND,Shots,Hit woodwork,0,0,0,0
14566737,2025-12-10,UEFA Champions League,UEFA Champions League 25/26,6.0,Home,SSC Napoli,Benfica,SSC Napoli,2ND,Shots,Shots inside box,2,5,2,5
14566737,2025-12-10,UEFA Champions League,UEFA Champions League 25/26,6.0,Home,SSC Napoli,Benfica,SSC Napoli,2ND,Shots,Shots off target,0,3,0,3
14566737,2025-12-10,UEFA Champions League,UEFA Champions League 25/26,6.0,Home,SSC Napoli,Benfica,SSC Napoli,2ND,Shots,Shots on target,3,2,3,2
14566737,2025-12-10,UEFA Champions League,UEFA Champions League 25/26,6.0,Home,SSC Napoli,Benfica,SSC Napoli,2ND,Shots,Shots outside box,1,1,1,1
14566737,2025-12-10,UEFA Champions League,UEFA Champions League 25/26,6.0,Home,SSC Napoli,Benfica,SSC Napoli,2ND,Shots,Total shots,3,6,3,6
14566737,2025-12-10,UEFA Champions League,UEFA Champions League 25/26,6.0,Home,SSC Napoli,Benfica,SSC Napoli,ALL,Attack,Big chances missed,2,1,2,1
14566737,2025-12-10,UEFA Champions League,UEFA Champions League 25/26,6.0,Home,SSC Napoli,Benfica,SSC Napoli,ALL,Attack,Big chances scored,1,0,1,0
14566737,2025-12-10,UEFA Champions League,UEFA Champions League 25/26,6.0,Home,SSC Napoli,Benfica,SSC Napoli,ALL,Attack,Fouled in final third,2,0,2,0
14566737,2025-12-10,UEFA Champions League,UEFA Champions League 25/26,6.0,Home,SSC Napoli,Benfica,SSC Napoli,ALL,Attack,Offsides,4,1,4,1
14566737,2025-12-10,UEFA Champions League,UEFA Champions League 25/26,6.0,Home,SSC Napoli,Benfica,SSC Napoli,ALL,Attack,Through balls,1,0,1,0
14566737,2025-12-10,UEFA Champions League,UEFA Champions League 25/26,6.0,Home,SSC Napoli,Benfica,SSC Napoli,ALL,Attack,Touches in penalty area,15,23,15,23
14566737,2025-12-10,UEFA Champions League,UEFA Champions League 25/26,6.0,Home,SSC Napoli,Benfica,SSC Napoli,ALL,Defending,Clearances,41,17,41,17
14566737,2025-12-10,UEFA Champions League,UEFA Champions League 25/26,6.0,Home,SSC Napoli,Benfica,SSC Napoli,ALL,Defending,Errors lead to a shot,0,1,0,1
14566737,2025-12-10,UEFA Champions League,UEFA Champions League 25/26,6.0,Home,SSC Napoli,Benfica,SSC Napoli,ALL,Defending,Interceptions,11,5,11,5
14566737,2025-12-10,UEFA Champions League,UEFA Champions League 25/26,6.0,Home,SSC Napoli,Benfica,SSC Napoli,ALL,Defending,Recoveries,48,37,48,37
14566737,2025-12-10,UEFA Champions League,UEFA Champions League 25/26,6.0,Home,SSC Napoli,Benfica,SSC Napoli,ALL,Defending,Tackles won,69%,53%,69%,53%
14566737,2025-12-10,UEFA Champions League,UEFA Champions League 25/26,6.0,Home,SSC Napoli,Benfica,SSC Napoli,ALL,Defending,Total tackles,13,15,13,15
14566737,2025-12-10,UEFA Champions League,UEFA Champions League 25/26,6.0,Home,SSC Napoli,Benfica,SSC Napoli,ALL,Duels,Aerial duels,17/38 (45%),21/38 (55%),17/38 (45%),21/38 (55%)
14566737,2025-12-10,UEFA Champions League,UEFA Champions League 25/26,6.0,Home,SSC Napoli,Benfica,SSC Napoli,ALL,Duels,Dispossessed,8,3,8,3
14566737,2025-12-10,UEFA Champions League,UEFA Champions League 25/26,6.0,Home,SSC Napoli,Benfica,SSC Napoli,ALL,Duels,Dribbles,3/10 (30%),5/15 (33%),3/10 (30%),5/15 (33%)
14566737,2025-12-10,UEFA Champions League,UEFA Champions League 25/26,6.0,Home,SSC Napoli,Benfica,SSC Napoli,ALL,Duels,Duels,50%,50%,50%,50%
14566737,2025-12-10,UEFA Champions League,UEFA Champions League 25/26,6.0,Home,SSC Napoli,Benfica,SSC Napoli,ALL,Duels,Ground duels,34/63 (54%),29/63 (46%),34/63 (54%),29/63 (46%)
14566737,2025-12-10,UEFA Champions League,UEFA Champions League 25/26,6.0,Home,SSC Napoli,Benfica,SSC Napoli,ALL,Goalkeeping,Big saves,0,2,0,2
14566737,2025-12-10,UEFA Champions League,UEFA Champions League 25/26,6.0,Home,SSC Napoli,Benfica,SSC Napoli,ALL,Goalkeeping,Goal kicks,6,5,6,5
14566737,2025-12-10,UEFA Champions League,UEFA Champions League 25/26,6.0,Home,SSC Napoli,Benfica,SSC Napoli,ALL,Goalkeeping,Goals prevented,0.18,0.24,0.18,0.24
14566737,2025-12-10,UEFA Champions League,UEFA Champions League 25/26,6.0,Home,SSC Napoli,Benfica,SSC Napoli,ALL,Goalkeeping,High claims,1,0,1,0
14566737,2025-12-10,UEFA Champions League,UEFA Champions League 25/26,6.0,Home,SSC Napoli,Benfica,SSC Napoli,ALL,Goalkeeping,Punches,1,0,1,0
14566737,2025-12-10,UEFA Champions League,UEFA Champions League 25/26,6.0,Home,SSC Napoli,Benfica,SSC Napoli,ALL,Goalkeeping,Total saves,2,3,2,3
14566737,2025-12-10,UEFA Champions League,UEFA Champions League 25/26,6.0,Home,SSC Napoli,Benfica,SSC Napoli,ALL,Match overview,Ball possession,40%,60%,40%,60%
14566737,2025-12-10,UEFA Champions League,UEFA Champions League 25/26,6.0,Home,SSC Napoli,Benfica,SSC Napoli,ALL,Match overview,Big chances,3,1,3,1
14566737,2025-12-10,UEFA Champions League,UEFA Champions League 25/26,6.0,Home,SSC Napoli,Benfica,SSC Napoli,ALL,Match overview,Corner kicks,2,6,2,6
14566737,2025-12-10,UEFA Champions League,UEFA Champions League 25/26,6.0,Home,SSC Napoli,Benfica,SSC Napoli,ALL,Match overview,Distance covered,115.3 km,116.4 km,115.3 km,116.4 km
14566737,2025-12-10,UEFA Champions League,UEFA Champions League 25/26,6.0,Home,SSC Napoli,Benfica,SSC Napoli,ALL,Match overview,Expected goals,2.22,0.64,2.22,0.64
14566737,2025-12-10,UEFA Champions League,UEFA Champions League 25/26,6.0,Home,SSC Napoli,Benfica,SSC Napoli,ALL,Match overview,Fouls,11,21,11,21
14566737,2025-12-10,UEFA Champions League,UEFA Champions League 25/26,6.0,Home,SSC Napoli,Benfica,SSC Napoli,ALL,Match overview,Free kicks,21,11,21,11
14566737,2025-12-10,UEFA Champions League,UEFA Champions League 25/26,6.0,Home,SSC Napoli,Benfica,SSC Napoli,ALL,Match overview,Goalkeeper saves,2,3,2,3
14566737,2025-12-10,UEFA Champions League,UEFA Champions League 25/26,6.0,Home,SSC Napoli,Benfica,SSC Napoli,ALL,Match overview,Number of sprints,88,100,88,100
14566737,2025-12-10,UEFA Champions League,UEFA Champions League 25/26,6.0,Home,SSC Napoli,Benfica,SSC Napoli,ALL,Match overview,Passes,357,520,357,520
14566737,2025-12-10,UEFA Champions League,UEFA Champions League 25/26,6.0,Home,SSC Napoli,Benfica,SSC Napoli,ALL,Match overview,Tackles,13,15,13,15
14566737,2025-12-10,UEFA Champions League,UEFA Champions League 25/26,6.0,Home,SSC Napoli,Benfica,SSC Napoli,ALL,Match overview,Total shots,13,9,13,9
14566737,2025-12-10,UEFA Champions League,UEFA Champions League 25/26,6.0,Home,SSC Napoli,Benfica,SSC Napoli,ALL,Match overview,Yellow cards,1,2,1,2
14566737,2025-12-10,UEFA Champions League,UEFA Champions League 25/26,6.0,Home,SSC Napoli,Benfica,SSC Napoli,ALL,Passes,Accurate passes,274,437,274,437
14566737,2025-12-10,UEFA Champions League,UEFA Champions League 25/26,6.0,Home,SSC Napoli,Benfica,SSC Napoli,ALL,Passes,Crosses,1/4 (25%),9/26 (35%),1/4 (25%),9/26 (35%)
14566737,2025-12-10,UEFA Champions League,UEFA Champions League 25/26,6.0,Home,SSC Napoli,Benfica,SSC Napoli,ALL,Passes,Final third entries,41,58,41,58
14566737,2025-12-10,UEFA Champions League,UEFA Champions League 25/26,6.0,Home,SSC Napoli,Benfica,SSC Napoli,ALL,Passes,Final third phase,28/65 (43%),98/138 (71%),28/65 (43%),98/138 (71%)
14566737,2025-12-10,UEFA Champions League,UEFA Champions League 25/26,6.0,Home,SSC Napoli,Benfica,SSC Napoli,ALL,Passes,Long balls,20/61 (33%),20/44 (45%),20/61 (33%),20/44 (45%)
14566737,2025-12-10,UEFA Champions League,UEFA Champions League 25/26,6.0,Home,SSC Napoli,Benfica,SSC Napoli,ALL,Passes,Throw-ins,15,18,15,18
14566737,2025-12-10,UEFA Champions League,UEFA Champions League 25/26,6.0,Home,SSC Napoli,Benfica,SSC Napoli,ALL,Shots,Blocked shots,3,2,3,2
14566737,2025-12-10,UEFA Champions League,UEFA Champions League 25/26,6.0,Home,SSC Napoli,Benfica,SSC Napoli,ALL,Shots,Hit woodwork,0,0,0,0
14566737,2025-12-10,UEFA Champions League,UEFA Champions League 25/26,6.0,Home,SSC Napoli,Benfica,SSC Napoli,ALL,Shots,Shots inside box,10,8,10,8
14566737,2025-12-10,UEFA Champions League,UEFA Champions League 25/26,6.0,Home,SSC Napoli,Benfica,SSC Napoli,ALL,Shots,Shots off target,5,5,5,5
14566737,2025-12-10,UEFA Champions League,UEFA Champions League 25/26,6.0,Home,SSC Napoli,Benfica,SSC Napoli,ALL,Shots,Shots on target,5,2,5,2
14566737,2025-12-10,UEFA Champions League,UEFA Champions League 25/26,6.0,Home,SSC Napoli,Benfica,SSC Napoli,ALL,Shots,Shots outside box,3,1,3,1
14566737,2025-12-10,UEFA Champions League,UEFA Champions League 25/26,6.0,Home,SSC Napoli,Benfica,SSC Napoli,ALL,Shots,Total shots,13,9,13,9
14131986,2025-12-14,Liga Portugal Betclic,Liga Portugal 25/26,14.0,Away,Moreirense,Moreirense,Benfica,1ST,Attack,Big chances missed,1,0,0,1
14131986,2025-12-14,Liga Portugal Betclic,Liga Portugal 25/26,14.0,Away,Moreirense,Moreirense,Benfica,1ST,Attack,Big chances scored,0,0,0,0
14131986,2025-12-14,Liga Portugal Betclic,Liga Portugal 25/26,14.0,Away,Moreirense,Moreirense,Benfica,1ST,Attack,Fouled in final third,0,0,0,0
14131986,2025-12-14,Liga Portugal Betclic,Liga Portugal 25/26,14.0,Away,Moreirense,Moreirense,Benfica,1ST,Attack,Offsides,1,0,0,1
14131986,2025-12-14,Liga Portugal Betclic,Liga Portugal 25/26,14.0,Away,Moreirense,Moreirense,Benfica,1ST,Defending,Clearances,10,16,16,10
14131986,2025-12-14,Liga Portugal Betclic,Liga Portugal 25/26,14.0,Away,Moreirense,Moreirense,Benfica,1ST,Defending,Interceptions,1,2,2,1
14131986,2025-12-14,Liga Portugal Betclic,Liga Portugal 25/26,14.0,Away,Moreirense,Moreirense,Benfica,1ST,Defending,Recoveries,19,18,18,19
14131986,2025-12-14,Liga Portugal Betclic,Liga Portugal 25/26,14.0,Away,Moreirense,Moreirense,Benfica,1ST,Defending,Tackles won,75%,75%,75%,75%
14131986,2025-12-14,Liga Portugal Betclic,Liga Portugal 25/26,14.0,Away,Moreirense,Moreirense,Benfica,1ST,Defending,Total tackles,4,4,4,4
14131986,2025-12-14,Liga Portugal Betclic,Liga Portugal 25/26,14.0,Away,Moreirense,Moreirense,Benfica,1ST,Duels,Aerial duels,5/10 (50%),5/10 (50%),5/10 (50%),5/10 (50%)
14131986,2025-12-14,Liga Portugal Betclic,Liga Portugal 25/26,14.0,Away,Moreirense,Moreirense,Benfica,1ST,Duels,Dispossessed,3,1,1,3
14131986,2025-12-14,Liga Portugal Betclic,Liga Portugal 25/26,14.0,Away,Moreirense,Moreirense,Benfica,1ST,Duels,Dribbles,5/6 (83%),2/5 (40%),2/5 (40%),5/6 (83%)
14131986,2025-12-14,Liga Portugal Betclic,Liga Portugal 25/26,14.0,Away,Moreirense,Moreirense,Benfica,1ST,Duels,Duels,59%,41%,41%,59%
14131986,2025-12-14,Liga Portugal Betclic,Liga Portugal 25/26,14.0,Away,Moreirense,Moreirense,Benfica,1ST,Duels,Ground duels,21/34 (62%),13/34 (38%),13/34 (38%),21/34 (62%)
14131986,2025-12-14,Liga Portugal Betclic,Liga Portugal 25/26,14.0,Away,Moreirense,Moreirense,Benfica,1ST,Goalkeeping,Goal kicks,2,2,2,2
14131986,2025-12-14,Liga Portugal Betclic,Liga Portugal 25/26,14.0,Away,Moreirense,Moreirense,Benfica,1ST,Goalkeeping,Total saves,1,1,1,1
14131986,2025-12-14,Liga Portugal Betclic,Liga Portugal 25/26,14.0,Away,Moreirense,Moreirense,Benfica,1ST,Match overview,Ball possession,50%,50%,50%,50%
14131986,2025-12-14,Liga Portugal Betclic,Liga Portugal 25/26,14.0,Away,Moreirense,Moreirense,Benfica,1ST,Match overview,Big chances,1,0,0,1
14131986,2025-12-14,Liga Portugal Betclic,Liga Portugal 25/26,14.0,Away,Moreirense,Moreirense,Benfica,1ST,Match overview,Corner kicks,2,2,2,2
14131986,2025-12-14,Liga Portugal Betclic,Liga Portugal 25/26,14.0,Away,Moreirense,Moreirense,Benfica,1ST,Match overview,Expected goals,0.27,0.40,0.40,0.27
14131986,2025-12-14,Liga Portugal Betclic,Liga Portugal 25/26,14.0,Away,Moreirense,Moreirense,Benfica,1ST,Match overview,Fouls,7,12,12,7
14131986,2025-12-14,Liga Portugal Betclic,Liga Portugal 25/26,14.0,Away,Moreirense,Moreirense,Benfica,1ST,Match overview,Free kicks,12,7,7,12
14131986,2025-12-14,Liga Portugal Betclic,Liga Portugal 25/26,14.0,Away,Moreirense,Moreirense,Benfica,1ST,Match overview,Goalkeeper saves,1,1,1,1
14131986,2025-12-14,Liga Portugal Betclic,Liga Portugal 25/26,14.0,Away,Moreirense,Moreirense,Benfica,1ST,Match overview,Passes,229,221,221,229
14131986,2025-12-14,Liga Portugal Betclic,Liga Portugal 25/26,14.0,Away,Moreirense,Moreirense,Benfica,1ST,Match overview,Tackles,4,4,4,4
14131986,2025-12-14,Liga Portugal Betclic,Liga Portugal 25/26,14.0,Away,Moreirense,Moreirense,Benfica,1ST,Match overview,Total shots,4,6,6,4
14131986,2025-12-14,Liga Portugal Betclic,Liga Portugal 25/26,14.0,Away,Moreirense,Moreirense,Benfica,1ST,Match overview,Yellow cards,0,2,2,0
14131986,2025-12-14,Liga Portugal Betclic,Liga Portugal 25/26,14.0,Away,Moreirense,Moreirense,Benfica,1ST,Passes,Accurate passes,196,192,192,196
14131986,2025-12-14,Liga Portugal Betclic,Liga Portugal 25/26,14.0,Away,Moreirense,Moreirense,Benfica,1ST,Passes,Crosses,2/6 (33%),1/7 (14%),1/7 (14%),2/6 (33%)
14131986,2025-12-14,Liga Portugal Betclic,Liga Portugal 25/26,14.0,Away,Moreirense,Moreirense,Benfica,1ST,Passes,Final third entries,25,14,14,25
14131986,2025-12-14,Liga Portugal Betclic,Liga Portugal 25/26,14.0,Away,Moreirense,Moreirense,Benfica,1ST,Passes,Long balls,12/21 (57%),12/26 (46%),12/26 (46%),12/21 (57%)
14131986,2025-12-14,Liga Portugal Betclic,Liga Portugal 25/26,14.0,Away,Moreirense,Moreirense,Benfica,1ST,Passes,Throw-ins,6,5,5,6
14131986,2025-12-14,Liga Portugal Betclic,Liga Portugal 25/26,14.0,Away,Moreirense,Moreirense,Benfica,1ST,Shots,Blocked shots,2,3,3,2
14131986,2025-12-14,Liga Portugal Betclic,Liga Portugal 25/26,14.0,Away,Moreirense,Moreirense,Benfica,1ST,Shots,Hit woodwork,0,0,0,0
14131986,2025-12-14,Liga Portugal Betclic,Liga Portugal 25/26,14.0,Away,Moreirense,Moreirense,Benfica,1ST,Shots,Shots inside box,4,4,4,4
14131986,2025-12-14,Liga Portugal Betclic,Liga Portugal 25/26,14.0,Away,Moreirense,Moreirense,Benfica,1ST,Shots,Shots off target,0,2,2,0
14131986,2025-12-14,Liga Portugal Betclic,Liga Portugal 25/26,14.0,Away,Moreirense,Moreirense,Benfica,1ST,Shots,Shots on target,2,1,1,2
14131986,2025-12-14,Liga Portugal Betclic,Liga Portugal 25/26,14.0,Away,Moreirense,Moreirense,Benfica,1ST,Shots,Shots outside box,0,2,2,0
14131986,2025-12-14,Liga Portugal Betclic,Liga Portugal 25/26,14.0,Away,Moreirense,Moreirense,Benfica,1ST,Shots,Total shots,4,6,6,4
14131986,2025-12-14,Liga Portugal Betclic,Liga Portugal 25/26,14.0,Away,Moreirense,Moreirense,Benfica,2ND,Attack,Big chances missed,0,0,0,0
14131986,2025-12-14,Liga Portugal Betclic,Liga Portugal 25/26,14.0,Away,Moreirense,Moreirense,Benfica,2ND,Attack,Big chances scored,2,0,0,2
14131986,2025-12-14,Liga Portugal Betclic,Liga Portugal 25/26,14.0,Away,Moreirense,Moreirense,Benfica,2ND,Attack,Fouled in final third,0,1,1,0
14131986,2025-12-14,Liga Portugal Betclic,Liga Portugal 25/26,14.0,Away,Moreirense,Moreirense,Benfica,2ND,Attack,Offsides,0,0,0,0
14131986,2025-12-14,Liga Portugal Betclic,Liga Portugal 25/26,14.0,Away,Moreirense,Moreirense,Benfica,2ND,Defending,Clearances,5,6,6,5
14131986,2025-12-14,Liga Portugal Betclic,Liga Portugal 25/26,14.0,Away,Moreirense,Moreirense,Benfica,2ND,Defending,Interceptions,9,0,0,9
14131986,2025-12-14,Liga Portugal Betclic,Liga Portugal 25/26,14.0,Away,Moreirense,Moreirense,Benfica,2ND,Defending,Recoveries,26,18,18,26
14131986,2025-12-14,Liga Portugal Betclic,Liga Portugal 25/26,14.0,Away,Moreirense,Moreirense,Benfica,2ND,Defending,Tackles won,58%,55%,55%,58%
14131986,2025-12-14,Liga Portugal Betclic,Liga Portugal 25/26,14.0,Away,Moreirense,Moreirense,Benfica,2ND,Defending,Total tackles,12,11,11,12
14131986,2025-12-14,Liga Portugal Betclic,Liga Portugal 25/26,14.0,Away,Moreirense,Moreirense,Benfica,2ND,Duels,Aerial duels,5/9 (56%),4/9 (44%),4/9 (44%),5/9 (56%)
14131986,2025-12-14,Liga Portugal Betclic,Liga Portugal 25/26,14.0,Away,Moreirense,Moreirense,Benfica,2ND,Duels,Dispossessed,7,5,5,7
14131986,2025-12-14,Liga Portugal Betclic,Liga Portugal 25/26,14.0,Away,Moreirense,Moreirense,Benfica,2ND,Duels,Dribbles,10/14 (71%),1/8 (13%),1/8 (13%),10/14 (71%)
14131986,2025-12-14,Liga Portugal Betclic,Liga Portugal 25/26,14.0,Away,Moreirense,Moreirense,Benfica,2ND,Duels,Duels,57%,43%,43%,57%
14131986,2025-12-14,Liga Portugal Betclic,Liga Portugal 25/26,14.0,Away,Moreirense,Moreirense,Benfica,2ND,Duels,Ground duels,27/47 (57%),20/47 (43%),20/47 (43%),27/47 (57%)
14131986,2025-12-14,Liga Portugal Betclic,Liga Portugal 25/26,14.0,Away,Moreirense,Moreirense,Benfica,2ND,Goalkeeping,Goal kicks,1,4,4,1
14131986,2025-12-14,Liga Portugal Betclic,Liga Portugal 25/26,14.0,Away,Moreirense,Moreirense,Benfica,2ND,Goalkeeping,Total saves,1,0,0,1
14131986,2025-12-14,Liga Portugal Betclic,Liga Portugal 25/26,14.0,Away,Moreirense,Moreirense,Benfica,2ND,Match overview,Ball possession,44%,56%,56%,44%
14131986,2025-12-14,Liga Portugal Betclic,Liga Portugal 25/26,14.0,Away,Moreirense,Moreirense,Benfica,2ND,Match overview,Big chances,2,0,0,2
14131986,2025-12-14,Liga Portugal Betclic,Liga Portugal 25/26,14.0,Away,Moreirense,Moreirense,Benfica,2ND,Match overview,Corner kicks,2,2,2,2
14131986,2025-12-14,Liga Portugal Betclic,Liga Portugal 25/26,14.0,Away,Moreirense,Moreirense,Benfica,2ND,Match overview,Expected goals,0.72,0.10,0.10,0.72
14131986,2025-12-14,Liga Portugal Betclic,Liga Portugal 25/26,14.0,Away,Moreirense,Moreirense,Benfica,2ND,Match overview,Fouls,8,7,7,8
14131986,2025-12-14,Liga Portugal Betclic,Liga Portugal 25/26,14.0,Away,Moreirense,Moreirense,Benfica,2ND,Match overview,Free kicks,7,8,8,7
14131986,2025-12-14,Liga Portugal Betclic,Liga Portugal 25/26,14.0,Away,Moreirense,Moreirense,Benfica,2ND,Match overview,Goalkeeper saves,1,0,0,1
14131986,2025-12-14,Liga Portugal Betclic,Liga Portugal 25/26,14.0,Away,Moreirense,Moreirense,Benfica,2ND,Match overview,Passes,246,309,309,246
14131986,2025-12-14,Liga Portugal Betclic,Liga Portugal 25/26,14.0,Away,Moreirense,Moreirense,Benfica,2ND,Match overview,Tackles,12,11,11,12
14131986,2025-12-14,Liga Portugal Betclic,Liga Portugal 25/26,14.0,Away,Moreirense,Moreirense,Benfica,2ND,Match overview,Total shots,6,4,4,6
14131986,2025-12-14,Liga Portugal Betclic,Liga Portugal 25/26,14.0,Away,Moreirense,Moreirense,Benfica,2ND,Match overview,Yellow cards,0,0,0,0
14131986,2025-12-14,Liga Portugal Betclic,Liga Portugal 25/26,14.0,Away,Moreirense,Moreirense,Benfica,2ND,Passes,Accurate passes,214,267,267,214
14131986,2025-12-14,Liga Portugal Betclic,Liga Portugal 25/26,14.0,Away,Moreirense,Moreirense,Benfica,2ND,Passes,Crosses,0/2 (0%),1/7 (14%),1/7 (14%),0/2 (0%)
14131986,2025-12-14,Liga Portugal Betclic,Liga Portugal 25/26,14.0,Away,Moreirense,Moreirense,Benfica,2ND,Passes,Final third entries,17,24,24,17
14131986,2025-12-14,Liga Portugal Betclic,Liga Portugal 25/26,14.0,Away,Moreirense,Moreirense,Benfica,2ND,Passes,Long balls,7/23 (30%),11/20 (55%),11/20 (55%),7/23 (30%)
14131986,2025-12-14,Liga Portugal Betclic,Liga Portugal 25/26,14.0,Away,Moreirense,Moreirense,Benfica,2ND,Passes,Throw-ins,7,7,7,7
14131986,2025-12-14,Liga Portugal Betclic,Liga Portugal 25/26,14.0,Away,Moreirense,Moreirense,Benfica,2ND,Shots,Blocked shots,1,3,3,1
14131986,2025-12-14,Liga Portugal Betclic,Liga Portugal 25/26,14.0,Away,Moreirense,Moreirense,Benfica,2ND,Shots,Hit woodwork,0,0,0,0
14131986,2025-12-14,Liga Portugal Betclic,Liga Portugal 25/26,14.0,Away,Moreirense,Moreirense,Benfica,2ND,Shots,Shots inside box,4,1,1,4
14131986,2025-12-14,Liga Portugal Betclic,Liga Portugal 25/26,14.0,Away,Moreirense,Moreirense,Benfica,2ND,Shots,Shots off target,2,0,0,2
14131986,2025-12-14,Liga Portugal Betclic,Liga Portugal 25/26,14.0,Away,Moreirense,Moreirense,Benfica,2ND,Shots,Shots on target,3,1,1,3
14131986,2025-12-14,Liga Portugal Betclic,Liga Portugal 25/26,14.0,Away,Moreirense,Moreirense,Benfica,2ND,Shots,Shots outside box,2,3,3,2
14131986,2025-12-14,Liga Portugal Betclic,Liga Portugal 25/26,14.0,Away,Moreirense,Moreirense,Benfica,2ND,Shots,Total shots,6,4,4,6
14131986,2025-12-14,Liga Portugal Betclic,Liga Portugal 25/26,14.0,Away,Moreirense,Moreirense,Benfica,ALL,Attack,Big chances missed,1,0,0,1
14131986,2025-12-14,Liga Portugal Betclic,Liga Portugal 25/26,14.0,Away,Moreirense,Moreirense,Benfica,ALL,Attack,Big chances scored,2,0,0,2
14131986,2025-12-14,Liga Portugal Betclic,Liga Portugal 25/26,14.0,Away,Moreirense,Moreirense,Benfica,ALL,Attack,Fouled in final third,0,1,1,0
14131986,2025-12-14,Liga Portugal Betclic,Liga Portugal 25/26,14.0,Away,Moreirense,Moreirense,Benfica,ALL,Attack,Offsides,1,0,0,1
14131986,2025-12-14,Liga Portugal Betclic,Liga Portugal 25/26,14.0,Away,Moreirense,Moreirense,Benfica,ALL,Attack,Touches in penalty area,24,9,9,24
14131986,2025-12-14,Liga Portugal Betclic,Liga Portugal 25/26,14.0,Away,Moreirense,Moreirense,Benfica,ALL,Defending,Clearances,15,22,22,15
14131986,2025-12-14,Liga Portugal Betclic,Liga Portugal 25/26,14.0,Away,Moreirense,Moreirense,Benfica,ALL,Defending,Errors lead to a goal,0,2,2,0
14131986,2025-12-14,Liga Portugal Betclic,Liga Portugal 25/26,14.0,Away,Moreirense,Moreirense,Benfica,ALL,Defending,Errors lead to a shot,1,1,1,1
14131986,2025-12-14,Liga Portugal Betclic,Liga Portugal 25/26,14.0,Away,Moreirense,Moreirense,Benfica,ALL,Defending,Interceptions,10,2,2,10
14131986,2025-12-14,Liga Portugal Betclic,Liga Portugal 25/26,14.0,Away,Moreirense,Moreirense,Benfica,ALL,Defending,Recoveries,45,36,36,45
14131986,2025-12-14,Liga Portugal Betclic,Liga Portugal 25/26,14.0,Away,Moreirense,Moreirense,Benfica,ALL,Defending,Tackles won,63%,60%,60%,63%
14131986,2025-12-14,Liga Portugal Betclic,Liga Portugal 25/26,14.0,Away,Moreirense,Moreirense,Benfica,ALL,Defending,Total tackles,16,15,15,16
14131986,2025-12-14,Liga Portugal Betclic,Liga Portugal 25/26,14.0,Away,Moreirense,Moreirense,Benfica,ALL,Duels,Aerial duels,10/19 (53%),9/19 (47%),9/19 (47%),10/19 (53%)
14131986,2025-12-14,Liga Portugal Betclic,Liga Portugal 25/26,14.0,Away,Moreirense,Moreirense,Benfica,ALL,Duels,Dispossessed,10,6,6,10
14131986,2025-12-14,Liga Portugal Betclic,Liga Portugal 25/26,14.0,Away,Moreirense,Moreirense,Benfica,ALL,Duels,Dribbles,15/20 (75%),3/13 (23%),3/13 (23%),15/20 (75%)
14131986,2025-12-14,Liga Portugal Betclic,Liga Portugal 25/26,14.0,Away,Moreirense,Moreirense,Benfica,ALL,Duels,Duels,58%,42%,42%,58%
14131986,2025-12-14,Liga Portugal Betclic,Liga Portugal 25/26,14.0,Away,Moreirense,Moreirense,Benfica,ALL,Duels,Ground duels,48/81 (59%),33/81 (41%),33/81 (41%),48/81 (59%)
14131986,2025-12-14,Liga Portugal Betclic,Liga Portugal 25/26,14.0,Away,Moreirense,Moreirense,Benfica,ALL,Goalkeeping,Goal kicks,3,6,6,3
14131986,2025-12-14,Liga Portugal Betclic,Liga Portugal 25/26,14.0,Away,Moreirense,Moreirense,Benfica,ALL,Goalkeeping,Goals prevented,0.16,-1.91,-1.91,0.16
14131986,2025-12-14,Liga Portugal Betclic,Liga Portugal 25/26,14.0,Away,Moreirense,Moreirense,Benfica,ALL,Goalkeeping,Punches,0,1,1,0
14131986,2025-12-14,Liga Portugal Betclic,Liga Portugal 25/26,14.0,Away,Moreirense,Moreirense,Benfica,ALL,Goalkeeping,Total saves,2,1,1,2
14131986,2025-12-14,Liga Portugal Betclic,Liga Portugal 25/26,14.0,Away,Moreirense,Moreirense,Benfica,ALL,Match overview,Ball possession,47%,53%,53%,47%
14131986,2025-12-14,Liga Portugal Betclic,Liga Portugal 25/26,14.0,Away,Moreirense,Moreirense,Benfica,ALL,Match overview,Big chances,3,0,0,3
14131986,2025-12-14,Liga Portugal Betclic,Liga Portugal 25/26,14.0,Away,Moreirense,Moreirense,Benfica,ALL,Match overview,Corner kicks,4,4,4,4
14131986,2025-12-14,Liga Portugal Betclic,Liga Portugal 25/26,14.0,Away,Moreirense,Moreirense,Benfica,ALL,Match overview,Expected goals,1.00,0.51,0.51,1.00
14131986,2025-12-14,Liga Portugal Betclic,Liga Portugal 25/26,14.0,Away,Moreirense,Moreirense,Benfica,ALL,Match overview,Fouls,15,19,19,15
14131986,2025-12-14,Liga Portugal Betclic,Liga Portugal 25/26,14.0,Away,Moreirense,Moreirense,Benfica,ALL,Match overview,Free kicks,19,15,15,19
14131986,2025-12-14,Liga Portugal Betclic,Liga Portugal 25/26,14.0,Away,Moreirense,Moreirense,Benfica,ALL,Match overview,Goalkeeper saves,2,1,1,2
14131986,2025-12-14,Liga Portugal Betclic,Liga Portugal 25/26,14.0,Away,Moreirense,Moreirense,Benfica,ALL,Match overview,Passes,475,530,530,475
14131986,2025-12-14,Liga Portugal Betclic,Liga Portugal 25/26,14.0,Away,Moreirense,Moreirense,Benfica,ALL,Match overview,Tackles,16,15,15,16
14131986,2025-12-14,Liga Portugal Betclic,Liga Portugal 25/26,14.0,Away,Moreirense,Moreirense,Benfica,ALL,Match overview,Total shots,10,10,10,10
14131986,2025-12-14,Liga Portugal Betclic,Liga Portugal 25/26,14.0,Away,Moreirense,Moreirense,Benfica,ALL,Match overview,Yellow cards,0,2,2,0
14131986,2025-12-14,Liga Portugal Betclic,Liga Portugal 25/26,14.0,Away,Moreirense,Moreirense,Benfica,ALL,Passes,Accurate passes,410,459,459,410
14131986,2025-12-14,Liga Portugal Betclic,Liga Portugal 25/26,14.0,Away,Moreirense,Moreirense,Benfica,ALL,Passes,Crosses,2/8 (25%),2/14 (14%),2/14 (14%),2/8 (25%)
14131986,2025-12-14,Liga Portugal Betclic,Liga Portugal 25/26,14.0,Away,Moreirense,Moreirense,Benfica,ALL,Passes,Final third entries,42,38,38,42
14131986,2025-12-14,Liga Portugal Betclic,Liga Portugal 25/26,14.0,Away,Moreirense,Moreirense,Benfica,ALL,Passes,Final third phase,78/106 (74%),71/89 (80%),71/89 (80%),78/106 (74%)
14131986,2025-12-14,Liga Portugal Betclic,Liga Portugal 25/26,14.0,Away,Moreirense,Moreirense,Benfica,ALL,Passes,Long balls,19/44 (43%),23/46 (50%),23/46 (50%),19/44 (43%)
14131986,2025-12-14,Liga Portugal Betclic,Liga Portugal 25/26,14.0,Away,Moreirense,Moreirense,Benfica,ALL,Passes,Throw-ins,13,12,12,13
14131986,2025-12-14,Liga Portugal Betclic,Liga Portugal 25/26,14.0,Away,Moreirense,Moreirense,Benfica,ALL,Shots,Blocked shots,3,6,6,3
14131986,2025-12-14,Liga Portugal Betclic,Liga Portugal 25/26,14.0,Away,Moreirense,Moreirense,Benfica,ALL,Shots,Hit woodwork,0,0,0,0
14131986,2025-12-14,Liga Portugal Betclic,Liga Portugal 25/26,14.0,Away,Moreirense,Moreirense,Benfica,ALL,Shots,Shots inside box,8,5,5,8
14131986,2025-12-14,Liga Portugal Betclic,Liga Portugal 25/26,14.0,Away,Moreirense,Moreirense,Benfica,ALL,Shots,Shots off target,2,2,2,2
14131986,2025-12-14,Liga Portugal Betclic,Liga Portugal 25/26,14.0,Away,Moreirense,Moreirense,Benfica,ALL,Shots,Shots on target,5,2,2,5
14131986,2025-12-14,Liga Portugal Betclic,Liga Portugal 25/26,14.0,Away,Moreirense,Moreirense,Benfica,ALL,Shots,Shots outside box,2,5,5,2
14131986,2025-12-14,Liga Portugal Betclic,Liga Portugal 25/26,14.0,Away,Moreirense,Moreirense,Benfica,ALL,Shots,Total shots,10,10,10,10
15150335,2025-12-17,Taça de Portugal,Taca de Portugal 25/26,5.0,Away,SC Farense,SC Farense,Benfica,1ST,Attack,Big chances missed,1,1,1,1
15150335,2025-12-17,Taça de Portugal,Taca de Portugal 25/26,5.0,Away,SC Farense,SC Farense,Benfica,1ST,Attack,Big chances scored,0,0,0,0
15150335,2025-12-17,Taça de Portugal,Taca de Portugal 25/26,5.0,Away,SC Farense,SC Farense,Benfica,1ST,Attack,Fouled in final third,5,1,1,5
15150335,2025-12-17,Taça de Portugal,Taca de Portugal 25/26,5.0,Away,SC Farense,SC Farense,Benfica,1ST,Attack,Offsides,1,0,0,1
15150335,2025-12-17,Taça de Portugal,Taca de Portugal 25/26,5.0,Away,SC Farense,SC Farense,Benfica,1ST,Defending,Clearances,5,12,12,5
15150335,2025-12-17,Taça de Portugal,Taca de Portugal 25/26,5.0,Away,SC Farense,SC Farense,Benfica,1ST,Defending,Interceptions,4,8,8,4
15150335,2025-12-17,Taça de Portugal,Taca de Portugal 25/26,5.0,Away,SC Farense,SC Farense,Benfica,1ST,Defending,Recoveries,20,23,23,20
15150335,2025-12-17,Taça de Portugal,Taca de Portugal 25/26,5.0,Away,SC Farense,SC Farense,Benfica,1ST,Defending,Tackles won,82%,86%,86%,82%
15150335,2025-12-17,Taça de Portugal,Taca de Portugal 25/26,5.0,Away,SC Farense,SC Farense,Benfica,1ST,Defending,Total tackles,11,7,7,11
15150335,2025-12-17,Taça de Portugal,Taca de Portugal 25/26,5.0,Away,SC Farense,SC Farense,Benfica,1ST,Duels,Aerial duels,5/11 (45%),6/11 (55%),6/11 (55%),5/11 (45%)
15150335,2025-12-17,Taça de Portugal,Taca de Portugal 25/26,5.0,Away,SC Farense,SC Farense,Benfica,1ST,Duels,Dispossessed,5,8,8,5
15150335,2025-12-17,Taça de Portugal,Taca de Portugal 25/26,5.0,Away,SC Farense,SC Farense,Benfica,1ST,Duels,Dribbles,1/3 (33%),1/4 (25%),1/4 (25%),1/3 (33%)
15150335,2025-12-17,Taça de Portugal,Taca de Portugal 25/26,5.0,Away,SC Farense,SC Farense,Benfica,1ST,Duels,Duels,55%,45%,45%,55%
15150335,2025-12-17,Taça de Portugal,Taca de Portugal 25/26,5.0,Away,SC Farense,SC Farense,Benfica,1ST,Duels,Ground duels,21/36 (58%),15/36 (42%),15/36 (42%),21/36 (58%)
15150335,2025-12-17,Taça de Portugal,Taca de Portugal 25/26,5.0,Away,SC Farense,SC Farense,Benfica,1ST,Goalkeeping,Goal kicks,1,3,3,1
15150335,2025-12-17,Taça de Portugal,Taca de Portugal 25/26,5.0,Away,SC Farense,SC Farense,Benfica,1ST,Goalkeeping,Total saves,2,2,2,2
15150335,2025-12-17,Taça de Portugal,Taca de Portugal 25/26,5.0,Away,SC Farense,SC Farense,Benfica,1ST,Match overview,Ball possession,63%,37%,37%,63%
15150335,2025-12-17,Taça de Portugal,Taca de Portugal 25/26,5.0,Away,SC Farense,SC Farense,Benfica,1ST,Match overview,Big chances,1,1,1,1
15150335,2025-12-17,Taça de Portugal,Taca de Portugal 25/26,5.0,Away,SC Farense,SC Farense,Benfica,1ST,Match overview,Corner kicks,3,2,2,3
15150335,2025-12-17,Taça de Portugal,Taca de Portugal 25/26,5.0,Away,SC Farense,SC Farense,Benfica,1ST,Match overview,Fouls,7,9,9,7
15150335,2025-12-17,Taça de Portugal,Taca de Portugal 25/26,5.0,Away,SC Farense,SC Farense,Benfica,1ST,Match overview,Free kicks,8,7,7,8
15150335,2025-12-17,Taça de Portugal,Taca de Portugal 25/26,5.0,Away,SC Farense,SC Farense,Benfica,1ST,Match overview,Goalkeeper saves,2,2,2,2
15150335,2025-12-17,Taça de Portugal,Taca de Portugal 25/26,5.0,Away,SC Farense,SC Farense,Benfica,1ST,Match overview,Passes,256,151,151,256
15150335,2025-12-17,Taça de Portugal,Taca de Portugal 25/26,5.0,Away,SC Farense,SC Farense,Benfica,1ST,Match overview,Tackles,11,7,7,11
15150335,2025-12-17,Taça de Portugal,Taca de Portugal 25/26,5.0,Away,SC Farense,SC Farense,Benfica,1ST,Match overview,Total shots,8,4,4,8
15150335,2025-12-17,Taça de Portugal,Taca de Portugal 25/26,5.0,Away,SC Farense,SC Farense,Benfica,1ST,Match overview,Yellow cards,0,1,1,0
15150335,2025-12-17,Taça de Portugal,Taca de Portugal 25/26,5.0,Away,SC Farense,SC Farense,Benfica,1ST,Passes,Accurate passes,207,107,107,207
15150335,2025-12-17,Taça de Portugal,Taca de Portugal 25/26,5.0,Away,SC Farense,SC Farense,Benfica,1ST,Passes,Crosses,1/5 (20%),2/3 (67%),2/3 (67%),1/5 (20%)
15150335,2025-12-17,Taça de Portugal,Taca de Portugal 25/26,5.0,Away,SC Farense,SC Farense,Benfica,1ST,Passes,Final third entries,35,14,14,35
15150335,2025-12-17,Taça de Portugal,Taca de Portugal 25/26,5.0,Away,SC Farense,SC Farense,Benfica,1ST,Passes,Long balls,19/30 (63%),6/28 (21%),6/28 (21%),19/30 (63%)
15150335,2025-12-17,Taça de Portugal,Taca de Portugal 25/26,5.0,Away,SC Farense,SC Farense,Benfica,1ST,Passes,Throw-ins,12,8,8,12
15150335,2025-12-17,Taça de Portugal,Taca de Portugal 25/26,5.0,Away,SC Farense,SC Farense,Benfica,1ST,Shots,Blocked shots,3,0,0,3
15150335,2025-12-17,Taça de Portugal,Taca de Portugal 25/26,5.0,Away,SC Farense,SC Farense,Benfica,1ST,Shots,Hit woodwork,0,0,0,0
15150335,2025-12-17,Taça de Portugal,Taca de Portugal 25/26,5.0,Away,SC Farense,SC Farense,Benfica,1ST,Shots,Shots inside box,5,2,2,5
15150335,2025-12-17,Taça de Portugal,Taca de Portugal 25/26,5.0,Away,SC Farense,SC Farense,Benfica,1ST,Shots,Shots off target,2,2,2,2
15150335,2025-12-17,Taça de Portugal,Taca de Portugal 25/26,5.0,Away,SC Farense,SC Farense,Benfica,1ST,Shots,Shots on target,3,2,2,3
15150335,2025-12-17,Taça de Portugal,Taca de Portugal 25/26,5.0,Away,SC Farense,SC Farense,Benfica,1ST,Shots,Shots outside box,3,2,2,3
15150335,2025-12-17,Taça de Portugal,Taca de Portugal 25/26,5.0,Away,SC Farense,SC Farense,Benfica,1ST,Shots,Total shots,8,4,4,8
15150335,2025-12-17,Taça de Portugal,Taca de Portugal 25/26,5.0,Away,SC Farense,SC Farense,Benfica,2ND,Attack,Big chances missed,1,0,0,1
15150335,2025-12-17,Taça de Portugal,Taca de Portugal 25/26,5.0,Away,SC Farense,SC Farense,Benfica,2ND,Attack,Big chances scored,1,0,0,1
15150335,2025-12-17,Taça de Portugal,Taca de Portugal 25/26,5.0,Away,SC Farense,SC Farense,Benfica,2ND,Attack,Fouled in final third,3,2,2,3
15150335,2025-12-17,Taça de Portugal,Taca de Portugal 25/26,5.0,Away,SC Farense,SC Farense,Benfica,2ND,Attack,Offsides,0,0,0,0
15150335,2025-12-17,Taça de Portugal,Taca de Portugal 25/26,5.0,Away,SC Farense,SC Farense,Benfica,2ND,Defending,Clearances,11,19,19,11
15150335,2025-12-17,Taça de Portugal,Taca de Portugal 25/26,5.0,Away,SC Farense,SC Farense,Benfica,2ND,Defending,Interceptions,1,8,8,1
15150335,2025-12-17,Taça de Portugal,Taca de Portugal 25/26,5.0,Away,SC Farense,SC Farense,Benfica,2ND,Defending,Recoveries,22,27,27,22
15150335,2025-12-17,Taça de Portugal,Taca de Portugal 25/26,5.0,Away,SC Farense,SC Farense,Benfica,2ND,Defending,Tackles won,73%,88%,88%,73%
15150335,2025-12-17,Taça de Portugal,Taca de Portugal 25/26,5.0,Away,SC Farense,SC Farense,Benfica,2ND,Defending,Total tackles,11,8,8,11
15150335,2025-12-17,Taça de Portugal,Taca de Portugal 25/26,5.0,Away,SC Farense,SC Farense,Benfica,2ND,Duels,Aerial duels,5/12 (42%),7/12 (58%),7/12 (58%),5/12 (42%)
15150335,2025-12-17,Taça de Portugal,Taca de Portugal 25/26,5.0,Away,SC Farense,SC Farense,Benfica,2ND,Duels,Dispossessed,2,6,6,2
15150335,2025-12-17,Taça de Portugal,Taca de Portugal 25/26,5.0,Away,SC Farense,SC Farense,Benfica,2ND,Duels,Dribbles,3/9 (33%),1/6 (17%),1/6 (17%),3/9 (33%)
15150335,2025-12-17,Taça de Portugal,Taca de Portugal 25/26,5.0,Away,SC Farense,SC Farense,Benfica,2ND,Duels,Duels,57%,42%,42%,57%
15150335,2025-12-17,Taça de Portugal,Taca de Portugal 25/26,5.0,Away,SC Farense,SC Farense,Benfica,2ND,Duels,Ground duels,23/37 (62%),13/36 (36%),13/36 (36%),23/37 (62%)
15150335,2025-12-17,Taça de Portugal,Taca de Portugal 25/26,5.0,Away,SC Farense,SC Farense,Benfica,2ND,Goalkeeping,Goal kicks,1,2,2,1
15150335,2025-12-17,Taça de Portugal,Taca de Portugal 25/26,5.0,Away,SC Farense,SC Farense,Benfica,2ND,Goalkeeping,Total saves,1,1,1,1
15150335,2025-12-17,Taça de Portugal,Taca de Portugal 25/26,5.0,Away,SC Farense,SC Farense,Benfica,2ND,Match overview,Ball possession,66%,34%,34%,66%
15150335,2025-12-17,Taça de Portugal,Taca de Portugal 25/26,5.0,Away,SC Farense,SC Farense,Benfica,2ND,Match overview,Big chances,2,0,0,2
15150335,2025-12-17,Taça de Portugal,Taca de Portugal 25/26,5.0,Away,SC Farense,SC Farense,Benfica,2ND,Match overview,Corner kicks,7,3,3,7
15150335,2025-12-17,Taça de Portugal,Taca de Portugal 25/26,5.0,Away,SC Farense,SC Farense,Benfica,2ND,Match overview,Fouls,4,9,9,4
15150335,2025-12-17,Taça de Portugal,Taca de Portugal 25/26,5.0,Away,SC Farense,SC Farense,Benfica,2ND,Match overview,Free kicks,9,4,4,9
15150335,2025-12-17,Taça de Portugal,Taca de Portugal 25/26,5.0,Away,SC Farense,SC Farense,Benfica,2ND,Match overview,Goalkeeper saves,1,1,1,1
15150335,2025-12-17,Taça de Portugal,Taca de Portugal 25/26,5.0,Away,SC Farense,SC Farense,Benfica,2ND,Match overview,Passes,227,117,117,227
15150335,2025-12-17,Taça de Portugal,Taca de Portugal 25/26,5.0,Away,SC Farense,SC Farense,Benfica,2ND,Match overview,Tackles,11,8,8,11
15150335,2025-12-17,Taça de Portugal,Taca de Portugal 25/26,5.0,Away,SC Farense,SC Farense,Benfica,2ND,Match overview,Total shots,5,5,5,5
15150335,2025-12-17,Taça de Portugal,Taca de Portugal 25/26,5.0,Away,SC Farense,SC Farense,Benfica,2ND,Match overview,Yellow cards,2,3,3,2
15150335,2025-12-17,Taça de Portugal,Taca de Portugal 25/26,5.0,Away,SC Farense,SC Farense,Benfica,2ND,Passes,Accurate passes,183,86,86,183
15150335,2025-12-17,Taça de Portugal,Taca de Portugal 25/26,5.0,Away,SC Farense,SC Farense,Benfica,2ND,Passes,Crosses,2/13 (15%),2/7 (29%),2/7 (29%),2/13 (15%)
15150335,2025-12-17,Taça de Portugal,Taca de Portugal 25/26,5.0,Away,SC Farense,SC Farense,Benfica,2ND,Passes,Final third entries,25,16,16,25
15150335,2025-12-17,Taça de Portugal,Taca de Portugal 25/26,5.0,Away,SC Farense,SC Farense,Benfica,2ND,Passes,Long balls,14/24 (58%),7/19 (37%),7/19 (37%),14/24 (58%)
15150335,2025-12-17,Taça de Portugal,Taca de Portugal 25/26,5.0,Away,SC Farense,SC Farense,Benfica,2ND,Passes,Throw-ins,17,11,11,17
15150335,2025-12-17,Taça de Portugal,Taca de Portugal 25/26,5.0,Away,SC Farense,SC Farense,Benfica,2ND,Shots,Blocked shots,0,2,2,0
15150335,2025-12-17,Taça de Portugal,Taca de Portugal 25/26,5.0,Away,SC Farense,SC Farense,Benfica,2ND,Shots,Hit woodwork,0,0,0,0
15150335,2025-12-17,Taça de Portugal,Taca de Portugal 25/26,5.0,Away,SC Farense,SC Farense,Benfica,2ND,Shots,Shots inside box,3,3,3,3
15150335,2025-12-17,Taça de Portugal,Taca de Portugal 25/26,5.0,Away,SC Farense,SC Farense,Benfica,2ND,Shots,Shots off target,3,2,2,3
15150335,2025-12-17,Taça de Portugal,Taca de Portugal 25/26,5.0,Away,SC Farense,SC Farense,Benfica,2ND,Shots,Shots on target,2,1,1,2
15150335,2025-12-17,Taça de Portugal,Taca de Portugal 25/26,5.0,Away,SC Farense,SC Farense,Benfica,2ND,Shots,Shots outside box,2,2,2,2
15150335,2025-12-17,Taça de Portugal,Taca de Portugal 25/26,5.0,Away,SC Farense,SC Farense,Benfica,2ND,Shots,Total shots,5,5,5,5
15150335,2025-12-17,Taça de Portugal,Taca de Portugal 25/26,5.0,Away,SC Farense,SC Farense,Benfica,ALL,Attack,Big chances missed,2,1,1,2
15150335,2025-12-17,Taça de Portugal,Taca de Portugal 25/26,5.0,Away,SC Farense,SC Farense,Benfica,ALL,Attack,Big chances scored,1,0,0,1
15150335,2025-12-17,Taça de Portugal,Taca de Portugal 25/26,5.0,Away,SC Farense,SC Farense,Benfica,ALL,Attack,Fouled in final third,8,3,3,8
15150335,2025-12-17,Taça de Portugal,Taca de Portugal 25/26,5.0,Away,SC Farense,SC Farense,Benfica,ALL,Attack,Offsides,1,0,0,1
15150335,2025-12-17,Taça de Portugal,Taca de Portugal 25/26,5.0,Away,SC Farense,SC Farense,Benfica,ALL,Attack,Touches in penalty area,31,10,10,31
15150335,2025-12-17,Taça de Portugal,Taca de Portugal 25/26,5.0,Away,SC Farense,SC Farense,Benfica,ALL,Defending,Clearances,16,31,31,16
15150335,2025-12-17,Taça de Portugal,Taca de Portugal 25/26,5.0,Away,SC Farense,SC Farense,Benfica,ALL,Defending,Interceptions,5,16,16,5
15150335,2025-12-17,Taça de Portugal,Taca de Portugal 25/26,5.0,Away,SC Farense,SC Farense,Benfica,ALL,Defending,Recoveries,42,50,50,42
15150335,2025-12-17,Taça de Portugal,Taca de Portugal 25/26,5.0,Away,SC Farense,SC Farense,Benfica,ALL,Defending,Tackles won,77%,87%,87%,77%
15150335,2025-12-17,Taça de Portugal,Taca de Portugal 25/26,5.0,Away,SC Farense,SC Farense,Benfica,ALL,Defending,Total tackles,22,15,15,22
15150335,2025-12-17,Taça de Portugal,Taca de Portugal 25/26,5.0,Away,SC Farense,SC Farense,Benfica,ALL,Duels,Aerial duels,10/23 (43%),13/23 (57%),13/23 (57%),10/23 (43%)
15150335,2025-12-17,Taça de Portugal,Taca de Portugal 25/26,5.0,Away,SC Farense,SC Farense,Benfica,ALL,Duels,Dispossessed,7,14,14,7
15150335,2025-12-17,Taça de Portugal,Taca de Portugal 25/26,5.0,Away,SC Farense,SC Farense,Benfica,ALL,Duels,Dribbles,4/12 (33%),2/10 (20%),2/10 (20%),4/12 (33%)
15150335,2025-12-17,Taça de Portugal,Taca de Portugal 25/26,5.0,Away,SC Farense,SC Farense,Benfica,ALL,Duels,Duels,56%,43%,43%,56%
15150335,2025-12-17,Taça de Portugal,Taca de Portugal 25/26,5.0,Away,SC Farense,SC Farense,Benfica,ALL,Duels,Ground duels,44/73 (60%),28/72 (39%),28/72 (39%),44/73 (60%)
15150335,2025-12-17,Taça de Portugal,Taca de Portugal 25/26,5.0,Away,SC Farense,SC Farense,Benfica,ALL,Goalkeeping,Big saves,0,1,1,0
15150335,2025-12-17,Taça de Portugal,Taca de Portugal 25/26,5.0,Away,SC Farense,SC Farense,Benfica,ALL,Goalkeeping,Goal kicks,2,5,5,2
15150335,2025-12-17,Taça de Portugal,Taca de Portugal 25/26,5.0,Away,SC Farense,SC Farense,Benfica,ALL,Goalkeeping,Punches,0,1,1,0
15150335,2025-12-17,Taça de Portugal,Taca de Portugal 25/26,5.0,Away,SC Farense,SC Farense,Benfica,ALL,Goalkeeping,Total saves,3,3,3,3
15150335,2025-12-17,Taça de Portugal,Taca de Portugal 25/26,5.0,Away,SC Farense,SC Farense,Benfica,ALL,Match overview,Ball possession,64%,36%,36%,64%
15150335,2025-12-17,Taça de Portugal,Taca de Portugal 25/26,5.0,Away,SC Farense,SC Farense,Benfica,ALL,Match overview,Big chances,3,1,1,3
15150335,2025-12-17,Taça de Portugal,Taca de Portugal 25/26,5.0,Away,SC Farense,SC Farense,Benfica,ALL,Match overview,Corner kicks,10,5,5,10
15150335,2025-12-17,Taça de Portugal,Taca de Portugal 25/26,5.0,Away,SC Farense,SC Farense,Benfica,ALL,Match overview,Fouls,11,18,18,11
15150335,2025-12-17,Taça de Portugal,Taca de Portugal 25/26,5.0,Away,SC Farense,SC Farense,Benfica,ALL,Match overview,Free kicks,17,11,11,17
15150335,2025-12-17,Taça de Portugal,Taca de Portugal 25/26,5.0,Away,SC Farense,SC Farense,Benfica,ALL,Match overview,Goalkeeper saves,3,3,3,3
15150335,2025-12-17,Taça de Portugal,Taca de Portugal 25/26,5.0,Away,SC Farense,SC Farense,Benfica,ALL,Match overview,Passes,483,268,268,483
15150335,2025-12-17,Taça de Portugal,Taca de Portugal 25/26,5.0,Away,SC Farense,SC Farense,Benfica,ALL,Match overview,Tackles,22,15,15,22
15150335,2025-12-17,Taça de Portugal,Taca de Portugal 25/26,5.0,Away,SC Farense,SC Farense,Benfica,ALL,Match overview,Total shots,13,9,9,13
15150335,2025-12-17,Taça de Portugal,Taca de Portugal 25/26,5.0,Away,SC Farense,SC Farense,Benfica,ALL,Match overview,Yellow cards,2,4,4,2
15150335,2025-12-17,Taça de Portugal,Taca de Portugal 25/26,5.0,Away,SC Farense,SC Farense,Benfica,ALL,Passes,Accurate passes,390,193,193,390
15150335,2025-12-17,Taça de Portugal,Taca de Portugal 25/26,5.0,Away,SC Farense,SC Farense,Benfica,ALL,Passes,Crosses,3/18 (17%),4/10 (40%),4/10 (40%),3/18 (17%)
15150335,2025-12-17,Taça de Portugal,Taca de Portugal 25/26,5.0,Away,SC Farense,SC Farense,Benfica,ALL,Passes,Final third entries,60,30,30,60
15150335,2025-12-17,Taça de Portugal,Taca de Portugal 25/26,5.0,Away,SC Farense,SC Farense,Benfica,ALL,Passes,Final third phase,116/166 (70%),23/50 (46%),23/50 (46%),116/166 (70%)
15150335,2025-12-17,Taça de Portugal,Taca de Portugal 25/26,5.0,Away,SC Farense,SC Farense,Benfica,ALL,Passes,Long balls,33/54 (61%),13/47 (28%),13/47 (28%),33/54 (61%)
15150335,2025-12-17,Taça de Portugal,Taca de Portugal 25/26,5.0,Away,SC Farense,SC Farense,Benfica,ALL,Passes,Throw-ins,29,19,19,29
15150335,2025-12-17,Taça de Portugal,Taca de Portugal 25/26,5.0,Away,SC Farense,SC Farense,Benfica,ALL,Shots,Blocked shots,3,2,2,3
15150335,2025-12-17,Taça de Portugal,Taca de Portugal 25/26,5.0,Away,SC Farense,SC Farense,Benfica,ALL,Shots,Hit woodwork,0,0,0,0
15150335,2025-12-17,Taça de Portugal,Taca de Portugal 25/26,5.0,Away,SC Farense,SC Farense,Benfica,ALL,Shots,Shots inside box,8,5,5,8
15150335,2025-12-17,Taça de Portugal,Taca de Portugal 25/26,5.0,Away,SC Farense,SC Farense,Benfica,ALL,Shots,Shots off target,5,4,4,5
15150335,2025-12-17,Taça de Portugal,Taca de Portugal 25/26,5.0,Away,SC Farense,SC Farense,Benfica,ALL,Shots,Shots on target,5,3,3,5
15150335,2025-12-17,Taça de Portugal,Taca de Portugal 25/26,5.0,Away,SC Farense,SC Farense,Benfica,ALL,Shots,Shots outside box,5,4,4,5
15150335,2025-12-17,Taça de Portugal,Taca de Portugal 25/26,5.0,Away,SC Farense,SC Farense,Benfica,ALL,Shots,Total shots,13,9,9,13
14288840,2025-12-22,Liga Portugal Betclic,Liga Portugal 25/26,15.0,Home,Famalicão,Benfica,Famalicão,1ST,Attack,Big chances scored,1,0,1,0
14288840,2025-12-22,Liga Portugal Betclic,Liga Portugal 25/26,15.0,Home,Famalicão,Benfica,Famalicão,1ST,Attack,Fouled in final third,4,0,4,0
14288840,2025-12-22,Liga Portugal Betclic,Liga Portugal 25/26,15.0,Home,Famalicão,Benfica,Famalicão,1ST,Attack,Offsides,0,0,0,0
14288840,2025-12-22,Liga Portugal Betclic,Liga Portugal 25/26,15.0,Home,Famalicão,Benfica,Famalicão,1ST,Defending,Clearances,12,9,12,9
14288840,2025-12-22,Liga Portugal Betclic,Liga Portugal 25/26,15.0,Home,Famalicão,Benfica,Famalicão,1ST,Defending,Interceptions,3,9,3,9
14288840,2025-12-22,Liga Portugal Betclic,Liga Portugal 25/26,15.0,Home,Famalicão,Benfica,Famalicão,1ST,Defending,Recoveries,20,20,20,20
14288840,2025-12-22,Liga Portugal Betclic,Liga Portugal 25/26,15.0,Home,Famalicão,Benfica,Famalicão,1ST,Defending,Tackles won,82%,83%,82%,83%
14288840,2025-12-22,Liga Portugal Betclic,Liga Portugal 25/26,15.0,Home,Famalicão,Benfica,Famalicão,1ST,Defending,Total tackles,11,6,11,6
14288840,2025-12-22,Liga Portugal Betclic,Liga Portugal 25/26,15.0,Home,Famalicão,Benfica,Famalicão,1ST,Duels,Aerial duels,5/9 (56%),4/9 (44%),5/9 (56%),4/9 (44%)
14288840,2025-12-22,Liga Portugal Betclic,Liga Portugal 25/26,15.0,Home,Famalicão,Benfica,Famalicão,1ST,Duels,Dispossessed,2,5,2,5
14288840,2025-12-22,Liga Portugal Betclic,Liga Portugal 25/26,15.0,Home,Famalicão,Benfica,Famalicão,1ST,Duels,Dribbles,8/12 (67%),2/8 (25%),8/12 (67%),2/8 (25%)
14288840,2025-12-22,Liga Portugal Betclic,Liga Portugal 25/26,15.0,Home,Famalicão,Benfica,Famalicão,1ST,Duels,Duels,65%,35%,65%,35%
14288840,2025-12-22,Liga Portugal Betclic,Liga Portugal 25/26,15.0,Home,Famalicão,Benfica,Famalicão,1ST,Duels,Ground duels,29/43 (67%),14/43 (33%),29/43 (67%),14/43 (33%)
14288840,2025-12-22,Liga Portugal Betclic,Liga Portugal 25/26,15.0,Home,Famalicão,Benfica,Famalicão,1ST,Goalkeeping,Goal kicks,1,3,1,3
14288840,2025-12-22,Liga Portugal Betclic,Liga Portugal 25/26,15.0,Home,Famalicão,Benfica,Famalicão,1ST,Goalkeeping,Total saves,0,2,0,2
14288840,2025-12-22,Liga Portugal Betclic,Liga Portugal 25/26,15.0,Home,Famalicão,Benfica,Famalicão,1ST,Match overview,Ball possession,58%,42%,58%,42%
14288840,2025-12-22,Liga Portugal Betclic,Liga Portugal 25/26,15.0,Home,Famalicão,Benfica,Famalicão,1ST,Match overview,Big chances,1,0,1,0
14288840,2025-12-22,Liga Portugal Betclic,Liga Portugal 25/26,15.0,Home,Famalicão,Benfica,Famalicão,1ST,Match overview,Corner kicks,1,2,1,2
14288840,2025-12-22,Liga Portugal Betclic,Liga Portugal 25/26,15.0,Home,Famalicão,Benfica,Famalicão,1ST,Match overview,Expected goals,0.91,0.02,0.91,0.02
14288840,2025-12-22,Liga Portugal Betclic,Liga Portugal 25/26,15.0,Home,Famalicão,Benfica,Famalicão,1ST,Match overview,Fouls,6,11,6,11
14288840,2025-12-22,Liga Portugal Betclic,Liga Portugal 25/26,15.0,Home,Famalicão,Benfica,Famalicão,1ST,Match overview,Free kicks,10,6,10,6
14288840,2025-12-22,Liga Portugal Betclic,Liga Portugal 25/26,15.0,Home,Famalicão,Benfica,Famalicão,1ST,Match overview,Goalkeeper saves,0,2,0,2
14288840,2025-12-22,Liga Portugal Betclic,Liga Portugal 25/26,15.0,Home,Famalicão,Benfica,Famalicão,1ST,Match overview,Passes,279,199,279,199
14288840,2025-12-22,Liga Portugal Betclic,Liga Portugal 25/26,15.0,Home,Famalicão,Benfica,Famalicão,1ST,Match overview,Tackles,11,6,11,6
14288840,2025-12-22,Liga Portugal Betclic,Liga Portugal 25/26,15.0,Home,Famalicão,Benfica,Famalicão,1ST,Match overview,Total shots,5,1,5,1
14288840,2025-12-22,Liga Portugal Betclic,Liga Portugal 25/26,15.0,Home,Famalicão,Benfica,Famalicão,1ST,Match overview,Yellow cards,0,1,0,1
14288840,2025-12-22,Liga Portugal Betclic,Liga Portugal 25/26,15.0,Home,Famalicão,Benfica,Famalicão,1ST,Passes,Accurate passes,240,174,240,174
14288840,2025-12-22,Liga Portugal Betclic,Liga Portugal 25/26,15.0,Home,Famalicão,Benfica,Famalicão,1ST,Passes,Crosses,2/7 (29%),0/7 (0%),2/7 (29%),0/7 (0%)
14288840,2025-12-22,Liga Portugal Betclic,Liga Portugal 25/26,15.0,Home,Famalicão,Benfica,Famalicão,1ST,Passes,Final third entries,28,20,28,20
14288840,2025-12-22,Liga Portugal Betclic,Liga Portugal 25/26,15.0,Home,Famalicão,Benfica,Famalicão,1ST,Passes,Long balls,11/23 (48%),14/22 (64%),11/23 (48%),14/22 (64%)
14288840,2025-12-22,Liga Portugal Betclic,Liga Portugal 25/26,15.0,Home,Famalicão,Benfica,Famalicão,1ST,Passes,Throw-ins,7,10,7,10
14288840,2025-12-22,Liga Portugal Betclic,Liga Portugal 25/26,15.0,Home,Famalicão,Benfica,Famalicão,1ST,Shots,Blocked shots,1,1,1,1
14288840,2025-12-22,Liga Portugal Betclic,Liga Portugal 25/26,15.0,Home,Famalicão,Benfica,Famalicão,1ST,Shots,Hit woodwork,0,0,0,0
14288840,2025-12-22,Liga Portugal Betclic,Liga Portugal 25/26,15.0,Home,Famalicão,Benfica,Famalicão,1ST,Shots,Shots inside box,4,0,4,0
14288840,2025-12-22,Liga Portugal Betclic,Liga Portugal 25/26,15.0,Home,Famalicão,Benfica,Famalicão,1ST,Shots,Shots off target,1,0,1,0
14288840,2025-12-22,Liga Portugal Betclic,Liga Portugal 25/26,15.0,Home,Famalicão,Benfica,Famalicão,1ST,Shots,Shots on target,3,0,3,0
14288840,2025-12-22,Liga Portugal Betclic,Liga Portugal 25/26,15.0,Home,Famalicão,Benfica,Famalicão,1ST,Shots,Shots outside box,1,1,1,1
14288840,2025-12-22,Liga Portugal Betclic,Liga Portugal 25/26,15.0,Home,Famalicão,Benfica,Famalicão,1ST,Shots,Total shots,5,1,5,1
14288840,2025-12-22,Liga Portugal Betclic,Liga Portugal 25/26,15.0,Home,Famalicão,Benfica,Famalicão,2ND,Attack,Big chances scored,0,0,0,0
14288840,2025-12-22,Liga Portugal Betclic,Liga Portugal 25/26,15.0,Home,Famalicão,Benfica,Famalicão,2ND,Attack,Fouled in final third,1,0,1,0
14288840,2025-12-22,Liga Portugal Betclic,Liga Portugal 25/26,15.0,Home,Famalicão,Benfica,Famalicão,2ND,Attack,Offsides,1,0,1,0
14288840,2025-12-22,Liga Portugal Betclic,Liga Portugal 25/26,15.0,Home,Famalicão,Benfica,Famalicão,2ND,Defending,Clearances,11,8,11,8
14288840,2025-12-22,Liga Portugal Betclic,Liga Portugal 25/26,15.0,Home,Famalicão,Benfica,Famalicão,2ND,Defending,Interceptions,3,7,3,7
14288840,2025-12-22,Liga Portugal Betclic,Liga Portugal 25/26,15.0,Home,Famalicão,Benfica,Famalicão,2ND,Defending,Recoveries,31,27,31,27
14288840,2025-12-22,Liga Portugal Betclic,Liga Portugal 25/26,15.0,Home,Famalicão,Benfica,Famalicão,2ND,Defending,Tackles won,58%,78%,58%,78%
14288840,2025-12-22,Liga Portugal Betclic,Liga Portugal 25/26,15.0,Home,Famalicão,Benfica,Famalicão,2ND,Defending,Total tackles,12,9,12,9
14288840,2025-12-22,Liga Portugal Betclic,Liga Portugal 25/26,15.0,Home,Famalicão,Benfica,Famalicão,2ND,Duels,Aerial duels,6/16 (38%),10/16 (63%),6/16 (38%),10/16 (63%)
14288840,2025-12-22,Liga Portugal Betclic,Liga Portugal 25/26,15.0,Home,Famalicão,Benfica,Famalicão,2ND,Duels,Dispossessed,5,5,5,5
14288840,2025-12-22,Liga Portugal Betclic,Liga Portugal 25/26,15.0,Home,Famalicão,Benfica,Famalicão,2ND,Duels,Dribbles,7/11 (64%),5/12 (42%),7/11 (64%),5/12 (42%)
14288840,2025-12-22,Liga Portugal Betclic,Liga Portugal 25/26,15.0,Home,Famalicão,Benfica,Famalicão,2ND,Duels,Duels,55%,45%,55%,45%
14288840,2025-12-22,Liga Portugal Betclic,Liga Portugal 25/26,15.0,Home,Famalicão,Benfica,Famalicão,2ND,Duels,Ground duels,28/46 (61%),18/46 (39%),28/46 (61%),18/46 (39%)
14288840,2025-12-22,Liga Portugal Betclic,Liga Portugal 25/26,15.0,Home,Famalicão,Benfica,Famalicão,2ND,Goalkeeping,Goal kicks,1,4,1,4
14288840,2025-12-22,Liga Portugal Betclic,Liga Portugal 25/26,15.0,Home,Famalicão,Benfica,Famalicão,2ND,Goalkeeping,Total saves,2,3,2,3
14288840,2025-12-22,Liga Portugal Betclic,Liga Portugal 25/26,15.0,Home,Famalicão,Benfica,Famalicão,2ND,Match overview,Ball possession,52%,48%,52%,48%
14288840,2025-12-22,Liga Portugal Betclic,Liga Portugal 25/26,15.0,Home,Famalicão,Benfica,Famalicão,2ND,Match overview,Big chances,0,0,0,0
14288840,2025-12-22,Liga Portugal Betclic,Liga Portugal 25/26,15.0,Home,Famalicão,Benfica,Famalicão,2ND,Match overview,Corner kicks,4,0,4,0
14288840,2025-12-22,Liga Portugal Betclic,Liga Portugal 25/26,15.0,Home,Famalicão,Benfica,Famalicão,2ND,Match overview,Expected goals,0.37,0.19,0.37,0.19
14288840,2025-12-22,Liga Portugal Betclic,Liga Portugal 25/26,15.0,Home,Famalicão,Benfica,Famalicão,2ND,Match overview,Fouls,5,9,5,9
14288840,2025-12-22,Liga Portugal Betclic,Liga Portugal 25/26,15.0,Home,Famalicão,Benfica,Famalicão,2ND,Match overview,Free kicks,9,5,9,5
14288840,2025-12-22,Liga Portugal Betclic,Liga Portugal 25/26,15.0,Home,Famalicão,Benfica,Famalicão,2ND,Match overview,Goalkeeper saves,2,3,2,3
14288840,2025-12-22,Liga Portugal Betclic,Liga Portugal 25/26,15.0,Home,Famalicão,Benfica,Famalicão,2ND,Match overview,Passes,242,229,242,229
14288840,2025-12-22,Liga Portugal Betclic,Liga Portugal 25/26,15.0,Home,Famalicão,Benfica,Famalicão,2ND,Match overview,Tackles,12,9,12,9
14288840,2025-12-22,Liga Portugal Betclic,Liga Portugal 25/26,15.0,Home,Famalicão,Benfica,Famalicão,2ND,Match overview,Total shots,5,3,5,3
14288840,2025-12-22,Liga Portugal Betclic,Liga Portugal 25/26,15.0,Home,Famalicão,Benfica,Famalicão,2ND,Match overview,Yellow cards,0,0,0,0
14288840,2025-12-22,Liga Portugal Betclic,Liga Portugal 25/26,15.0,Home,Famalicão,Benfica,Famalicão,2ND,Passes,Accurate passes,203,188,203,188
14288840,2025-12-22,Liga Portugal Betclic,Liga Portugal 25/26,15.0,Home,Famalicão,Benfica,Famalicão,2ND,Passes,Crosses,3/8 (38%),1/7 (14%),3/8 (38%),1/7 (14%)
14288840,2025-12-22,Liga Portugal Betclic,Liga Portugal 25/26,15.0,Home,Famalicão,Benfica,Famalicão,2ND,Passes,Final third entries,24,32,24,32
14288840,2025-12-22,Liga Portugal Betclic,Liga Portugal 25/26,15.0,Home,Famalicão,Benfica,Famalicão,2ND,Passes,Long balls,12/27 (44%),13/30 (43%),12/27 (44%),13/30 (43%)
14288840,2025-12-22,Liga Portugal Betclic,Liga Portugal 25/26,15.0,Home,Famalicão,Benfica,Famalicão,2ND,Passes,Throw-ins,11,16,11,16
14288840,2025-12-22,Liga Portugal Betclic,Liga Portugal 25/26,15.0,Home,Famalicão,Benfica,Famalicão,2ND,Shots,Blocked shots,1,0,1,0
14288840,2025-12-22,Liga Portugal Betclic,Liga Portugal 25/26,15.0,Home,Famalicão,Benfica,Famalicão,2ND,Shots,Hit woodwork,0,0,0,0
14288840,2025-12-22,Liga Portugal Betclic,Liga Portugal 25/26,15.0,Home,Famalicão,Benfica,Famalicão,2ND,Shots,Shots inside box,3,2,3,2
14288840,2025-12-22,Liga Portugal Betclic,Liga Portugal 25/26,15.0,Home,Famalicão,Benfica,Famalicão,2ND,Shots,Shots off target,1,1,1,1
14288840,2025-12-22,Liga Portugal Betclic,Liga Portugal 25/26,15.0,Home,Famalicão,Benfica,Famalicão,2ND,Shots,Shots on target,3,2,3,2
14288840,2025-12-22,Liga Portugal Betclic,Liga Portugal 25/26,15.0,Home,Famalicão,Benfica,Famalicão,2ND,Shots,Shots outside box,2,1,2,1
14288840,2025-12-22,Liga Portugal Betclic,Liga Portugal 25/26,15.0,Home,Famalicão,Benfica,Famalicão,2ND,Shots,Total shots,5,3,5,3
14288840,2025-12-22,Liga Portugal Betclic,Liga Portugal 25/26,15.0,Home,Famalicão,Benfica,Famalicão,ALL,Attack,Big chances scored,1,0,1,0
14288840,2025-12-22,Liga Portugal Betclic,Liga Portugal 25/26,15.0,Home,Famalicão,Benfica,Famalicão,ALL,Attack,Fouled in final third,5,0,5,0
14288840,2025-12-22,Liga Portugal Betclic,Liga Portugal 25/26,15.0,Home,Famalicão,Benfica,Famalicão,ALL,Attack,Offsides,1,0,1,0
14288840,2025-12-22,Liga Portugal Betclic,Liga Portugal 25/26,15.0,Home,Famalicão,Benfica,Famalicão,ALL,Attack,Touches in penalty area,19,13,19,13
14288840,2025-12-22,Liga Portugal Betclic,Liga Portugal 25/26,15.0,Home,Famalicão,Benfica,Famalicão,ALL,Defending,Clearances,23,17,23,17
14288840,2025-12-22,Liga Portugal Betclic,Liga Portugal 25/26,15.0,Home,Famalicão,Benfica,Famalicão,ALL,Defending,Errors lead to a shot,1,1,1,1
14288840,2025-12-22,Liga Portugal Betclic,Liga Portugal 25/26,15.0,Home,Famalicão,Benfica,Famalicão,ALL,Defending,Interceptions,6,16,6,16
14288840,2025-12-22,Liga Portugal Betclic,Liga Portugal 25/26,15.0,Home,Famalicão,Benfica,Famalicão,ALL,Defending,Recoveries,51,47,51,47
14288840,2025-12-22,Liga Portugal Betclic,Liga Portugal 25/26,15.0,Home,Famalicão,Benfica,Famalicão,ALL,Defending,Tackles won,70%,80%,70%,80%
14288840,2025-12-22,Liga Portugal Betclic,Liga Portugal 25/26,15.0,Home,Famalicão,Benfica,Famalicão,ALL,Defending,Total tackles,23,15,23,15
14288840,2025-12-22,Liga Portugal Betclic,Liga Portugal 25/26,15.0,Home,Famalicão,Benfica,Famalicão,ALL,Duels,Aerial duels,11/25 (44%),14/25 (56%),11/25 (44%),14/25 (56%)
14288840,2025-12-22,Liga Portugal Betclic,Liga Portugal 25/26,15.0,Home,Famalicão,Benfica,Famalicão,ALL,Duels,Dispossessed,7,10,7,10
14288840,2025-12-22,Liga Portugal Betclic,Liga Portugal 25/26,15.0,Home,Famalicão,Benfica,Famalicão,ALL,Duels,Dribbles,15/23 (65%),7/20 (35%),15/23 (65%),7/20 (35%)
14288840,2025-12-22,Liga Portugal Betclic,Liga Portugal 25/26,15.0,Home,Famalicão,Benfica,Famalicão,ALL,Duels,Duels,60%,40%,60%,40%
14288840,2025-12-22,Liga Portugal Betclic,Liga Portugal 25/26,15.0,Home,Famalicão,Benfica,Famalicão,ALL,Duels,Ground duels,57/89 (64%),32/89 (36%),57/89 (64%),32/89 (36%)
14288840,2025-12-22,Liga Portugal Betclic,Liga Portugal 25/26,15.0,Home,Famalicão,Benfica,Famalicão,ALL,Goalkeeping,Big saves,0,1,0,1
14288840,2025-12-22,Liga Portugal Betclic,Liga Portugal 25/26,15.0,Home,Famalicão,Benfica,Famalicão,ALL,Goalkeeping,Goal kicks,2,7,2,7
14288840,2025-12-22,Liga Portugal Betclic,Liga Portugal 25/26,15.0,Home,Famalicão,Benfica,Famalicão,ALL,Goalkeeping,Goals prevented,0.43,0.98,0.43,0.98
14288840,2025-12-22,Liga Portugal Betclic,Liga Portugal 25/26,15.0,Home,Famalicão,Benfica,Famalicão,ALL,Goalkeeping,High claims,2,0,2,0
14288840,2025-12-22,Liga Portugal Betclic,Liga Portugal 25/26,15.0,Home,Famalicão,Benfica,Famalicão,ALL,Goalkeeping,Total saves,2,5,2,5
14288840,2025-12-22,Liga Portugal Betclic,Liga Portugal 25/26,15.0,Home,Famalicão,Benfica,Famalicão,ALL,Match overview,Ball possession,55%,45%,55%,45%
14288840,2025-12-22,Liga Portugal Betclic,Liga Portugal 25/26,15.0,Home,Famalicão,Benfica,Famalicão,ALL,Match overview,Big chances,1,0,1,0
14288840,2025-12-22,Liga Portugal Betclic,Liga Portugal 25/26,15.0,Home,Famalicão,Benfica,Famalicão,ALL,Match overview,Corner kicks,5,2,5,2
14288840,2025-12-22,Liga Portugal Betclic,Liga Portugal 25/26,15.0,Home,Famalicão,Benfica,Famalicão,ALL,Match overview,Expected goals,1.28,0.21,1.28,0.21
14288840,2025-12-22,Liga Portugal Betclic,Liga Portugal 25/26,15.0,Home,Famalicão,Benfica,Famalicão,ALL,Match overview,Fouls,11,20,11,20
14288840,2025-12-22,Liga Portugal Betclic,Liga Portugal 25/26,15.0,Home,Famalicão,Benfica,Famalicão,ALL,Match overview,Free kicks,19,11,19,11
14288840,2025-12-22,Liga Portugal Betclic,Liga Portugal 25/26,15.0,Home,Famalicão,Benfica,Famalicão,ALL,Match overview,Goalkeeper saves,2,5,2,5
14288840,2025-12-22,Liga Portugal Betclic,Liga Portugal 25/26,15.0,Home,Famalicão,Benfica,Famalicão,ALL,Match overview,Passes,521,428,521,428
14288840,2025-12-22,Liga Portugal Betclic,Liga Portugal 25/26,15.0,Home,Famalicão,Benfica,Famalicão,ALL,Match overview,Tackles,23,15,23,15
14288840,2025-12-22,Liga Portugal Betclic,Liga Portugal 25/26,15.0,Home,Famalicão,Benfica,Famalicão,ALL,Match overview,Total shots,10,4,10,4
14288840,2025-12-22,Liga Portugal Betclic,Liga Portugal 25/26,15.0,Home,Famalicão,Benfica,Famalicão,ALL,Match overview,Yellow cards,0,1,0,1
14288840,2025-12-22,Liga Portugal Betclic,Liga Portugal 25/26,15.0,Home,Famalicão,Benfica,Famalicão,ALL,Passes,Accurate passes,443,362,443,362
14288840,2025-12-22,Liga Portugal Betclic,Liga Portugal 25/26,15.0,Home,Famalicão,Benfica,Famalicão,ALL,Passes,Crosses,5/15 (33%),1/14 (7%),5/15 (33%),1/14 (7%)
14288840,2025-12-22,Liga Portugal Betclic,Liga Portugal 25/26,15.0,Home,Famalicão,Benfica,Famalicão,ALL,Passes,Final third entries,52,52,52,52
14288840,2025-12-22,Liga Portugal Betclic,Liga Portugal 25/26,15.0,Home,Famalicão,Benfica,Famalicão,ALL,Passes,Final third phase,92/133 (69%),71/96 (74%),92/133 (69%),71/96 (74%)
14288840,2025-12-22,Liga Portugal Betclic,Liga Portugal 25/26,15.0,Home,Famalicão,Benfica,Famalicão,ALL,Passes,Long balls,23/50 (46%),27/52 (52%),23/50 (46%),27/52 (52%)
14288840,2025-12-22,Liga Portugal Betclic,Liga Portugal 25/26,15.0,Home,Famalicão,Benfica,Famalicão,ALL,Passes,Throw-ins,18,26,18,26
14288840,2025-12-22,Liga Portugal Betclic,Liga Portugal 25/26,15.0,Home,Famalicão,Benfica,Famalicão,ALL,Shots,Blocked shots,2,1,2,1
14288840,2025-12-22,Liga Portugal Betclic,Liga Portugal 25/26,15.0,Home,Famalicão,Benfica,Famalicão,ALL,Shots,Hit woodwork,0,0,0,0
14288840,2025-12-22,Liga Portugal Betclic,Liga Portugal 25/26,15.0,Home,Famalicão,Benfica,Famalicão,ALL,Shots,Shots inside box,7,2,7,2
14288840,2025-12-22,Liga Portugal Betclic,Liga Portugal 25/26,15.0,Home,Famalicão,Benfica,Famalicão,ALL,Shots,Shots off target,2,1,2,1
14288840,2025-12-22,Liga Portugal Betclic,Liga Portugal 25/26,15.0,Home,Famalicão,Benfica,Famalicão,ALL,Shots,Shots on target,6,2,6,2
14288840,2025-12-22,Liga Portugal Betclic,Liga Portugal 25/26,15.0,Home,Famalicão,Benfica,Famalicão,ALL,Shots,Shots outside box,3,2,3,2
14288840,2025-12-22,Liga Portugal Betclic,Liga Portugal 25/26,15.0,Home,Famalicão,Benfica,Famalicão,ALL,Shots,Total shots,10,4,10,4
14288915,2025-12-28,Liga Portugal Betclic,Liga Portugal 25/26,16.0,Away,Sporting Braga,Sporting Braga,Benfica,1ST,Attack,Big chances missed,0,1,1,0
14288915,2025-12-28,Liga Portugal Betclic,Liga Portugal 25/26,16.0,Away,Sporting Braga,Sporting Braga,Benfica,1ST,Attack,Big chances scored,1,2,2,1
14288915,2025-12-28,Liga Portugal Betclic,Liga Portugal 25/26,16.0,Away,Sporting Braga,Sporting Braga,Benfica,1ST,Attack,Fouled in final third,1,2,2,1
14288915,2025-12-28,Liga Portugal Betclic,Liga Portugal 25/26,16.0,Away,Sporting Braga,Sporting Braga,Benfica,1ST,Attack,Offsides,0,0,0,0
14288915,2025-12-28,Liga Portugal Betclic,Liga Portugal 25/26,16.0,Away,Sporting Braga,Sporting Braga,Benfica,1ST,Defending,Clearances,2,4,4,2
14288915,2025-12-28,Liga Portugal Betclic,Liga Portugal 25/26,16.0,Away,Sporting Braga,Sporting Braga,Benfica,1ST,Defending,Interceptions,5,4,4,5
14288915,2025-12-28,Liga Portugal Betclic,Liga Portugal 25/26,16.0,Away,Sporting Braga,Sporting Braga,Benfica,1ST,Defending,Recoveries,17,19,19,17
14288915,2025-12-28,Liga Portugal Betclic,Liga Portugal 25/26,16.0,Away,Sporting Braga,Sporting Braga,Benfica,1ST,Defending,Tackles won,60%,100%,100%,60%
14288915,2025-12-28,Liga Portugal Betclic,Liga Portugal 25/26,16.0,Away,Sporting Braga,Sporting Braga,Benfica,1ST,Defending,Total tackles,5,2,2,5
14288915,2025-12-28,Liga Portugal Betclic,Liga Portugal 25/26,16.0,Away,Sporting Braga,Sporting Braga,Benfica,1ST,Duels,Aerial duels,3/11 (27%),8/11 (73%),8/11 (73%),3/11 (27%)
14288915,2025-12-28,Liga Portugal Betclic,Liga Portugal 25/26,16.0,Away,Sporting Braga,Sporting Braga,Benfica,1ST,Duels,Dispossessed,1,2,2,1
14288915,2025-12-28,Liga Portugal Betclic,Liga Portugal 25/26,16.0,Away,Sporting Braga,Sporting Braga,Benfica,1ST,Duels,Dribbles,2/3 (67%),3/6 (50%),3/6 (50%),2/3 (67%)
14288915,2025-12-28,Liga Portugal Betclic,Liga Portugal 25/26,16.0,Away,Sporting Braga,Sporting Braga,Benfica,1ST,Duels,Duels,52%,48%,48%,52%
14288915,2025-12-28,Liga Portugal Betclic,Liga Portugal 25/26,16.0,Away,Sporting Braga,Sporting Braga,Benfica,1ST,Duels,Ground duels,13/20 (65%),7/20 (35%),7/20 (35%),13/20 (65%)
14288915,2025-12-28,Liga Portugal Betclic,Liga Portugal 25/26,16.0,Away,Sporting Braga,Sporting Braga,Benfica,1ST,Goalkeeping,Goal kicks,2,2,2,2
14288915,2025-12-28,Liga Portugal Betclic,Liga Portugal 25/26,16.0,Away,Sporting Braga,Sporting Braga,Benfica,1ST,Goalkeeping,Total saves,1,0,0,1
14288915,2025-12-28,Liga Portugal Betclic,Liga Portugal 25/26,16.0,Away,Sporting Braga,Sporting Braga,Benfica,1ST,Match overview,Ball possession,43%,57%,57%,43%
14288915,2025-12-28,Liga Portugal Betclic,Liga Portugal 25/26,16.0,Away,Sporting Braga,Sporting Braga,Benfica,1ST,Match overview,Big chances,1,3,3,1
14288915,2025-12-28,Liga Portugal Betclic,Liga Portugal 25/26,16.0,Away,Sporting Braga,Sporting Braga,Benfica,1ST,Match overview,Corner kicks,0,1,1,0
14288915,2025-12-28,Liga Portugal Betclic,Liga Portugal 25/26,16.0,Away,Sporting Braga,Sporting Braga,Benfica,1ST,Match overview,Expected goals,0.17,1.55,1.55,0.17
14288915,2025-12-28,Liga Portugal Betclic,Liga Portugal 25/26,16.0,Away,Sporting Braga,Sporting Braga,Benfica,1ST,Match overview,Fouls,3,6,6,3
14288915,2025-12-28,Liga Portugal Betclic,Liga Portugal 25/26,16.0,Away,Sporting Braga,Sporting Braga,Benfica,1ST,Match overview,Free kicks,6,2,2,6
14288915,2025-12-28,Liga Portugal Betclic,Liga Portugal 25/26,16.0,Away,Sporting Braga,Sporting Braga,Benfica,1ST,Match overview,Goalkeeper saves,1,0,0,1
14288915,2025-12-28,Liga Portugal Betclic,Liga Portugal 25/26,16.0,Away,Sporting Braga,Sporting Braga,Benfica,1ST,Match overview,Passes,207,276,276,207
14288915,2025-12-28,Liga Portugal Betclic,Liga Portugal 25/26,16.0,Away,Sporting Braga,Sporting Braga,Benfica,1ST,Match overview,Red cards,0,0,0,0
14288915,2025-12-28,Liga Portugal Betclic,Liga Portugal 25/26,16.0,Away,Sporting Braga,Sporting Braga,Benfica,1ST,Match overview,Tackles,5,2,2,5
14288915,2025-12-28,Liga Portugal Betclic,Liga Portugal 25/26,16.0,Away,Sporting Braga,Sporting Braga,Benfica,1ST,Match overview,Total shots,3,8,8,3
14288915,2025-12-28,Liga Portugal Betclic,Liga Portugal 25/26,16.0,Away,Sporting Braga,Sporting Braga,Benfica,1ST,Match overview,Yellow cards,1,1,1,1
14288915,2025-12-28,Liga Portugal Betclic,Liga Portugal 25/26,16.0,Away,Sporting Braga,Sporting Braga,Benfica,1ST,Passes,Accurate passes,169,241,241,169
14288915,2025-12-28,Liga Portugal Betclic,Liga Portugal 25/26,16.0,Away,Sporting Braga,Sporting Braga,Benfica,1ST,Passes,Crosses,0/3 (0%),0/2 (0%),0/2 (0%),0/3 (0%)
14288915,2025-12-28,Liga Portugal Betclic,Liga Portugal 25/26,16.0,Away,Sporting Braga,Sporting Braga,Benfica,1ST,Passes,Final third entries,23,18,18,23
14288915,2025-12-28,Liga Portugal Betclic,Liga Portugal 25/26,16.0,Away,Sporting Braga,Sporting Braga,Benfica,1ST,Passes,Long balls,15/29 (52%),2/16 (13%),2/16 (13%),15/29 (52%)
14288915,2025-12-28,Liga Portugal Betclic,Liga Portugal 25/26,16.0,Away,Sporting Braga,Sporting Braga,Benfica,1ST,Passes,Throw-ins,8,11,11,8
14288915,2025-12-28,Liga Portugal Betclic,Liga Portugal 25/26,16.0,Away,Sporting Braga,Sporting Braga,Benfica,1ST,Shots,Blocked shots,0,3,3,0
14288915,2025-12-28,Liga Portugal Betclic,Liga Portugal 25/26,16.0,Away,Sporting Braga,Sporting Braga,Benfica,1ST,Shots,Hit woodwork,0,0,0,0
14288915,2025-12-28,Liga Portugal Betclic,Liga Portugal 25/26,16.0,Away,Sporting Braga,Sporting Braga,Benfica,1ST,Shots,Shots inside box,1,5,5,1
14288915,2025-12-28,Liga Portugal Betclic,Liga Portugal 25/26,16.0,Away,Sporting Braga,Sporting Braga,Benfica,1ST,Shots,Shots off target,2,2,2,2
14288915,2025-12-28,Liga Portugal Betclic,Liga Portugal 25/26,16.0,Away,Sporting Braga,Sporting Braga,Benfica,1ST,Shots,Shots on target,1,3,3,1
14288915,2025-12-28,Liga Portugal Betclic,Liga Portugal 25/26,16.0,Away,Sporting Braga,Sporting Braga,Benfica,1ST,Shots,Shots outside box,2,3,3,2
14288915,2025-12-28,Liga Portugal Betclic,Liga Portugal 25/26,16.0,Away,Sporting Braga,Sporting Braga,Benfica,1ST,Shots,Total shots,3,8,8,3
14288915,2025-12-28,Liga Portugal Betclic,Liga Portugal 25/26,16.0,Away,Sporting Braga,Sporting Braga,Benfica,2ND,Attack,Big chances missed,2,0,0,2
14288915,2025-12-28,Liga Portugal Betclic,Liga Portugal 25/26,16.0,Away,Sporting Braga,Sporting Braga,Benfica,2ND,Attack,Big chances scored,0,0,0,0
14288915,2025-12-28,Liga Portugal Betclic,Liga Portugal 25/26,16.0,Away,Sporting Braga,Sporting Braga,Benfica,2ND,Attack,Fouled in final third,0,0,0,0
14288915,2025-12-28,Liga Portugal Betclic,Liga Portugal 25/26,16.0,Away,Sporting Braga,Sporting Braga,Benfica,2ND,Attack,Offsides,1,1,1,1
14288915,2025-12-28,Liga Portugal Betclic,Liga Portugal 25/26,16.0,Away,Sporting Braga,Sporting Braga,Benfica,2ND,Defending,Clearances,5,8,8,5
14288915,2025-12-28,Liga Portugal Betclic,Liga Portugal 25/26,16.0,Away,Sporting Braga,Sporting Braga,Benfica,2ND,Defending,Interceptions,3,9,9,3
14288915,2025-12-28,Liga Portugal Betclic,Liga Portugal 25/26,16.0,Away,Sporting Braga,Sporting Braga,Benfica,2ND,Defending,Recoveries,26,20,20,26
14288915,2025-12-28,Liga Portugal Betclic,Liga Portugal 25/26,16.0,Away,Sporting Braga,Sporting Braga,Benfica,2ND,Defending,Tackles won,73%,50%,50%,73%
14288915,2025-12-28,Liga Portugal Betclic,Liga Portugal 25/26,16.0,Away,Sporting Braga,Sporting Braga,Benfica,2ND,Defending,Total tackles,11,8,8,11
14288915,2025-12-28,Liga Portugal Betclic,Liga Portugal 25/26,16.0,Away,Sporting Braga,Sporting Braga,Benfica,2ND,Duels,Aerial duels,16/22 (73%),6/22 (27%),6/22 (27%),16/22 (73%)
14288915,2025-12-28,Liga Portugal Betclic,Liga Portugal 25/26,16.0,Away,Sporting Braga,Sporting Braga,Benfica,2ND,Duels,Dispossessed,3,4,4,3
14288915,2025-12-28,Liga Portugal Betclic,Liga Portugal 25/26,16.0,Away,Sporting Braga,Sporting Braga,Benfica,2ND,Duels,Dribbles,7/12 (58%),7/14 (50%),7/14 (50%),7/12 (58%)
14288915,2025-12-28,Liga Portugal Betclic,Liga Portugal 25/26,16.0,Away,Sporting Braga,Sporting Braga,Benfica,2ND,Duels,Duels,62%,38%,38%,62%
14288915,2025-12-28,Liga Portugal Betclic,Liga Portugal 25/26,16.0,Away,Sporting Braga,Sporting Braga,Benfica,2ND,Duels,Ground duels,24/43 (56%),19/43 (44%),19/43 (44%),24/43 (56%)
14288915,2025-12-28,Liga Portugal Betclic,Liga Portugal 25/26,16.0,Away,Sporting Braga,Sporting Braga,Benfica,2ND,Goalkeeping,Goal kicks,0,7,7,0
14288915,2025-12-28,Liga Portugal Betclic,Liga Portugal 25/26,16.0,Away,Sporting Braga,Sporting Braga,Benfica,2ND,Goalkeeping,Total saves,0,4,4,0
14288915,2025-12-28,Liga Portugal Betclic,Liga Portugal 25/26,16.0,Away,Sporting Braga,Sporting Braga,Benfica,2ND,Match overview,Ball possession,58%,42%,42%,58%
14288915,2025-12-28,Liga Portugal Betclic,Liga Portugal 25/26,16.0,Away,Sporting Braga,Sporting Braga,Benfica,2ND,Match overview,Big chances,2,0,0,2
14288915,2025-12-28,Liga Portugal Betclic,Liga Portugal 25/26,16.0,Away,Sporting Braga,Sporting Braga,Benfica,2ND,Match overview,Corner kicks,5,0,0,5
14288915,2025-12-28,Liga Portugal Betclic,Liga Portugal 25/26,16.0,Away,Sporting Braga,Sporting Braga,Benfica,2ND,Match overview,Expected goals,1.05,0.15,0.15,1.05
14288915,2025-12-28,Liga Portugal Betclic,Liga Portugal 25/26,16.0,Away,Sporting Braga,Sporting Braga,Benfica,2ND,Match overview,Fouls,6,8,8,6
14288915,2025-12-28,Liga Portugal Betclic,Liga Portugal 25/26,16.0,Away,Sporting Braga,Sporting Braga,Benfica,2ND,Match overview,Free kicks,8,6,6,8
14288915,2025-12-28,Liga Portugal Betclic,Liga Portugal 25/26,16.0,Away,Sporting Braga,Sporting Braga,Benfica,2ND,Match overview,Goalkeeper saves,0,4,4,0
14288915,2025-12-28,Liga Portugal Betclic,Liga Portugal 25/26,16.0,Away,Sporting Braga,Sporting Braga,Benfica,2ND,Match overview,Passes,293,212,212,293
14288915,2025-12-28,Liga Portugal Betclic,Liga Portugal 25/26,16.0,Away,Sporting Braga,Sporting Braga,Benfica,2ND,Match overview,Red cards,0,1,1,0
14288915,2025-12-28,Liga Portugal Betclic,Liga Portugal 25/26,16.0,Away,Sporting Braga,Sporting Braga,Benfica,2ND,Match overview,Tackles,11,8,8,11
14288915,2025-12-28,Liga Portugal Betclic,Liga Portugal 25/26,16.0,Away,Sporting Braga,Sporting Braga,Benfica,2ND,Match overview,Total shots,11,3,3,11
14288915,2025-12-28,Liga Portugal Betclic,Liga Portugal 25/26,16.0,Away,Sporting Braga,Sporting Braga,Benfica,2ND,Match overview,Yellow cards,1,3,3,1
14288915,2025-12-28,Liga Portugal Betclic,Liga Portugal 25/26,16.0,Away,Sporting Braga,Sporting Braga,Benfica,2ND,Passes,Accurate passes,241,167,167,241
14288915,2025-12-28,Liga Portugal Betclic,Liga Portugal 25/26,16.0,Away,Sporting Braga,Sporting Braga,Benfica,2ND,Passes,Crosses,6/11 (55%),1/7 (14%),1/7 (14%),6/11 (55%)
14288915,2025-12-28,Liga Portugal Betclic,Liga Portugal 25/26,16.0,Away,Sporting Braga,Sporting Braga,Benfica,2ND,Passes,Final third entries,17,22,22,17
14288915,2025-12-28,Liga Portugal Betclic,Liga Portugal 25/26,16.0,Away,Sporting Braga,Sporting Braga,Benfica,2ND,Passes,Long balls,8/15 (53%),3/21 (14%),3/21 (14%),8/15 (53%)
14288915,2025-12-28,Liga Portugal Betclic,Liga Portugal 25/26,16.0,Away,Sporting Braga,Sporting Braga,Benfica,2ND,Passes,Throw-ins,11,9,9,11
14288915,2025-12-28,Liga Portugal Betclic,Liga Portugal 25/26,16.0,Away,Sporting Braga,Sporting Braga,Benfica,2ND,Shots,Blocked shots,1,1,1,1
14288915,2025-12-28,Liga Portugal Betclic,Liga Portugal 25/26,16.0,Away,Sporting Braga,Sporting Braga,Benfica,2ND,Shots,Hit woodwork,0,0,0,0
14288915,2025-12-28,Liga Portugal Betclic,Liga Portugal 25/26,16.0,Away,Sporting Braga,Sporting Braga,Benfica,2ND,Shots,Shots inside box,9,1,1,9
14288915,2025-12-28,Liga Portugal Betclic,Liga Portugal 25/26,16.0,Away,Sporting Braga,Sporting Braga,Benfica,2ND,Shots,Shots off target,5,2,2,5
14288915,2025-12-28,Liga Portugal Betclic,Liga Portugal 25/26,16.0,Away,Sporting Braga,Sporting Braga,Benfica,2ND,Shots,Shots on target,5,0,0,5
14288915,2025-12-28,Liga Portugal Betclic,Liga Portugal 25/26,16.0,Away,Sporting Braga,Sporting Braga,Benfica,2ND,Shots,Shots outside box,2,2,2,2
14288915,2025-12-28,Liga Portugal Betclic,Liga Portugal 25/26,16.0,Away,Sporting Braga,Sporting Braga,Benfica,2ND,Shots,Total shots,11,3,3,11
14288915,2025-12-28,Liga Portugal Betclic,Liga Portugal 25/26,16.0,Away,Sporting Braga,Sporting Braga,Benfica,ALL,Attack,Big chances missed,2,1,1,2
14288915,2025-12-28,Liga Portugal Betclic,Liga Portugal 25/26,16.0,Away,Sporting Braga,Sporting Braga,Benfica,ALL,Attack,Big chances scored,1,2,2,1
14288915,2025-12-28,Liga Portugal Betclic,Liga Portugal 25/26,16.0,Away,Sporting Braga,Sporting Braga,Benfica,ALL,Attack,Fouled in final third,1,2,2,1
14288915,2025-12-28,Liga Portugal Betclic,Liga Portugal 25/26,16.0,Away,Sporting Braga,Sporting Braga,Benfica,ALL,Attack,Offsides,1,1,1,1
14288915,2025-12-28,Liga Portugal Betclic,Liga Portugal 25/26,16.0,Away,Sporting Braga,Sporting Braga,Benfica,ALL,Attack,Touches in penalty area,22,15,15,22
14288915,2025-12-28,Liga Portugal Betclic,Liga Portugal 25/26,16.0,Away,Sporting Braga,Sporting Braga,Benfica,ALL,Defending,Clearances,7,12,12,7
14288915,2025-12-28,Liga Portugal Betclic,Liga Portugal 25/26,16.0,Away,Sporting Braga,Sporting Braga,Benfica,ALL,Defending,Errors lead to a goal,1,0,0,1
14288915,2025-12-28,Liga Portugal Betclic,Liga Portugal 25/26,16.0,Away,Sporting Braga,Sporting Braga,Benfica,ALL,Defending,Interceptions,8,13,13,8
14288915,2025-12-28,Liga Portugal Betclic,Liga Portugal 25/26,16.0,Away,Sporting Braga,Sporting Braga,Benfica,ALL,Defending,Recoveries,43,39,39,43
14288915,2025-12-28,Liga Portugal Betclic,Liga Portugal 25/26,16.0,Away,Sporting Braga,Sporting Braga,Benfica,ALL,Defending,Tackles won,69%,60%,60%,69%
14288915,2025-12-28,Liga Portugal Betclic,Liga Portugal 25/26,16.0,Away,Sporting Braga,Sporting Braga,Benfica,ALL,Defending,Total tackles,16,10,10,16
14288915,2025-12-28,Liga Portugal Betclic,Liga Portugal 25/26,16.0,Away,Sporting Braga,Sporting Braga,Benfica,ALL,Duels,Aerial duels,19/33 (58%),14/33 (42%),14/33 (42%),19/33 (58%)
14288915,2025-12-28,Liga Portugal Betclic,Liga Portugal 25/26,16.0,Away,Sporting Braga,Sporting Braga,Benfica,ALL,Duels,Dispossessed,4,6,6,4
14288915,2025-12-28,Liga Portugal Betclic,Liga Portugal 25/26,16.0,Away,Sporting Braga,Sporting Braga,Benfica,ALL,Duels,Dribbles,9/15 (60%),10/20 (50%),10/20 (50%),9/15 (60%)
14288915,2025-12-28,Liga Portugal Betclic,Liga Portugal 25/26,16.0,Away,Sporting Braga,Sporting Braga,Benfica,ALL,Duels,Duels,58%,42%,42%,58%
14288915,2025-12-28,Liga Portugal Betclic,Liga Portugal 25/26,16.0,Away,Sporting Braga,Sporting Braga,Benfica,ALL,Duels,Ground duels,37/63 (59%),26/63 (41%),26/63 (41%),37/63 (59%)
14288915,2025-12-28,Liga Portugal Betclic,Liga Portugal 25/26,16.0,Away,Sporting Braga,Sporting Braga,Benfica,ALL,Goalkeeping,Big saves,1,1,1,1
14288915,2025-12-28,Liga Portugal Betclic,Liga Portugal 25/26,16.0,Away,Sporting Braga,Sporting Braga,Benfica,ALL,Goalkeeping,Goal kicks,2,9,9,2
14288915,2025-12-28,Liga Portugal Betclic,Liga Portugal 25/26,16.0,Away,Sporting Braga,Sporting Braga,Benfica,ALL,Goalkeeping,Goals prevented,0.24,0.19,0.19,0.24
14288915,2025-12-28,Liga Portugal Betclic,Liga Portugal 25/26,16.0,Away,Sporting Braga,Sporting Braga,Benfica,ALL,Goalkeeping,High claims,0,1,1,0
14288915,2025-12-28,Liga Portugal Betclic,Liga Portugal 25/26,16.0,Away,Sporting Braga,Sporting Braga,Benfica,ALL,Goalkeeping,Punches,1,0,0,1
14288915,2025-12-28,Liga Portugal Betclic,Liga Portugal 25/26,16.0,Away,Sporting Braga,Sporting Braga,Benfica,ALL,Goalkeeping,Total saves,1,4,4,1
14288915,2025-12-28,Liga Portugal Betclic,Liga Portugal 25/26,16.0,Away,Sporting Braga,Sporting Braga,Benfica,ALL,Match overview,Ball possession,51%,49%,49%,51%
14288915,2025-12-28,Liga Portugal Betclic,Liga Portugal 25/26,16.0,Away,Sporting Braga,Sporting Braga,Benfica,ALL,Match overview,Big chances,3,3,3,3
14288915,2025-12-28,Liga Portugal Betclic,Liga Portugal 25/26,16.0,Away,Sporting Braga,Sporting Braga,Benfica,ALL,Match overview,Corner kicks,5,1,1,5
14288915,2025-12-28,Liga Portugal Betclic,Liga Portugal 25/26,16.0,Away,Sporting Braga,Sporting Braga,Benfica,ALL,Match overview,Distance covered,109.2 km,116.9 km,116.9 km,109.2 km
14288915,2025-12-28,Liga Portugal Betclic,Liga Portugal 25/26,16.0,Away,Sporting Braga,Sporting Braga,Benfica,ALL,Match overview,Expected goals,1.23,1.70,1.70,1.23
14288915,2025-12-28,Liga Portugal Betclic,Liga Portugal 25/26,16.0,Away,Sporting Braga,Sporting Braga,Benfica,ALL,Match overview,Fouls,9,14,14,9
14288915,2025-12-28,Liga Portugal Betclic,Liga Portugal 25/26,16.0,Away,Sporting Braga,Sporting Braga,Benfica,ALL,Match overview,Free kicks,14,8,8,14
14288915,2025-12-28,Liga Portugal Betclic,Liga Portugal 25/26,16.0,Away,Sporting Braga,Sporting Braga,Benfica,ALL,Match overview,Goalkeeper saves,1,4,4,1
14288915,2025-12-28,Liga Portugal Betclic,Liga Portugal 25/26,16.0,Away,Sporting Braga,Sporting Braga,Benfica,ALL,Match overview,Number of sprints,125,132,132,125
14288915,2025-12-28,Liga Portugal Betclic,Liga Portugal 25/26,16.0,Away,Sporting Braga,Sporting Braga,Benfica,ALL,Match overview,Passes,500,488,488,500
14288915,2025-12-28,Liga Portugal Betclic,Liga Portugal 25/26,16.0,Away,Sporting Braga,Sporting Braga,Benfica,ALL,Match overview,Red cards,0,1,1,0
14288915,2025-12-28,Liga Portugal Betclic,Liga Portugal 25/26,16.0,Away,Sporting Braga,Sporting Braga,Benfica,ALL,Match overview,Tackles,16,10,10,16
14288915,2025-12-28,Liga Portugal Betclic,Liga Portugal 25/26,16.0,Away,Sporting Braga,Sporting Braga,Benfica,ALL,Match overview,Total shots,14,11,11,14
14288915,2025-12-28,Liga Portugal Betclic,Liga Portugal 25/26,16.0,Away,Sporting Braga,Sporting Braga,Benfica,ALL,Match overview,Yellow cards,2,4,4,2
14288915,2025-12-28,Liga Portugal Betclic,Liga Portugal 25/26,16.0,Away,Sporting Braga,Sporting Braga,Benfica,ALL,Passes,Accurate passes,410,408,408,410
14288915,2025-12-28,Liga Portugal Betclic,Liga Portugal 25/26,16.0,Away,Sporting Braga,Sporting Braga,Benfica,ALL,Passes,Crosses,6/14 (43%),1/9 (11%),1/9 (11%),6/14 (43%)
14288915,2025-12-28,Liga Portugal Betclic,Liga Portugal 25/26,16.0,Away,Sporting Braga,Sporting Braga,Benfica,ALL,Passes,Final third entries,40,40,40,40
14288915,2025-12-28,Liga Portugal Betclic,Liga Portugal 25/26,16.0,Away,Sporting Braga,Sporting Braga,Benfica,ALL,Passes,Final third phase,101/133 (76%),76/107 (71%),76/107 (71%),101/133 (76%)
14288915,2025-12-28,Liga Portugal Betclic,Liga Portugal 25/26,16.0,Away,Sporting Braga,Sporting Braga,Benfica,ALL,Passes,Long balls,23/44 (52%),5/37 (14%),5/37 (14%),23/44 (52%)
14288915,2025-12-28,Liga Portugal Betclic,Liga Portugal 25/26,16.0,Away,Sporting Braga,Sporting Braga,Benfica,ALL,Passes,Throw-ins,19,20,20,19
14288915,2025-12-28,Liga Portugal Betclic,Liga Portugal 25/26,16.0,Away,Sporting Braga,Sporting Braga,Benfica,ALL,Shots,Blocked shots,1,4,4,1
14288915,2025-12-28,Liga Portugal Betclic,Liga Portugal 25/26,16.0,Away,Sporting Braga,Sporting Braga,Benfica,ALL,Shots,Hit woodwork,0,0,0,0
14288915,2025-12-28,Liga Portugal Betclic,Liga Portugal 25/26,16.0,Away,Sporting Braga,Sporting Braga,Benfica,ALL,Shots,Shots inside box,10,6,6,10
14288915,2025-12-28,Liga Portugal Betclic,Liga Portugal 25/26,16.0,Away,Sporting Braga,Sporting Braga,Benfica,ALL,Shots,Shots off target,7,4,4,7
14288915,2025-12-28,Liga Portugal Betclic,Liga Portugal 25/26,16.0,Away,Sporting Braga,Sporting Braga,Benfica,ALL,Shots,Shots on target,6,3,3,6
14288915,2025-12-28,Liga Portugal Betclic,Liga Portugal 25/26,16.0,Away,Sporting Braga,Sporting Braga,Benfica,ALL,Shots,Shots outside box,4,5,5,4
14288915,2025-12-28,Liga Portugal Betclic,Liga Portugal 25/26,16.0,Away,Sporting Braga,Sporting Braga,Benfica,ALL,Shots,Total shots,14,11,11,14
14288921,2026-01-03,Liga Portugal Betclic,Liga Portugal 25/26,17.0,Home,Estoril Praia,Benfica,Estoril Praia,1ST,Attack,Big chances missed,0,2,0,2
14288921,2026-01-03,Liga Portugal Betclic,Liga Portugal 25/26,17.0,Home,Estoril Praia,Benfica,Estoril Praia,1ST,Attack,Big chances scored,2,0,2,0
14288921,2026-01-03,Liga Portugal Betclic,Liga Portugal 25/26,17.0,Home,Estoril Praia,Benfica,Estoril Praia,1ST,Attack,Fouled in final third,1,0,1,0
14288921,2026-01-03,Liga Portugal Betclic,Liga Portugal 25/26,17.0,Home,Estoril Praia,Benfica,Estoril Praia,1ST,Attack,Offsides,0,0,0,0
14288921,2026-01-03,Liga Portugal Betclic,Liga Portugal 25/26,17.0,Home,Estoril Praia,Benfica,Estoril Praia,1ST,Attack,Through balls,1,0,1,0
14288921,2026-01-03,Liga Portugal Betclic,Liga Portugal 25/26,17.0,Home,Estoril Praia,Benfica,Estoril Praia,1ST,Defending,Clearances,3,13,3,13
14288921,2026-01-03,Liga Portugal Betclic,Liga Portugal 25/26,17.0,Home,Estoril Praia,Benfica,Estoril Praia,1ST,Defending,Interceptions,4,10,4,10
14288921,2026-01-03,Liga Portugal Betclic,Liga Portugal 25/26,17.0,Home,Estoril Praia,Benfica,Estoril Praia,1ST,Defending,Recoveries,26,24,26,24
14288921,2026-01-03,Liga Portugal Betclic,Liga Portugal 25/26,17.0,Home,Estoril Praia,Benfica,Estoril Praia,1ST,Defending,Tackles won,67%,71%,67%,71%
14288921,2026-01-03,Liga Portugal Betclic,Liga Portugal 25/26,17.0,Home,Estoril Praia,Benfica,Estoril Praia,1ST,Defending,Total tackles,12,7,12,7
14288921,2026-01-03,Liga Portugal Betclic,Liga Portugal 25/26,17.0,Home,Estoril Praia,Benfica,Estoril Praia,1ST,Duels,Aerial duels,5/11 (45%),6/11 (55%),5/11 (45%),6/11 (55%)
14288921,2026-01-03,Liga Portugal Betclic,Liga Portugal 25/26,17.0,Home,Estoril Praia,Benfica,Estoril Praia,1ST,Duels,Dispossessed,3,3,3,3
14288921,2026-01-03,Liga Portugal Betclic,Liga Portugal 25/26,17.0,Home,Estoril Praia,Benfica,Estoril Praia,1ST,Duels,Dribbles,5/9 (56%),7/16 (44%),5/9 (56%),7/16 (44%)
14288921,2026-01-03,Liga Portugal Betclic,Liga Portugal 25/26,17.0,Home,Estoril Praia,Benfica,Estoril Praia,1ST,Duels,Duels,56%,44%,56%,44%
14288921,2026-01-03,Liga Portugal Betclic,Liga Portugal 25/26,17.0,Home,Estoril Praia,Benfica,Estoril Praia,1ST,Duels,Ground duels,24/41 (59%),17/41 (41%),24/41 (59%),17/41 (41%)
14288921,2026-01-03,Liga Portugal Betclic,Liga Portugal 25/26,17.0,Home,Estoril Praia,Benfica,Estoril Praia,1ST,Goalkeeping,Goal kicks,1,4,1,4
14288921,2026-01-03,Liga Portugal Betclic,Liga Portugal 25/26,17.0,Home,Estoril Praia,Benfica,Estoril Praia,1ST,Goalkeeping,Total saves,2,0,2,0
14288921,2026-01-03,Liga Portugal Betclic,Liga Portugal 25/26,17.0,Home,Estoril Praia,Benfica,Estoril Praia,1ST,Match overview,Ball possession,64%,36%,64%,36%
14288921,2026-01-03,Liga Portugal Betclic,Liga Portugal 25/26,17.0,Home,Estoril Praia,Benfica,Estoril Praia,1ST,Match overview,Big chances,2,2,2,2
14288921,2026-01-03,Liga Portugal Betclic,Liga Portugal 25/26,17.0,Home,Estoril Praia,Benfica,Estoril Praia,1ST,Match overview,Corner kicks,5,2,5,2
14288921,2026-01-03,Liga Portugal Betclic,Liga Portugal 25/26,17.0,Home,Estoril Praia,Benfica,Estoril Praia,1ST,Match overview,Expected goals,1.64,0.52,1.64,0.52
14288921,2026-01-03,Liga Portugal Betclic,Liga Portugal 25/26,17.0,Home,Estoril Praia,Benfica,Estoril Praia,1ST,Match overview,Fouls,3,9,3,9
14288921,2026-01-03,Liga Portugal Betclic,Liga Portugal 25/26,17.0,Home,Estoril Praia,Benfica,Estoril Praia,1ST,Match overview,Free kicks,8,3,8,3
14288921,2026-01-03,Liga Portugal Betclic,Liga Portugal 25/26,17.0,Home,Estoril Praia,Benfica,Estoril Praia,1ST,Match overview,Goalkeeper saves,2,0,2,0
14288921,2026-01-03,Liga Portugal Betclic,Liga Portugal 25/26,17.0,Home,Estoril Praia,Benfica,Estoril Praia,1ST,Match overview,Passes,259,147,259,147
14288921,2026-01-03,Liga Portugal Betclic,Liga Portugal 25/26,17.0,Home,Estoril Praia,Benfica,Estoril Praia,1ST,Match overview,Tackles,12,7,12,7
14288921,2026-01-03,Liga Portugal Betclic,Liga Portugal 25/26,17.0,Home,Estoril Praia,Benfica,Estoril Praia,1ST,Match overview,Total shots,12,6,12,6
14288921,2026-01-03,Liga Portugal Betclic,Liga Portugal 25/26,17.0,Home,Estoril Praia,Benfica,Estoril Praia,1ST,Match overview,Yellow cards,0,0,0,0
14288921,2026-01-03,Liga Portugal Betclic,Liga Portugal 25/26,17.0,Home,Estoril Praia,Benfica,Estoril Praia,1ST,Passes,Accurate passes,225,123,225,123
14288921,2026-01-03,Liga Portugal Betclic,Liga Portugal 25/26,17.0,Home,Estoril Praia,Benfica,Estoril Praia,1ST,Passes,Crosses,3/11 (27%),1/5 (20%),3/11 (27%),1/5 (20%)
14288921,2026-01-03,Liga Portugal Betclic,Liga Portugal 25/26,17.0,Home,Estoril Praia,Benfica,Estoril Praia,1ST,Passes,Final third entries,26,17,26,17
14288921,2026-01-03,Liga Portugal Betclic,Liga Portugal 25/26,17.0,Home,Estoril Praia,Benfica,Estoril Praia,1ST,Passes,Long balls,12/20 (60%),8/15 (53%),12/20 (60%),8/15 (53%)
14288921,2026-01-03,Liga Portugal Betclic,Liga Portugal 25/26,17.0,Home,Estoril Praia,Benfica,Estoril Praia,1ST,Passes,Throw-ins,4,2,4,2
14288921,2026-01-03,Liga Portugal Betclic,Liga Portugal 25/26,17.0,Home,Estoril Praia,Benfica,Estoril Praia,1ST,Shots,Blocked shots,7,2,7,2
14288921,2026-01-03,Liga Portugal Betclic,Liga Portugal 25/26,17.0,Home,Estoril Praia,Benfica,Estoril Praia,1ST,Shots,Hit woodwork,0,0,0,0
14288921,2026-01-03,Liga Portugal Betclic,Liga Portugal 25/26,17.0,Home,Estoril Praia,Benfica,Estoril Praia,1ST,Shots,Shots inside box,9,5,9,5
14288921,2026-01-03,Liga Portugal Betclic,Liga Portugal 25/26,17.0,Home,Estoril Praia,Benfica,Estoril Praia,1ST,Shots,Shots off target,3,1,3,1
14288921,2026-01-03,Liga Portugal Betclic,Liga Portugal 25/26,17.0,Home,Estoril Praia,Benfica,Estoril Praia,1ST,Shots,Shots on target,2,3,2,3
14288921,2026-01-03,Liga Portugal Betclic,Liga Portugal 25/26,17.0,Home,Estoril Praia,Benfica,Estoril Praia,1ST,Shots,Shots outside box,3,1,3,1
14288921,2026-01-03,Liga Portugal Betclic,Liga Portugal 25/26,17.0,Home,Estoril Praia,Benfica,Estoril Praia,1ST,Shots,Total shots,12,6,12,6
14288921,2026-01-03,Liga Portugal Betclic,Liga Portugal 25/26,17.0,Home,Estoril Praia,Benfica,Estoril Praia,2ND,Attack,Big chances missed,0,0,0,0
14288921,2026-01-03,Liga Portugal Betclic,Liga Portugal 25/26,17.0,Home,Estoril Praia,Benfica,Estoril Praia,2ND,Attack,Big chances scored,1,0,1,0
14288921,2026-01-03,Liga Portugal Betclic,Liga Portugal 25/26,17.0,Home,Estoril Praia,Benfica,Estoril Praia,2ND,Attack,Fouled in final third,2,1,2,1
14288921,2026-01-03,Liga Portugal Betclic,Liga Portugal 25/26,17.0,Home,Estoril Praia,Benfica,Estoril Praia,2ND,Attack,Offsides,2,0,2,0
14288921,2026-01-03,Liga Portugal Betclic,Liga Portugal 25/26,17.0,Home,Estoril Praia,Benfica,Estoril Praia,2ND,Attack,Through balls,0,0,0,0
14288921,2026-01-03,Liga Portugal Betclic,Liga Portugal 25/26,17.0,Home,Estoril Praia,Benfica,Estoril Praia,2ND,Defending,Clearances,10,14,10,14
14288921,2026-01-03,Liga Portugal Betclic,Liga Portugal 25/26,17.0,Home,Estoril Praia,Benfica,Estoril Praia,2ND,Defending,Interceptions,4,4,4,4
14288921,2026-01-03,Liga Portugal Betclic,Liga Portugal 25/26,17.0,Home,Estoril Praia,Benfica,Estoril Praia,2ND,Defending,Recoveries,23,18,23,18
14288921,2026-01-03,Liga Portugal Betclic,Liga Portugal 25/26,17.0,Home,Estoril Praia,Benfica,Estoril Praia,2ND,Defending,Tackles won,75%,63%,75%,63%
14288921,2026-01-03,Liga Portugal Betclic,Liga Portugal 25/26,17.0,Home,Estoril Praia,Benfica,Estoril Praia,2ND,Defending,Total tackles,8,8,8,8
14288921,2026-01-03,Liga Portugal Betclic,Liga Portugal 25/26,17.0,Home,Estoril Praia,Benfica,Estoril Praia,2ND,Duels,Aerial duels,8/17 (47%),9/17 (53%),8/17 (47%),9/17 (53%)
14288921,2026-01-03,Liga Portugal Betclic,Liga Portugal 25/26,17.0,Home,Estoril Praia,Benfica,Estoril Praia,2ND,Duels,Dispossessed,2,1,2,1
14288921,2026-01-03,Liga Portugal Betclic,Liga Portugal 25/26,17.0,Home,Estoril Praia,Benfica,Estoril Praia,2ND,Duels,Dribbles,6/12 (50%),5/12 (42%),6/12 (50%),5/12 (42%)
14288921,2026-01-03,Liga Portugal Betclic,Liga Portugal 25/26,17.0,Home,Estoril Praia,Benfica,Estoril Praia,2ND,Duels,Duels,47%,53%,47%,53%
14288921,2026-01-03,Liga Portugal Betclic,Liga Portugal 25/26,17.0,Home,Estoril Praia,Benfica,Estoril Praia,2ND,Duels,Ground duels,20/42 (48%),22/42 (52%),20/42 (48%),22/42 (52%)
14288921,2026-01-03,Liga Portugal Betclic,Liga Portugal 25/26,17.0,Home,Estoril Praia,Benfica,Estoril Praia,2ND,Goalkeeping,Goal kicks,5,4,5,4
14288921,2026-01-03,Liga Portugal Betclic,Liga Portugal 25/26,17.0,Home,Estoril Praia,Benfica,Estoril Praia,2ND,Goalkeeping,Total saves,1,0,1,0
14288921,2026-01-03,Liga Portugal Betclic,Liga Portugal 25/26,17.0,Home,Estoril Praia,Benfica,Estoril Praia,2ND,Match overview,Ball possession,38%,62%,38%,62%
14288921,2026-01-03,Liga Portugal Betclic,Liga Portugal 25/26,17.0,Home,Estoril Praia,Benfica,Estoril Praia,2ND,Match overview,Big chances,1,0,1,0
14288921,2026-01-03,Liga Portugal Betclic,Liga Portugal 25/26,17.0,Home,Estoril Praia,Benfica,Estoril Praia,2ND,Match overview,Corner kicks,2,1,2,1
14288921,2026-01-03,Liga Portugal Betclic,Liga Portugal 25/26,17.0,Home,Estoril Praia,Benfica,Estoril Praia,2ND,Match overview,Expected goals,0.63,0.18,0.63,0.18
14288921,2026-01-03,Liga Portugal Betclic,Liga Portugal 25/26,17.0,Home,Estoril Praia,Benfica,Estoril Praia,2ND,Match overview,Fouls,9,6,9,6
14288921,2026-01-03,Liga Portugal Betclic,Liga Portugal 25/26,17.0,Home,Estoril Praia,Benfica,Estoril Praia,2ND,Match overview,Free kicks,6,9,6,9
14288921,2026-01-03,Liga Portugal Betclic,Liga Portugal 25/26,17.0,Home,Estoril Praia,Benfica,Estoril Praia,2ND,Match overview,Goalkeeper saves,1,0,1,0
14288921,2026-01-03,Liga Portugal Betclic,Liga Portugal 25/26,17.0,Home,Estoril Praia,Benfica,Estoril Praia,2ND,Match overview,Passes,156,256,156,256
14288921,2026-01-03,Liga Portugal Betclic,Liga Portugal 25/26,17.0,Home,Estoril Praia,Benfica,Estoril Praia,2ND,Match overview,Tackles,8,8,8,8
14288921,2026-01-03,Liga Portugal Betclic,Liga Portugal 25/26,17.0,Home,Estoril Praia,Benfica,Estoril Praia,2ND,Match overview,Total shots,8,3,8,3
14288921,2026-01-03,Liga Portugal Betclic,Liga Portugal 25/26,17.0,Home,Estoril Praia,Benfica,Estoril Praia,2ND,Match overview,Yellow cards,0,2,0,2
14288921,2026-01-03,Liga Portugal Betclic,Liga Portugal 25/26,17.0,Home,Estoril Praia,Benfica,Estoril Praia,2ND,Passes,Accurate passes,113,213,113,213
14288921,2026-01-03,Liga Portugal Betclic,Liga Portugal 25/26,17.0,Home,Estoril Praia,Benfica,Estoril Praia,2ND,Passes,Crosses,1/4 (25%),0/4 (0%),1/4 (25%),0/4 (0%)
14288921,2026-01-03,Liga Portugal Betclic,Liga Portugal 25/26,17.0,Home,Estoril Praia,Benfica,Estoril Praia,2ND,Passes,Final third entries,23,25,23,25
14288921,2026-01-03,Liga Portugal Betclic,Liga Portugal 25/26,17.0,Home,Estoril Praia,Benfica,Estoril Praia,2ND,Passes,Long balls,7/22 (32%),11/25 (44%),7/22 (32%),11/25 (44%)
14288921,2026-01-03,Liga Portugal Betclic,Liga Portugal 25/26,17.0,Home,Estoril Praia,Benfica,Estoril Praia,2ND,Passes,Throw-ins,7,8,7,8
14288921,2026-01-03,Liga Portugal Betclic,Liga Portugal 25/26,17.0,Home,Estoril Praia,Benfica,Estoril Praia,2ND,Shots,Blocked shots,3,0,3,0
14288921,2026-01-03,Liga Portugal Betclic,Liga Portugal 25/26,17.0,Home,Estoril Praia,Benfica,Estoril Praia,2ND,Shots,Hit woodwork,0,0,0,0
14288921,2026-01-03,Liga Portugal Betclic,Liga Portugal 25/26,17.0,Home,Estoril Praia,Benfica,Estoril Praia,2ND,Shots,Shots inside box,4,1,4,1
14288921,2026-01-03,Liga Portugal Betclic,Liga Portugal 25/26,17.0,Home,Estoril Praia,Benfica,Estoril Praia,2ND,Shots,Shots off target,4,2,4,2
14288921,2026-01-03,Liga Portugal Betclic,Liga Portugal 25/26,17.0,Home,Estoril Praia,Benfica,Estoril Praia,2ND,Shots,Shots on target,1,1,1,1
14288921,2026-01-03,Liga Portugal Betclic,Liga Portugal 25/26,17.0,Home,Estoril Praia,Benfica,Estoril Praia,2ND,Shots,Shots outside box,4,2,4,2
14288921,2026-01-03,Liga Portugal Betclic,Liga Portugal 25/26,17.0,Home,Estoril Praia,Benfica,Estoril Praia,2ND,Shots,Total shots,8,3,8,3
14288921,2026-01-03,Liga Portugal Betclic,Liga Portugal 25/26,17.0,Home,Estoril Praia,Benfica,Estoril Praia,ALL,Attack,Big chances missed,0,2,0,2
14288921,2026-01-03,Liga Portugal Betclic,Liga Portugal 25/26,17.0,Home,Estoril Praia,Benfica,Estoril Praia,ALL,Attack,Big chances scored,3,0,3,0
14288921,2026-01-03,Liga Portugal Betclic,Liga Portugal 25/26,17.0,Home,Estoril Praia,Benfica,Estoril Praia,ALL,Attack,Fouled in final third,3,1,3,1
14288921,2026-01-03,Liga Portugal Betclic,Liga Portugal 25/26,17.0,Home,Estoril Praia,Benfica,Estoril Praia,ALL,Attack,Offsides,2,0,2,0
14288921,2026-01-03,Liga Portugal Betclic,Liga Portugal 25/26,17.0,Home,Estoril Praia,Benfica,Estoril Praia,ALL,Attack,Through balls,1,0,1,0
14288921,2026-01-03,Liga Portugal Betclic,Liga Portugal 25/26,17.0,Home,Estoril Praia,Benfica,Estoril Praia,ALL,Attack,Touches in penalty area,29,18,29,18
14288921,2026-01-03,Liga Portugal Betclic,Liga Portugal 25/26,17.0,Home,Estoril Praia,Benfica,Estoril Praia,ALL,Defending,Clearances,13,27,13,27
14288921,2026-01-03,Liga Portugal Betclic,Liga Portugal 25/26,17.0,Home,Estoril Praia,Benfica,Estoril Praia,ALL,Defending,Errors lead to a goal,0,2,0,2
14288921,2026-01-03,Liga Portugal Betclic,Liga Portugal 25/26,17.0,Home,Estoril Praia,Benfica,Estoril Praia,ALL,Defending,Errors lead to a shot,1,1,1,1
14288921,2026-01-03,Liga Portugal Betclic,Liga Portugal 25/26,17.0,Home,Estoril Praia,Benfica,Estoril Praia,ALL,Defending,Interceptions,8,14,8,14
14288921,2026-01-03,Liga Portugal Betclic,Liga Portugal 25/26,17.0,Home,Estoril Praia,Benfica,Estoril Praia,ALL,Defending,Recoveries,49,42,49,42
14288921,2026-01-03,Liga Portugal Betclic,Liga Portugal 25/26,17.0,Home,Estoril Praia,Benfica,Estoril Praia,ALL,Defending,Tackles won,70%,67%,70%,67%
14288921,2026-01-03,Liga Portugal Betclic,Liga Portugal 25/26,17.0,Home,Estoril Praia,Benfica,Estoril Praia,ALL,Defending,Total tackles,20,15,20,15
14288921,2026-01-03,Liga Portugal Betclic,Liga Portugal 25/26,17.0,Home,Estoril Praia,Benfica,Estoril Praia,ALL,Duels,Aerial duels,13/28 (46%),15/28 (54%),13/28 (46%),15/28 (54%)
14288921,2026-01-03,Liga Portugal Betclic,Liga Portugal 25/26,17.0,Home,Estoril Praia,Benfica,Estoril Praia,ALL,Duels,Dispossessed,5,4,5,4
14288921,2026-01-03,Liga Portugal Betclic,Liga Portugal 25/26,17.0,Home,Estoril Praia,Benfica,Estoril Praia,ALL,Duels,Dribbles,11/21 (52%),12/28 (43%),11/21 (52%),12/28 (43%)
14288921,2026-01-03,Liga Portugal Betclic,Liga Portugal 25/26,17.0,Home,Estoril Praia,Benfica,Estoril Praia,ALL,Duels,Duels,51%,49%,51%,49%
14288921,2026-01-03,Liga Portugal Betclic,Liga Portugal 25/26,17.0,Home,Estoril Praia,Benfica,Estoril Praia,ALL,Duels,Ground duels,44/83 (53%),39/83 (47%),44/83 (53%),39/83 (47%)
14288921,2026-01-03,Liga Portugal Betclic,Liga Portugal 25/26,17.0,Home,Estoril Praia,Benfica,Estoril Praia,ALL,Goalkeeping,Goal kicks,6,8,6,8
14288921,2026-01-03,Liga Portugal Betclic,Liga Portugal 25/26,17.0,Home,Estoril Praia,Benfica,Estoril Praia,ALL,Goalkeeping,Goals prevented,0.69,-1.12,0.69,-1.12
14288921,2026-01-03,Liga Portugal Betclic,Liga Portugal 25/26,17.0,Home,Estoril Praia,Benfica,Estoril Praia,ALL,Goalkeeping,Punches,1,0,1,0
14288921,2026-01-03,Liga Portugal Betclic,Liga Portugal 25/26,17.0,Home,Estoril Praia,Benfica,Estoril Praia,ALL,Goalkeeping,Total saves,3,0,3,0
14288921,2026-01-03,Liga Portugal Betclic,Liga Portugal 25/26,17.0,Home,Estoril Praia,Benfica,Estoril Praia,ALL,Match overview,Ball possession,51%,49%,51%,49%
14288921,2026-01-03,Liga Portugal Betclic,Liga Portugal 25/26,17.0,Home,Estoril Praia,Benfica,Estoril Praia,ALL,Match overview,Big chances,3,2,3,2
14288921,2026-01-03,Liga Portugal Betclic,Liga Portugal 25/26,17.0,Home,Estoril Praia,Benfica,Estoril Praia,ALL,Match overview,Corner kicks,7,3,7,3
14288921,2026-01-03,Liga Portugal Betclic,Liga Portugal 25/26,17.0,Home,Estoril Praia,Benfica,Estoril Praia,ALL,Match overview,Expected goals,2.27,0.71,2.27,0.71
14288921,2026-01-03,Liga Portugal Betclic,Liga Portugal 25/26,17.0,Home,Estoril Praia,Benfica,Estoril Praia,ALL,Match overview,Fouls,12,15,12,15
14288921,2026-01-03,Liga Portugal Betclic,Liga Portugal 25/26,17.0,Home,Estoril Praia,Benfica,Estoril Praia,ALL,Match overview,Free kicks,14,12,14,12
14288921,2026-01-03,Liga Portugal Betclic,Liga Portugal 25/26,17.0,Home,Estoril Praia,Benfica,Estoril Praia,ALL,Match overview,Goalkeeper saves,3,0,3,0
14288921,2026-01-03,Liga Portugal Betclic,Liga Portugal 25/26,17.0,Home,Estoril Praia,Benfica,Estoril Praia,ALL,Match overview,Passes,415,403,415,403
14288921,2026-01-03,Liga Portugal Betclic,Liga Portugal 25/26,17.0,Home,Estoril Praia,Benfica,Estoril Praia,ALL,Match overview,Tackles,20,15,20,15
14288921,2026-01-03,Liga Portugal Betclic,Liga Portugal 25/26,17.0,Home,Estoril Praia,Benfica,Estoril Praia,ALL,Match overview,Total shots,20,9,20,9
14288921,2026-01-03,Liga Portugal Betclic,Liga Portugal 25/26,17.0,Home,Estoril Praia,Benfica,Estoril Praia,ALL,Match overview,Yellow cards,0,2,0,2
14288921,2026-01-03,Liga Portugal Betclic,Liga Portugal 25/26,17.0,Home,Estoril Praia,Benfica,Estoril Praia,ALL,Passes,Accurate passes,338,336,338,336
14288921,2026-01-03,Liga Portugal Betclic,Liga Portugal 25/26,17.0,Home,Estoril Praia,Benfica,Estoril Praia,ALL,Passes,Crosses,4/15 (27%),1/9 (11%),4/15 (27%),1/9 (11%)
14288921,2026-01-03,Liga Portugal Betclic,Liga Portugal 25/26,17.0,Home,Estoril Praia,Benfica,Estoril Praia,ALL,Passes,Final third entries,49,42,49,42
14288921,2026-01-03,Liga Portugal Betclic,Liga Portugal 25/26,17.0,Home,Estoril Praia,Benfica,Estoril Praia,ALL,Passes,Final third phase,81/124 (65%),53/80 (66%),81/124 (65%),53/80 (66%)
14288921,2026-01-03,Liga Portugal Betclic,Liga Portugal 25/26,17.0,Home,Estoril Praia,Benfica,Estoril Praia,ALL,Passes,Long balls,19/42 (45%),19/40 (48%),19/42 (45%),19/40 (48%)
14288921,2026-01-03,Liga Portugal Betclic,Liga Portugal 25/26,17.0,Home,Estoril Praia,Benfica,Estoril Praia,ALL,Passes,Throw-ins,11,10,11,10
14288921,2026-01-03,Liga Portugal Betclic,Liga Portugal 25/26,17.0,Home,Estoril Praia,Benfica,Estoril Praia,ALL,Shots,Blocked shots,10,2,10,2
14288921,2026-01-03,Liga Portugal Betclic,Liga Portugal 25/26,17.0,Home,Estoril Praia,Benfica,Estoril Praia,ALL,Shots,Hit woodwork,0,0,0,0
14288921,2026-01-03,Liga Portugal Betclic,Liga Portugal 25/26,17.0,Home,Estoril Praia,Benfica,Estoril Praia,ALL,Shots,Shots inside box,13,6,13,6
14288921,2026-01-03,Liga Portugal Betclic,Liga Portugal 25/26,17.0,Home,Estoril Praia,Benfica,Estoril Praia,ALL,Shots,Shots off target,7,3,7,3
14288921,2026-01-03,Liga Portugal Betclic,Liga Portugal 25/26,17.0,Home,Estoril Praia,Benfica,Estoril Praia,ALL,Shots,Shots on target,3,4,3,4
14288921,2026-01-03,Liga Portugal Betclic,Liga Portugal 25/26,17.0,Home,Estoril Praia,Benfica,Estoril Praia,ALL,Shots,Shots outside box,7,3,7,3
14288921,2026-01-03,Liga Portugal Betclic,Liga Portugal 25/26,17.0,Home,Estoril Praia,Benfica,Estoril Praia,ALL,Shots,Total shots,20,9,20,9
15014414,2026-01-07,Taca da Liga,League Cup 25/26,28.0,Home,Sporting Braga,Benfica,Sporting Braga,1ST,Attack,Big chances missed,1,0,1,0
15014414,2026-01-07,Taca da Liga,League Cup 25/26,28.0,Home,Sporting Braga,Benfica,Sporting Braga,1ST,Attack,Big chances scored,0,2,0,2
15014414,2026-01-07,Taca da Liga,League Cup 25/26,28.0,Home,Sporting Braga,Benfica,Sporting Braga,1ST,Attack,Fouled in final third,0,1,0,1
15014414,2026-01-07,Taca da Liga,League Cup 25/26,28.0,Home,Sporting Braga,Benfica,Sporting Braga,1ST,Attack,Offsides,1,0,1,0
15014414,2026-01-07,Taca da Liga,League Cup 25/26,28.0,Home,Sporting Braga,Benfica,Sporting Braga,1ST,Defending,Clearances,4,7,4,7
15014414,2026-01-07,Taca da Liga,League Cup 25/26,28.0,Home,Sporting Braga,Benfica,Sporting Braga,1ST,Defending,Interceptions,2,8,2,8
15014414,2026-01-07,Taca da Liga,League Cup 25/26,28.0,Home,Sporting Braga,Benfica,Sporting Braga,1ST,Defending,Recoveries,31,35,31,35
15014414,2026-01-07,Taca da Liga,League Cup 25/26,28.0,Home,Sporting Braga,Benfica,Sporting Braga,1ST,Defending,Tackles won,73%,83%,73%,83%
15014414,2026-01-07,Taca da Liga,League Cup 25/26,28.0,Home,Sporting Braga,Benfica,Sporting Braga,1ST,Defending,Total tackles,11,12,11,12
15014414,2026-01-07,Taca da Liga,League Cup 25/26,28.0,Home,Sporting Braga,Benfica,Sporting Braga,1ST,Duels,Aerial duels,3/7 (43%),4/7 (57%),3/7 (43%),4/7 (57%)
15014414,2026-01-07,Taca da Liga,League Cup 25/26,28.0,Home,Sporting Braga,Benfica,Sporting Braga,1ST,Duels,Dispossessed,9,10,9,10
15014414,2026-01-07,Taca da Liga,League Cup 25/26,28.0,Home,Sporting Braga,Benfica,Sporting Braga,1ST,Duels,Dribbles,2/5 (40%),8/9 (89%),2/5 (40%),8/9 (89%)
15014414,2026-01-07,Taca da Liga,League Cup 25/26,28.0,Home,Sporting Braga,Benfica,Sporting Braga,1ST,Duels,Duels,37%,63%,37%,63%
15014414,2026-01-07,Taca da Liga,League Cup 25/26,28.0,Home,Sporting Braga,Benfica,Sporting Braga,1ST,Duels,Ground duels,16/45 (36%),29/45 (64%),16/45 (36%),29/45 (64%)
15014414,2026-01-07,Taca da Liga,League Cup 25/26,28.0,Home,Sporting Braga,Benfica,Sporting Braga,1ST,Goalkeeping,Goal kicks,2,2,2,2
15014414,2026-01-07,Taca da Liga,League Cup 25/26,28.0,Home,Sporting Braga,Benfica,Sporting Braga,1ST,Goalkeeping,Total saves,0,2,0,2
15014414,2026-01-07,Taca da Liga,League Cup 25/26,28.0,Home,Sporting Braga,Benfica,Sporting Braga,1ST,Match overview,Ball possession,50%,50%,50%,50%
15014414,2026-01-07,Taca da Liga,League Cup 25/26,28.0,Home,Sporting Braga,Benfica,Sporting Braga,1ST,Match overview,Big chances,1,2,1,2
15014414,2026-01-07,Taca da Liga,League Cup 25/26,28.0,Home,Sporting Braga,Benfica,Sporting Braga,1ST,Match overview,Corner kicks,0,0,0,0
15014414,2026-01-07,Taca da Liga,League Cup 25/26,28.0,Home,Sporting Braga,Benfica,Sporting Braga,1ST,Match overview,Fouls,9,4,9,4
15014414,2026-01-07,Taca da Liga,League Cup 25/26,28.0,Home,Sporting Braga,Benfica,Sporting Braga,1ST,Match overview,Free kicks,4,9,4,9
15014414,2026-01-07,Taca da Liga,League Cup 25/26,28.0,Home,Sporting Braga,Benfica,Sporting Braga,1ST,Match overview,Goalkeeper saves,0,2,0,2
15014414,2026-01-07,Taca da Liga,League Cup 25/26,28.0,Home,Sporting Braga,Benfica,Sporting Braga,1ST,Match overview,Passes,284,289,284,289
15014414,2026-01-07,Taca da Liga,League Cup 25/26,28.0,Home,Sporting Braga,Benfica,Sporting Braga,1ST,Match overview,Red cards,0,0,0,0
15014414,2026-01-07,Taca da Liga,League Cup 25/26,28.0,Home,Sporting Braga,Benfica,Sporting Braga,1ST,Match overview,Tackles,11,12,11,12
15014414,2026-01-07,Taca da Liga,League Cup 25/26,28.0,Home,Sporting Braga,Benfica,Sporting Braga,1ST,Match overview,Total shots,7,4,7,4
15014414,2026-01-07,Taca da Liga,League Cup 25/26,28.0,Home,Sporting Braga,Benfica,Sporting Braga,1ST,Match overview,Yellow cards,1,1,1,1
15014414,2026-01-07,Taca da Liga,League Cup 25/26,28.0,Home,Sporting Braga,Benfica,Sporting Braga,1ST,Passes,Accurate passes,249,246,249,246
15014414,2026-01-07,Taca da Liga,League Cup 25/26,28.0,Home,Sporting Braga,Benfica,Sporting Braga,1ST,Passes,Crosses,2/5 (40%),0/0 (0%),2/5 (40%),0/0 (0%)
15014414,2026-01-07,Taca da Liga,League Cup 25/26,28.0,Home,Sporting Braga,Benfica,Sporting Braga,1ST,Passes,Final third entries,22,21,22,21
15014414,2026-01-07,Taca da Liga,League Cup 25/26,28.0,Home,Sporting Braga,Benfica,Sporting Braga,1ST,Passes,Long balls,7/16 (44%),12/28 (43%),7/16 (44%),12/28 (43%)
15014414,2026-01-07,Taca da Liga,League Cup 25/26,28.0,Home,Sporting Braga,Benfica,Sporting Braga,1ST,Passes,Throw-ins,6,8,6,8
15014414,2026-01-07,Taca da Liga,League Cup 25/26,28.0,Home,Sporting Braga,Benfica,Sporting Braga,1ST,Shots,Blocked shots,2,1,2,1
15014414,2026-01-07,Taca da Liga,League Cup 25/26,28.0,Home,Sporting Braga,Benfica,Sporting Braga,1ST,Shots,Hit woodwork,0,0,0,0
15014414,2026-01-07,Taca da Liga,League Cup 25/26,28.0,Home,Sporting Braga,Benfica,Sporting Braga,1ST,Shots,Shots inside box,3,3,3,3
15014414,2026-01-07,Taca da Liga,League Cup 25/26,28.0,Home,Sporting Braga,Benfica,Sporting Braga,1ST,Shots,Shots off target,3,1,3,1
15014414,2026-01-07,Taca da Liga,League Cup 25/26,28.0,Home,Sporting Braga,Benfica,Sporting Braga,1ST,Shots,Shots on target,2,2,2,2
15014414,2026-01-07,Taca da Liga,League Cup 25/26,28.0,Home,Sporting Braga,Benfica,Sporting Braga,1ST,Shots,Shots outside box,4,1,4,1
15014414,2026-01-07,Taca da Liga,League Cup 25/26,28.0,Home,Sporting Braga,Benfica,Sporting Braga,1ST,Shots,Total shots,7,4,7,4
15014414,2026-01-07,Taca da Liga,League Cup 25/26,28.0,Home,Sporting Braga,Benfica,Sporting Braga,2ND,Attack,Big chances missed,0,2,0,2
15014414,2026-01-07,Taca da Liga,League Cup 25/26,28.0,Home,Sporting Braga,Benfica,Sporting Braga,2ND,Attack,Big chances scored,1,1,1,1
15014414,2026-01-07,Taca da Liga,League Cup 25/26,28.0,Home,Sporting Braga,Benfica,Sporting Braga,2ND,Attack,Fouled in final third,2,1,2,1
15014414,2026-01-07,Taca da Liga,League Cup 25/26,28.0,Home,Sporting Braga,Benfica,Sporting Braga,2ND,Attack,Offsides,4,0,4,0
15014414,2026-01-07,Taca da Liga,League Cup 25/26,28.0,Home,Sporting Braga,Benfica,Sporting Braga,2ND,Defending,Clearances,6,19,6,19
15014414,2026-01-07,Taca da Liga,League Cup 25/26,28.0,Home,Sporting Braga,Benfica,Sporting Braga,2ND,Defending,Interceptions,6,3,6,3
15014414,2026-01-07,Taca da Liga,League Cup 25/26,28.0,Home,Sporting Braga,Benfica,Sporting Braga,2ND,Defending,Recoveries,27,29,27,29
15014414,2026-01-07,Taca da Liga,League Cup 25/26,28.0,Home,Sporting Braga,Benfica,Sporting Braga,2ND,Defending,Tackles won,67%,63%,67%,63%
15014414,2026-01-07,Taca da Liga,League Cup 25/26,28.0,Home,Sporting Braga,Benfica,Sporting Braga,2ND,Defending,Total tackles,3,16,3,16
15014414,2026-01-07,Taca da Liga,League Cup 25/26,28.0,Home,Sporting Braga,Benfica,Sporting Braga,2ND,Duels,Aerial duels,8/13 (62%),5/13 (38%),8/13 (62%),5/13 (38%)
15014414,2026-01-07,Taca da Liga,League Cup 25/26,28.0,Home,Sporting Braga,Benfica,Sporting Braga,2ND,Duels,Dispossessed,9,2,9,2
15014414,2026-01-07,Taca da Liga,League Cup 25/26,28.0,Home,Sporting Braga,Benfica,Sporting Braga,2ND,Duels,Dribbles,5/12 (42%),0/1 (0%),5/12 (42%),0/1 (0%)
15014414,2026-01-07,Taca da Liga,League Cup 25/26,28.0,Home,Sporting Braga,Benfica,Sporting Braga,2ND,Duels,Duels,51%,49%,51%,49%
15014414,2026-01-07,Taca da Liga,League Cup 25/26,28.0,Home,Sporting Braga,Benfica,Sporting Braga,2ND,Duels,Ground duels,17/36 (47%),19/36 (53%),17/36 (47%),19/36 (53%)
15014414,2026-01-07,Taca da Liga,League Cup 25/26,28.0,Home,Sporting Braga,Benfica,Sporting Braga,2ND,Goalkeeping,Goal kicks,0,5,0,5
15014414,2026-01-07,Taca da Liga,League Cup 25/26,28.0,Home,Sporting Braga,Benfica,Sporting Braga,2ND,Goalkeeping,Total saves,2,5,2,5
15014414,2026-01-07,Taca da Liga,League Cup 25/26,28.0,Home,Sporting Braga,Benfica,Sporting Braga,2ND,Match overview,Ball possession,61%,39%,61%,39%
15014414,2026-01-07,Taca da Liga,League Cup 25/26,28.0,Home,Sporting Braga,Benfica,Sporting Braga,2ND,Match overview,Big chances,1,3,1,3
15014414,2026-01-07,Taca da Liga,League Cup 25/26,28.0,Home,Sporting Braga,Benfica,Sporting Braga,2ND,Match overview,Corner kicks,2,0,2,0
15014414,2026-01-07,Taca da Liga,League Cup 25/26,28.0,Home,Sporting Braga,Benfica,Sporting Braga,2ND,Match overview,Fouls,3,9,3,9
15014414,2026-01-07,Taca da Liga,League Cup 25/26,28.0,Home,Sporting Braga,Benfica,Sporting Braga,2ND,Match overview,Free kicks,8,3,8,3
15014414,2026-01-07,Taca da Liga,League Cup 25/26,28.0,Home,Sporting Braga,Benfica,Sporting Braga,2ND,Match overview,Goalkeeper saves,2,5,2,5
15014414,2026-01-07,Taca da Liga,League Cup 25/26,28.0,Home,Sporting Braga,Benfica,Sporting Braga,2ND,Match overview,Passes,226,152,226,152
15014414,2026-01-07,Taca da Liga,League Cup 25/26,28.0,Home,Sporting Braga,Benfica,Sporting Braga,2ND,Match overview,Red cards,1,0,1,0
15014414,2026-01-07,Taca da Liga,League Cup 25/26,28.0,Home,Sporting Braga,Benfica,Sporting Braga,2ND,Match overview,Tackles,3,16,3,16
15014414,2026-01-07,Taca da Liga,League Cup 25/26,28.0,Home,Sporting Braga,Benfica,Sporting Braga,2ND,Match overview,Total shots,12,3,12,3
15014414,2026-01-07,Taca da Liga,League Cup 25/26,28.0,Home,Sporting Braga,Benfica,Sporting Braga,2ND,Match overview,Yellow cards,2,3,2,3
15014414,2026-01-07,Taca da Liga,League Cup 25/26,28.0,Home,Sporting Braga,Benfica,Sporting Braga,2ND,Passes,Accurate passes,197,103,197,103
15014414,2026-01-07,Taca da Liga,League Cup 25/26,28.0,Home,Sporting Braga,Benfica,Sporting Braga,2ND,Passes,Crosses,2/15 (13%),1/3 (33%),2/15 (13%),1/3 (33%)
15014414,2026-01-07,Taca da Liga,League Cup 25/26,28.0,Home,Sporting Braga,Benfica,Sporting Braga,2ND,Passes,Final third entries,27,23,27,23
15014414,2026-01-07,Taca da Liga,League Cup 25/26,28.0,Home,Sporting Braga,Benfica,Sporting Braga,2ND,Passes,Long balls,13/25 (52%),8/30 (27%),13/25 (52%),8/30 (27%)
15014414,2026-01-07,Taca da Liga,League Cup 25/26,28.0,Home,Sporting Braga,Benfica,Sporting Braga,2ND,Passes,Throw-ins,16,7,16,7
15014414,2026-01-07,Taca da Liga,League Cup 25/26,28.0,Home,Sporting Braga,Benfica,Sporting Braga,2ND,Shots,Blocked shots,2,0,2,0
15014414,2026-01-07,Taca da Liga,League Cup 25/26,28.0,Home,Sporting Braga,Benfica,Sporting Braga,2ND,Shots,Hit woodwork,0,0,0,0
15014414,2026-01-07,Taca da Liga,League Cup 25/26,28.0,Home,Sporting Braga,Benfica,Sporting Braga,2ND,Shots,Shots inside box,7,3,7,3
15014414,2026-01-07,Taca da Liga,League Cup 25/26,28.0,Home,Sporting Braga,Benfica,Sporting Braga,2ND,Shots,Shots off target,4,0,4,0
15014414,2026-01-07,Taca da Liga,League Cup 25/26,28.0,Home,Sporting Braga,Benfica,Sporting Braga,2ND,Shots,Shots on target,6,3,6,3
15014414,2026-01-07,Taca da Liga,League Cup 25/26,28.0,Home,Sporting Braga,Benfica,Sporting Braga,2ND,Shots,Shots outside box,5,0,5,0
15014414,2026-01-07,Taca da Liga,League Cup 25/26,28.0,Home,Sporting Braga,Benfica,Sporting Braga,2ND,Shots,Total shots,12,3,12,3
15014414,2026-01-07,Taca da Liga,League Cup 25/26,28.0,Home,Sporting Braga,Benfica,Sporting Braga,ALL,Attack,Big chances missed,1,2,1,2
15014414,2026-01-07,Taca da Liga,League Cup 25/26,28.0,Home,Sporting Braga,Benfica,Sporting Braga,ALL,Attack,Big chances scored,1,3,1,3
15014414,2026-01-07,Taca da Liga,League Cup 25/26,28.0,Home,Sporting Braga,Benfica,Sporting Braga,ALL,Attack,Fouled in final third,2,2,2,2
15014414,2026-01-07,Taca da Liga,League Cup 25/26,28.0,Home,Sporting Braga,Benfica,Sporting Braga,ALL,Attack,Offsides,5,0,5,0
15014414,2026-01-07,Taca da Liga,League Cup 25/26,28.0,Home,Sporting Braga,Benfica,Sporting Braga,ALL,Attack,Touches in penalty area,21,7,21,7
15014414,2026-01-07,Taca da Liga,League Cup 25/26,28.0,Home,Sporting Braga,Benfica,Sporting Braga,ALL,Defending,Clearances,10,26,10,26
15014414,2026-01-07,Taca da Liga,League Cup 25/26,28.0,Home,Sporting Braga,Benfica,Sporting Braga,ALL,Defending,Errors lead to a goal,1,0,1,0
15014414,2026-01-07,Taca da Liga,League Cup 25/26,28.0,Home,Sporting Braga,Benfica,Sporting Braga,ALL,Defending,Interceptions,8,11,8,11
15014414,2026-01-07,Taca da Liga,League Cup 25/26,28.0,Home,Sporting Braga,Benfica,Sporting Braga,ALL,Defending,Recoveries,58,64,58,64
15014414,2026-01-07,Taca da Liga,League Cup 25/26,28.0,Home,Sporting Braga,Benfica,Sporting Braga,ALL,Defending,Tackles won,71%,71%,71%,71%
15014414,2026-01-07,Taca da Liga,League Cup 25/26,28.0,Home,Sporting Braga,Benfica,Sporting Braga,ALL,Defending,Total tackles,14,28,14,28
15014414,2026-01-07,Taca da Liga,League Cup 25/26,28.0,Home,Sporting Braga,Benfica,Sporting Braga,ALL,Duels,Aerial duels,11/20 (55%),9/20 (45%),11/20 (55%),9/20 (45%)
15014414,2026-01-07,Taca da Liga,League Cup 25/26,28.0,Home,Sporting Braga,Benfica,Sporting Braga,ALL,Duels,Dispossessed,18,12,18,12
15014414,2026-01-07,Taca da Liga,League Cup 25/26,28.0,Home,Sporting Braga,Benfica,Sporting Braga,ALL,Duels,Dribbles,7/17 (41%),8/10 (80%),7/17 (41%),8/10 (80%)
15014414,2026-01-07,Taca da Liga,League Cup 25/26,28.0,Home,Sporting Braga,Benfica,Sporting Braga,ALL,Duels,Duels,44%,56%,44%,56%
15014414,2026-01-07,Taca da Liga,League Cup 25/26,28.0,Home,Sporting Braga,Benfica,Sporting Braga,ALL,Duels,Ground duels,33/81 (41%),48/81 (59%),33/81 (41%),48/81 (59%)
15014414,2026-01-07,Taca da Liga,League Cup 25/26,28.0,Home,Sporting Braga,Benfica,Sporting Braga,ALL,Goalkeeping,Goal kicks,2,7,2,7
15014414,2026-01-07,Taca da Liga,League Cup 25/26,28.0,Home,Sporting Braga,Benfica,Sporting Braga,ALL,Goalkeeping,Punches,0,1,0,1
15014414,2026-01-07,Taca da Liga,League Cup 25/26,28.0,Home,Sporting Braga,Benfica,Sporting Braga,ALL,Goalkeeping,Total saves,2,7,2,7
15014414,2026-01-07,Taca da Liga,League Cup 25/26,28.0,Home,Sporting Braga,Benfica,Sporting Braga,ALL,Match overview,Ball possession,54%,46%,54%,46%
15014414,2026-01-07,Taca da Liga,League Cup 25/26,28.0,Home,Sporting Braga,Benfica,Sporting Braga,ALL,Match overview,Big chances,2,5,2,5
15014414,2026-01-07,Taca da Liga,League Cup 25/26,28.0,Home,Sporting Braga,Benfica,Sporting Braga,ALL,Match overview,Corner kicks,2,0,2,0
15014414,2026-01-07,Taca da Liga,League Cup 25/26,28.0,Home,Sporting Braga,Benfica,Sporting Braga,ALL,Match overview,Fouls,12,13,12,13
15014414,2026-01-07,Taca da Liga,League Cup 25/26,28.0,Home,Sporting Braga,Benfica,Sporting Braga,ALL,Match overview,Free kicks,12,12,12,12
15014414,2026-01-07,Taca da Liga,League Cup 25/26,28.0,Home,Sporting Braga,Benfica,Sporting Braga,ALL,Match overview,Goalkeeper saves,2,7,2,7
15014414,2026-01-07,Taca da Liga,League Cup 25/26,28.0,Home,Sporting Braga,Benfica,Sporting Braga,ALL,Match overview,Passes,510,441,510,441
15014414,2026-01-07,Taca da Liga,League Cup 25/26,28.0,Home,Sporting Braga,Benfica,Sporting Braga,ALL,Match overview,Red cards,1,0,1,0
15014414,2026-01-07,Taca da Liga,League Cup 25/26,28.0,Home,Sporting Braga,Benfica,Sporting Braga,ALL,Match overview,Tackles,14,28,14,28
15014414,2026-01-07,Taca da Liga,League Cup 25/26,28.0,Home,Sporting Braga,Benfica,Sporting Braga,ALL,Match overview,Total shots,19,7,19,7
15014414,2026-01-07,Taca da Liga,League Cup 25/26,28.0,Home,Sporting Braga,Benfica,Sporting Braga,ALL,Match overview,Yellow cards,3,4,3,4
15014414,2026-01-07,Taca da Liga,League Cup 25/26,28.0,Home,Sporting Braga,Benfica,Sporting Braga,ALL,Passes,Accurate passes,446,349,446,349
15014414,2026-01-07,Taca da Liga,League Cup 25/26,28.0,Home,Sporting Braga,Benfica,Sporting Braga,ALL,Passes,Crosses,4/20 (20%),1/3 (33%),4/20 (20%),1/3 (33%)
15014414,2026-01-07,Taca da Liga,League Cup 25/26,28.0,Home,Sporting Braga,Benfica,Sporting Braga,ALL,Passes,Final third entries,49,44,49,44
15014414,2026-01-07,Taca da Liga,League Cup 25/26,28.0,Home,Sporting Braga,Benfica,Sporting Braga,ALL,Passes,Final third phase,84/107 (79%),50/80 (63%),84/107 (79%),50/80 (63%)
15014414,2026-01-07,Taca da Liga,League Cup 25/26,28.0,Home,Sporting Braga,Benfica,Sporting Braga,ALL,Passes,Long balls,20/41 (49%),20/58 (34%),20/41 (49%),20/58 (34%)
15014414,2026-01-07,Taca da Liga,League Cup 25/26,28.0,Home,Sporting Braga,Benfica,Sporting Braga,ALL,Passes,Throw-ins,22,15,22,15
15014414,2026-01-07,Taca da Liga,League Cup 25/26,28.0,Home,Sporting Braga,Benfica,Sporting Braga,ALL,Shots,Blocked shots,4,1,4,1
15014414,2026-01-07,Taca da Liga,League Cup 25/26,28.0,Home,Sporting Braga,Benfica,Sporting Braga,ALL,Shots,Hit woodwork,0,0,0,0
15014414,2026-01-07,Taca da Liga,League Cup 25/26,28.0,Home,Sporting Braga,Benfica,Sporting Braga,ALL,Shots,Shots inside box,10,6,10,6
15014414,2026-01-07,Taca da Liga,League Cup 25/26,28.0,Home,Sporting Braga,Benfica,Sporting Braga,ALL,Shots,Shots off target,7,1,7,1
15014414,2026-01-07,Taca da Liga,League Cup 25/26,28.0,Home,Sporting Braga,Benfica,Sporting Braga,ALL,Shots,Shots on target,8,5,8,5
15014414,2026-01-07,Taca da Liga,League Cup 25/26,28.0,Home,Sporting Braga,Benfica,Sporting Braga,ALL,Shots,Shots outside box,9,1,9,1
15014414,2026-01-07,Taca da Liga,League Cup 25/26,28.0,Home,Sporting Braga,Benfica,Sporting Braga,ALL,Shots,Total shots,19,7,19,7
15267916,2026-01-14,Taça de Portugal,Taca de Portugal 25/26,27.0,Away,FC Porto,FC Porto,Benfica,1ST,Attack,Big chances missed,0,1,1,0
15267916,2026-01-14,Taça de Portugal,Taca de Portugal 25/26,27.0,Away,FC Porto,FC Porto,Benfica,1ST,Attack,Fouled in final third,1,0,0,1
15267916,2026-01-14,Taça de Portugal,Taca de Portugal 25/26,27.0,Away,FC Porto,FC Porto,Benfica,1ST,Attack,Offsides,0,0,0,0
15267916,2026-01-14,Taça de Portugal,Taca de Portugal 25/26,27.0,Away,FC Porto,FC Porto,Benfica,1ST,Attack,Through balls,1,0,0,1
15267916,2026-01-14,Taça de Portugal,Taca de Portugal 25/26,27.0,Away,FC Porto,FC Porto,Benfica,1ST,Defending,Clearances,20,11,11,20
15267916,2026-01-14,Taça de Portugal,Taca de Portugal 25/26,27.0,Away,FC Porto,FC Porto,Benfica,1ST,Defending,Interceptions,5,4,4,5
15267916,2026-01-14,Taça de Portugal,Taca de Portugal 25/26,27.0,Away,FC Porto,FC Porto,Benfica,1ST,Defending,Recoveries,21,17,17,21
15267916,2026-01-14,Taça de Portugal,Taca de Portugal 25/26,27.0,Away,FC Porto,FC Porto,Benfica,1ST,Defending,Tackles won,38%,67%,67%,38%
15267916,2026-01-14,Taça de Portugal,Taca de Portugal 25/26,27.0,Away,FC Porto,FC Porto,Benfica,1ST,Defending,Total tackles,8,9,9,8
15267916,2026-01-14,Taça de Portugal,Taca de Portugal 25/26,27.0,Away,FC Porto,FC Porto,Benfica,1ST,Duels,Aerial duels,11/19 (58%),8/19 (42%),8/19 (42%),11/19 (58%)
15267916,2026-01-14,Taça de Portugal,Taca de Portugal 25/26,27.0,Away,FC Porto,FC Porto,Benfica,1ST,Duels,Dispossessed,4,4,4,4
15267916,2026-01-14,Taça de Portugal,Taca de Portugal 25/26,27.0,Away,FC Porto,FC Porto,Benfica,1ST,Duels,Dribbles,6/11 (55%),4/8 (50%),4/8 (50%),6/11 (55%)
15267916,2026-01-14,Taça de Portugal,Taca de Portugal 25/26,27.0,Away,FC Porto,FC Porto,Benfica,1ST,Duels,Duels,54%,46%,46%,54%
15267916,2026-01-14,Taça de Portugal,Taca de Portugal 25/26,27.0,Away,FC Porto,FC Porto,Benfica,1ST,Duels,Ground duels,21/40 (53%),19/40 (48%),19/40 (48%),21/40 (53%)
15267916,2026-01-14,Taça de Portugal,Taca de Portugal 25/26,27.0,Away,FC Porto,FC Porto,Benfica,1ST,Goalkeeping,Goal kicks,2,5,5,2
15267916,2026-01-14,Taça de Portugal,Taca de Portugal 25/26,27.0,Away,FC Porto,FC Porto,Benfica,1ST,Goalkeeping,Total saves,3,1,1,3
15267916,2026-01-14,Taça de Portugal,Taca de Portugal 25/26,27.0,Away,FC Porto,FC Porto,Benfica,1ST,Match overview,Ball possession,53%,47%,47%,53%
15267916,2026-01-14,Taça de Portugal,Taca de Portugal 25/26,27.0,Away,FC Porto,FC Porto,Benfica,1ST,Match overview,Big chances,0,1,1,0
15267916,2026-01-14,Taça de Portugal,Taca de Portugal 25/26,27.0,Away,FC Porto,FC Porto,Benfica,1ST,Match overview,Corner kicks,1,6,6,1
15267916,2026-01-14,Taça de Portugal,Taca de Portugal 25/26,27.0,Away,FC Porto,FC Porto,Benfica,1ST,Match overview,Fouls,6,7,7,6
15267916,2026-01-14,Taça de Portugal,Taca de Portugal 25/26,27.0,Away,FC Porto,FC Porto,Benfica,1ST,Match overview,Free kicks,7,6,6,7
15267916,2026-01-14,Taça de Portugal,Taca de Portugal 25/26,27.0,Away,FC Porto,FC Porto,Benfica,1ST,Match overview,Goalkeeper saves,3,1,1,3
15267916,2026-01-14,Taça de Portugal,Taca de Portugal 25/26,27.0,Away,FC Porto,FC Porto,Benfica,1ST,Match overview,Passes,190,165,165,190
15267916,2026-01-14,Taça de Portugal,Taca de Portugal 25/26,27.0,Away,FC Porto,FC Porto,Benfica,1ST,Match overview,Tackles,8,9,9,8
15267916,2026-01-14,Taça de Portugal,Taca de Portugal 25/26,27.0,Away,FC Porto,FC Porto,Benfica,1ST,Match overview,Total shots,6,7,7,6
15267916,2026-01-14,Taça de Portugal,Taca de Portugal 25/26,27.0,Away,FC Porto,FC Porto,Benfica,1ST,Match overview,Yellow cards,3,2,2,3
15267916,2026-01-14,Taça de Portugal,Taca de Portugal 25/26,27.0,Away,FC Porto,FC Porto,Benfica,1ST,Passes,Accurate passes,154,124,124,154
15267916,2026-01-14,Taça de Portugal,Taca de Portugal 25/26,27.0,Away,FC Porto,FC Porto,Benfica,1ST,Passes,Crosses,1/8 (13%),3/11 (27%),3/11 (27%),1/8 (13%)
15267916,2026-01-14,Taça de Portugal,Taca de Portugal 25/26,27.0,Away,FC Porto,FC Porto,Benfica,1ST,Passes,Final third entries,30,19,19,30
15267916,2026-01-14,Taça de Portugal,Taca de Portugal 25/26,27.0,Away,FC Porto,FC Porto,Benfica,1ST,Passes,Long balls,9/20 (45%),12/28 (43%),12/28 (43%),9/20 (45%)
15267916,2026-01-14,Taça de Portugal,Taca de Portugal 25/26,27.0,Away,FC Porto,FC Porto,Benfica,1ST,Passes,Throw-ins,15,14,14,15
15267916,2026-01-14,Taça de Portugal,Taca de Portugal 25/26,27.0,Away,FC Porto,FC Porto,Benfica,1ST,Shots,Blocked shots,0,1,1,0
15267916,2026-01-14,Taça de Portugal,Taca de Portugal 25/26,27.0,Away,FC Porto,FC Porto,Benfica,1ST,Shots,Hit woodwork,0,0,0,0
15267916,2026-01-14,Taça de Portugal,Taca de Portugal 25/26,27.0,Away,FC Porto,FC Porto,Benfica,1ST,Shots,Shots inside box,4,4,4,4
15267916,2026-01-14,Taça de Portugal,Taca de Portugal 25/26,27.0,Away,FC Porto,FC Porto,Benfica,1ST,Shots,Shots off target,5,2,2,5
15267916,2026-01-14,Taça de Portugal,Taca de Portugal 25/26,27.0,Away,FC Porto,FC Porto,Benfica,1ST,Shots,Shots on target,1,4,4,1
15267916,2026-01-14,Taça de Portugal,Taca de Portugal 25/26,27.0,Away,FC Porto,FC Porto,Benfica,1ST,Shots,Shots outside box,2,3,3,2
15267916,2026-01-14,Taça de Portugal,Taca de Portugal 25/26,27.0,Away,FC Porto,FC Porto,Benfica,1ST,Shots,Total shots,6,7,7,6
15267916,2026-01-14,Taça de Portugal,Taca de Portugal 25/26,27.0,Away,FC Porto,FC Porto,Benfica,2ND,Attack,Big chances missed,1,0,0,1
15267916,2026-01-14,Taça de Portugal,Taca de Portugal 25/26,27.0,Away,FC Porto,FC Porto,Benfica,2ND,Attack,Fouled in final third,1,1,1,1
15267916,2026-01-14,Taça de Portugal,Taca de Portugal 25/26,27.0,Away,FC Porto,FC Porto,Benfica,2ND,Attack,Offsides,1,1,1,1
15267916,2026-01-14,Taça de Portugal,Taca de Portugal 25/26,27.0,Away,FC Porto,FC Porto,Benfica,2ND,Attack,Through balls,0,0,0,0
15267916,2026-01-14,Taça de Portugal,Taca de Portugal 25/26,27.0,Away,FC Porto,FC Porto,Benfica,2ND,Defending,Clearances,7,15,15,7
15267916,2026-01-14,Taça de Portugal,Taca de Portugal 25/26,27.0,Away,FC Porto,FC Porto,Benfica,2ND,Defending,Interceptions,5,5,5,5
15267916,2026-01-14,Taça de Portugal,Taca de Portugal 25/26,27.0,Away,FC Porto,FC Porto,Benfica,2ND,Defending,Recoveries,22,26,26,22
15267916,2026-01-14,Taça de Portugal,Taca de Portugal 25/26,27.0,Away,FC Porto,FC Porto,Benfica,2ND,Defending,Tackles won,60%,33%,33%,60%
15267916,2026-01-14,Taça de Portugal,Taca de Portugal 25/26,27.0,Away,FC Porto,FC Porto,Benfica,2ND,Defending,Total tackles,15,6,6,15
15267916,2026-01-14,Taça de Portugal,Taca de Portugal 25/26,27.0,Away,FC Porto,FC Porto,Benfica,2ND,Duels,Aerial duels,8/17 (47%),9/17 (53%),9/17 (53%),8/17 (47%)
15267916,2026-01-14,Taça de Portugal,Taca de Portugal 25/26,27.0,Away,FC Porto,FC Porto,Benfica,2ND,Duels,Dispossessed,1,4,4,1
15267916,2026-01-14,Taça de Portugal,Taca de Portugal 25/26,27.0,Away,FC Porto,FC Porto,Benfica,2ND,Duels,Dribbles,3/8 (38%),8/19 (42%),8/19 (42%),3/8 (38%)
15267916,2026-01-14,Taça de Portugal,Taca de Portugal 25/26,27.0,Away,FC Porto,FC Porto,Benfica,2ND,Duels,Duels,53%,47%,47%,53%
15267916,2026-01-14,Taça de Portugal,Taca de Portugal 25/26,27.0,Away,FC Porto,FC Porto,Benfica,2ND,Duels,Ground duels,25/45 (56%),20/45 (44%),20/45 (44%),25/45 (56%)
15267916,2026-01-14,Taça de Portugal,Taca de Portugal 25/26,27.0,Away,FC Porto,FC Porto,Benfica,2ND,Goalkeeping,Goal kicks,1,2,2,1
15267916,2026-01-14,Taça de Portugal,Taca de Portugal 25/26,27.0,Away,FC Porto,FC Porto,Benfica,2ND,Goalkeeping,Total saves,1,2,2,1
15267916,2026-01-14,Taça de Portugal,Taca de Portugal 25/26,27.0,Away,FC Porto,FC Porto,Benfica,2ND,Match overview,Ball possession,54%,46%,46%,54%
15267916,2026-01-14,Taça de Portugal,Taca de Portugal 25/26,27.0,Away,FC Porto,FC Porto,Benfica,2ND,Match overview,Big chances,1,0,0,1
15267916,2026-01-14,Taça de Portugal,Taca de Portugal 25/26,27.0,Away,FC Porto,FC Porto,Benfica,2ND,Match overview,Corner kicks,2,1,1,2
15267916,2026-01-14,Taça de Portugal,Taca de Portugal 25/26,27.0,Away,FC Porto,FC Porto,Benfica,2ND,Match overview,Fouls,6,7,7,6
15267916,2026-01-14,Taça de Portugal,Taca de Portugal 25/26,27.0,Away,FC Porto,FC Porto,Benfica,2ND,Match overview,Free kicks,7,6,6,7
15267916,2026-01-14,Taça de Portugal,Taca de Portugal 25/26,27.0,Away,FC Porto,FC Porto,Benfica,2ND,Match overview,Goalkeeper saves,1,2,2,1
15267916,2026-01-14,Taça de Portugal,Taca de Portugal 25/26,27.0,Away,FC Porto,FC Porto,Benfica,2ND,Match overview,Passes,226,198,198,226
15267916,2026-01-14,Taça de Portugal,Taca de Portugal 25/26,27.0,Away,FC Porto,FC Porto,Benfica,2ND,Match overview,Tackles,15,6,6,15
15267916,2026-01-14,Taça de Portugal,Taca de Portugal 25/26,27.0,Away,FC Porto,FC Porto,Benfica,2ND,Match overview,Total shots,9,4,4,9
15267916,2026-01-14,Taça de Portugal,Taca de Portugal 25/26,27.0,Away,FC Porto,FC Porto,Benfica,2ND,Match overview,Yellow cards,4,3,3,4
15267916,2026-01-14,Taça de Portugal,Taca de Portugal 25/26,27.0,Away,FC Porto,FC Porto,Benfica,2ND,Passes,Accurate passes,196,165,165,196
15267916,2026-01-14,Taça de Portugal,Taca de Portugal 25/26,27.0,Away,FC Porto,FC Porto,Benfica,2ND,Passes,Crosses,5/12 (42%),0/6 (0%),0/6 (0%),5/12 (42%)
15267916,2026-01-14,Taça de Portugal,Taca de Portugal 25/26,27.0,Away,FC Porto,FC Porto,Benfica,2ND,Passes,Final third entries,26,20,20,26
15267916,2026-01-14,Taça de Portugal,Taca de Portugal 25/26,27.0,Away,FC Porto,FC Porto,Benfica,2ND,Passes,Long balls,6/20 (30%),11/20 (55%),11/20 (55%),6/20 (30%)
15267916,2026-01-14,Taça de Portugal,Taca de Portugal 25/26,27.0,Away,FC Porto,FC Porto,Benfica,2ND,Passes,Throw-ins,12,9,9,12
15267916,2026-01-14,Taça de Portugal,Taca de Portugal 25/26,27.0,Away,FC Porto,FC Porto,Benfica,2ND,Shots,Blocked shots,4,2,2,4
15267916,2026-01-14,Taça de Portugal,Taca de Portugal 25/26,27.0,Away,FC Porto,FC Porto,Benfica,2ND,Shots,Hit woodwork,0,0,0,0
15267916,2026-01-14,Taça de Portugal,Taca de Portugal 25/26,27.0,Away,FC Porto,FC Porto,Benfica,2ND,Shots,Shots inside box,5,2,2,5
15267916,2026-01-14,Taça de Portugal,Taca de Portugal 25/26,27.0,Away,FC Porto,FC Porto,Benfica,2ND,Shots,Shots off target,3,1,1,3
15267916,2026-01-14,Taça de Portugal,Taca de Portugal 25/26,27.0,Away,FC Porto,FC Porto,Benfica,2ND,Shots,Shots on target,2,1,1,2
15267916,2026-01-14,Taça de Portugal,Taca de Portugal 25/26,27.0,Away,FC Porto,FC Porto,Benfica,2ND,Shots,Shots outside box,4,2,2,4
15267916,2026-01-14,Taça de Portugal,Taca de Portugal 25/26,27.0,Away,FC Porto,FC Porto,Benfica,2ND,Shots,Total shots,9,4,4,9
15267916,2026-01-14,Taça de Portugal,Taca de Portugal 25/26,27.0,Away,FC Porto,FC Porto,Benfica,ALL,Attack,Big chances missed,1,1,1,1
15267916,2026-01-14,Taça de Portugal,Taca de Portugal 25/26,27.0,Away,FC Porto,FC Porto,Benfica,ALL,Attack,Fouled in final third,2,1,1,2
15267916,2026-01-14,Taça de Portugal,Taca de Portugal 25/26,27.0,Away,FC Porto,FC Porto,Benfica,ALL,Attack,Offsides,1,1,1,1
15267916,2026-01-14,Taça de Portugal,Taca de Portugal 25/26,27.0,Away,FC Porto,FC Porto,Benfica,ALL,Attack,Through balls,1,0,0,1
15267916,2026-01-14,Taça de Portugal,Taca de Portugal 25/26,27.0,Away,FC Porto,FC Porto,Benfica,ALL,Attack,Touches in penalty area,25,21,21,25
15267916,2026-01-14,Taça de Portugal,Taca de Portugal 25/26,27.0,Away,FC Porto,FC Porto,Benfica,ALL,Defending,Clearances,27,26,26,27
15267916,2026-01-14,Taça de Portugal,Taca de Portugal 25/26,27.0,Away,FC Porto,FC Porto,Benfica,ALL,Defending,Errors lead to a shot,1,1,1,1
15267916,2026-01-14,Taça de Portugal,Taca de Portugal 25/26,27.0,Away,FC Porto,FC Porto,Benfica,ALL,Defending,Interceptions,10,9,9,10
15267916,2026-01-14,Taça de Portugal,Taca de Portugal 25/26,27.0,Away,FC Porto,FC Porto,Benfica,ALL,Defending,Recoveries,43,43,43,43
15267916,2026-01-14,Taça de Portugal,Taca de Portugal 25/26,27.0,Away,FC Porto,FC Porto,Benfica,ALL,Defending,Tackles won,52%,53%,53%,52%
15267916,2026-01-14,Taça de Portugal,Taca de Portugal 25/26,27.0,Away,FC Porto,FC Porto,Benfica,ALL,Defending,Total tackles,23,15,15,23
15267916,2026-01-14,Taça de Portugal,Taca de Portugal 25/26,27.0,Away,FC Porto,FC Porto,Benfica,ALL,Duels,Aerial duels,19/36 (53%),17/36 (47%),17/36 (47%),19/36 (53%)
15267916,2026-01-14,Taça de Portugal,Taca de Portugal 25/26,27.0,Away,FC Porto,FC Porto,Benfica,ALL,Duels,Dispossessed,5,8,8,5
15267916,2026-01-14,Taça de Portugal,Taca de Portugal 25/26,27.0,Away,FC Porto,FC Porto,Benfica,ALL,Duels,Dribbles,9/19 (47%),12/27 (44%),12/27 (44%),9/19 (47%)
15267916,2026-01-14,Taça de Portugal,Taca de Portugal 25/26,27.0,Away,FC Porto,FC Porto,Benfica,ALL,Duels,Duels,54%,46%,46%,54%
15267916,2026-01-14,Taça de Portugal,Taca de Portugal 25/26,27.0,Away,FC Porto,FC Porto,Benfica,ALL,Duels,Ground duels,46/85 (54%),39/85 (46%),39/85 (46%),46/85 (54%)
15267916,2026-01-14,Taça de Portugal,Taca de Portugal 25/26,27.0,Away,FC Porto,FC Porto,Benfica,ALL,Goalkeeping,Big saves,1,0,0,1
15267916,2026-01-14,Taça de Portugal,Taca de Portugal 25/26,27.0,Away,FC Porto,FC Porto,Benfica,ALL,Goalkeeping,Goal kicks,3,7,7,3
15267916,2026-01-14,Taça de Portugal,Taca de Portugal 25/26,27.0,Away,FC Porto,FC Porto,Benfica,ALL,Goalkeeping,High claims,1,1,1,1
15267916,2026-01-14,Taça de Portugal,Taca de Portugal 25/26,27.0,Away,FC Porto,FC Porto,Benfica,ALL,Goalkeeping,Punches,1,1,1,1
15267916,2026-01-14,Taça de Portugal,Taca de Portugal 25/26,27.0,Away,FC Porto,FC Porto,Benfica,ALL,Goalkeeping,Total saves,4,3,3,4
15267916,2026-01-14,Taça de Portugal,Taca de Portugal 25/26,27.0,Away,FC Porto,FC Porto,Benfica,ALL,Match overview,Ball possession,53%,47%,47%,53%
15267916,2026-01-14,Taça de Portugal,Taca de Portugal 25/26,27.0,Away,FC Porto,FC Porto,Benfica,ALL,Match overview,Big chances,1,1,1,1
15267916,2026-01-14,Taça de Portugal,Taca de Portugal 25/26,27.0,Away,FC Porto,FC Porto,Benfica,ALL,Match overview,Corner kicks,3,7,7,3
15267916,2026-01-14,Taça de Portugal,Taca de Portugal 25/26,27.0,Away,FC Porto,FC Porto,Benfica,ALL,Match overview,Fouls,12,14,14,12
15267916,2026-01-14,Taça de Portugal,Taca de Portugal 25/26,27.0,Away,FC Porto,FC Porto,Benfica,ALL,Match overview,Free kicks,14,12,12,14
15267916,2026-01-14,Taça de Portugal,Taca de Portugal 25/26,27.0,Away,FC Porto,FC Porto,Benfica,ALL,Match overview,Goalkeeper saves,4,3,3,4
15267916,2026-01-14,Taça de Portugal,Taca de Portugal 25/26,27.0,Away,FC Porto,FC Porto,Benfica,ALL,Match overview,Passes,416,363,363,416
15267916,2026-01-14,Taça de Portugal,Taca de Portugal 25/26,27.0,Away,FC Porto,FC Porto,Benfica,ALL,Match overview,Tackles,23,15,15,23
15267916,2026-01-14,Taça de Portugal,Taca de Portugal 25/26,27.0,Away,FC Porto,FC Porto,Benfica,ALL,Match overview,Total shots,15,11,11,15
15267916,2026-01-14,Taça de Portugal,Taca de Portugal 25/26,27.0,Away,FC Porto,FC Porto,Benfica,ALL,Match overview,Yellow cards,7,5,5,7
15267916,2026-01-14,Taça de Portugal,Taca de Portugal 25/26,27.0,Away,FC Porto,FC Porto,Benfica,ALL,Passes,Accurate passes,350,289,289,350
15267916,2026-01-14,Taça de Portugal,Taca de Portugal 25/26,27.0,Away,FC Porto,FC Porto,Benfica,ALL,Passes,Crosses,6/20 (30%),3/17 (18%),3/17 (18%),6/20 (30%)
15267916,2026-01-14,Taça de Portugal,Taca de Portugal 25/26,27.0,Away,FC Porto,FC Porto,Benfica,ALL,Passes,Final third entries,56,39,39,56
15267916,2026-01-14,Taça de Portugal,Taca de Portugal 25/26,27.0,Away,FC Porto,FC Porto,Benfica,ALL,Passes,Final third phase,123/154 (80%),65/98 (66%),65/98 (66%),123/154 (80%)
15267916,2026-01-14,Taça de Portugal,Taca de Portugal 25/26,27.0,Away,FC Porto,FC Porto,Benfica,ALL,Passes,Long balls,15/40 (38%),23/48 (48%),23/48 (48%),15/40 (38%)
15267916,2026-01-14,Taça de Portugal,Taca de Portugal 25/26,27.0,Away,FC Porto,FC Porto,Benfica,ALL,Passes,Throw-ins,27,23,23,27
15267916,2026-01-14,Taça de Portugal,Taca de Portugal 25/26,27.0,Away,FC Porto,FC Porto,Benfica,ALL,Shots,Blocked shots,4,3,3,4
15267916,2026-01-14,Taça de Portugal,Taca de Portugal 25/26,27.0,Away,FC Porto,FC Porto,Benfica,ALL,Shots,Hit woodwork,0,0,0,0
15267916,2026-01-14,Taça de Portugal,Taca de Portugal 25/26,27.0,Away,FC Porto,FC Porto,Benfica,ALL,Shots,Shots inside box,9,6,6,9
15267916,2026-01-14,Taça de Portugal,Taca de Portugal 25/26,27.0,Away,FC Porto,FC Porto,Benfica,ALL,Shots,Shots off target,8,3,3,8
15267916,2026-01-14,Taça de Portugal,Taca de Portugal 25/26,27.0,Away,FC Porto,FC Porto,Benfica,ALL,Shots,Shots on target,3,5,5,3
15267916,2026-01-14,Taça de Portugal,Taca de Portugal 25/26,27.0,Away,FC Porto,FC Porto,Benfica,ALL,Shots,Shots outside box,6,5,5,6
15267916,2026-01-14,Taça de Portugal,Taca de Portugal 25/26,27.0,Away,FC Porto,FC Porto,Benfica,ALL,Shots,Total shots,15,11,11,15
14288934,2026-01-17,Liga Portugal Betclic,Liga Portugal 25/26,18.0,Away,Rio Ave,Rio Ave,Benfica,1ST,Attack,Big chances missed,2,0,0,2
14288934,2026-01-17,Liga Portugal Betclic,Liga Portugal 25/26,18.0,Away,Rio Ave,Rio Ave,Benfica,1ST,Attack,Big chances scored,1,0,0,1
14288934,2026-01-17,Liga Portugal Betclic,Liga Portugal 25/26,18.0,Away,Rio Ave,Rio Ave,Benfica,1ST,Attack,Fouled in final third,1,0,0,1
14288934,2026-01-17,Liga Portugal Betclic,Liga Portugal 25/26,18.0,Away,Rio Ave,Rio Ave,Benfica,1ST,Attack,Offsides,0,1,1,0
14288934,2026-01-17,Liga Portugal Betclic,Liga Portugal 25/26,18.0,Away,Rio Ave,Rio Ave,Benfica,1ST,Defending,Clearances,4,17,17,4
14288934,2026-01-17,Liga Portugal Betclic,Liga Portugal 25/26,18.0,Away,Rio Ave,Rio Ave,Benfica,1ST,Defending,Interceptions,5,2,2,5
14288934,2026-01-17,Liga Portugal Betclic,Liga Portugal 25/26,18.0,Away,Rio Ave,Rio Ave,Benfica,1ST,Defending,Recoveries,23,15,15,23
14288934,2026-01-17,Liga Portugal Betclic,Liga Portugal 25/26,18.0,Away,Rio Ave,Rio Ave,Benfica,1ST,Defending,Tackles won,71%,75%,75%,71%
14288934,2026-01-17,Liga Portugal Betclic,Liga Portugal 25/26,18.0,Away,Rio Ave,Rio Ave,Benfica,1ST,Defending,Total tackles,7,4,4,7
14288934,2026-01-17,Liga Portugal Betclic,Liga Portugal 25/26,18.0,Away,Rio Ave,Rio Ave,Benfica,1ST,Duels,Aerial duels,3/8 (38%),5/8 (63%),5/8 (63%),3/8 (38%)
14288934,2026-01-17,Liga Portugal Betclic,Liga Portugal 25/26,18.0,Away,Rio Ave,Rio Ave,Benfica,1ST,Duels,Dispossessed,2,4,4,2
14288934,2026-01-17,Liga Portugal Betclic,Liga Portugal 25/26,18.0,Away,Rio Ave,Rio Ave,Benfica,1ST,Duels,Dribbles,4/6 (67%),3/6 (50%),3/6 (50%),4/6 (67%)
14288934,2026-01-17,Liga Portugal Betclic,Liga Portugal 25/26,18.0,Away,Rio Ave,Rio Ave,Benfica,1ST,Duels,Duels,58%,42%,42%,58%
14288934,2026-01-17,Liga Portugal Betclic,Liga Portugal 25/26,18.0,Away,Rio Ave,Rio Ave,Benfica,1ST,Duels,Ground duels,19/30 (63%),11/30 (37%),11/30 (37%),19/30 (63%)
14288934,2026-01-17,Liga Portugal Betclic,Liga Portugal 25/26,18.0,Away,Rio Ave,Rio Ave,Benfica,1ST,Goalkeeping,Goal kicks,1,6,6,1
14288934,2026-01-17,Liga Portugal Betclic,Liga Portugal 25/26,18.0,Away,Rio Ave,Rio Ave,Benfica,1ST,Goalkeeping,Total saves,0,2,2,0
14288934,2026-01-17,Liga Portugal Betclic,Liga Portugal 25/26,18.0,Away,Rio Ave,Rio Ave,Benfica,1ST,Match overview,Ball possession,73%,27%,27%,73%
14288934,2026-01-17,Liga Portugal Betclic,Liga Portugal 25/26,18.0,Away,Rio Ave,Rio Ave,Benfica,1ST,Match overview,Big chances,3,0,0,3
14288934,2026-01-17,Liga Portugal Betclic,Liga Portugal 25/26,18.0,Away,Rio Ave,Rio Ave,Benfica,1ST,Match overview,Corner kicks,6,1,1,6
14288934,2026-01-17,Liga Portugal Betclic,Liga Portugal 25/26,18.0,Away,Rio Ave,Rio Ave,Benfica,1ST,Match overview,Expected goals,1.23,0.10,0.10,1.23
14288934,2026-01-17,Liga Portugal Betclic,Liga Portugal 25/26,18.0,Away,Rio Ave,Rio Ave,Benfica,1ST,Match overview,Fouls,4,8,8,4
14288934,2026-01-17,Liga Portugal Betclic,Liga Portugal 25/26,18.0,Away,Rio Ave,Rio Ave,Benfica,1ST,Match overview,Free kicks,8,4,4,8
14288934,2026-01-17,Liga Portugal Betclic,Liga Portugal 25/26,18.0,Away,Rio Ave,Rio Ave,Benfica,1ST,Match overview,Goalkeeper saves,0,2,2,0
14288934,2026-01-17,Liga Portugal Betclic,Liga Portugal 25/26,18.0,Away,Rio Ave,Rio Ave,Benfica,1ST,Match overview,Passes,356,135,135,356
14288934,2026-01-17,Liga Portugal Betclic,Liga Portugal 25/26,18.0,Away,Rio Ave,Rio Ave,Benfica,1ST,Match overview,Tackles,7,4,4,7
14288934,2026-01-17,Liga Portugal Betclic,Liga Portugal 25/26,18.0,Away,Rio Ave,Rio Ave,Benfica,1ST,Match overview,Total shots,15,3,3,15
14288934,2026-01-17,Liga Portugal Betclic,Liga Portugal 25/26,18.0,Away,Rio Ave,Rio Ave,Benfica,1ST,Match overview,Yellow cards,0,0,0,0
14288934,2026-01-17,Liga Portugal Betclic,Liga Portugal 25/26,18.0,Away,Rio Ave,Rio Ave,Benfica,1ST,Passes,Accurate passes,326,106,106,326
14288934,2026-01-17,Liga Portugal Betclic,Liga Portugal 25/26,18.0,Away,Rio Ave,Rio Ave,Benfica,1ST,Passes,Crosses,6/16 (38%),1/5 (20%),1/5 (20%),6/16 (38%)
14288934,2026-01-17,Liga Portugal Betclic,Liga Portugal 25/26,18.0,Away,Rio Ave,Rio Ave,Benfica,1ST,Passes,Final third entries,40,11,11,40
14288934,2026-01-17,Liga Portugal Betclic,Liga Portugal 25/26,18.0,Away,Rio Ave,Rio Ave,Benfica,1ST,Passes,Long balls,12/19 (63%),12/25 (48%),12/25 (48%),12/19 (63%)
14288934,2026-01-17,Liga Portugal Betclic,Liga Portugal 25/26,18.0,Away,Rio Ave,Rio Ave,Benfica,1ST,Passes,Throw-ins,9,12,12,9
14288934,2026-01-17,Liga Portugal Betclic,Liga Portugal 25/26,18.0,Away,Rio Ave,Rio Ave,Benfica,1ST,Shots,Blocked shots,3,2,2,3
14288934,2026-01-17,Liga Portugal Betclic,Liga Portugal 25/26,18.0,Away,Rio Ave,Rio Ave,Benfica,1ST,Shots,Hit woodwork,1,1,1,1
14288934,2026-01-17,Liga Portugal Betclic,Liga Portugal 25/26,18.0,Away,Rio Ave,Rio Ave,Benfica,1ST,Shots,Shots inside box,11,1,1,11
14288934,2026-01-17,Liga Portugal Betclic,Liga Portugal 25/26,18.0,Away,Rio Ave,Rio Ave,Benfica,1ST,Shots,Shots off target,7,1,1,7
14288934,2026-01-17,Liga Portugal Betclic,Liga Portugal 25/26,18.0,Away,Rio Ave,Rio Ave,Benfica,1ST,Shots,Shots on target,5,0,0,5
14288934,2026-01-17,Liga Portugal Betclic,Liga Portugal 25/26,18.0,Away,Rio Ave,Rio Ave,Benfica,1ST,Shots,Shots outside box,4,2,2,4
14288934,2026-01-17,Liga Portugal Betclic,Liga Portugal 25/26,18.0,Away,Rio Ave,Rio Ave,Benfica,1ST,Shots,Total shots,15,3,3,15
14288934,2026-01-17,Liga Portugal Betclic,Liga Portugal 25/26,18.0,Away,Rio Ave,Rio Ave,Benfica,2ND,Attack,Big chances missed,1,0,0,1
14288934,2026-01-17,Liga Portugal Betclic,Liga Portugal 25/26,18.0,Away,Rio Ave,Rio Ave,Benfica,2ND,Attack,Big chances scored,0,0,0,0
14288934,2026-01-17,Liga Portugal Betclic,Liga Portugal 25/26,18.0,Away,Rio Ave,Rio Ave,Benfica,2ND,Attack,Fouled in final third,0,0,0,0
14288934,2026-01-17,Liga Portugal Betclic,Liga Portugal 25/26,18.0,Away,Rio Ave,Rio Ave,Benfica,2ND,Attack,Offsides,0,1,1,0
14288934,2026-01-17,Liga Portugal Betclic,Liga Portugal 25/26,18.0,Away,Rio Ave,Rio Ave,Benfica,2ND,Defending,Clearances,8,16,16,8
14288934,2026-01-17,Liga Portugal Betclic,Liga Portugal 25/26,18.0,Away,Rio Ave,Rio Ave,Benfica,2ND,Defending,Interceptions,5,4,4,5
14288934,2026-01-17,Liga Portugal Betclic,Liga Portugal 25/26,18.0,Away,Rio Ave,Rio Ave,Benfica,2ND,Defending,Recoveries,32,28,28,32
14288934,2026-01-17,Liga Portugal Betclic,Liga Portugal 25/26,18.0,Away,Rio Ave,Rio Ave,Benfica,2ND,Defending,Tackles won,75%,58%,58%,75%
14288934,2026-01-17,Liga Portugal Betclic,Liga Portugal 25/26,18.0,Away,Rio Ave,Rio Ave,Benfica,2ND,Defending,Total tackles,12,12,12,12
14288934,2026-01-17,Liga Portugal Betclic,Liga Portugal 25/26,18.0,Away,Rio Ave,Rio Ave,Benfica,2ND,Duels,Aerial duels,4/7 (57%),3/7 (43%),3/7 (43%),4/7 (57%)
14288934,2026-01-17,Liga Portugal Betclic,Liga Portugal 25/26,18.0,Away,Rio Ave,Rio Ave,Benfica,2ND,Duels,Dispossessed,9,5,5,9
14288934,2026-01-17,Liga Portugal Betclic,Liga Portugal 25/26,18.0,Away,Rio Ave,Rio Ave,Benfica,2ND,Duels,Dribbles,7/10 (70%),2/9 (22%),2/9 (22%),7/10 (70%)
14288934,2026-01-17,Liga Portugal Betclic,Liga Portugal 25/26,18.0,Away,Rio Ave,Rio Ave,Benfica,2ND,Duels,Duels,57%,43%,43%,57%
14288934,2026-01-17,Liga Portugal Betclic,Liga Portugal 25/26,18.0,Away,Rio Ave,Rio Ave,Benfica,2ND,Duels,Ground duels,22/39 (56%),17/39 (44%),17/39 (44%),22/39 (56%)
14288934,2026-01-17,Liga Portugal Betclic,Liga Portugal 25/26,18.0,Away,Rio Ave,Rio Ave,Benfica,2ND,Goalkeeping,Goal kicks,1,6,6,1
14288934,2026-01-17,Liga Portugal Betclic,Liga Portugal 25/26,18.0,Away,Rio Ave,Rio Ave,Benfica,2ND,Goalkeeping,Total saves,1,3,3,1
14288934,2026-01-17,Liga Portugal Betclic,Liga Portugal 25/26,18.0,Away,Rio Ave,Rio Ave,Benfica,2ND,Match overview,Ball possession,53%,47%,47%,53%
14288934,2026-01-17,Liga Portugal Betclic,Liga Portugal 25/26,18.0,Away,Rio Ave,Rio Ave,Benfica,2ND,Match overview,Big chances,1,0,0,1
14288934,2026-01-17,Liga Portugal Betclic,Liga Portugal 25/26,18.0,Away,Rio Ave,Rio Ave,Benfica,2ND,Match overview,Corner kicks,5,2,2,5
14288934,2026-01-17,Liga Portugal Betclic,Liga Portugal 25/26,18.0,Away,Rio Ave,Rio Ave,Benfica,2ND,Match overview,Expected goals,0.55,0.09,0.09,0.55
14288934,2026-01-17,Liga Portugal Betclic,Liga Portugal 25/26,18.0,Away,Rio Ave,Rio Ave,Benfica,2ND,Match overview,Fouls,4,4,4,4
14288934,2026-01-17,Liga Portugal Betclic,Liga Portugal 25/26,18.0,Away,Rio Ave,Rio Ave,Benfica,2ND,Match overview,Free kicks,4,4,4,4
14288934,2026-01-17,Liga Portugal Betclic,Liga Portugal 25/26,18.0,Away,Rio Ave,Rio Ave,Benfica,2ND,Match overview,Goalkeeper saves,1,3,3,1
14288934,2026-01-17,Liga Portugal Betclic,Liga Portugal 25/26,18.0,Away,Rio Ave,Rio Ave,Benfica,2ND,Match overview,Passes,243,216,216,243
14288934,2026-01-17,Liga Portugal Betclic,Liga Portugal 25/26,18.0,Away,Rio Ave,Rio Ave,Benfica,2ND,Match overview,Tackles,12,12,12,12
14288934,2026-01-17,Liga Portugal Betclic,Liga Portugal 25/26,18.0,Away,Rio Ave,Rio Ave,Benfica,2ND,Match overview,Total shots,9,4,4,9
14288934,2026-01-17,Liga Portugal Betclic,Liga Portugal 25/26,18.0,Away,Rio Ave,Rio Ave,Benfica,2ND,Match overview,Yellow cards,2,1,1,2
14288934,2026-01-17,Liga Portugal Betclic,Liga Portugal 25/26,18.0,Away,Rio Ave,Rio Ave,Benfica,2ND,Passes,Accurate passes,214,183,183,214
14288934,2026-01-17,Liga Portugal Betclic,Liga Portugal 25/26,18.0,Away,Rio Ave,Rio Ave,Benfica,2ND,Passes,Crosses,2/11 (18%),1/6 (17%),1/6 (17%),2/11 (18%)
14288934,2026-01-17,Liga Portugal Betclic,Liga Portugal 25/26,18.0,Away,Rio Ave,Rio Ave,Benfica,2ND,Passes,Final third entries,35,23,23,35
14288934,2026-01-17,Liga Portugal Betclic,Liga Portugal 25/26,18.0,Away,Rio Ave,Rio Ave,Benfica,2ND,Passes,Long balls,11/20 (55%),10/21 (48%),10/21 (48%),11/20 (55%)
14288934,2026-01-17,Liga Portugal Betclic,Liga Portugal 25/26,18.0,Away,Rio Ave,Rio Ave,Benfica,2ND,Passes,Throw-ins,7,10,10,7
14288934,2026-01-17,Liga Portugal Betclic,Liga Portugal 25/26,18.0,Away,Rio Ave,Rio Ave,Benfica,2ND,Shots,Blocked shots,2,2,2,2
14288934,2026-01-17,Liga Portugal Betclic,Liga Portugal 25/26,18.0,Away,Rio Ave,Rio Ave,Benfica,2ND,Shots,Hit woodwork,0,0,0,0
14288934,2026-01-17,Liga Portugal Betclic,Liga Portugal 25/26,18.0,Away,Rio Ave,Rio Ave,Benfica,2ND,Shots,Shots inside box,4,2,2,4
14288934,2026-01-17,Liga Portugal Betclic,Liga Portugal 25/26,18.0,Away,Rio Ave,Rio Ave,Benfica,2ND,Shots,Shots off target,4,1,1,4
14288934,2026-01-17,Liga Portugal Betclic,Liga Portugal 25/26,18.0,Away,Rio Ave,Rio Ave,Benfica,2ND,Shots,Shots on target,3,1,1,3
14288934,2026-01-17,Liga Portugal Betclic,Liga Portugal 25/26,18.0,Away,Rio Ave,Rio Ave,Benfica,2ND,Shots,Shots outside box,5,2,2,5
14288934,2026-01-17,Liga Portugal Betclic,Liga Portugal 25/26,18.0,Away,Rio Ave,Rio Ave,Benfica,2ND,Shots,Total shots,9,4,4,9
14288934,2026-01-17,Liga Portugal Betclic,Liga Portugal 25/26,18.0,Away,Rio Ave,Rio Ave,Benfica,ALL,Attack,Big chances missed,3,0,0,3
14288934,2026-01-17,Liga Portugal Betclic,Liga Portugal 25/26,18.0,Away,Rio Ave,Rio Ave,Benfica,ALL,Attack,Big chances scored,1,0,0,1
14288934,2026-01-17,Liga Portugal Betclic,Liga Portugal 25/26,18.0,Away,Rio Ave,Rio Ave,Benfica,ALL,Attack,Fouled in final third,1,0,0,1
14288934,2026-01-17,Liga Portugal Betclic,Liga Portugal 25/26,18.0,Away,Rio Ave,Rio Ave,Benfica,ALL,Attack,Offsides,0,2,2,0
14288934,2026-01-17,Liga Portugal Betclic,Liga Portugal 25/26,18.0,Away,Rio Ave,Rio Ave,Benfica,ALL,Attack,Touches in penalty area,48,7,7,48
14288934,2026-01-17,Liga Portugal Betclic,Liga Portugal 25/26,18.0,Away,Rio Ave,Rio Ave,Benfica,ALL,Defending,Clearances,12,33,33,12
14288934,2026-01-17,Liga Portugal Betclic,Liga Portugal 25/26,18.0,Away,Rio Ave,Rio Ave,Benfica,ALL,Defending,Errors lead to a shot,0,2,2,0
14288934,2026-01-17,Liga Portugal Betclic,Liga Portugal 25/26,18.0,Away,Rio Ave,Rio Ave,Benfica,ALL,Defending,Interceptions,10,6,6,10
14288934,2026-01-17,Liga Portugal Betclic,Liga Portugal 25/26,18.0,Away,Rio Ave,Rio Ave,Benfica,ALL,Defending,Recoveries,55,43,43,55
14288934,2026-01-17,Liga Portugal Betclic,Liga Portugal 25/26,18.0,Away,Rio Ave,Rio Ave,Benfica,ALL,Defending,Tackles won,74%,63%,63%,74%
14288934,2026-01-17,Liga Portugal Betclic,Liga Portugal 25/26,18.0,Away,Rio Ave,Rio Ave,Benfica,ALL,Defending,Total tackles,19,16,16,19
14288934,2026-01-17,Liga Portugal Betclic,Liga Portugal 25/26,18.0,Away,Rio Ave,Rio Ave,Benfica,ALL,Duels,Aerial duels,7/15 (47%),8/15 (53%),8/15 (53%),7/15 (47%)
14288934,2026-01-17,Liga Portugal Betclic,Liga Portugal 25/26,18.0,Away,Rio Ave,Rio Ave,Benfica,ALL,Duels,Dispossessed,11,9,9,11
14288934,2026-01-17,Liga Portugal Betclic,Liga Portugal 25/26,18.0,Away,Rio Ave,Rio Ave,Benfica,ALL,Duels,Dribbles,11/16 (69%),5/15 (33%),5/15 (33%),11/16 (69%)
14288934,2026-01-17,Liga Portugal Betclic,Liga Portugal 25/26,18.0,Away,Rio Ave,Rio Ave,Benfica,ALL,Duels,Duels,57%,43%,43%,57%
14288934,2026-01-17,Liga Portugal Betclic,Liga Portugal 25/26,18.0,Away,Rio Ave,Rio Ave,Benfica,ALL,Duels,Ground duels,41/69 (59%),28/69 (41%),28/69 (41%),41/69 (59%)
14288934,2026-01-17,Liga Portugal Betclic,Liga Portugal 25/26,18.0,Away,Rio Ave,Rio Ave,Benfica,ALL,Goalkeeping,Goal kicks,2,12,12,2
14288934,2026-01-17,Liga Portugal Betclic,Liga Portugal 25/26,18.0,Away,Rio Ave,Rio Ave,Benfica,ALL,Goalkeeping,Goals prevented,0.50,-1.08,-1.08,0.50
14288934,2026-01-17,Liga Portugal Betclic,Liga Portugal 25/26,18.0,Away,Rio Ave,Rio Ave,Benfica,ALL,Goalkeeping,Total saves,1,5,5,1
14288934,2026-01-17,Liga Portugal Betclic,Liga Portugal 25/26,18.0,Away,Rio Ave,Rio Ave,Benfica,ALL,Match overview,Ball possession,63%,37%,37%,63%
14288934,2026-01-17,Liga Portugal Betclic,Liga Portugal 25/26,18.0,Away,Rio Ave,Rio Ave,Benfica,ALL,Match overview,Big chances,4,0,0,4
14288934,2026-01-17,Liga Portugal Betclic,Liga Portugal 25/26,18.0,Away,Rio Ave,Rio Ave,Benfica,ALL,Match overview,Corner kicks,11,3,3,11
14288934,2026-01-17,Liga Portugal Betclic,Liga Portugal 25/26,18.0,Away,Rio Ave,Rio Ave,Benfica,ALL,Match overview,Distance covered,105.8 km,108.5 km,108.5 km,105.8 km
14288934,2026-01-17,Liga Portugal Betclic,Liga Portugal 25/26,18.0,Away,Rio Ave,Rio Ave,Benfica,ALL,Match overview,Expected goals,1.78,0.20,0.20,1.78
14288934,2026-01-17,Liga Portugal Betclic,Liga Portugal 25/26,18.0,Away,Rio Ave,Rio Ave,Benfica,ALL,Match overview,Fouls,8,12,12,8
14288934,2026-01-17,Liga Portugal Betclic,Liga Portugal 25/26,18.0,Away,Rio Ave,Rio Ave,Benfica,ALL,Match overview,Free kicks,12,8,8,12
14288934,2026-01-17,Liga Portugal Betclic,Liga Portugal 25/26,18.0,Away,Rio Ave,Rio Ave,Benfica,ALL,Match overview,Goalkeeper saves,1,5,5,1
14288934,2026-01-17,Liga Portugal Betclic,Liga Portugal 25/26,18.0,Away,Rio Ave,Rio Ave,Benfica,ALL,Match overview,Number of sprints,184,182,182,184
14288934,2026-01-17,Liga Portugal Betclic,Liga Portugal 25/26,18.0,Away,Rio Ave,Rio Ave,Benfica,ALL,Match overview,Passes,599,351,351,599
14288934,2026-01-17,Liga Portugal Betclic,Liga Portugal 25/26,18.0,Away,Rio Ave,Rio Ave,Benfica,ALL,Match overview,Tackles,19,16,16,19
14288934,2026-01-17,Liga Portugal Betclic,Liga Portugal 25/26,18.0,Away,Rio Ave,Rio Ave,Benfica,ALL,Match overview,Total shots,24,7,7,24
14288934,2026-01-17,Liga Portugal Betclic,Liga Portugal 25/26,18.0,Away,Rio Ave,Rio Ave,Benfica,ALL,Match overview,Yellow cards,2,1,1,2
14288934,2026-01-17,Liga Portugal Betclic,Liga Portugal 25/26,18.0,Away,Rio Ave,Rio Ave,Benfica,ALL,Passes,Accurate passes,540,289,289,540
14288934,2026-01-17,Liga Portugal Betclic,Liga Portugal 25/26,18.0,Away,Rio Ave,Rio Ave,Benfica,ALL,Passes,Crosses,8/27 (30%),2/11 (18%),2/11 (18%),8/27 (30%)
14288934,2026-01-17,Liga Portugal Betclic,Liga Portugal 25/26,18.0,Away,Rio Ave,Rio Ave,Benfica,ALL,Passes,Final third entries,75,34,34,75
14288934,2026-01-17,Liga Portugal Betclic,Liga Portugal 25/26,18.0,Away,Rio Ave,Rio Ave,Benfica,ALL,Passes,Final third phase,183/223 (82%),35/56 (63%),35/56 (63%),183/223 (82%)
14288934,2026-01-17,Liga Portugal Betclic,Liga Portugal 25/26,18.0,Away,Rio Ave,Rio Ave,Benfica,ALL,Passes,Long balls,23/39 (59%),22/46 (48%),22/46 (48%),23/39 (59%)
14288934,2026-01-17,Liga Portugal Betclic,Liga Portugal 25/26,18.0,Away,Rio Ave,Rio Ave,Benfica,ALL,Passes,Throw-ins,16,22,22,16
14288934,2026-01-17,Liga Portugal Betclic,Liga Portugal 25/26,18.0,Away,Rio Ave,Rio Ave,Benfica,ALL,Shots,Blocked shots,5,4,4,5
14288934,2026-01-17,Liga Portugal Betclic,Liga Portugal 25/26,18.0,Away,Rio Ave,Rio Ave,Benfica,ALL,Shots,Hit woodwork,1,1,1,1
14288934,2026-01-17,Liga Portugal Betclic,Liga Portugal 25/26,18.0,Away,Rio Ave,Rio Ave,Benfica,ALL,Shots,Shots inside box,15,3,3,15
14288934,2026-01-17,Liga Portugal Betclic,Liga Portugal 25/26,18.0,Away,Rio Ave,Rio Ave,Benfica,ALL,Shots,Shots off target,11,2,2,11
14288934,2026-01-17,Liga Portugal Betclic,Liga Portugal 25/26,18.0,Away,Rio Ave,Rio Ave,Benfica,ALL,Shots,Shots on target,8,1,1,8
14288934,2026-01-17,Liga Portugal Betclic,Liga Portugal 25/26,18.0,Away,Rio Ave,Rio Ave,Benfica,ALL,Shots,Shots outside box,9,4,4,9
14288934,2026-01-17,Liga Portugal Betclic,Liga Portugal 25/26,18.0,Away,Rio Ave,Rio Ave,Benfica,ALL,Shots,Total shots,24,7,7,24
14566765,2026-01-21,UEFA Champions League,UEFA Champions League 25/26,7.0,Away,Juventus,Juventus,Benfica,1ST,Attack,Big chances missed,0,1,1,0
14566765,2026-01-21,UEFA Champions League,UEFA Champions League 25/26,7.0,Away,Juventus,Juventus,Benfica,1ST,Attack,Big chances scored,0,0,0,0
14566765,2026-01-21,UEFA Champions League,UEFA Champions League 25/26,7.0,Away,Juventus,Juventus,Benfica,1ST,Attack,Fouled in final third,1,0,0,1
14566765,2026-01-21,UEFA Champions League,UEFA Champions League 25/26,7.0,Away,Juventus,Juventus,Benfica,1ST,Attack,Offsides,0,2,2,0
14566765,2026-01-21,UEFA Champions League,UEFA Champions League 25/26,7.0,Away,Juventus,Juventus,Benfica,1ST,Defending,Clearances,12,9,9,12
14566765,2026-01-21,UEFA Champions League,UEFA Champions League 25/26,7.0,Away,Juventus,Juventus,Benfica,1ST,Defending,Interceptions,2,0,0,2
14566765,2026-01-21,UEFA Champions League,UEFA Champions League 25/26,7.0,Away,Juventus,Juventus,Benfica,1ST,Defending,Recoveries,20,21,21,20
14566765,2026-01-21,UEFA Champions League,UEFA Champions League 25/26,7.0,Away,Juventus,Juventus,Benfica,1ST,Defending,Tackles won,45%,36%,36%,45%
14566765,2026-01-21,UEFA Champions League,UEFA Champions League 25/26,7.0,Away,Juventus,Juventus,Benfica,1ST,Defending,Total tackles,11,11,11,11
14566765,2026-01-21,UEFA Champions League,UEFA Champions League 25/26,7.0,Away,Juventus,Juventus,Benfica,1ST,Duels,Aerial duels,2/5 (40%),3/5 (60%),3/5 (60%),2/5 (40%)
14566765,2026-01-21,UEFA Champions League,UEFA Champions League 25/26,7.0,Away,Juventus,Juventus,Benfica,1ST,Duels,Dispossessed,5,5,5,5
14566765,2026-01-21,UEFA Champions League,UEFA Champions League 25/26,7.0,Away,Juventus,Juventus,Benfica,1ST,Duels,Dribbles,2/8 (25%),1/7 (14%),1/7 (14%),2/8 (25%)
14566765,2026-01-21,UEFA Champions League,UEFA Champions League 25/26,7.0,Away,Juventus,Juventus,Benfica,1ST,Duels,Duels,53%,47%,47%,53%
14566765,2026-01-21,UEFA Champions League,UEFA Champions League 25/26,7.0,Away,Juventus,Juventus,Benfica,1ST,Duels,Ground duels,16/29 (55%),13/29 (45%),13/29 (45%),16/29 (55%)
14566765,2026-01-21,UEFA Champions League,UEFA Champions League 25/26,7.0,Away,Juventus,Juventus,Benfica,1ST,Goalkeeping,Goal kicks,5,1,1,5
14566765,2026-01-21,UEFA Champions League,UEFA Champions League 25/26,7.0,Away,Juventus,Juventus,Benfica,1ST,Goalkeeping,Total saves,1,2,2,1
14566765,2026-01-21,UEFA Champions League,UEFA Champions League 25/26,7.0,Away,Juventus,Juventus,Benfica,1ST,Match overview,Ball possession,49%,51%,51%,49%
14566765,2026-01-21,UEFA Champions League,UEFA Champions League 25/26,7.0,Away,Juventus,Juventus,Benfica,1ST,Match overview,Big chances,0,1,1,0
14566765,2026-01-21,UEFA Champions League,UEFA Champions League 25/26,7.0,Away,Juventus,Juventus,Benfica,1ST,Match overview,Corner kicks,3,4,4,3
14566765,2026-01-21,UEFA Champions League,UEFA Champions League 25/26,7.0,Away,Juventus,Juventus,Benfica,1ST,Match overview,Expected goals,0.27,0.38,0.38,0.27
14566765,2026-01-21,UEFA Champions League,UEFA Champions League 25/26,7.0,Away,Juventus,Juventus,Benfica,1ST,Match overview,Fouls,1,4,4,1
14566765,2026-01-21,UEFA Champions League,UEFA Champions League 25/26,7.0,Away,Juventus,Juventus,Benfica,1ST,Match overview,Free kicks,4,1,1,4
14566765,2026-01-21,UEFA Champions League,UEFA Champions League 25/26,7.0,Away,Juventus,Juventus,Benfica,1ST,Match overview,Goalkeeper saves,1,2,2,1
14566765,2026-01-21,UEFA Champions League,UEFA Champions League 25/26,7.0,Away,Juventus,Juventus,Benfica,1ST,Match overview,Number of sprints,0,0,0,0
14566765,2026-01-21,UEFA Champions League,UEFA Champions League 25/26,7.0,Away,Juventus,Juventus,Benfica,1ST,Match overview,Passes,251,249,249,251
14566765,2026-01-21,UEFA Champions League,UEFA Champions League 25/26,7.0,Away,Juventus,Juventus,Benfica,1ST,Match overview,Tackles,11,11,11,11
14566765,2026-01-21,UEFA Champions League,UEFA Champions League 25/26,7.0,Away,Juventus,Juventus,Benfica,1ST,Match overview,Total shots,6,5,5,6
14566765,2026-01-21,UEFA Champions League,UEFA Champions League 25/26,7.0,Away,Juventus,Juventus,Benfica,1ST,Match overview,Yellow cards,0,0,0,0
14566765,2026-01-21,UEFA Champions League,UEFA Champions League 25/26,7.0,Away,Juventus,Juventus,Benfica,1ST,Passes,Accurate passes,217,219,219,217
14566765,2026-01-21,UEFA Champions League,UEFA Champions League 25/26,7.0,Away,Juventus,Juventus,Benfica,1ST,Passes,Crosses,1/5 (20%),2/10 (20%),2/10 (20%),1/5 (20%)
14566765,2026-01-21,UEFA Champions League,UEFA Champions League 25/26,7.0,Away,Juventus,Juventus,Benfica,1ST,Passes,Final third entries,13,24,24,13
14566765,2026-01-21,UEFA Champions League,UEFA Champions League 25/26,7.0,Away,Juventus,Juventus,Benfica,1ST,Passes,Long balls,14/26 (54%),14/17 (82%),14/17 (82%),14/26 (54%)
14566765,2026-01-21,UEFA Champions League,UEFA Champions League 25/26,7.0,Away,Juventus,Juventus,Benfica,1ST,Passes,Throw-ins,8,12,12,8
14566765,2026-01-21,UEFA Champions League,UEFA Champions League 25/26,7.0,Away,Juventus,Juventus,Benfica,1ST,Shots,Blocked shots,3,0,0,3
14566765,2026-01-21,UEFA Champions League,UEFA Champions League 25/26,7.0,Away,Juventus,Juventus,Benfica,1ST,Shots,Hit woodwork,0,0,0,0
14566765,2026-01-21,UEFA Champions League,UEFA Champions League 25/26,7.0,Away,Juventus,Juventus,Benfica,1ST,Shots,Shots inside box,1,4,4,1
14566765,2026-01-21,UEFA Champions League,UEFA Champions League 25/26,7.0,Away,Juventus,Juventus,Benfica,1ST,Shots,Shots off target,1,4,4,1
14566765,2026-01-21,UEFA Champions League,UEFA Champions League 25/26,7.0,Away,Juventus,Juventus,Benfica,1ST,Shots,Shots on target,2,1,1,2
14566765,2026-01-21,UEFA Champions League,UEFA Champions League 25/26,7.0,Away,Juventus,Juventus,Benfica,1ST,Shots,Shots outside box,5,1,1,5
14566765,2026-01-21,UEFA Champions League,UEFA Champions League 25/26,7.0,Away,Juventus,Juventus,Benfica,1ST,Shots,Total shots,6,5,5,6
14566765,2026-01-21,UEFA Champions League,UEFA Champions League 25/26,7.0,Away,Juventus,Juventus,Benfica,2ND,Attack,Big chances missed,1,0,0,1
14566765,2026-01-21,UEFA Champions League,UEFA Champions League 25/26,7.0,Away,Juventus,Juventus,Benfica,2ND,Attack,Big chances scored,0,1,1,0
14566765,2026-01-21,UEFA Champions League,UEFA Champions League 25/26,7.0,Away,Juventus,Juventus,Benfica,2ND,Attack,Fouled in final third,2,3,3,2
14566765,2026-01-21,UEFA Champions League,UEFA Champions League 25/26,7.0,Away,Juventus,Juventus,Benfica,2ND,Attack,Offsides,0,0,0,0
14566765,2026-01-21,UEFA Champions League,UEFA Champions League 25/26,7.0,Away,Juventus,Juventus,Benfica,2ND,Defending,Clearances,11,19,19,11
14566765,2026-01-21,UEFA Champions League,UEFA Champions League 25/26,7.0,Away,Juventus,Juventus,Benfica,2ND,Defending,Interceptions,4,3,3,4
14566765,2026-01-21,UEFA Champions League,UEFA Champions League 25/26,7.0,Away,Juventus,Juventus,Benfica,2ND,Defending,Recoveries,24,25,25,24
14566765,2026-01-21,UEFA Champions League,UEFA Champions League 25/26,7.0,Away,Juventus,Juventus,Benfica,2ND,Defending,Tackles won,36%,67%,67%,36%
14566765,2026-01-21,UEFA Champions League,UEFA Champions League 25/26,7.0,Away,Juventus,Juventus,Benfica,2ND,Defending,Total tackles,14,3,3,14
14566765,2026-01-21,UEFA Champions League,UEFA Champions League 25/26,7.0,Away,Juventus,Juventus,Benfica,2ND,Duels,Aerial duels,5/11 (45%),6/11 (55%),6/11 (55%),5/11 (45%)
14566765,2026-01-21,UEFA Champions League,UEFA Champions League 25/26,7.0,Away,Juventus,Juventus,Benfica,2ND,Duels,Dispossessed,3,7,7,3
14566765,2026-01-21,UEFA Champions League,UEFA Champions League 25/26,7.0,Away,Juventus,Juventus,Benfica,2ND,Duels,Dribbles,9/9 (100%),4/11 (36%),4/11 (36%),9/9 (100%)
14566765,2026-01-21,UEFA Champions League,UEFA Champions League 25/26,7.0,Away,Juventus,Juventus,Benfica,2ND,Duels,Duels,64%,36%,36%,64%
14566765,2026-01-21,UEFA Champions League,UEFA Champions League 25/26,7.0,Away,Juventus,Juventus,Benfica,2ND,Duels,Ground duels,33/48 (69%),15/48 (31%),15/48 (31%),33/48 (69%)
14566765,2026-01-21,UEFA Champions League,UEFA Champions League 25/26,7.0,Away,Juventus,Juventus,Benfica,2ND,Goalkeeping,Goal kicks,3,3,3,3
14566765,2026-01-21,UEFA Champions League,UEFA Champions League 25/26,7.0,Away,Juventus,Juventus,Benfica,2ND,Goalkeeping,Total saves,2,1,1,2
14566765,2026-01-21,UEFA Champions League,UEFA Champions League 25/26,7.0,Away,Juventus,Juventus,Benfica,2ND,Match overview,Ball possession,60%,40%,40%,60%
14566765,2026-01-21,UEFA Champions League,UEFA Champions League 25/26,7.0,Away,Juventus,Juventus,Benfica,2ND,Match overview,Big chances,1,1,1,1
14566765,2026-01-21,UEFA Champions League,UEFA Champions League 25/26,7.0,Away,Juventus,Juventus,Benfica,2ND,Match overview,Corner kicks,4,0,0,4
14566765,2026-01-21,UEFA Champions League,UEFA Champions League 25/26,7.0,Away,Juventus,Juventus,Benfica,2ND,Match overview,Expected goals,1.17,0.98,0.98,1.17
14566765,2026-01-21,UEFA Champions League,UEFA Champions League 25/26,7.0,Away,Juventus,Juventus,Benfica,2ND,Match overview,Fouls,9,10,10,9
14566765,2026-01-21,UEFA Champions League,UEFA Champions League 25/26,7.0,Away,Juventus,Juventus,Benfica,2ND,Match overview,Free kicks,9,9,9,9
14566765,2026-01-21,UEFA Champions League,UEFA Champions League 25/26,7.0,Away,Juventus,Juventus,Benfica,2ND,Match overview,Goalkeeper saves,2,1,1,2
14566765,2026-01-21,UEFA Champions League,UEFA Champions League 25/26,7.0,Away,Juventus,Juventus,Benfica,2ND,Match overview,Number of sprints,0,0,0,0
14566765,2026-01-21,UEFA Champions League,UEFA Champions League 25/26,7.0,Away,Juventus,Juventus,Benfica,2ND,Match overview,Passes,246,155,155,246
14566765,2026-01-21,UEFA Champions League,UEFA Champions League 25/26,7.0,Away,Juventus,Juventus,Benfica,2ND,Match overview,Tackles,14,3,3,14
14566765,2026-01-21,UEFA Champions League,UEFA Champions League 25/26,7.0,Away,Juventus,Juventus,Benfica,2ND,Match overview,Total shots,10,7,7,10
14566765,2026-01-21,UEFA Champions League,UEFA Champions League 25/26,7.0,Away,Juventus,Juventus,Benfica,2ND,Match overview,Yellow cards,0,2,2,0
14566765,2026-01-21,UEFA Champions League,UEFA Champions League 25/26,7.0,Away,Juventus,Juventus,Benfica,2ND,Passes,Accurate passes,210,123,123,210
14566765,2026-01-21,UEFA Champions League,UEFA Champions League 25/26,7.0,Away,Juventus,Juventus,Benfica,2ND,Passes,Crosses,1/14 (7%),2/9 (22%),2/9 (22%),1/14 (7%)
14566765,2026-01-21,UEFA Champions League,UEFA Champions League 25/26,7.0,Away,Juventus,Juventus,Benfica,2ND,Passes,Final third entries,31,13,13,31
14566765,2026-01-21,UEFA Champions League,UEFA Champions League 25/26,7.0,Away,Juventus,Juventus,Benfica,2ND,Passes,Long balls,12/23 (52%),9/18 (50%),9/18 (50%),12/23 (52%)
14566765,2026-01-21,UEFA Champions League,UEFA Champions League 25/26,7.0,Away,Juventus,Juventus,Benfica,2ND,Passes,Throw-ins,3,8,8,3
14566765,2026-01-21,UEFA Champions League,UEFA Champions League 25/26,7.0,Away,Juventus,Juventus,Benfica,2ND,Shots,Blocked shots,5,3,3,5
14566765,2026-01-21,UEFA Champions League,UEFA Champions League 25/26,7.0,Away,Juventus,Juventus,Benfica,2ND,Shots,Hit woodwork,1,1,1,1
14566765,2026-01-21,UEFA Champions League,UEFA Champions League 25/26,7.0,Away,Juventus,Juventus,Benfica,2ND,Shots,Shots inside box,7,4,4,7
14566765,2026-01-21,UEFA Champions League,UEFA Champions League 25/26,7.0,Away,Juventus,Juventus,Benfica,2ND,Shots,Shots off target,4,1,1,4
14566765,2026-01-21,UEFA Champions League,UEFA Champions League 25/26,7.0,Away,Juventus,Juventus,Benfica,2ND,Shots,Shots on target,1,3,3,1
14566765,2026-01-21,UEFA Champions League,UEFA Champions League 25/26,7.0,Away,Juventus,Juventus,Benfica,2ND,Shots,Shots outside box,3,3,3,3
14566765,2026-01-21,UEFA Champions League,UEFA Champions League 25/26,7.0,Away,Juventus,Juventus,Benfica,2ND,Shots,Total shots,10,7,7,10
14566765,2026-01-21,UEFA Champions League,UEFA Champions League 25/26,7.0,Away,Juventus,Juventus,Benfica,ALL,Attack,Big chances missed,1,1,1,1
14566765,2026-01-21,UEFA Champions League,UEFA Champions League 25/26,7.0,Away,Juventus,Juventus,Benfica,ALL,Attack,Big chances scored,0,1,1,0
14566765,2026-01-21,UEFA Champions League,UEFA Champions League 25/26,7.0,Away,Juventus,Juventus,Benfica,ALL,Attack,Fouled in final third,3,3,3,3
14566765,2026-01-21,UEFA Champions League,UEFA Champions League 25/26,7.0,Away,Juventus,Juventus,Benfica,ALL,Attack,Offsides,0,2,2,0
14566765,2026-01-21,UEFA Champions League,UEFA Champions League 25/26,7.0,Away,Juventus,Juventus,Benfica,ALL,Attack,Touches in penalty area,35,21,21,35
14566765,2026-01-21,UEFA Champions League,UEFA Champions League 25/26,7.0,Away,Juventus,Juventus,Benfica,ALL,Defending,Clearances,23,28,28,23
14566765,2026-01-21,UEFA Champions League,UEFA Champions League 25/26,7.0,Away,Juventus,Juventus,Benfica,ALL,Defending,Errors lead to a shot,1,1,1,1
14566765,2026-01-21,UEFA Champions League,UEFA Champions League 25/26,7.0,Away,Juventus,Juventus,Benfica,ALL,Defending,Interceptions,6,3,3,6
14566765,2026-01-21,UEFA Champions League,UEFA Champions League 25/26,7.0,Away,Juventus,Juventus,Benfica,ALL,Defending,Recoveries,44,46,46,44
14566765,2026-01-21,UEFA Champions League,UEFA Champions League 25/26,7.0,Away,Juventus,Juventus,Benfica,ALL,Defending,Tackles won,40%,43%,43%,40%
14566765,2026-01-21,UEFA Champions League,UEFA Champions League 25/26,7.0,Away,Juventus,Juventus,Benfica,ALL,Defending,Total tackles,25,14,14,25
14566765,2026-01-21,UEFA Champions League,UEFA Champions League 25/26,7.0,Away,Juventus,Juventus,Benfica,ALL,Duels,Aerial duels,7/16 (44%),9/16 (56%),9/16 (56%),7/16 (44%)
14566765,2026-01-21,UEFA Champions League,UEFA Champions League 25/26,7.0,Away,Juventus,Juventus,Benfica,ALL,Duels,Dispossessed,8,12,12,8
14566765,2026-01-21,UEFA Champions League,UEFA Champions League 25/26,7.0,Away,Juventus,Juventus,Benfica,ALL,Duels,Dribbles,11/17 (65%),5/18 (28%),5/18 (28%),11/17 (65%)
14566765,2026-01-21,UEFA Champions League,UEFA Champions League 25/26,7.0,Away,Juventus,Juventus,Benfica,ALL,Duels,Duels,60%,40%,40%,60%
14566765,2026-01-21,UEFA Champions League,UEFA Champions League 25/26,7.0,Away,Juventus,Juventus,Benfica,ALL,Duels,Ground duels,49/77 (64%),28/77 (36%),28/77 (36%),49/77 (64%)
14566765,2026-01-21,UEFA Champions League,UEFA Champions League 25/26,7.0,Away,Juventus,Juventus,Benfica,ALL,Goalkeeping,Goal kicks,8,4,4,8
14566765,2026-01-21,UEFA Champions League,UEFA Champions League 25/26,7.0,Away,Juventus,Juventus,Benfica,ALL,Goalkeeping,Goals prevented,0.09,0.26,0.26,0.09
14566765,2026-01-21,UEFA Champions League,UEFA Champions League 25/26,7.0,Away,Juventus,Juventus,Benfica,ALL,Goalkeeping,High claims,0,1,1,0
14566765,2026-01-21,UEFA Champions League,UEFA Champions League 25/26,7.0,Away,Juventus,Juventus,Benfica,ALL,Goalkeeping,Total saves,3,3,3,3
14566765,2026-01-21,UEFA Champions League,UEFA Champions League 25/26,7.0,Away,Juventus,Juventus,Benfica,ALL,Match overview,Ball possession,54%,46%,46%,54%
14566765,2026-01-21,UEFA Champions League,UEFA Champions League 25/26,7.0,Away,Juventus,Juventus,Benfica,ALL,Match overview,Big chances,1,2,2,1
14566765,2026-01-21,UEFA Champions League,UEFA Champions League 25/26,7.0,Away,Juventus,Juventus,Benfica,ALL,Match overview,Corner kicks,7,4,4,7
14566765,2026-01-21,UEFA Champions League,UEFA Champions League 25/26,7.0,Away,Juventus,Juventus,Benfica,ALL,Match overview,Distance covered,115.1 km,115.6 km,115.6 km,115.1 km
14566765,2026-01-21,UEFA Champions League,UEFA Champions League 25/26,7.0,Away,Juventus,Juventus,Benfica,ALL,Match overview,Expected goals,1.44,1.36,1.36,1.44
14566765,2026-01-21,UEFA Champions League,UEFA Champions League 25/26,7.0,Away,Juventus,Juventus,Benfica,ALL,Match overview,Fouls,10,14,14,10
14566765,2026-01-21,UEFA Champions League,UEFA Champions League 25/26,7.0,Away,Juventus,Juventus,Benfica,ALL,Match overview,Free kicks,13,10,10,13
14566765,2026-01-21,UEFA Champions League,UEFA Champions League 25/26,7.0,Away,Juventus,Juventus,Benfica,ALL,Match overview,Goalkeeper saves,3,3,3,3
14566765,2026-01-21,UEFA Champions League,UEFA Champions League 25/26,7.0,Away,Juventus,Juventus,Benfica,ALL,Match overview,Number of sprints,83,99,99,83
14566765,2026-01-21,UEFA Champions League,UEFA Champions League 25/26,7.0,Away,Juventus,Juventus,Benfica,ALL,Match overview,Passes,497,404,404,497
14566765,2026-01-21,UEFA Champions League,UEFA Champions League 25/26,7.0,Away,Juventus,Juventus,Benfica,ALL,Match overview,Tackles,25,14,14,25
14566765,2026-01-21,UEFA Champions League,UEFA Champions League 25/26,7.0,Away,Juventus,Juventus,Benfica,ALL,Match overview,Total shots,16,12,12,16
14566765,2026-01-21,UEFA Champions League,UEFA Champions League 25/26,7.0,Away,Juventus,Juventus,Benfica,ALL,Match overview,Yellow cards,0,2,2,0
14566765,2026-01-21,UEFA Champions League,UEFA Champions League 25/26,7.0,Away,Juventus,Juventus,Benfica,ALL,Passes,Accurate passes,427,342,342,427
14566765,2026-01-21,UEFA Champions League,UEFA Champions League 25/26,7.0,Away,Juventus,Juventus,Benfica,ALL,Passes,Crosses,2/19 (11%),4/19 (21%),4/19 (21%),2/19 (11%)
14566765,2026-01-21,UEFA Champions League,UEFA Champions League 25/26,7.0,Away,Juventus,Juventus,Benfica,ALL,Passes,Final third entries,44,37,37,44
14566765,2026-01-21,UEFA Champions League,UEFA Champions League 25/26,7.0,Away,Juventus,Juventus,Benfica,ALL,Passes,Final third phase,110/143 (77%),98/117 (84%),98/117 (84%),110/143 (77%)
14566765,2026-01-21,UEFA Champions League,UEFA Champions League 25/26,7.0,Away,Juventus,Juventus,Benfica,ALL,Passes,Long balls,26/49 (53%),23/35 (66%),23/35 (66%),26/49 (53%)
14566765,2026-01-21,UEFA Champions League,UEFA Champions League 25/26,7.0,Away,Juventus,Juventus,Benfica,ALL,Passes,Throw-ins,11,20,20,11
14566765,2026-01-21,UEFA Champions League,UEFA Champions League 25/26,7.0,Away,Juventus,Juventus,Benfica,ALL,Shots,Blocked shots,8,3,3,8
14566765,2026-01-21,UEFA Champions League,UEFA Champions League 25/26,7.0,Away,Juventus,Juventus,Benfica,ALL,Shots,Hit woodwork,1,1,1,1
14566765,2026-01-21,UEFA Champions League,UEFA Champions League 25/26,7.0,Away,Juventus,Juventus,Benfica,ALL,Shots,Shots inside box,8,8,8,8
14566765,2026-01-21,UEFA Champions League,UEFA Champions League 25/26,7.0,Away,Juventus,Juventus,Benfica,ALL,Shots,Shots off target,5,5,5,5
14566765,2026-01-21,UEFA Champions League,UEFA Champions League 25/26,7.0,Away,Juventus,Juventus,Benfica,ALL,Shots,Shots on target,3,4,4,3
14566765,2026-01-21,UEFA Champions League,UEFA Champions League 25/26,7.0,Away,Juventus,Juventus,Benfica,ALL,Shots,Shots outside box,8,4,4,8
14566765,2026-01-21,UEFA Champions League,UEFA Champions League 25/26,7.0,Away,Juventus,Juventus,Benfica,ALL,Shots,Total shots,16,12,12,16
14288958,2026-01-25,Liga Portugal Betclic,Liga Portugal 25/26,19.0,Home,CF Estrela Amadora,Benfica,CF Estrela Amadora,1ST,Attack,Big chances missed,1,1,1,1
14288958,2026-01-25,Liga Portugal Betclic,Liga Portugal 25/26,19.0,Home,CF Estrela Amadora,Benfica,CF Estrela Amadora,1ST,Attack,Big chances scored,0,0,0,0
14288958,2026-01-25,Liga Portugal Betclic,Liga Portugal 25/26,19.0,Home,CF Estrela Amadora,Benfica,CF Estrela Amadora,1ST,Attack,Fouled in final third,2,2,2,2
14288958,2026-01-25,Liga Portugal Betclic,Liga Portugal 25/26,19.0,Home,CF Estrela Amadora,Benfica,CF Estrela Amadora,1ST,Attack,Offsides,0,0,0,0
14288958,2026-01-25,Liga Portugal Betclic,Liga Portugal 25/26,19.0,Home,CF Estrela Amadora,Benfica,CF Estrela Amadora,1ST,Defending,Clearances,3,13,3,13
14288958,2026-01-25,Liga Portugal Betclic,Liga Portugal 25/26,19.0,Home,CF Estrela Amadora,Benfica,CF Estrela Amadora,1ST,Defending,Interceptions,1,9,1,9
14288958,2026-01-25,Liga Portugal Betclic,Liga Portugal 25/26,19.0,Home,CF Estrela Amadora,Benfica,CF Estrela Amadora,1ST,Defending,Recoveries,24,25,24,25
14288958,2026-01-25,Liga Portugal Betclic,Liga Portugal 25/26,19.0,Home,CF Estrela Amadora,Benfica,CF Estrela Amadora,1ST,Defending,Tackles won,67%,67%,67%,67%
14288958,2026-01-25,Liga Portugal Betclic,Liga Portugal 25/26,19.0,Home,CF Estrela Amadora,Benfica,CF Estrela Amadora,1ST,Defending,Total tackles,9,12,9,12
14288958,2026-01-25,Liga Portugal Betclic,Liga Portugal 25/26,19.0,Home,CF Estrela Amadora,Benfica,CF Estrela Amadora,1ST,Duels,Aerial duels,8/16 (50%),8/16 (50%),8/16 (50%),8/16 (50%)
14288958,2026-01-25,Liga Portugal Betclic,Liga Portugal 25/26,19.0,Home,CF Estrela Amadora,Benfica,CF Estrela Amadora,1ST,Duels,Dispossessed,8,7,8,7
14288958,2026-01-25,Liga Portugal Betclic,Liga Portugal 25/26,19.0,Home,CF Estrela Amadora,Benfica,CF Estrela Amadora,1ST,Duels,Dribbles,9/13 (69%),2/4 (50%),9/13 (69%),2/4 (50%)
14288958,2026-01-25,Liga Portugal Betclic,Liga Portugal 25/26,19.0,Home,CF Estrela Amadora,Benfica,CF Estrela Amadora,1ST,Duels,Duels,55%,45%,55%,45%
14288958,2026-01-25,Liga Portugal Betclic,Liga Portugal 25/26,19.0,Home,CF Estrela Amadora,Benfica,CF Estrela Amadora,1ST,Duels,Ground duels,28/49 (57%),21/49 (43%),28/49 (57%),21/49 (43%)
14288958,2026-01-25,Liga Portugal Betclic,Liga Portugal 25/26,19.0,Home,CF Estrela Amadora,Benfica,CF Estrela Amadora,1ST,Goalkeeping,Goal kicks,1,5,1,5
14288958,2026-01-25,Liga Portugal Betclic,Liga Portugal 25/26,19.0,Home,CF Estrela Amadora,Benfica,CF Estrela Amadora,1ST,Goalkeeping,Total saves,0,3,0,3
14288958,2026-01-25,Liga Portugal Betclic,Liga Portugal 25/26,19.0,Home,CF Estrela Amadora,Benfica,CF Estrela Amadora,1ST,Match overview,Ball possession,68%,32%,68%,32%
14288958,2026-01-25,Liga Portugal Betclic,Liga Portugal 25/26,19.0,Home,CF Estrela Amadora,Benfica,CF Estrela Amadora,1ST,Match overview,Big chances,1,1,1,1
14288958,2026-01-25,Liga Portugal Betclic,Liga Portugal 25/26,19.0,Home,CF Estrela Amadora,Benfica,CF Estrela Amadora,1ST,Match overview,Corner kicks,4,1,4,1
14288958,2026-01-25,Liga Portugal Betclic,Liga Portugal 25/26,19.0,Home,CF Estrela Amadora,Benfica,CF Estrela Amadora,1ST,Match overview,Expected goals,0.90,0.09,0.90,0.09
14288958,2026-01-25,Liga Portugal Betclic,Liga Portugal 25/26,19.0,Home,CF Estrela Amadora,Benfica,CF Estrela Amadora,1ST,Match overview,Fouls,8,12,8,12
14288958,2026-01-25,Liga Portugal Betclic,Liga Portugal 25/26,19.0,Home,CF Estrela Amadora,Benfica,CF Estrela Amadora,1ST,Match overview,Free kicks,12,8,12,8
14288958,2026-01-25,Liga Portugal Betclic,Liga Portugal 25/26,19.0,Home,CF Estrela Amadora,Benfica,CF Estrela Amadora,1ST,Match overview,Goalkeeper saves,0,3,0,3
14288958,2026-01-25,Liga Portugal Betclic,Liga Portugal 25/26,19.0,Home,CF Estrela Amadora,Benfica,CF Estrela Amadora,1ST,Match overview,Passes,241,118,241,118
14288958,2026-01-25,Liga Portugal Betclic,Liga Portugal 25/26,19.0,Home,CF Estrela Amadora,Benfica,CF Estrela Amadora,1ST,Match overview,Tackles,9,12,9,12
14288958,2026-01-25,Liga Portugal Betclic,Liga Portugal 25/26,19.0,Home,CF Estrela Amadora,Benfica,CF Estrela Amadora,1ST,Match overview,Total shots,9,2,9,2
14288958,2026-01-25,Liga Portugal Betclic,Liga Portugal 25/26,19.0,Home,CF Estrela Amadora,Benfica,CF Estrela Amadora,1ST,Match overview,Yellow cards,3,2,3,2
14288958,2026-01-25,Liga Portugal Betclic,Liga Portugal 25/26,19.0,Home,CF Estrela Amadora,Benfica,CF Estrela Amadora,1ST,Passes,Accurate passes,212,76,212,76
14288958,2026-01-25,Liga Portugal Betclic,Liga Portugal 25/26,19.0,Home,CF Estrela Amadora,Benfica,CF Estrela Amadora,1ST,Passes,Crosses,4/16 (25%),0/3 (0%),4/16 (25%),0/3 (0%)
14288958,2026-01-25,Liga Portugal Betclic,Liga Portugal 25/26,19.0,Home,CF Estrela Amadora,Benfica,CF Estrela Amadora,1ST,Passes,Final third entries,31,15,31,15
14288958,2026-01-25,Liga Portugal Betclic,Liga Portugal 25/26,19.0,Home,CF Estrela Amadora,Benfica,CF Estrela Amadora,1ST,Passes,Long balls,9/16 (56%),6/26 (23%),9/16 (56%),6/26 (23%)
14288958,2026-01-25,Liga Portugal Betclic,Liga Portugal 25/26,19.0,Home,CF Estrela Amadora,Benfica,CF Estrela Amadora,1ST,Passes,Throw-ins,11,7,11,7
14288958,2026-01-25,Liga Portugal Betclic,Liga Portugal 25/26,19.0,Home,CF Estrela Amadora,Benfica,CF Estrela Amadora,1ST,Shots,Blocked shots,0,0,0,0
14288958,2026-01-25,Liga Portugal Betclic,Liga Portugal 25/26,19.0,Home,CF Estrela Amadora,Benfica,CF Estrela Amadora,1ST,Shots,Hit woodwork,0,0,0,0
14288958,2026-01-25,Liga Portugal Betclic,Liga Portugal 25/26,19.0,Home,CF Estrela Amadora,Benfica,CF Estrela Amadora,1ST,Shots,Shots inside box,6,1,6,1
14288958,2026-01-25,Liga Portugal Betclic,Liga Portugal 25/26,19.0,Home,CF Estrela Amadora,Benfica,CF Estrela Amadora,1ST,Shots,Shots off target,5,1,5,1
14288958,2026-01-25,Liga Portugal Betclic,Liga Portugal 25/26,19.0,Home,CF Estrela Amadora,Benfica,CF Estrela Amadora,1ST,Shots,Shots on target,4,1,4,1
14288958,2026-01-25,Liga Portugal Betclic,Liga Portugal 25/26,19.0,Home,CF Estrela Amadora,Benfica,CF Estrela Amadora,1ST,Shots,Shots outside box,3,1,3,1
14288958,2026-01-25,Liga Portugal Betclic,Liga Portugal 25/26,19.0,Home,CF Estrela Amadora,Benfica,CF Estrela Amadora,1ST,Shots,Total shots,9,2,9,2
14288958,2026-01-25,Liga Portugal Betclic,Liga Portugal 25/26,19.0,Home,CF Estrela Amadora,Benfica,CF Estrela Amadora,2ND,Attack,Big chances missed,0,0,0,0
14288958,2026-01-25,Liga Portugal Betclic,Liga Portugal 25/26,19.0,Home,CF Estrela Amadora,Benfica,CF Estrela Amadora,2ND,Attack,Big chances scored,2,0,2,0
14288958,2026-01-25,Liga Portugal Betclic,Liga Portugal 25/26,19.0,Home,CF Estrela Amadora,Benfica,CF Estrela Amadora,2ND,Attack,Fouled in final third,4,0,4,0
14288958,2026-01-25,Liga Portugal Betclic,Liga Portugal 25/26,19.0,Home,CF Estrela Amadora,Benfica,CF Estrela Amadora,2ND,Attack,Offsides,1,1,1,1
14288958,2026-01-25,Liga Portugal Betclic,Liga Portugal 25/26,19.0,Home,CF Estrela Amadora,Benfica,CF Estrela Amadora,2ND,Defending,Clearances,4,15,4,15
14288958,2026-01-25,Liga Portugal Betclic,Liga Portugal 25/26,19.0,Home,CF Estrela Amadora,Benfica,CF Estrela Amadora,2ND,Defending,Interceptions,4,8,4,8
14288958,2026-01-25,Liga Portugal Betclic,Liga Portugal 25/26,19.0,Home,CF Estrela Amadora,Benfica,CF Estrela Amadora,2ND,Defending,Recoveries,19,21,19,21
14288958,2026-01-25,Liga Portugal Betclic,Liga Portugal 25/26,19.0,Home,CF Estrela Amadora,Benfica,CF Estrela Amadora,2ND,Defending,Tackles won,44%,54%,44%,54%
14288958,2026-01-25,Liga Portugal Betclic,Liga Portugal 25/26,19.0,Home,CF Estrela Amadora,Benfica,CF Estrela Amadora,2ND,Defending,Total tackles,9,13,9,13
14288958,2026-01-25,Liga Portugal Betclic,Liga Portugal 25/26,19.0,Home,CF Estrela Amadora,Benfica,CF Estrela Amadora,2ND,Duels,Aerial duels,9/15 (60%),6/15 (40%),9/15 (60%),6/15 (40%)
14288958,2026-01-25,Liga Portugal Betclic,Liga Portugal 25/26,19.0,Home,CF Estrela Amadora,Benfica,CF Estrela Amadora,2ND,Duels,Dispossessed,6,2,6,2
14288958,2026-01-25,Liga Portugal Betclic,Liga Portugal 25/26,19.0,Home,CF Estrela Amadora,Benfica,CF Estrela Amadora,2ND,Duels,Dribbles,2/9 (22%),5/12 (42%),2/9 (22%),5/12 (42%)
14288958,2026-01-25,Liga Portugal Betclic,Liga Portugal 25/26,19.0,Home,CF Estrela Amadora,Benfica,CF Estrela Amadora,2ND,Duels,Duels,55%,45%,55%,45%
14288958,2026-01-25,Liga Portugal Betclic,Liga Portugal 25/26,19.0,Home,CF Estrela Amadora,Benfica,CF Estrela Amadora,2ND,Duels,Ground duels,23/43 (53%),20/43 (47%),23/43 (53%),20/43 (47%)
14288958,2026-01-25,Liga Portugal Betclic,Liga Portugal 25/26,19.0,Home,CF Estrela Amadora,Benfica,CF Estrela Amadora,2ND,Goalkeeping,Goal kicks,2,3,2,3
14288958,2026-01-25,Liga Portugal Betclic,Liga Portugal 25/26,19.0,Home,CF Estrela Amadora,Benfica,CF Estrela Amadora,2ND,Goalkeeping,Total saves,0,1,0,1
14288958,2026-01-25,Liga Portugal Betclic,Liga Portugal 25/26,19.0,Home,CF Estrela Amadora,Benfica,CF Estrela Amadora,2ND,Match overview,Ball possession,64%,36%,64%,36%
14288958,2026-01-25,Liga Portugal Betclic,Liga Portugal 25/26,19.0,Home,CF Estrela Amadora,Benfica,CF Estrela Amadora,2ND,Match overview,Big chances,2,0,2,0
14288958,2026-01-25,Liga Portugal Betclic,Liga Portugal 25/26,19.0,Home,CF Estrela Amadora,Benfica,CF Estrela Amadora,2ND,Match overview,Corner kicks,2,0,2,0
14288958,2026-01-25,Liga Portugal Betclic,Liga Portugal 25/26,19.0,Home,CF Estrela Amadora,Benfica,CF Estrela Amadora,2ND,Match overview,Expected goals,1.64,0.04,1.64,0.04
14288958,2026-01-25,Liga Portugal Betclic,Liga Portugal 25/26,19.0,Home,CF Estrela Amadora,Benfica,CF Estrela Amadora,2ND,Match overview,Fouls,2,12,2,12
14288958,2026-01-25,Liga Portugal Betclic,Liga Portugal 25/26,19.0,Home,CF Estrela Amadora,Benfica,CF Estrela Amadora,2ND,Match overview,Free kicks,11,2,11,2
14288958,2026-01-25,Liga Portugal Betclic,Liga Portugal 25/26,19.0,Home,CF Estrela Amadora,Benfica,CF Estrela Amadora,2ND,Match overview,Goalkeeper saves,0,1,0,1
14288958,2026-01-25,Liga Portugal Betclic,Liga Portugal 25/26,19.0,Home,CF Estrela Amadora,Benfica,CF Estrela Amadora,2ND,Match overview,Passes,224,127,224,127
14288958,2026-01-25,Liga Portugal Betclic,Liga Portugal 25/26,19.0,Home,CF Estrela Amadora,Benfica,CF Estrela Amadora,2ND,Match overview,Tackles,9,13,9,13
14288958,2026-01-25,Liga Portugal Betclic,Liga Portugal 25/26,19.0,Home,CF Estrela Amadora,Benfica,CF Estrela Amadora,2ND,Match overview,Total shots,6,1,6,1
14288958,2026-01-25,Liga Portugal Betclic,Liga Portugal 25/26,19.0,Home,CF Estrela Amadora,Benfica,CF Estrela Amadora,2ND,Match overview,Yellow cards,0,2,0,2
14288958,2026-01-25,Liga Portugal Betclic,Liga Portugal 25/26,19.0,Home,CF Estrela Amadora,Benfica,CF Estrela Amadora,2ND,Passes,Accurate passes,195,101,195,101
14288958,2026-01-25,Liga Portugal Betclic,Liga Portugal 25/26,19.0,Home,CF Estrela Amadora,Benfica,CF Estrela Amadora,2ND,Passes,Crosses,1/12 (8%),0/5 (0%),1/12 (8%),0/5 (0%)
14288958,2026-01-25,Liga Portugal Betclic,Liga Portugal 25/26,19.0,Home,CF Estrela Amadora,Benfica,CF Estrela Amadora,2ND,Passes,Final third entries,25,17,25,17
14288958,2026-01-25,Liga Portugal Betclic,Liga Portugal 25/26,19.0,Home,CF Estrela Amadora,Benfica,CF Estrela Amadora,2ND,Passes,Long balls,9/18 (50%),10/17 (59%),9/18 (50%),10/17 (59%)
14288958,2026-01-25,Liga Portugal Betclic,Liga Portugal 25/26,19.0,Home,CF Estrela Amadora,Benfica,CF Estrela Amadora,2ND,Passes,Throw-ins,8,4,8,4
14288958,2026-01-25,Liga Portugal Betclic,Liga Portugal 25/26,19.0,Home,CF Estrela Amadora,Benfica,CF Estrela Amadora,2ND,Shots,Blocked shots,1,1,1,1
14288958,2026-01-25,Liga Portugal Betclic,Liga Portugal 25/26,19.0,Home,CF Estrela Amadora,Benfica,CF Estrela Amadora,2ND,Shots,Hit woodwork,0,0,0,0
14288958,2026-01-25,Liga Portugal Betclic,Liga Portugal 25/26,19.0,Home,CF Estrela Amadora,Benfica,CF Estrela Amadora,2ND,Shots,Shots inside box,6,1,6,1
14288958,2026-01-25,Liga Portugal Betclic,Liga Portugal 25/26,19.0,Home,CF Estrela Amadora,Benfica,CF Estrela Amadora,2ND,Shots,Shots off target,1,1,1,1
14288958,2026-01-25,Liga Portugal Betclic,Liga Portugal 25/26,19.0,Home,CF Estrela Amadora,Benfica,CF Estrela Amadora,2ND,Shots,Shots on target,4,0,4,0
14288958,2026-01-25,Liga Portugal Betclic,Liga Portugal 25/26,19.0,Home,CF Estrela Amadora,Benfica,CF Estrela Amadora,2ND,Shots,Shots outside box,0,1,0,1
14288958,2026-01-25,Liga Portugal Betclic,Liga Portugal 25/26,19.0,Home,CF Estrela Amadora,Benfica,CF Estrela Amadora,2ND,Shots,Total shots,6,1,6,1
14288958,2026-01-25,Liga Portugal Betclic,Liga Portugal 25/26,19.0,Home,CF Estrela Amadora,Benfica,CF Estrela Amadora,ALL,Attack,Big chances missed,1,1,1,1
14288958,2026-01-25,Liga Portugal Betclic,Liga Portugal 25/26,19.0,Home,CF Estrela Amadora,Benfica,CF Estrela Amadora,ALL,Attack,Big chances scored,2,0,2,0
14288958,2026-01-25,Liga Portugal Betclic,Liga Portugal 25/26,19.0,Home,CF Estrela Amadora,Benfica,CF Estrela Amadora,ALL,Attack,Fouled in final third,6,2,6,2
14288958,2026-01-25,Liga Portugal Betclic,Liga Portugal 25/26,19.0,Home,CF Estrela Amadora,Benfica,CF Estrela Amadora,ALL,Attack,Offsides,1,1,1,1
14288958,2026-01-25,Liga Portugal Betclic,Liga Portugal 25/26,19.0,Home,CF Estrela Amadora,Benfica,CF Estrela Amadora,ALL,Attack,Touches in penalty area,33,4,33,4
14288958,2026-01-25,Liga Portugal Betclic,Liga Portugal 25/26,19.0,Home,CF Estrela Amadora,Benfica,CF Estrela Amadora,ALL,Defending,Clearances,7,28,7,28
14288958,2026-01-25,Liga Portugal Betclic,Liga Portugal 25/26,19.0,Home,CF Estrela Amadora,Benfica,CF Estrela Amadora,ALL,Defending,Errors lead to a goal,0,1,0,1
14288958,2026-01-25,Liga Portugal Betclic,Liga Portugal 25/26,19.0,Home,CF Estrela Amadora,Benfica,CF Estrela Amadora,ALL,Defending,Errors lead to a shot,1,0,1,0
14288958,2026-01-25,Liga Portugal Betclic,Liga Portugal 25/26,19.0,Home,CF Estrela Amadora,Benfica,CF Estrela Amadora,ALL,Defending,Interceptions,4,17,4,17
14288958,2026-01-25,Liga Portugal Betclic,Liga Portugal 25/26,19.0,Home,CF Estrela Amadora,Benfica,CF Estrela Amadora,ALL,Defending,Recoveries,43,46,43,46
14288958,2026-01-25,Liga Portugal Betclic,Liga Portugal 25/26,19.0,Home,CF Estrela Amadora,Benfica,CF Estrela Amadora,ALL,Defending,Tackles won,56%,60%,56%,60%
14288958,2026-01-25,Liga Portugal Betclic,Liga Portugal 25/26,19.0,Home,CF Estrela Amadora,Benfica,CF Estrela Amadora,ALL,Defending,Total tackles,18,25,18,25
14288958,2026-01-25,Liga Portugal Betclic,Liga Portugal 25/26,19.0,Home,CF Estrela Amadora,Benfica,CF Estrela Amadora,ALL,Duels,Aerial duels,17/31 (55%),14/31 (45%),17/31 (55%),14/31 (45%)
14288958,2026-01-25,Liga Portugal Betclic,Liga Portugal 25/26,19.0,Home,CF Estrela Amadora,Benfica,CF Estrela Amadora,ALL,Duels,Dispossessed,14,9,14,9
14288958,2026-01-25,Liga Portugal Betclic,Liga Portugal 25/26,19.0,Home,CF Estrela Amadora,Benfica,CF Estrela Amadora,ALL,Duels,Dribbles,11/22 (50%),7/16 (44%),11/22 (50%),7/16 (44%)
14288958,2026-01-25,Liga Portugal Betclic,Liga Portugal 25/26,19.0,Home,CF Estrela Amadora,Benfica,CF Estrela Amadora,ALL,Duels,Duels,55%,45%,55%,45%
14288958,2026-01-25,Liga Portugal Betclic,Liga Portugal 25/26,19.0,Home,CF Estrela Amadora,Benfica,CF Estrela Amadora,ALL,Duels,Ground duels,51/92 (55%),41/92 (45%),51/92 (55%),41/92 (45%)
14288958,2026-01-25,Liga Portugal Betclic,Liga Portugal 25/26,19.0,Home,CF Estrela Amadora,Benfica,CF Estrela Amadora,ALL,Goalkeeping,Big saves,0,1,0,1
14288958,2026-01-25,Liga Portugal Betclic,Liga Portugal 25/26,19.0,Home,CF Estrela Amadora,Benfica,CF Estrela Amadora,ALL,Goalkeeping,Goal kicks,3,8,3,8
14288958,2026-01-25,Liga Portugal Betclic,Liga Portugal 25/26,19.0,Home,CF Estrela Amadora,Benfica,CF Estrela Amadora,ALL,Goalkeeping,Goals prevented,0.00,-0.88,0.00,-0.88
14288958,2026-01-25,Liga Portugal Betclic,Liga Portugal 25/26,19.0,Home,CF Estrela Amadora,Benfica,CF Estrela Amadora,ALL,Goalkeeping,Total saves,0,4,0,4
14288958,2026-01-25,Liga Portugal Betclic,Liga Portugal 25/26,19.0,Home,CF Estrela Amadora,Benfica,CF Estrela Amadora,ALL,Match overview,Ball possession,66%,34%,66%,34%
14288958,2026-01-25,Liga Portugal Betclic,Liga Portugal 25/26,19.0,Home,CF Estrela Amadora,Benfica,CF Estrela Amadora,ALL,Match overview,Big chances,3,1,3,1
14288958,2026-01-25,Liga Portugal Betclic,Liga Portugal 25/26,19.0,Home,CF Estrela Amadora,Benfica,CF Estrela Amadora,ALL,Match overview,Corner kicks,6,1,6,1
14288958,2026-01-25,Liga Portugal Betclic,Liga Portugal 25/26,19.0,Home,CF Estrela Amadora,Benfica,CF Estrela Amadora,ALL,Match overview,Expected goals,2.53,0.13,2.53,0.13
14288958,2026-01-25,Liga Portugal Betclic,Liga Portugal 25/26,19.0,Home,CF Estrela Amadora,Benfica,CF Estrela Amadora,ALL,Match overview,Fouls,10,24,10,24
14288958,2026-01-25,Liga Portugal Betclic,Liga Portugal 25/26,19.0,Home,CF Estrela Amadora,Benfica,CF Estrela Amadora,ALL,Match overview,Free kicks,23,10,23,10
14288958,2026-01-25,Liga Portugal Betclic,Liga Portugal 25/26,19.0,Home,CF Estrela Amadora,Benfica,CF Estrela Amadora,ALL,Match overview,Goalkeeper saves,0,4,0,4
14288958,2026-01-25,Liga Portugal Betclic,Liga Portugal 25/26,19.0,Home,CF Estrela Amadora,Benfica,CF Estrela Amadora,ALL,Match overview,Passes,465,245,465,245
14288958,2026-01-25,Liga Portugal Betclic,Liga Portugal 25/26,19.0,Home,CF Estrela Amadora,Benfica,CF Estrela Amadora,ALL,Match overview,Tackles,18,25,18,25
14288958,2026-01-25,Liga Portugal Betclic,Liga Portugal 25/26,19.0,Home,CF Estrela Amadora,Benfica,CF Estrela Amadora,ALL,Match overview,Total shots,15,3,15,3
14288958,2026-01-25,Liga Portugal Betclic,Liga Portugal 25/26,19.0,Home,CF Estrela Amadora,Benfica,CF Estrela Amadora,ALL,Match overview,Yellow cards,3,4,3,4
14288958,2026-01-25,Liga Portugal Betclic,Liga Portugal 25/26,19.0,Home,CF Estrela Amadora,Benfica,CF Estrela Amadora,ALL,Passes,Accurate passes,407,177,407,177
14288958,2026-01-25,Liga Portugal Betclic,Liga Portugal 25/26,19.0,Home,CF Estrela Amadora,Benfica,CF Estrela Amadora,ALL,Passes,Crosses,5/28 (18%),0/8 (0%),5/28 (18%),0/8 (0%)
14288958,2026-01-25,Liga Portugal Betclic,Liga Portugal 25/26,19.0,Home,CF Estrela Amadora,Benfica,CF Estrela Amadora,ALL,Passes,Final third entries,56,32,56,32
14288958,2026-01-25,Liga Portugal Betclic,Liga Portugal 25/26,19.0,Home,CF Estrela Amadora,Benfica,CF Estrela Amadora,ALL,Passes,Final third phase,125/150 (83%),27/48 (56%),125/150 (83%),27/48 (56%)
14288958,2026-01-25,Liga Portugal Betclic,Liga Portugal 25/26,19.0,Home,CF Estrela Amadora,Benfica,CF Estrela Amadora,ALL,Passes,Long balls,18/34 (53%),16/43 (37%),18/34 (53%),16/43 (37%)
14288958,2026-01-25,Liga Portugal Betclic,Liga Portugal 25/26,19.0,Home,CF Estrela Amadora,Benfica,CF Estrela Amadora,ALL,Passes,Throw-ins,19,11,19,11
14288958,2026-01-25,Liga Portugal Betclic,Liga Portugal 25/26,19.0,Home,CF Estrela Amadora,Benfica,CF Estrela Amadora,ALL,Shots,Blocked shots,1,1,1,1
14288958,2026-01-25,Liga Portugal Betclic,Liga Portugal 25/26,19.0,Home,CF Estrela Amadora,Benfica,CF Estrela Amadora,ALL,Shots,Hit woodwork,0,0,0,0
14288958,2026-01-25,Liga Portugal Betclic,Liga Portugal 25/26,19.0,Home,CF Estrela Amadora,Benfica,CF Estrela Amadora,ALL,Shots,Shots inside box,12,1,12,1
14288958,2026-01-25,Liga Portugal Betclic,Liga Portugal 25/26,19.0,Home,CF Estrela Amadora,Benfica,CF Estrela Amadora,ALL,Shots,Shots off target,6,2,6,2
14288958,2026-01-25,Liga Portugal Betclic,Liga Portugal 25/26,19.0,Home,CF Estrela Amadora,Benfica,CF Estrela Amadora,ALL,Shots,Shots on target,8,1,8,1
14288958,2026-01-25,Liga Portugal Betclic,Liga Portugal 25/26,19.0,Home,CF Estrela Amadora,Benfica,CF Estrela Amadora,ALL,Shots,Shots outside box,3,2,3,2
14288958,2026-01-25,Liga Portugal Betclic,Liga Portugal 25/26,19.0,Home,CF Estrela Amadora,Benfica,CF Estrela Amadora,ALL,Shots,Total shots,15,3,15,3
14566735,2026-01-28,UEFA Champions League,UEFA Champions League 25/26,8.0,Home,Real Madrid,Benfica,Real Madrid,1ST,Attack,Big chances missed,3,0,3,0
14566735,2026-01-28,UEFA Champions League,UEFA Champions League 25/26,8.0,Home,Real Madrid,Benfica,Real Madrid,1ST,Attack,Big chances scored,2,1,2,1
14566735,2026-01-28,UEFA Champions League,UEFA Champions League 25/26,8.0,Home,Real Madrid,Benfica,Real Madrid,1ST,Attack,Fouled in final third,1,0,1,0
14566735,2026-01-28,UEFA Champions League,UEFA Champions League 25/26,8.0,Home,Real Madrid,Benfica,Real Madrid,1ST,Attack,Offsides,1,0,1,0
14566735,2026-01-28,UEFA Champions League,UEFA Champions League 25/26,8.0,Home,Real Madrid,Benfica,Real Madrid,1ST,Attack,Through balls,0,0,0,0
14566735,2026-01-28,UEFA Champions League,UEFA Champions League 25/26,8.0,Home,Real Madrid,Benfica,Real Madrid,1ST,Defending,Clearances,4,9,4,9
14566735,2026-01-28,UEFA Champions League,UEFA Champions League 25/26,8.0,Home,Real Madrid,Benfica,Real Madrid,1ST,Defending,Interceptions,5,7,5,7
14566735,2026-01-28,UEFA Champions League,UEFA Champions League 25/26,8.0,Home,Real Madrid,Benfica,Real Madrid,1ST,Defending,Recoveries,17,19,17,19
14566735,2026-01-28,UEFA Champions League,UEFA Champions League 25/26,8.0,Home,Real Madrid,Benfica,Real Madrid,1ST,Defending,Tackles won,40%,75%,40%,75%
14566735,2026-01-28,UEFA Champions League,UEFA Champions League 25/26,8.0,Home,Real Madrid,Benfica,Real Madrid,1ST,Defending,Total tackles,10,8,10,8
14566735,2026-01-28,UEFA Champions League,UEFA Champions League 25/26,8.0,Home,Real Madrid,Benfica,Real Madrid,1ST,Duels,Aerial duels,4/9 (44%),5/9 (56%),4/9 (44%),5/9 (56%)
14566735,2026-01-28,UEFA Champions League,UEFA Champions League 25/26,8.0,Home,Real Madrid,Benfica,Real Madrid,1ST,Duels,Dispossessed,5,2,5,2
14566735,2026-01-28,UEFA Champions League,UEFA Champions League 25/26,8.0,Home,Real Madrid,Benfica,Real Madrid,1ST,Duels,Dribbles,3/6 (50%),7/15 (47%),3/6 (50%),7/15 (47%)
14566735,2026-01-28,UEFA Champions League,UEFA Champions League 25/26,8.0,Home,Real Madrid,Benfica,Real Madrid,1ST,Duels,Duels,47%,53%,47%,53%
14566735,2026-01-28,UEFA Champions League,UEFA Champions League 25/26,8.0,Home,Real Madrid,Benfica,Real Madrid,1ST,Duels,Ground duels,19/40 (48%),21/40 (53%),19/40 (48%),21/40 (53%)
14566735,2026-01-28,UEFA Champions League,UEFA Champions League 25/26,8.0,Home,Real Madrid,Benfica,Real Madrid,1ST,Goalkeeping,Goal kicks,3,4,3,4
14566735,2026-01-28,UEFA Champions League,UEFA Champions League 25/26,8.0,Home,Real Madrid,Benfica,Real Madrid,1ST,Goalkeeping,Total saves,1,3,1,3
14566735,2026-01-28,UEFA Champions League,UEFA Champions League 25/26,8.0,Home,Real Madrid,Benfica,Real Madrid,1ST,Match overview,Ball possession,37%,63%,37%,63%
14566735,2026-01-28,UEFA Champions League,UEFA Champions League 25/26,8.0,Home,Real Madrid,Benfica,Real Madrid,1ST,Match overview,Big chances,5,1,5,1
14566735,2026-01-28,UEFA Champions League,UEFA Champions League 25/26,8.0,Home,Real Madrid,Benfica,Real Madrid,1ST,Match overview,Corner kicks,5,1,5,1
14566735,2026-01-28,UEFA Champions League,UEFA Champions League 25/26,8.0,Home,Real Madrid,Benfica,Real Madrid,1ST,Match overview,Expected goals,2.28,0.35,2.28,0.35
14566735,2026-01-28,UEFA Champions League,UEFA Champions League 25/26,8.0,Home,Real Madrid,Benfica,Real Madrid,1ST,Match overview,Fouls,6,6,6,6
14566735,2026-01-28,UEFA Champions League,UEFA Champions League 25/26,8.0,Home,Real Madrid,Benfica,Real Madrid,1ST,Match overview,Free kicks,5,6,5,6
14566735,2026-01-28,UEFA Champions League,UEFA Champions League 25/26,8.0,Home,Real Madrid,Benfica,Real Madrid,1ST,Match overview,Goalkeeper saves,1,3,1,3
14566735,2026-01-28,UEFA Champions League,UEFA Champions League 25/26,8.0,Home,Real Madrid,Benfica,Real Madrid,1ST,Match overview,Number of sprints,0,0,0,0
14566735,2026-01-28,UEFA Champions League,UEFA Champions League 25/26,8.0,Home,Real Madrid,Benfica,Real Madrid,1ST,Match overview,Passes,166,295,166,295
14566735,2026-01-28,UEFA Champions League,UEFA Champions League 25/26,8.0,Home,Real Madrid,Benfica,Real Madrid,1ST,Match overview,Red cards,0,0,0,0
14566735,2026-01-28,UEFA Champions League,UEFA Champions League 25/26,8.0,Home,Real Madrid,Benfica,Real Madrid,1ST,Match overview,Tackles,10,8,10,8
14566735,2026-01-28,UEFA Champions League,UEFA Champions League 25/26,8.0,Home,Real Madrid,Benfica,Real Madrid,1ST,Match overview,Total shots,14,7,14,7
14566735,2026-01-28,UEFA Champions League,UEFA Champions League 25/26,8.0,Home,Real Madrid,Benfica,Real Madrid,1ST,Match overview,Yellow cards,1,2,1,2
14566735,2026-01-28,UEFA Champions League,UEFA Champions League 25/26,8.0,Home,Real Madrid,Benfica,Real Madrid,1ST,Passes,Accurate passes,137,268,137,268
14566735,2026-01-28,UEFA Champions League,UEFA Champions League 25/26,8.0,Home,Real Madrid,Benfica,Real Madrid,1ST,Passes,Crosses,4/7 (57%),2/2 (100%),4/7 (57%),2/2 (100%)
14566735,2026-01-28,UEFA Champions League,UEFA Champions League 25/26,8.0,Home,Real Madrid,Benfica,Real Madrid,1ST,Passes,Final third entries,12,31,12,31
14566735,2026-01-28,UEFA Champions League,UEFA Champions League 25/26,8.0,Home,Real Madrid,Benfica,Real Madrid,1ST,Passes,Long balls,7/10 (70%),9/19 (47%),7/10 (70%),9/19 (47%)
14566735,2026-01-28,UEFA Champions League,UEFA Champions League 25/26,8.0,Home,Real Madrid,Benfica,Real Madrid,1ST,Passes,Throw-ins,8,5,8,5
14566735,2026-01-28,UEFA Champions League,UEFA Champions League 25/26,8.0,Home,Real Madrid,Benfica,Real Madrid,1ST,Shots,Blocked shots,6,3,6,3
14566735,2026-01-28,UEFA Champions League,UEFA Champions League 25/26,8.0,Home,Real Madrid,Benfica,Real Madrid,1ST,Shots,Hit woodwork,2,0,2,0
14566735,2026-01-28,UEFA Champions League,UEFA Champions League 25/26,8.0,Home,Real Madrid,Benfica,Real Madrid,1ST,Shots,Shots inside box,12,5,12,5
14566735,2026-01-28,UEFA Champions League,UEFA Champions League 25/26,8.0,Home,Real Madrid,Benfica,Real Madrid,1ST,Shots,Shots off target,2,2,2,2
14566735,2026-01-28,UEFA Champions League,UEFA Champions League 25/26,8.0,Home,Real Madrid,Benfica,Real Madrid,1ST,Shots,Shots on target,6,2,6,2
14566735,2026-01-28,UEFA Champions League,UEFA Champions League 25/26,8.0,Home,Real Madrid,Benfica,Real Madrid,1ST,Shots,Shots outside box,2,2,2,2
14566735,2026-01-28,UEFA Champions League,UEFA Champions League 25/26,8.0,Home,Real Madrid,Benfica,Real Madrid,1ST,Shots,Total shots,14,7,14,7
14566735,2026-01-28,UEFA Champions League,UEFA Champions League 25/26,8.0,Home,Real Madrid,Benfica,Real Madrid,2ND,Attack,Big chances missed,2,1,2,1
14566735,2026-01-28,UEFA Champions League,UEFA Champions League 25/26,8.0,Home,Real Madrid,Benfica,Real Madrid,2ND,Attack,Big chances scored,1,1,1,1
14566735,2026-01-28,UEFA Champions League,UEFA Champions League 25/26,8.0,Home,Real Madrid,Benfica,Real Madrid,2ND,Attack,Fouled in final third,0,2,0,2
14566735,2026-01-28,UEFA Champions League,UEFA Champions League 25/26,8.0,Home,Real Madrid,Benfica,Real Madrid,2ND,Attack,Offsides,0,0,0,0
14566735,2026-01-28,UEFA Champions League,UEFA Champions League 25/26,8.0,Home,Real Madrid,Benfica,Real Madrid,2ND,Attack,Through balls,0,1,0,1
14566735,2026-01-28,UEFA Champions League,UEFA Champions League 25/26,8.0,Home,Real Madrid,Benfica,Real Madrid,2ND,Defending,Clearances,12,10,12,10
14566735,2026-01-28,UEFA Champions League,UEFA Champions League 25/26,8.0,Home,Real Madrid,Benfica,Real Madrid,2ND,Defending,Interceptions,6,2,6,2
14566735,2026-01-28,UEFA Champions League,UEFA Champions League 25/26,8.0,Home,Real Madrid,Benfica,Real Madrid,2ND,Defending,Recoveries,24,25,24,25
14566735,2026-01-28,UEFA Champions League,UEFA Champions League 25/26,8.0,Home,Real Madrid,Benfica,Real Madrid,2ND,Defending,Tackles won,75%,67%,75%,67%
14566735,2026-01-28,UEFA Champions League,UEFA Champions League 25/26,8.0,Home,Real Madrid,Benfica,Real Madrid,2ND,Defending,Total tackles,12,6,12,6
14566735,2026-01-28,UEFA Champions League,UEFA Champions League 25/26,8.0,Home,Real Madrid,Benfica,Real Madrid,2ND,Duels,Aerial duels,5/9 (56%),4/9 (44%),5/9 (56%),4/9 (44%)
14566735,2026-01-28,UEFA Champions League,UEFA Champions League 25/26,8.0,Home,Real Madrid,Benfica,Real Madrid,2ND,Duels,Dispossessed,3,3,3,3
14566735,2026-01-28,UEFA Champions League,UEFA Champions League 25/26,8.0,Home,Real Madrid,Benfica,Real Madrid,2ND,Duels,Dribbles,3/6 (50%),8/17 (47%),3/6 (50%),8/17 (47%)
14566735,2026-01-28,UEFA Champions League,UEFA Champions League 25/26,8.0,Home,Real Madrid,Benfica,Real Madrid,2ND,Duels,Duels,56%,44%,56%,44%
14566735,2026-01-28,UEFA Champions League,UEFA Champions League 25/26,8.0,Home,Real Madrid,Benfica,Real Madrid,2ND,Duels,Ground duels,24/43 (56%),19/43 (44%),24/43 (56%),19/43 (44%)
14566735,2026-01-28,UEFA Champions League,UEFA Champions League 25/26,8.0,Home,Real Madrid,Benfica,Real Madrid,2ND,Goalkeeping,Goal kicks,5,3,5,3
14566735,2026-01-28,UEFA Champions League,UEFA Champions League 25/26,8.0,Home,Real Madrid,Benfica,Real Madrid,2ND,Goalkeeping,Total saves,3,4,3,4
14566735,2026-01-28,UEFA Champions League,UEFA Champions League 25/26,8.0,Home,Real Madrid,Benfica,Real Madrid,2ND,Match overview,Ball possession,29%,71%,29%,71%
14566735,2026-01-28,UEFA Champions League,UEFA Champions League 25/26,8.0,Home,Real Madrid,Benfica,Real Madrid,2ND,Match overview,Big chances,3,2,3,2
14566735,2026-01-28,UEFA Champions League,UEFA Champions League 25/26,8.0,Home,Real Madrid,Benfica,Real Madrid,2ND,Match overview,Corner kicks,1,4,1,4
14566735,2026-01-28,UEFA Champions League,UEFA Champions League 25/26,8.0,Home,Real Madrid,Benfica,Real Madrid,2ND,Match overview,Expected goals,0.73,1.16,0.73,1.16
14566735,2026-01-28,UEFA Champions League,UEFA Champions League 25/26,8.0,Home,Real Madrid,Benfica,Real Madrid,2ND,Match overview,Fouls,5,9,5,9
14566735,2026-01-28,UEFA Champions League,UEFA Champions League 25/26,8.0,Home,Real Madrid,Benfica,Real Madrid,2ND,Match overview,Free kicks,9,5,9,5
14566735,2026-01-28,UEFA Champions League,UEFA Champions League 25/26,8.0,Home,Real Madrid,Benfica,Real Madrid,2ND,Match overview,Goalkeeper saves,3,4,3,4
14566735,2026-01-28,UEFA Champions League,UEFA Champions League 25/26,8.0,Home,Real Madrid,Benfica,Real Madrid,2ND,Match overview,Number of sprints,0,0,0,0
14566735,2026-01-28,UEFA Champions League,UEFA Champions League 25/26,8.0,Home,Real Madrid,Benfica,Real Madrid,2ND,Match overview,Passes,128,315,128,315
14566735,2026-01-28,UEFA Champions League,UEFA Champions League 25/26,8.0,Home,Real Madrid,Benfica,Real Madrid,2ND,Match overview,Red cards,0,2,0,2
14566735,2026-01-28,UEFA Champions League,UEFA Champions League 25/26,8.0,Home,Real Madrid,Benfica,Real Madrid,2ND,Match overview,Tackles,12,6,12,6
14566735,2026-01-28,UEFA Champions League,UEFA Champions League 25/26,8.0,Home,Real Madrid,Benfica,Real Madrid,2ND,Match overview,Total shots,8,9,8,9
14566735,2026-01-28,UEFA Champions League,UEFA Champions League 25/26,8.0,Home,Real Madrid,Benfica,Real Madrid,2ND,Match overview,Yellow cards,1,4,1,4
14566735,2026-01-28,UEFA Champions League,UEFA Champions League 25/26,8.0,Home,Real Madrid,Benfica,Real Madrid,2ND,Passes,Accurate passes,90,285,90,285
14566735,2026-01-28,UEFA Champions League,UEFA Champions League 25/26,8.0,Home,Real Madrid,Benfica,Real Madrid,2ND,Passes,Crosses,1/5 (20%),2/11 (18%),1/5 (20%),2/11 (18%)
14566735,2026-01-28,UEFA Champions League,UEFA Champions League 25/26,8.0,Home,Real Madrid,Benfica,Real Madrid,2ND,Passes,Final third entries,16,36,16,36
14566735,2026-01-28,UEFA Champions League,UEFA Champions League 25/26,8.0,Home,Real Madrid,Benfica,Real Madrid,2ND,Passes,Long balls,6/23 (26%),8/17 (47%),6/23 (26%),8/17 (47%)
14566735,2026-01-28,UEFA Champions League,UEFA Champions League 25/26,8.0,Home,Real Madrid,Benfica,Real Madrid,2ND,Passes,Throw-ins,7,8,7,8
14566735,2026-01-28,UEFA Champions League,UEFA Champions League 25/26,8.0,Home,Real Madrid,Benfica,Real Madrid,2ND,Shots,Blocked shots,1,2,1,2
14566735,2026-01-28,UEFA Champions League,UEFA Champions League 25/26,8.0,Home,Real Madrid,Benfica,Real Madrid,2ND,Shots,Hit woodwork,0,0,0,0
14566735,2026-01-28,UEFA Champions League,UEFA Champions League 25/26,8.0,Home,Real Madrid,Benfica,Real Madrid,2ND,Shots,Shots inside box,8,7,8,7
14566735,2026-01-28,UEFA Champions League,UEFA Champions League 25/26,8.0,Home,Real Madrid,Benfica,Real Madrid,2ND,Shots,Shots off target,1,3,1,3
14566735,2026-01-28,UEFA Champions League,UEFA Champions League 25/26,8.0,Home,Real Madrid,Benfica,Real Madrid,2ND,Shots,Shots on target,6,4,6,4
14566735,2026-01-28,UEFA Champions League,UEFA Champions League 25/26,8.0,Home,Real Madrid,Benfica,Real Madrid,2ND,Shots,Shots outside box,0,2,0,2
14566735,2026-01-28,UEFA Champions League,UEFA Champions League 25/26,8.0,Home,Real Madrid,Benfica,Real Madrid,2ND,Shots,Total shots,8,9,8,9
14566735,2026-01-28,UEFA Champions League,UEFA Champions League 25/26,8.0,Home,Real Madrid,Benfica,Real Madrid,ALL,Attack,Big chances missed,5,1,5,1
14566735,2026-01-28,UEFA Champions League,UEFA Champions League 25/26,8.0,Home,Real Madrid,Benfica,Real Madrid,ALL,Attack,Big chances scored,3,2,3,2
14566735,2026-01-28,UEFA Champions League,UEFA Champions League 25/26,8.0,Home,Real Madrid,Benfica,Real Madrid,ALL,Attack,Fouled in final third,1,2,1,2
14566735,2026-01-28,UEFA Champions League,UEFA Champions League 25/26,8.0,Home,Real Madrid,Benfica,Real Madrid,ALL,Attack,Offsides,1,0,1,0
14566735,2026-01-28,UEFA Champions League,UEFA Champions League 25/26,8.0,Home,Real Madrid,Benfica,Real Madrid,ALL,Attack,Through balls,0,1,0,1
14566735,2026-01-28,UEFA Champions League,UEFA Champions League 25/26,8.0,Home,Real Madrid,Benfica,Real Madrid,ALL,Attack,Touches in penalty area,47,29,47,29
14566735,2026-01-28,UEFA Champions League,UEFA Champions League 25/26,8.0,Home,Real Madrid,Benfica,Real Madrid,ALL,Defending,Clearances,16,19,16,19
14566735,2026-01-28,UEFA Champions League,UEFA Champions League 25/26,8.0,Home,Real Madrid,Benfica,Real Madrid,ALL,Defending,Errors lead to a shot,2,1,2,1
14566735,2026-01-28,UEFA Champions League,UEFA Champions League 25/26,8.0,Home,Real Madrid,Benfica,Real Madrid,ALL,Defending,Interceptions,11,9,11,9
14566735,2026-01-28,UEFA Champions League,UEFA Champions League 25/26,8.0,Home,Real Madrid,Benfica,Real Madrid,ALL,Defending,Recoveries,41,44,41,44
14566735,2026-01-28,UEFA Champions League,UEFA Champions League 25/26,8.0,Home,Real Madrid,Benfica,Real Madrid,ALL,Defending,Tackles won,59%,71%,59%,71%
14566735,2026-01-28,UEFA Champions League,UEFA Champions League 25/26,8.0,Home,Real Madrid,Benfica,Real Madrid,ALL,Defending,Total tackles,22,14,22,14
14566735,2026-01-28,UEFA Champions League,UEFA Champions League 25/26,8.0,Home,Real Madrid,Benfica,Real Madrid,ALL,Duels,Aerial duels,9/18 (50%),9/18 (50%),9/18 (50%),9/18 (50%)
14566735,2026-01-28,UEFA Champions League,UEFA Champions League 25/26,8.0,Home,Real Madrid,Benfica,Real Madrid,ALL,Duels,Dispossessed,8,5,8,5
14566735,2026-01-28,UEFA Champions League,UEFA Champions League 25/26,8.0,Home,Real Madrid,Benfica,Real Madrid,ALL,Duels,Dribbles,6/12 (50%),15/32 (47%),6/12 (50%),15/32 (47%)
14566735,2026-01-28,UEFA Champions League,UEFA Champions League 25/26,8.0,Home,Real Madrid,Benfica,Real Madrid,ALL,Duels,Duels,51%,49%,51%,49%
14566735,2026-01-28,UEFA Champions League,UEFA Champions League 25/26,8.0,Home,Real Madrid,Benfica,Real Madrid,ALL,Duels,Ground duels,43/83 (52%),40/83 (48%),43/83 (52%),40/83 (48%)
14566735,2026-01-28,UEFA Champions League,UEFA Champions League 25/26,8.0,Home,Real Madrid,Benfica,Real Madrid,ALL,Goalkeeping,Big saves,3,2,3,2
14566735,2026-01-28,UEFA Champions League,UEFA Champions League 25/26,8.0,Home,Real Madrid,Benfica,Real Madrid,ALL,Goalkeeping,Goal kicks,8,7,8,7
14566735,2026-01-28,UEFA Champions League,UEFA Champions League 25/26,8.0,Home,Real Madrid,Benfica,Real Madrid,ALL,Goalkeeping,Goals prevented,0.23,-1.73,0.23,-1.73
14566735,2026-01-28,UEFA Champions League,UEFA Champions League 25/26,8.0,Home,Real Madrid,Benfica,Real Madrid,ALL,Goalkeeping,High claims,0,1,0,1
14566735,2026-01-28,UEFA Champions League,UEFA Champions League 25/26,8.0,Home,Real Madrid,Benfica,Real Madrid,ALL,Goalkeeping,Punches,1,0,1,0
14566735,2026-01-28,UEFA Champions League,UEFA Champions League 25/26,8.0,Home,Real Madrid,Benfica,Real Madrid,ALL,Goalkeeping,Total saves,4,7,4,7
14566735,2026-01-28,UEFA Champions League,UEFA Champions League 25/26,8.0,Home,Real Madrid,Benfica,Real Madrid,ALL,Match overview,Ball possession,33%,67%,33%,67%
14566735,2026-01-28,UEFA Champions League,UEFA Champions League 25/26,8.0,Home,Real Madrid,Benfica,Real Madrid,ALL,Match overview,Big chances,8,3,8,3
14566735,2026-01-28,UEFA Champions League,UEFA Champions League 25/26,8.0,Home,Real Madrid,Benfica,Real Madrid,ALL,Match overview,Corner kicks,6,5,6,5
14566735,2026-01-28,UEFA Champions League,UEFA Champions League 25/26,8.0,Home,Real Madrid,Benfica,Real Madrid,ALL,Match overview,Distance covered,115.1 km,107.5 km,115.1 km,107.5 km
14566735,2026-01-28,UEFA Champions League,UEFA Champions League 25/26,8.0,Home,Real Madrid,Benfica,Real Madrid,ALL,Match overview,Expected goals,3.01,1.50,3.01,1.50
14566735,2026-01-28,UEFA Champions League,UEFA Champions League 25/26,8.0,Home,Real Madrid,Benfica,Real Madrid,ALL,Match overview,Fouls,11,15,11,15
14566735,2026-01-28,UEFA Champions League,UEFA Champions League 25/26,8.0,Home,Real Madrid,Benfica,Real Madrid,ALL,Match overview,Free kicks,14,11,14,11
14566735,2026-01-28,UEFA Champions League,UEFA Champions League 25/26,8.0,Home,Real Madrid,Benfica,Real Madrid,ALL,Match overview,Goalkeeper saves,4,7,4,7
14566735,2026-01-28,UEFA Champions League,UEFA Champions League 25/26,8.0,Home,Real Madrid,Benfica,Real Madrid,ALL,Match overview,Number of sprints,93,85,93,85
14566735,2026-01-28,UEFA Champions League,UEFA Champions League 25/26,8.0,Home,Real Madrid,Benfica,Real Madrid,ALL,Match overview,Passes,294,610,294,610
14566735,2026-01-28,UEFA Champions League,UEFA Champions League 25/26,8.0,Home,Real Madrid,Benfica,Real Madrid,ALL,Match overview,Red cards,0,2,0,2
14566735,2026-01-28,UEFA Champions League,UEFA Champions League 25/26,8.0,Home,Real Madrid,Benfica,Real Madrid,ALL,Match overview,Tackles,22,14,22,14
14566735,2026-01-28,UEFA Champions League,UEFA Champions League 25/26,8.0,Home,Real Madrid,Benfica,Real Madrid,ALL,Match overview,Total shots,22,16,22,16
14566735,2026-01-28,UEFA Champions League,UEFA Champions League 25/26,8.0,Home,Real Madrid,Benfica,Real Madrid,ALL,Match overview,Yellow cards,2,6,2,6
14566735,2026-01-28,UEFA Champions League,UEFA Champions League 25/26,8.0,Home,Real Madrid,Benfica,Real Madrid,ALL,Passes,Accurate passes,227,553,227,553
14566735,2026-01-28,UEFA Champions League,UEFA Champions League 25/26,8.0,Home,Real Madrid,Benfica,Real Madrid,ALL,Passes,Crosses,5/12 (42%),4/13 (31%),5/12 (42%),4/13 (31%)
14566735,2026-01-28,UEFA Champions League,UEFA Champions League 25/26,8.0,Home,Real Madrid,Benfica,Real Madrid,ALL,Passes,Final third entries,28,67,28,67
14566735,2026-01-28,UEFA Champions League,UEFA Champions League 25/26,8.0,Home,Real Madrid,Benfica,Real Madrid,ALL,Passes,Final third phase,76/107 (71%),166/192 (86%),76/107 (71%),166/192 (86%)
14566735,2026-01-28,UEFA Champions League,UEFA Champions League 25/26,8.0,Home,Real Madrid,Benfica,Real Madrid,ALL,Passes,Long balls,13/33 (39%),17/36 (47%),13/33 (39%),17/36 (47%)
14566735,2026-01-28,UEFA Champions League,UEFA Champions League 25/26,8.0,Home,Real Madrid,Benfica,Real Madrid,ALL,Passes,Throw-ins,15,13,15,13
14566735,2026-01-28,UEFA Champions League,UEFA Champions League 25/26,8.0,Home,Real Madrid,Benfica,Real Madrid,ALL,Shots,Blocked shots,7,5,7,5
14566735,2026-01-28,UEFA Champions League,UEFA Champions League 25/26,8.0,Home,Real Madrid,Benfica,Real Madrid,ALL,Shots,Hit woodwork,2,0,2,0
14566735,2026-01-28,UEFA Champions League,UEFA Champions League 25/26,8.0,Home,Real Madrid,Benfica,Real Madrid,ALL,Shots,Shots inside box,20,12,20,12
14566735,2026-01-28,UEFA Champions League,UEFA Champions League 25/26,8.0,Home,Real Madrid,Benfica,Real Madrid,ALL,Shots,Shots off target,3,5,3,5
14566735,2026-01-28,UEFA Champions League,UEFA Champions League 25/26,8.0,Home,Real Madrid,Benfica,Real Madrid,ALL,Shots,Shots on target,12,6,12,6
14566735,2026-01-28,UEFA Champions League,UEFA Champions League 25/26,8.0,Home,Real Madrid,Benfica,Real Madrid,ALL,Shots,Shots outside box,2,4,2,4
14566735,2026-01-28,UEFA Champions League,UEFA Champions League 25/26,8.0,Home,Real Madrid,Benfica,Real Madrid,ALL,Shots,Total shots,22,16,22,16
14288966,2026-02-01,Liga Portugal Betclic,Liga Portugal 25/26,20.0,Away,Tondela,Tondela,Benfica,1ST,Attack,Big chances missed,0,1,1,0
14288966,2026-02-01,Liga Portugal Betclic,Liga Portugal 25/26,20.0,Away,Tondela,Tondela,Benfica,1ST,Attack,Fouled in final third,1,1,1,1
14288966,2026-02-01,Liga Portugal Betclic,Liga Portugal 25/26,20.0,Away,Tondela,Tondela,Benfica,1ST,Defending,Clearances,11,28,28,11
14288966,2026-02-01,Liga Portugal Betclic,Liga Portugal 25/26,20.0,Away,Tondela,Tondela,Benfica,1ST,Defending,Interceptions,4,4,4,4
14288966,2026-02-01,Liga Portugal Betclic,Liga Portugal 25/26,20.0,Away,Tondela,Tondela,Benfica,1ST,Defending,Recoveries,23,28,28,23
14288966,2026-02-01,Liga Portugal Betclic,Liga Portugal 25/26,20.0,Away,Tondela,Tondela,Benfica,1ST,Defending,Tackles won,57%,75%,75%,57%
14288966,2026-02-01,Liga Portugal Betclic,Liga Portugal 25/26,20.0,Away,Tondela,Tondela,Benfica,1ST,Defending,Total tackles,7,16,16,7
14288966,2026-02-01,Liga Portugal Betclic,Liga Portugal 25/26,20.0,Away,Tondela,Tondela,Benfica,1ST,Duels,Aerial duels,8/13 (62%),5/13 (38%),5/13 (38%),8/13 (62%)
14288966,2026-02-01,Liga Portugal Betclic,Liga Portugal 25/26,20.0,Away,Tondela,Tondela,Benfica,1ST,Duels,Dispossessed,5,4,4,5
14288966,2026-02-01,Liga Portugal Betclic,Liga Portugal 25/26,20.0,Away,Tondela,Tondela,Benfica,1ST,Duels,Dribbles,5/16 (31%),7/10 (70%),7/10 (70%),5/16 (31%)
14288966,2026-02-01,Liga Portugal Betclic,Liga Portugal 25/26,20.0,Away,Tondela,Tondela,Benfica,1ST,Duels,Duels,47%,53%,53%,47%
14288966,2026-02-01,Liga Portugal Betclic,Liga Portugal 25/26,20.0,Away,Tondela,Tondela,Benfica,1ST,Duels,Ground duels,19/44 (43%),25/44 (57%),25/44 (57%),19/44 (43%)
14288966,2026-02-01,Liga Portugal Betclic,Liga Portugal 25/26,20.0,Away,Tondela,Tondela,Benfica,1ST,Goalkeeping,Goal kicks,5,4,4,5
14288966,2026-02-01,Liga Portugal Betclic,Liga Portugal 25/26,20.0,Away,Tondela,Tondela,Benfica,1ST,Goalkeeping,Total saves,1,4,4,1
14288966,2026-02-01,Liga Portugal Betclic,Liga Portugal 25/26,20.0,Away,Tondela,Tondela,Benfica,1ST,Match overview,Ball possession,72%,28%,28%,72%
14288966,2026-02-01,Liga Portugal Betclic,Liga Portugal 25/26,20.0,Away,Tondela,Tondela,Benfica,1ST,Match overview,Big chances,0,1,1,0
14288966,2026-02-01,Liga Portugal Betclic,Liga Portugal 25/26,20.0,Away,Tondela,Tondela,Benfica,1ST,Match overview,Corner kicks,7,1,1,7
14288966,2026-02-01,Liga Portugal Betclic,Liga Portugal 25/26,20.0,Away,Tondela,Tondela,Benfica,1ST,Match overview,Expected goals,0.39,0.37,0.37,0.39
14288966,2026-02-01,Liga Portugal Betclic,Liga Portugal 25/26,20.0,Away,Tondela,Tondela,Benfica,1ST,Match overview,Fouls,2,7,7,2
14288966,2026-02-01,Liga Portugal Betclic,Liga Portugal 25/26,20.0,Away,Tondela,Tondela,Benfica,1ST,Match overview,Free kicks,7,2,2,7
14288966,2026-02-01,Liga Portugal Betclic,Liga Portugal 25/26,20.0,Away,Tondela,Tondela,Benfica,1ST,Match overview,Goalkeeper saves,1,4,4,1
14288966,2026-02-01,Liga Portugal Betclic,Liga Portugal 25/26,20.0,Away,Tondela,Tondela,Benfica,1ST,Match overview,Passes,283,102,102,283
14288966,2026-02-01,Liga Portugal Betclic,Liga Portugal 25/26,20.0,Away,Tondela,Tondela,Benfica,1ST,Match overview,Tackles,7,16,16,7
14288966,2026-02-01,Liga Portugal Betclic,Liga Portugal 25/26,20.0,Away,Tondela,Tondela,Benfica,1ST,Match overview,Total shots,8,4,4,8
14288966,2026-02-01,Liga Portugal Betclic,Liga Portugal 25/26,20.0,Away,Tondela,Tondela,Benfica,1ST,Match overview,Yellow cards,0,2,2,0
14288966,2026-02-01,Liga Portugal Betclic,Liga Portugal 25/26,20.0,Away,Tondela,Tondela,Benfica,1ST,Passes,Accurate passes,234,64,64,234
14288966,2026-02-01,Liga Portugal Betclic,Liga Portugal 25/26,20.0,Away,Tondela,Tondela,Benfica,1ST,Passes,Crosses,1/17 (6%),2/10 (20%),2/10 (20%),1/17 (6%)
14288966,2026-02-01,Liga Portugal Betclic,Liga Portugal 25/26,20.0,Away,Tondela,Tondela,Benfica,1ST,Passes,Final third entries,32,23,23,32
14288966,2026-02-01,Liga Portugal Betclic,Liga Portugal 25/26,20.0,Away,Tondela,Tondela,Benfica,1ST,Passes,Long balls,9/23 (39%),9/26 (35%),9/26 (35%),9/23 (39%)
14288966,2026-02-01,Liga Portugal Betclic,Liga Portugal 25/26,20.0,Away,Tondela,Tondela,Benfica,1ST,Passes,Throw-ins,17,12,12,17
14288966,2026-02-01,Liga Portugal Betclic,Liga Portugal 25/26,20.0,Away,Tondela,Tondela,Benfica,1ST,Shots,Blocked shots,3,1,1,3
14288966,2026-02-01,Liga Portugal Betclic,Liga Portugal 25/26,20.0,Away,Tondela,Tondela,Benfica,1ST,Shots,Hit woodwork,0,1,1,0
14288966,2026-02-01,Liga Portugal Betclic,Liga Portugal 25/26,20.0,Away,Tondela,Tondela,Benfica,1ST,Shots,Shots inside box,3,1,1,3
14288966,2026-02-01,Liga Portugal Betclic,Liga Portugal 25/26,20.0,Away,Tondela,Tondela,Benfica,1ST,Shots,Shots off target,2,3,3,2
14288966,2026-02-01,Liga Portugal Betclic,Liga Portugal 25/26,20.0,Away,Tondela,Tondela,Benfica,1ST,Shots,Shots on target,3,1,1,3
14288966,2026-02-01,Liga Portugal Betclic,Liga Portugal 25/26,20.0,Away,Tondela,Tondela,Benfica,1ST,Shots,Shots outside box,5,3,3,5
14288966,2026-02-01,Liga Portugal Betclic,Liga Portugal 25/26,20.0,Away,Tondela,Tondela,Benfica,1ST,Shots,Total shots,8,4,4,8
14288966,2026-02-01,Liga Portugal Betclic,Liga Portugal 25/26,20.0,Away,Tondela,Tondela,Benfica,2ND,Attack,Big chances missed,4,0,0,4
14288966,2026-02-01,Liga Portugal Betclic,Liga Portugal 25/26,20.0,Away,Tondela,Tondela,Benfica,2ND,Attack,Fouled in final third,5,0,0,5
14288966,2026-02-01,Liga Portugal Betclic,Liga Portugal 25/26,20.0,Away,Tondela,Tondela,Benfica,2ND,Defending,Clearances,3,33,33,3
14288966,2026-02-01,Liga Portugal Betclic,Liga Portugal 25/26,20.0,Away,Tondela,Tondela,Benfica,2ND,Defending,Interceptions,2,5,5,2
14288966,2026-02-01,Liga Portugal Betclic,Liga Portugal 25/26,20.0,Away,Tondela,Tondela,Benfica,2ND,Defending,Recoveries,18,21,21,18
14288966,2026-02-01,Liga Portugal Betclic,Liga Portugal 25/26,20.0,Away,Tondela,Tondela,Benfica,2ND,Defending,Tackles won,86%,67%,67%,86%
14288966,2026-02-01,Liga Portugal Betclic,Liga Portugal 25/26,20.0,Away,Tondela,Tondela,Benfica,2ND,Defending,Total tackles,7,9,9,7
14288966,2026-02-01,Liga Portugal Betclic,Liga Portugal 25/26,20.0,Away,Tondela,Tondela,Benfica,2ND,Duels,Aerial duels,8/15 (53%),7/15 (47%),7/15 (47%),8/15 (53%)
14288966,2026-02-01,Liga Portugal Betclic,Liga Portugal 25/26,20.0,Away,Tondela,Tondela,Benfica,2ND,Duels,Dispossessed,4,4,4,4
14288966,2026-02-01,Liga Portugal Betclic,Liga Portugal 25/26,20.0,Away,Tondela,Tondela,Benfica,2ND,Duels,Dribbles,5/10 (50%),2/5 (40%),2/5 (40%),5/10 (50%)
14288966,2026-02-01,Liga Portugal Betclic,Liga Portugal 25/26,20.0,Away,Tondela,Tondela,Benfica,2ND,Duels,Duels,60%,40%,40%,60%
14288966,2026-02-01,Liga Portugal Betclic,Liga Portugal 25/26,20.0,Away,Tondela,Tondela,Benfica,2ND,Duels,Ground duels,24/38 (63%),14/38 (37%),14/38 (37%),24/38 (63%)
14288966,2026-02-01,Liga Portugal Betclic,Liga Portugal 25/26,20.0,Away,Tondela,Tondela,Benfica,2ND,Goalkeeping,Goal kicks,8,10,10,8
14288966,2026-02-01,Liga Portugal Betclic,Liga Portugal 25/26,20.0,Away,Tondela,Tondela,Benfica,2ND,Goalkeeping,Total saves,0,5,5,0
14288966,2026-02-01,Liga Portugal Betclic,Liga Portugal 25/26,20.0,Away,Tondela,Tondela,Benfica,2ND,Match overview,Ball possession,80%,20%,20%,80%
14288966,2026-02-01,Liga Portugal Betclic,Liga Portugal 25/26,20.0,Away,Tondela,Tondela,Benfica,2ND,Match overview,Big chances,4,0,0,4
14288966,2026-02-01,Liga Portugal Betclic,Liga Portugal 25/26,20.0,Away,Tondela,Tondela,Benfica,2ND,Match overview,Corner kicks,6,0,0,6
14288966,2026-02-01,Liga Portugal Betclic,Liga Portugal 25/26,20.0,Away,Tondela,Tondela,Benfica,2ND,Match overview,Expected goals,1.71,0.11,0.11,1.71
14288966,2026-02-01,Liga Portugal Betclic,Liga Portugal 25/26,20.0,Away,Tondela,Tondela,Benfica,2ND,Match overview,Fouls,3,12,12,3
14288966,2026-02-01,Liga Portugal Betclic,Liga Portugal 25/26,20.0,Away,Tondela,Tondela,Benfica,2ND,Match overview,Free kicks,12,3,3,12
14288966,2026-02-01,Liga Portugal Betclic,Liga Portugal 25/26,20.0,Away,Tondela,Tondela,Benfica,2ND,Match overview,Goalkeeper saves,0,5,5,0
14288966,2026-02-01,Liga Portugal Betclic,Liga Portugal 25/26,20.0,Away,Tondela,Tondela,Benfica,2ND,Match overview,Passes,310,75,75,310
14288966,2026-02-01,Liga Portugal Betclic,Liga Portugal 25/26,20.0,Away,Tondela,Tondela,Benfica,2ND,Match overview,Tackles,7,9,9,7
14288966,2026-02-01,Liga Portugal Betclic,Liga Portugal 25/26,20.0,Away,Tondela,Tondela,Benfica,2ND,Match overview,Total shots,16,2,2,16
14288966,2026-02-01,Liga Portugal Betclic,Liga Portugal 25/26,20.0,Away,Tondela,Tondela,Benfica,2ND,Match overview,Yellow cards,0,3,3,0
14288966,2026-02-01,Liga Portugal Betclic,Liga Portugal 25/26,20.0,Away,Tondela,Tondela,Benfica,2ND,Passes,Accurate passes,267,48,48,267
14288966,2026-02-01,Liga Portugal Betclic,Liga Portugal 25/26,20.0,Away,Tondela,Tondela,Benfica,2ND,Passes,Crosses,7/25 (28%),2/6 (33%),2/6 (33%),7/25 (28%)
14288966,2026-02-01,Liga Portugal Betclic,Liga Portugal 25/26,20.0,Away,Tondela,Tondela,Benfica,2ND,Passes,Final third entries,44,23,23,44
14288966,2026-02-01,Liga Portugal Betclic,Liga Portugal 25/26,20.0,Away,Tondela,Tondela,Benfica,2ND,Passes,Long balls,11/21 (52%),11/29 (38%),11/29 (38%),11/21 (52%)
14288966,2026-02-01,Liga Portugal Betclic,Liga Portugal 25/26,20.0,Away,Tondela,Tondela,Benfica,2ND,Passes,Throw-ins,18,6,6,18
14288966,2026-02-01,Liga Portugal Betclic,Liga Portugal 25/26,20.0,Away,Tondela,Tondela,Benfica,2ND,Shots,Blocked shots,4,0,0,4
14288966,2026-02-01,Liga Portugal Betclic,Liga Portugal 25/26,20.0,Away,Tondela,Tondela,Benfica,2ND,Shots,Hit woodwork,0,0,0,0
14288966,2026-02-01,Liga Portugal Betclic,Liga Portugal 25/26,20.0,Away,Tondela,Tondela,Benfica,2ND,Shots,Shots inside box,12,1,1,12
14288966,2026-02-01,Liga Portugal Betclic,Liga Portugal 25/26,20.0,Away,Tondela,Tondela,Benfica,2ND,Shots,Shots off target,7,2,2,7
14288966,2026-02-01,Liga Portugal Betclic,Liga Portugal 25/26,20.0,Away,Tondela,Tondela,Benfica,2ND,Shots,Shots on target,5,0,0,5
14288966,2026-02-01,Liga Portugal Betclic,Liga Portugal 25/26,20.0,Away,Tondela,Tondela,Benfica,2ND,Shots,Shots outside box,4,1,1,4
14288966,2026-02-01,Liga Portugal Betclic,Liga Portugal 25/26,20.0,Away,Tondela,Tondela,Benfica,2ND,Shots,Total shots,16,2,2,16
14288966,2026-02-01,Liga Portugal Betclic,Liga Portugal 25/26,20.0,Away,Tondela,Tondela,Benfica,ALL,Attack,Big chances missed,4,1,1,4
14288966,2026-02-01,Liga Portugal Betclic,Liga Portugal 25/26,20.0,Away,Tondela,Tondela,Benfica,ALL,Attack,Fouled in final third,5,1,1,5
14288966,2026-02-01,Liga Portugal Betclic,Liga Portugal 25/26,20.0,Away,Tondela,Tondela,Benfica,ALL,Attack,Touches in penalty area,59,11,11,59
14288966,2026-02-01,Liga Portugal Betclic,Liga Portugal 25/26,20.0,Away,Tondela,Tondela,Benfica,ALL,Defending,Clearances,14,61,61,14
14288966,2026-02-01,Liga Portugal Betclic,Liga Portugal 25/26,20.0,Away,Tondela,Tondela,Benfica,ALL,Defending,Interceptions,6,9,9,6
14288966,2026-02-01,Liga Portugal Betclic,Liga Portugal 25/26,20.0,Away,Tondela,Tondela,Benfica,ALL,Defending,Recoveries,41,49,49,41
14288966,2026-02-01,Liga Portugal Betclic,Liga Portugal 25/26,20.0,Away,Tondela,Tondela,Benfica,ALL,Defending,Tackles won,71%,72%,72%,71%
14288966,2026-02-01,Liga Portugal Betclic,Liga Portugal 25/26,20.0,Away,Tondela,Tondela,Benfica,ALL,Defending,Total tackles,14,25,25,14
14288966,2026-02-01,Liga Portugal Betclic,Liga Portugal 25/26,20.0,Away,Tondela,Tondela,Benfica,ALL,Duels,Aerial duels,16/28 (57%),12/28 (43%),12/28 (43%),16/28 (57%)
14288966,2026-02-01,Liga Portugal Betclic,Liga Portugal 25/26,20.0,Away,Tondela,Tondela,Benfica,ALL,Duels,Dispossessed,9,8,8,9
14288966,2026-02-01,Liga Portugal Betclic,Liga Portugal 25/26,20.0,Away,Tondela,Tondela,Benfica,ALL,Duels,Dribbles,10/26 (38%),9/15 (60%),9/15 (60%),10/26 (38%)
14288966,2026-02-01,Liga Portugal Betclic,Liga Portugal 25/26,20.0,Away,Tondela,Tondela,Benfica,ALL,Duels,Duels,54%,46%,46%,54%
14288966,2026-02-01,Liga Portugal Betclic,Liga Portugal 25/26,20.0,Away,Tondela,Tondela,Benfica,ALL,Duels,Ground duels,43/82 (52%),39/82 (48%),39/82 (48%),43/82 (52%)
14288966,2026-02-01,Liga Portugal Betclic,Liga Portugal 25/26,20.0,Away,Tondela,Tondela,Benfica,ALL,Goalkeeping,Big saves,0,4,4,0
14288966,2026-02-01,Liga Portugal Betclic,Liga Portugal 25/26,20.0,Away,Tondela,Tondela,Benfica,ALL,Goalkeeping,Goal kicks,13,14,14,13
14288966,2026-02-01,Liga Portugal Betclic,Liga Portugal 25/26,20.0,Away,Tondela,Tondela,Benfica,ALL,Goalkeeping,Goals prevented,0.02,2.31,2.31,0.02
14288966,2026-02-01,Liga Portugal Betclic,Liga Portugal 25/26,20.0,Away,Tondela,Tondela,Benfica,ALL,Goalkeeping,Punches,1,4,4,1
14288966,2026-02-01,Liga Portugal Betclic,Liga Portugal 25/26,20.0,Away,Tondela,Tondela,Benfica,ALL,Goalkeeping,Total saves,1,9,9,1
14288966,2026-02-01,Liga Portugal Betclic,Liga Portugal 25/26,20.0,Away,Tondela,Tondela,Benfica,ALL,Match overview,Ball possession,77%,23%,23%,77%
14288966,2026-02-01,Liga Portugal Betclic,Liga Portugal 25/26,20.0,Away,Tondela,Tondela,Benfica,ALL,Match overview,Big chances,4,1,1,4
14288966,2026-02-01,Liga Portugal Betclic,Liga Portugal 25/26,20.0,Away,Tondela,Tondela,Benfica,ALL,Match overview,Corner kicks,13,1,1,13
14288966,2026-02-01,Liga Portugal Betclic,Liga Portugal 25/26,20.0,Away,Tondela,Tondela,Benfica,ALL,Match overview,Distance covered,111.4 km,118.6 km,118.6 km,111.4 km
14288966,2026-02-01,Liga Portugal Betclic,Liga Portugal 25/26,20.0,Away,Tondela,Tondela,Benfica,ALL,Match overview,Expected goals,2.10,0.48,0.48,2.10
14288966,2026-02-01,Liga Portugal Betclic,Liga Portugal 25/26,20.0,Away,Tondela,Tondela,Benfica,ALL,Match overview,Fouls,5,19,19,5
14288966,2026-02-01,Liga Portugal Betclic,Liga Portugal 25/26,20.0,Away,Tondela,Tondela,Benfica,ALL,Match overview,Free kicks,19,5,5,19
14288966,2026-02-01,Liga Portugal Betclic,Liga Portugal 25/26,20.0,Away,Tondela,Tondela,Benfica,ALL,Match overview,Goalkeeper saves,1,9,9,1
14288966,2026-02-01,Liga Portugal Betclic,Liga Portugal 25/26,20.0,Away,Tondela,Tondela,Benfica,ALL,Match overview,Number of sprints,156,179,179,156
14288966,2026-02-01,Liga Portugal Betclic,Liga Portugal 25/26,20.0,Away,Tondela,Tondela,Benfica,ALL,Match overview,Passes,593,177,177,593
14288966,2026-02-01,Liga Portugal Betclic,Liga Portugal 25/26,20.0,Away,Tondela,Tondela,Benfica,ALL,Match overview,Tackles,14,25,25,14
14288966,2026-02-01,Liga Portugal Betclic,Liga Portugal 25/26,20.0,Away,Tondela,Tondela,Benfica,ALL,Match overview,Total shots,24,6,6,24
14288966,2026-02-01,Liga Portugal Betclic,Liga Portugal 25/26,20.0,Away,Tondela,Tondela,Benfica,ALL,Match overview,Yellow cards,0,5,5,0
14288966,2026-02-01,Liga Portugal Betclic,Liga Portugal 25/26,20.0,Away,Tondela,Tondela,Benfica,ALL,Passes,Accurate passes,501,112,112,501
14288966,2026-02-01,Liga Portugal Betclic,Liga Portugal 25/26,20.0,Away,Tondela,Tondela,Benfica,ALL,Passes,Crosses,8/42 (19%),4/16 (25%),4/16 (25%),8/42 (19%)
14288966,2026-02-01,Liga Portugal Betclic,Liga Portugal 25/26,20.0,Away,Tondela,Tondela,Benfica,ALL,Passes,Final third entries,76,46,46,76
14288966,2026-02-01,Liga Portugal Betclic,Liga Portugal 25/26,20.0,Away,Tondela,Tondela,Benfica,ALL,Passes,Final third phase,206/265 (78%),31/61 (51%),31/61 (51%),206/265 (78%)
14288966,2026-02-01,Liga Portugal Betclic,Liga Portugal 25/26,20.0,Away,Tondela,Tondela,Benfica,ALL,Passes,Long balls,20/44 (45%),20/55 (36%),20/55 (36%),20/44 (45%)
14288966,2026-02-01,Liga Portugal Betclic,Liga Portugal 25/26,20.0,Away,Tondela,Tondela,Benfica,ALL,Passes,Throw-ins,35,18,18,35
14288966,2026-02-01,Liga Portugal Betclic,Liga Portugal 25/26,20.0,Away,Tondela,Tondela,Benfica,ALL,Shots,Blocked shots,7,1,1,7
14288966,2026-02-01,Liga Portugal Betclic,Liga Portugal 25/26,20.0,Away,Tondela,Tondela,Benfica,ALL,Shots,Hit woodwork,0,1,1,0
14288966,2026-02-01,Liga Portugal Betclic,Liga Portugal 25/26,20.0,Away,Tondela,Tondela,Benfica,ALL,Shots,Shots inside box,15,2,2,15
14288966,2026-02-01,Liga Portugal Betclic,Liga Portugal 25/26,20.0,Away,Tondela,Tondela,Benfica,ALL,Shots,Shots off target,9,5,5,9
14288966,2026-02-01,Liga Portugal Betclic,Liga Portugal 25/26,20.0,Away,Tondela,Tondela,Benfica,ALL,Shots,Shots on target,8,1,1,8
14288966,2026-02-01,Liga Portugal Betclic,Liga Portugal 25/26,20.0,Away,Tondela,Tondela,Benfica,ALL,Shots,Shots outside box,9,4,4,9
14288966,2026-02-01,Liga Portugal Betclic,Liga Portugal 25/26,20.0,Away,Tondela,Tondela,Benfica,ALL,Shots,Total shots,24,6,6,24
14288979,2026-02-08,Liga Portugal Betclic,Liga Portugal 25/26,21.0,Home,FC Alverca,Benfica,FC Alverca,1ST,Attack,Big chances missed,0,1,0,1
14288979,2026-02-08,Liga Portugal Betclic,Liga Portugal 25/26,21.0,Home,FC Alverca,Benfica,FC Alverca,1ST,Attack,Big chances scored,1,1,1,1
14288979,2026-02-08,Liga Portugal Betclic,Liga Portugal 25/26,21.0,Home,FC Alverca,Benfica,FC Alverca,1ST,Attack,Fouled in final third,2,1,2,1
14288979,2026-02-08,Liga Portugal Betclic,Liga Portugal 25/26,21.0,Home,FC Alverca,Benfica,FC Alverca,1ST,Attack,Offsides,1,0,1,0
14288979,2026-02-08,Liga Portugal Betclic,Liga Portugal 25/26,21.0,Home,FC Alverca,Benfica,FC Alverca,1ST,Defending,Clearances,6,22,6,22
14288979,2026-02-08,Liga Portugal Betclic,Liga Portugal 25/26,21.0,Home,FC Alverca,Benfica,FC Alverca,1ST,Defending,Interceptions,4,8,4,8
14288979,2026-02-08,Liga Portugal Betclic,Liga Portugal 25/26,21.0,Home,FC Alverca,Benfica,FC Alverca,1ST,Defending,Recoveries,23,18,23,18
14288979,2026-02-08,Liga Portugal Betclic,Liga Portugal 25/26,21.0,Home,FC Alverca,Benfica,FC Alverca,1ST,Defending,Tackles won,55%,30%,55%,30%
14288979,2026-02-08,Liga Portugal Betclic,Liga Portugal 25/26,21.0,Home,FC Alverca,Benfica,FC Alverca,1ST,Defending,Total tackles,11,10,11,10
14288979,2026-02-08,Liga Portugal Betclic,Liga Portugal 25/26,21.0,Home,FC Alverca,Benfica,FC Alverca,1ST,Duels,Aerial duels,4/16 (25%),12/16 (75%),4/16 (25%),12/16 (75%)
14288979,2026-02-08,Liga Portugal Betclic,Liga Portugal 25/26,21.0,Home,FC Alverca,Benfica,FC Alverca,1ST,Duels,Dispossessed,4,3,4,3
14288979,2026-02-08,Liga Portugal Betclic,Liga Portugal 25/26,21.0,Home,FC Alverca,Benfica,FC Alverca,1ST,Duels,Dribbles,3/9 (33%),6/14 (43%),3/9 (33%),6/14 (43%)
14288979,2026-02-08,Liga Portugal Betclic,Liga Portugal 25/26,21.0,Home,FC Alverca,Benfica,FC Alverca,1ST,Duels,Duels,44%,56%,44%,56%
14288979,2026-02-08,Liga Portugal Betclic,Liga Portugal 25/26,21.0,Home,FC Alverca,Benfica,FC Alverca,1ST,Duels,Ground duels,23/45 (51%),22/45 (49%),23/45 (51%),22/45 (49%)
14288979,2026-02-08,Liga Portugal Betclic,Liga Portugal 25/26,21.0,Home,FC Alverca,Benfica,FC Alverca,1ST,Goalkeeping,Goal kicks,3,3,3,3
14288979,2026-02-08,Liga Portugal Betclic,Liga Portugal 25/26,21.0,Home,FC Alverca,Benfica,FC Alverca,1ST,Goalkeeping,Total saves,1,4,1,4
14288979,2026-02-08,Liga Portugal Betclic,Liga Portugal 25/26,21.0,Home,FC Alverca,Benfica,FC Alverca,1ST,Match overview,Ball possession,64%,36%,64%,36%
14288979,2026-02-08,Liga Portugal Betclic,Liga Portugal 25/26,21.0,Home,FC Alverca,Benfica,FC Alverca,1ST,Match overview,Big chances,1,2,1,2
14288979,2026-02-08,Liga Portugal Betclic,Liga Portugal 25/26,21.0,Home,FC Alverca,Benfica,FC Alverca,1ST,Match overview,Corner kicks,5,0,5,0
14288979,2026-02-08,Liga Portugal Betclic,Liga Portugal 25/26,21.0,Home,FC Alverca,Benfica,FC Alverca,1ST,Match overview,Expected goals,0.94,0.94,0.94,0.94
14288979,2026-02-08,Liga Portugal Betclic,Liga Portugal 25/26,21.0,Home,FC Alverca,Benfica,FC Alverca,1ST,Match overview,Fouls,6,10,6,10
14288979,2026-02-08,Liga Portugal Betclic,Liga Portugal 25/26,21.0,Home,FC Alverca,Benfica,FC Alverca,1ST,Match overview,Free kicks,10,6,10,6
14288979,2026-02-08,Liga Portugal Betclic,Liga Portugal 25/26,21.0,Home,FC Alverca,Benfica,FC Alverca,1ST,Match overview,Goalkeeper saves,1,4,1,4
14288979,2026-02-08,Liga Portugal Betclic,Liga Portugal 25/26,21.0,Home,FC Alverca,Benfica,FC Alverca,1ST,Match overview,Passes,246,145,246,145
14288979,2026-02-08,Liga Portugal Betclic,Liga Portugal 25/26,21.0,Home,FC Alverca,Benfica,FC Alverca,1ST,Match overview,Tackles,11,10,11,10
14288979,2026-02-08,Liga Portugal Betclic,Liga Portugal 25/26,21.0,Home,FC Alverca,Benfica,FC Alverca,1ST,Match overview,Total shots,13,4,13,4
14288979,2026-02-08,Liga Portugal Betclic,Liga Portugal 25/26,21.0,Home,FC Alverca,Benfica,FC Alverca,1ST,Match overview,Yellow cards,1,2,1,2
14288979,2026-02-08,Liga Portugal Betclic,Liga Portugal 25/26,21.0,Home,FC Alverca,Benfica,FC Alverca,1ST,Passes,Accurate passes,208,107,208,107
14288979,2026-02-08,Liga Portugal Betclic,Liga Portugal 25/26,21.0,Home,FC Alverca,Benfica,FC Alverca,1ST,Passes,Crosses,1/14 (7%),2/3 (67%),1/14 (7%),2/3 (67%)
14288979,2026-02-08,Liga Portugal Betclic,Liga Portugal 25/26,21.0,Home,FC Alverca,Benfica,FC Alverca,1ST,Passes,Final third entries,36,18,36,18
14288979,2026-02-08,Liga Portugal Betclic,Liga Portugal 25/26,21.0,Home,FC Alverca,Benfica,FC Alverca,1ST,Passes,Long balls,10/19 (53%),16/29 (55%),10/19 (53%),16/29 (55%)
14288979,2026-02-08,Liga Portugal Betclic,Liga Portugal 25/26,21.0,Home,FC Alverca,Benfica,FC Alverca,1ST,Passes,Throw-ins,10,13,10,13
14288979,2026-02-08,Liga Portugal Betclic,Liga Portugal 25/26,21.0,Home,FC Alverca,Benfica,FC Alverca,1ST,Shots,Blocked shots,7,0,7,0
14288979,2026-02-08,Liga Portugal Betclic,Liga Portugal 25/26,21.0,Home,FC Alverca,Benfica,FC Alverca,1ST,Shots,Hit woodwork,0,0,0,0
14288979,2026-02-08,Liga Portugal Betclic,Liga Portugal 25/26,21.0,Home,FC Alverca,Benfica,FC Alverca,1ST,Shots,Shots inside box,6,2,6,2
14288979,2026-02-08,Liga Portugal Betclic,Liga Portugal 25/26,21.0,Home,FC Alverca,Benfica,FC Alverca,1ST,Shots,Shots off target,1,2,1,2
14288979,2026-02-08,Liga Portugal Betclic,Liga Portugal 25/26,21.0,Home,FC Alverca,Benfica,FC Alverca,1ST,Shots,Shots on target,5,2,5,2
14288979,2026-02-08,Liga Portugal Betclic,Liga Portugal 25/26,21.0,Home,FC Alverca,Benfica,FC Alverca,1ST,Shots,Shots outside box,7,2,7,2
14288979,2026-02-08,Liga Portugal Betclic,Liga Portugal 25/26,21.0,Home,FC Alverca,Benfica,FC Alverca,1ST,Shots,Total shots,13,4,13,4
14288979,2026-02-08,Liga Portugal Betclic,Liga Portugal 25/26,21.0,Home,FC Alverca,Benfica,FC Alverca,2ND,Attack,Big chances missed,1,0,1,0
14288979,2026-02-08,Liga Portugal Betclic,Liga Portugal 25/26,21.0,Home,FC Alverca,Benfica,FC Alverca,2ND,Attack,Big chances scored,1,0,1,0
14288979,2026-02-08,Liga Portugal Betclic,Liga Portugal 25/26,21.0,Home,FC Alverca,Benfica,FC Alverca,2ND,Attack,Fouled in final third,4,1,4,1
14288979,2026-02-08,Liga Portugal Betclic,Liga Portugal 25/26,21.0,Home,FC Alverca,Benfica,FC Alverca,2ND,Attack,Offsides,1,0,1,0
14288979,2026-02-08,Liga Portugal Betclic,Liga Portugal 25/26,21.0,Home,FC Alverca,Benfica,FC Alverca,2ND,Defending,Clearances,7,22,7,22
14288979,2026-02-08,Liga Portugal Betclic,Liga Portugal 25/26,21.0,Home,FC Alverca,Benfica,FC Alverca,2ND,Defending,Interceptions,1,4,1,4
14288979,2026-02-08,Liga Portugal Betclic,Liga Portugal 25/26,21.0,Home,FC Alverca,Benfica,FC Alverca,2ND,Defending,Recoveries,32,20,32,20
14288979,2026-02-08,Liga Portugal Betclic,Liga Portugal 25/26,21.0,Home,FC Alverca,Benfica,FC Alverca,2ND,Defending,Tackles won,90%,25%,90%,25%
14288979,2026-02-08,Liga Portugal Betclic,Liga Portugal 25/26,21.0,Home,FC Alverca,Benfica,FC Alverca,2ND,Defending,Total tackles,10,8,10,8
14288979,2026-02-08,Liga Portugal Betclic,Liga Portugal 25/26,21.0,Home,FC Alverca,Benfica,FC Alverca,2ND,Duels,Aerial duels,13/24 (54%),11/24 (46%),13/24 (54%),11/24 (46%)
14288979,2026-02-08,Liga Portugal Betclic,Liga Portugal 25/26,21.0,Home,FC Alverca,Benfica,FC Alverca,2ND,Duels,Dispossessed,4,3,4,3
14288979,2026-02-08,Liga Portugal Betclic,Liga Portugal 25/26,21.0,Home,FC Alverca,Benfica,FC Alverca,2ND,Duels,Dribbles,3/7 (43%),2/9 (22%),3/7 (43%),2/9 (22%)
14288979,2026-02-08,Liga Portugal Betclic,Liga Portugal 25/26,21.0,Home,FC Alverca,Benfica,FC Alverca,2ND,Duels,Duels,58%,42%,58%,42%
14288979,2026-02-08,Liga Portugal Betclic,Liga Portugal 25/26,21.0,Home,FC Alverca,Benfica,FC Alverca,2ND,Duels,Ground duels,21/35 (60%),14/35 (40%),21/35 (60%),14/35 (40%)
14288979,2026-02-08,Liga Portugal Betclic,Liga Portugal 25/26,21.0,Home,FC Alverca,Benfica,FC Alverca,2ND,Goalkeeping,Goal kicks,0,11,0,11
14288979,2026-02-08,Liga Portugal Betclic,Liga Portugal 25/26,21.0,Home,FC Alverca,Benfica,FC Alverca,2ND,Goalkeeping,Total saves,0,4,0,4
14288979,2026-02-08,Liga Portugal Betclic,Liga Portugal 25/26,21.0,Home,FC Alverca,Benfica,FC Alverca,2ND,Match overview,Ball possession,62%,38%,62%,38%
14288979,2026-02-08,Liga Portugal Betclic,Liga Portugal 25/26,21.0,Home,FC Alverca,Benfica,FC Alverca,2ND,Match overview,Big chances,1,0,1,0
14288979,2026-02-08,Liga Portugal Betclic,Liga Portugal 25/26,21.0,Home,FC Alverca,Benfica,FC Alverca,2ND,Match overview,Corner kicks,4,1,4,1
14288979,2026-02-08,Liga Portugal Betclic,Liga Portugal 25/26,21.0,Home,FC Alverca,Benfica,FC Alverca,2ND,Match overview,Expected goals,1.03,0.20,1.03,0.20
14288979,2026-02-08,Liga Portugal Betclic,Liga Portugal 25/26,21.0,Home,FC Alverca,Benfica,FC Alverca,2ND,Match overview,Fouls,5,8,5,8
14288979,2026-02-08,Liga Portugal Betclic,Liga Portugal 25/26,21.0,Home,FC Alverca,Benfica,FC Alverca,2ND,Match overview,Free kicks,8,5,8,5
14288979,2026-02-08,Liga Portugal Betclic,Liga Portugal 25/26,21.0,Home,FC Alverca,Benfica,FC Alverca,2ND,Match overview,Goalkeeper saves,0,4,0,4
14288979,2026-02-08,Liga Portugal Betclic,Liga Portugal 25/26,21.0,Home,FC Alverca,Benfica,FC Alverca,2ND,Match overview,Passes,208,135,208,135
14288979,2026-02-08,Liga Portugal Betclic,Liga Portugal 25/26,21.0,Home,FC Alverca,Benfica,FC Alverca,2ND,Match overview,Tackles,10,8,10,8
14288979,2026-02-08,Liga Portugal Betclic,Liga Portugal 25/26,21.0,Home,FC Alverca,Benfica,FC Alverca,2ND,Match overview,Total shots,16,2,16,2
14288979,2026-02-08,Liga Portugal Betclic,Liga Portugal 25/26,21.0,Home,FC Alverca,Benfica,FC Alverca,2ND,Match overview,Yellow cards,2,0,2,0
14288979,2026-02-08,Liga Portugal Betclic,Liga Portugal 25/26,21.0,Home,FC Alverca,Benfica,FC Alverca,2ND,Passes,Accurate passes,177,94,177,94
14288979,2026-02-08,Liga Portugal Betclic,Liga Portugal 25/26,21.0,Home,FC Alverca,Benfica,FC Alverca,2ND,Passes,Crosses,6/20 (30%),0/3 (0%),6/20 (30%),0/3 (0%)
14288979,2026-02-08,Liga Portugal Betclic,Liga Portugal 25/26,21.0,Home,FC Alverca,Benfica,FC Alverca,2ND,Passes,Final third entries,36,20,36,20
14288979,2026-02-08,Liga Portugal Betclic,Liga Portugal 25/26,21.0,Home,FC Alverca,Benfica,FC Alverca,2ND,Passes,Long balls,6/16 (38%),13/34 (38%),6/16 (38%),13/34 (38%)
14288979,2026-02-08,Liga Portugal Betclic,Liga Portugal 25/26,21.0,Home,FC Alverca,Benfica,FC Alverca,2ND,Passes,Throw-ins,10,6,10,6
14288979,2026-02-08,Liga Portugal Betclic,Liga Portugal 25/26,21.0,Home,FC Alverca,Benfica,FC Alverca,2ND,Shots,Blocked shots,3,2,3,2
14288979,2026-02-08,Liga Portugal Betclic,Liga Portugal 25/26,21.0,Home,FC Alverca,Benfica,FC Alverca,2ND,Shots,Hit woodwork,1,0,1,0
14288979,2026-02-08,Liga Portugal Betclic,Liga Portugal 25/26,21.0,Home,FC Alverca,Benfica,FC Alverca,2ND,Shots,Shots inside box,11,2,11,2
14288979,2026-02-08,Liga Portugal Betclic,Liga Portugal 25/26,21.0,Home,FC Alverca,Benfica,FC Alverca,2ND,Shots,Shots off target,8,0,8,0
14288979,2026-02-08,Liga Portugal Betclic,Liga Portugal 25/26,21.0,Home,FC Alverca,Benfica,FC Alverca,2ND,Shots,Shots on target,5,0,5,0
14288979,2026-02-08,Liga Portugal Betclic,Liga Portugal 25/26,21.0,Home,FC Alverca,Benfica,FC Alverca,2ND,Shots,Shots outside box,5,0,5,0
14288979,2026-02-08,Liga Portugal Betclic,Liga Portugal 25/26,21.0,Home,FC Alverca,Benfica,FC Alverca,2ND,Shots,Total shots,16,2,16,2
14288979,2026-02-08,Liga Portugal Betclic,Liga Portugal 25/26,21.0,Home,FC Alverca,Benfica,FC Alverca,ALL,Attack,Big chances missed,1,1,1,1
14288979,2026-02-08,Liga Portugal Betclic,Liga Portugal 25/26,21.0,Home,FC Alverca,Benfica,FC Alverca,ALL,Attack,Big chances scored,1,1,1,1
14288979,2026-02-08,Liga Portugal Betclic,Liga Portugal 25/26,21.0,Home,FC Alverca,Benfica,FC Alverca,ALL,Attack,Fouled in final third,6,2,6,2
14288979,2026-02-08,Liga Portugal Betclic,Liga Portugal 25/26,21.0,Home,FC Alverca,Benfica,FC Alverca,ALL,Attack,Offsides,2,0,2,0
14288979,2026-02-08,Liga Portugal Betclic,Liga Portugal 25/26,21.0,Home,FC Alverca,Benfica,FC Alverca,ALL,Attack,Touches in penalty area,50,9,50,9
14288979,2026-02-08,Liga Portugal Betclic,Liga Portugal 25/26,21.0,Home,FC Alverca,Benfica,FC Alverca,ALL,Defending,Clearances,13,44,13,44
14288979,2026-02-08,Liga Portugal Betclic,Liga Portugal 25/26,21.0,Home,FC Alverca,Benfica,FC Alverca,ALL,Defending,Interceptions,5,12,5,12
14288979,2026-02-08,Liga Portugal Betclic,Liga Portugal 25/26,21.0,Home,FC Alverca,Benfica,FC Alverca,ALL,Defending,Recoveries,55,38,55,38
14288979,2026-02-08,Liga Portugal Betclic,Liga Portugal 25/26,21.0,Home,FC Alverca,Benfica,FC Alverca,ALL,Defending,Tackles won,71%,28%,71%,28%
14288979,2026-02-08,Liga Portugal Betclic,Liga Portugal 25/26,21.0,Home,FC Alverca,Benfica,FC Alverca,ALL,Defending,Total tackles,21,18,21,18
14288979,2026-02-08,Liga Portugal Betclic,Liga Portugal 25/26,21.0,Home,FC Alverca,Benfica,FC Alverca,ALL,Duels,Aerial duels,17/40 (43%),23/40 (57%),17/40 (43%),23/40 (57%)
14288979,2026-02-08,Liga Portugal Betclic,Liga Portugal 25/26,21.0,Home,FC Alverca,Benfica,FC Alverca,ALL,Duels,Dispossessed,8,6,8,6
14288979,2026-02-08,Liga Portugal Betclic,Liga Portugal 25/26,21.0,Home,FC Alverca,Benfica,FC Alverca,ALL,Duels,Dribbles,6/16 (38%),8/23 (35%),6/16 (38%),8/23 (35%)
14288979,2026-02-08,Liga Portugal Betclic,Liga Portugal 25/26,21.0,Home,FC Alverca,Benfica,FC Alverca,ALL,Duels,Duels,51%,49%,51%,49%
14288979,2026-02-08,Liga Portugal Betclic,Liga Portugal 25/26,21.0,Home,FC Alverca,Benfica,FC Alverca,ALL,Duels,Ground duels,44/80 (55%),36/80 (45%),44/80 (55%),36/80 (45%)
14288979,2026-02-08,Liga Portugal Betclic,Liga Portugal 25/26,21.0,Home,FC Alverca,Benfica,FC Alverca,ALL,Goalkeeping,Big saves,0,3,0,3
14288979,2026-02-08,Liga Portugal Betclic,Liga Portugal 25/26,21.0,Home,FC Alverca,Benfica,FC Alverca,ALL,Goalkeeping,Goal kicks,3,14,3,14
14288979,2026-02-08,Liga Portugal Betclic,Liga Portugal 25/26,21.0,Home,FC Alverca,Benfica,FC Alverca,ALL,Goalkeeping,Goals prevented,-0.51,1.17,-0.51,1.17
14288979,2026-02-08,Liga Portugal Betclic,Liga Portugal 25/26,21.0,Home,FC Alverca,Benfica,FC Alverca,ALL,Goalkeeping,High claims,1,0,1,0
14288979,2026-02-08,Liga Portugal Betclic,Liga Portugal 25/26,21.0,Home,FC Alverca,Benfica,FC Alverca,ALL,Goalkeeping,Punches,0,2,0,2
14288979,2026-02-08,Liga Portugal Betclic,Liga Portugal 25/26,21.0,Home,FC Alverca,Benfica,FC Alverca,ALL,Goalkeeping,Total saves,1,8,1,8
14288979,2026-02-08,Liga Portugal Betclic,Liga Portugal 25/26,21.0,Home,FC Alverca,Benfica,FC Alverca,ALL,Match overview,Ball possession,63%,37%,63%,37%
14288979,2026-02-08,Liga Portugal Betclic,Liga Portugal 25/26,21.0,Home,FC Alverca,Benfica,FC Alverca,ALL,Match overview,Big chances,2,2,2,2
14288979,2026-02-08,Liga Portugal Betclic,Liga Portugal 25/26,21.0,Home,FC Alverca,Benfica,FC Alverca,ALL,Match overview,Corner kicks,9,1,9,1
14288979,2026-02-08,Liga Portugal Betclic,Liga Portugal 25/26,21.0,Home,FC Alverca,Benfica,FC Alverca,ALL,Match overview,Expected goals,1.97,1.14,1.97,1.14
14288979,2026-02-08,Liga Portugal Betclic,Liga Portugal 25/26,21.0,Home,FC Alverca,Benfica,FC Alverca,ALL,Match overview,Fouls,11,18,11,18
14288979,2026-02-08,Liga Portugal Betclic,Liga Portugal 25/26,21.0,Home,FC Alverca,Benfica,FC Alverca,ALL,Match overview,Free kicks,18,11,18,11
14288979,2026-02-08,Liga Portugal Betclic,Liga Portugal 25/26,21.0,Home,FC Alverca,Benfica,FC Alverca,ALL,Match overview,Goalkeeper saves,1,8,1,8
14288979,2026-02-08,Liga Portugal Betclic,Liga Portugal 25/26,21.0,Home,FC Alverca,Benfica,FC Alverca,ALL,Match overview,Passes,454,280,454,280
14288979,2026-02-08,Liga Portugal Betclic,Liga Portugal 25/26,21.0,Home,FC Alverca,Benfica,FC Alverca,ALL,Match overview,Tackles,21,18,21,18
14288979,2026-02-08,Liga Portugal Betclic,Liga Portugal 25/26,21.0,Home,FC Alverca,Benfica,FC Alverca,ALL,Match overview,Total shots,29,6,29,6
14288979,2026-02-08,Liga Portugal Betclic,Liga Portugal 25/26,21.0,Home,FC Alverca,Benfica,FC Alverca,ALL,Match overview,Yellow cards,3,2,3,2
14288979,2026-02-08,Liga Portugal Betclic,Liga Portugal 25/26,21.0,Home,FC Alverca,Benfica,FC Alverca,ALL,Passes,Accurate passes,385,201,385,201
14288979,2026-02-08,Liga Portugal Betclic,Liga Portugal 25/26,21.0,Home,FC Alverca,Benfica,FC Alverca,ALL,Passes,Crosses,7/34 (21%),2/6 (33%),7/34 (21%),2/6 (33%)
14288979,2026-02-08,Liga Portugal Betclic,Liga Portugal 25/26,21.0,Home,FC Alverca,Benfica,FC Alverca,ALL,Passes,Final third entries,72,38,72,38
14288979,2026-02-08,Liga Portugal Betclic,Liga Portugal 25/26,21.0,Home,FC Alverca,Benfica,FC Alverca,ALL,Passes,Final third phase,136/186 (73%),31/66 (47%),136/186 (73%),31/66 (47%)
14288979,2026-02-08,Liga Portugal Betclic,Liga Portugal 25/26,21.0,Home,FC Alverca,Benfica,FC Alverca,ALL,Passes,Long balls,16/35 (46%),29/63 (46%),16/35 (46%),29/63 (46%)
14288979,2026-02-08,Liga Portugal Betclic,Liga Portugal 25/26,21.0,Home,FC Alverca,Benfica,FC Alverca,ALL,Passes,Throw-ins,20,19,20,19
14288979,2026-02-08,Liga Portugal Betclic,Liga Portugal 25/26,21.0,Home,FC Alverca,Benfica,FC Alverca,ALL,Shots,Blocked shots,10,2,10,2
14288979,2026-02-08,Liga Portugal Betclic,Liga Portugal 25/26,21.0,Home,FC Alverca,Benfica,FC Alverca,ALL,Shots,Hit woodwork,1,0,1,0
14288979,2026-02-08,Liga Portugal Betclic,Liga Portugal 25/26,21.0,Home,FC Alverca,Benfica,FC Alverca,ALL,Shots,Shots inside box,17,4,17,4
14288979,2026-02-08,Liga Portugal Betclic,Liga Portugal 25/26,21.0,Home,FC Alverca,Benfica,FC Alverca,ALL,Shots,Shots off target,9,2,9,2
14288979,2026-02-08,Liga Portugal Betclic,Liga Portugal 25/26,21.0,Home,FC Alverca,Benfica,FC Alverca,ALL,Shots,Shots on target,10,2,10,2
14288979,2026-02-08,Liga Portugal Betclic,Liga Portugal 25/26,21.0,Home,FC Alverca,Benfica,FC Alverca,ALL,Shots,Shots outside box,12,2,12,2
14288979,2026-02-08,Liga Portugal Betclic,Liga Portugal 25/26,21.0,Home,FC Alverca,Benfica,FC Alverca,ALL,Shots,Total shots,29,6,29,6
14288997,2026-02-13,Liga Portugal Betclic,Liga Portugal 25/26,22.0,Away,Santa Clara,Santa Clara,Benfica,1ST,Attack,Big chances missed,2,0,0,2
14288997,2026-02-13,Liga Portugal Betclic,Liga Portugal 25/26,22.0,Away,Santa Clara,Santa Clara,Benfica,1ST,Attack,Big chances scored,1,0,0,1
14288997,2026-02-13,Liga Portugal Betclic,Liga Portugal 25/26,22.0,Away,Santa Clara,Santa Clara,Benfica,1ST,Attack,Fouled in final third,0,0,0,0
14288997,2026-02-13,Liga Portugal Betclic,Liga Portugal 25/26,22.0,Away,Santa Clara,Santa Clara,Benfica,1ST,Attack,Offsides,1,0,0,1
14288997,2026-02-13,Liga Portugal Betclic,Liga Portugal 25/26,22.0,Away,Santa Clara,Santa Clara,Benfica,1ST,Attack,Through balls,1,0,0,1
14288997,2026-02-13,Liga Portugal Betclic,Liga Portugal 25/26,22.0,Away,Santa Clara,Santa Clara,Benfica,1ST,Defending,Clearances,10,9,9,10
14288997,2026-02-13,Liga Portugal Betclic,Liga Portugal 25/26,22.0,Away,Santa Clara,Santa Clara,Benfica,1ST,Defending,Interceptions,6,6,6,6
14288997,2026-02-13,Liga Portugal Betclic,Liga Portugal 25/26,22.0,Away,Santa Clara,Santa Clara,Benfica,1ST,Defending,Recoveries,28,23,23,28
14288997,2026-02-13,Liga Portugal Betclic,Liga Portugal 25/26,22.0,Away,Santa Clara,Santa Clara,Benfica,1ST,Defending,Tackles won,50%,63%,63%,50%
14288997,2026-02-13,Liga Portugal Betclic,Liga Portugal 25/26,22.0,Away,Santa Clara,Santa Clara,Benfica,1ST,Defending,Total tackles,10,8,8,10
14288997,2026-02-13,Liga Portugal Betclic,Liga Portugal 25/26,22.0,Away,Santa Clara,Santa Clara,Benfica,1ST,Duels,Aerial duels,9/16 (56%),7/16 (44%),7/16 (44%),9/16 (56%)
14288997,2026-02-13,Liga Portugal Betclic,Liga Portugal 25/26,22.0,Away,Santa Clara,Santa Clara,Benfica,1ST,Duels,Dispossessed,5,7,7,5
14288997,2026-02-13,Liga Portugal Betclic,Liga Portugal 25/26,22.0,Away,Santa Clara,Santa Clara,Benfica,1ST,Duels,Dribbles,3/6 (50%),6/9 (67%),6/9 (67%),3/6 (50%)
14288997,2026-02-13,Liga Portugal Betclic,Liga Portugal 25/26,22.0,Away,Santa Clara,Santa Clara,Benfica,1ST,Duels,Duels,56%,44%,44%,56%
14288997,2026-02-13,Liga Portugal Betclic,Liga Portugal 25/26,22.0,Away,Santa Clara,Santa Clara,Benfica,1ST,Duels,Ground duels,21/38 (55%),17/38 (45%),17/38 (45%),21/38 (55%)
14288997,2026-02-13,Liga Portugal Betclic,Liga Portugal 25/26,22.0,Away,Santa Clara,Santa Clara,Benfica,1ST,Goalkeeping,Goal kicks,0,4,4,0
14288997,2026-02-13,Liga Portugal Betclic,Liga Portugal 25/26,22.0,Away,Santa Clara,Santa Clara,Benfica,1ST,Goalkeeping,Total saves,0,2,2,0
14288997,2026-02-13,Liga Portugal Betclic,Liga Portugal 25/26,22.0,Away,Santa Clara,Santa Clara,Benfica,1ST,Match overview,Ball possession,48%,52%,52%,48%
14288997,2026-02-13,Liga Portugal Betclic,Liga Portugal 25/26,22.0,Away,Santa Clara,Santa Clara,Benfica,1ST,Match overview,Big chances,3,0,0,3
14288997,2026-02-13,Liga Portugal Betclic,Liga Portugal 25/26,22.0,Away,Santa Clara,Santa Clara,Benfica,1ST,Match overview,Corner kicks,3,0,0,3
14288997,2026-02-13,Liga Portugal Betclic,Liga Portugal 25/26,22.0,Away,Santa Clara,Santa Clara,Benfica,1ST,Match overview,Expected goals,0.97,0.11,0.11,0.97
14288997,2026-02-13,Liga Portugal Betclic,Liga Portugal 25/26,22.0,Away,Santa Clara,Santa Clara,Benfica,1ST,Match overview,Fouls,3,8,8,3
14288997,2026-02-13,Liga Portugal Betclic,Liga Portugal 25/26,22.0,Away,Santa Clara,Santa Clara,Benfica,1ST,Match overview,Free kicks,8,3,3,8
14288997,2026-02-13,Liga Portugal Betclic,Liga Portugal 25/26,22.0,Away,Santa Clara,Santa Clara,Benfica,1ST,Match overview,Goalkeeper saves,0,2,2,0
14288997,2026-02-13,Liga Portugal Betclic,Liga Portugal 25/26,22.0,Away,Santa Clara,Santa Clara,Benfica,1ST,Match overview,Passes,218,244,244,218
14288997,2026-02-13,Liga Portugal Betclic,Liga Portugal 25/26,22.0,Away,Santa Clara,Santa Clara,Benfica,1ST,Match overview,Red cards,0,0,0,0
14288997,2026-02-13,Liga Portugal Betclic,Liga Portugal 25/26,22.0,Away,Santa Clara,Santa Clara,Benfica,1ST,Match overview,Tackles,10,8,8,10
14288997,2026-02-13,Liga Portugal Betclic,Liga Portugal 25/26,22.0,Away,Santa Clara,Santa Clara,Benfica,1ST,Match overview,Total shots,5,4,4,5
14288997,2026-02-13,Liga Portugal Betclic,Liga Portugal 25/26,22.0,Away,Santa Clara,Santa Clara,Benfica,1ST,Match overview,Yellow cards,0,1,1,0
14288997,2026-02-13,Liga Portugal Betclic,Liga Portugal 25/26,22.0,Away,Santa Clara,Santa Clara,Benfica,1ST,Passes,Accurate passes,180,196,196,180
14288997,2026-02-13,Liga Portugal Betclic,Liga Portugal 25/26,22.0,Away,Santa Clara,Santa Clara,Benfica,1ST,Passes,Crosses,2/6 (33%),0/4 (0%),0/4 (0%),2/6 (33%)
14288997,2026-02-13,Liga Portugal Betclic,Liga Portugal 25/26,22.0,Away,Santa Clara,Santa Clara,Benfica,1ST,Passes,Final third entries,19,32,32,19
14288997,2026-02-13,Liga Portugal Betclic,Liga Portugal 25/26,22.0,Away,Santa Clara,Santa Clara,Benfica,1ST,Passes,Long balls,11/21 (52%),13/28 (46%),13/28 (46%),11/21 (52%)
14288997,2026-02-13,Liga Portugal Betclic,Liga Portugal 25/26,22.0,Away,Santa Clara,Santa Clara,Benfica,1ST,Passes,Throw-ins,13,12,12,13
14288997,2026-02-13,Liga Portugal Betclic,Liga Portugal 25/26,22.0,Away,Santa Clara,Santa Clara,Benfica,1ST,Shots,Blocked shots,0,4,4,0
14288997,2026-02-13,Liga Portugal Betclic,Liga Portugal 25/26,22.0,Away,Santa Clara,Santa Clara,Benfica,1ST,Shots,Hit woodwork,0,0,0,0
14288997,2026-02-13,Liga Portugal Betclic,Liga Portugal 25/26,22.0,Away,Santa Clara,Santa Clara,Benfica,1ST,Shots,Shots inside box,5,1,1,5
14288997,2026-02-13,Liga Portugal Betclic,Liga Portugal 25/26,22.0,Away,Santa Clara,Santa Clara,Benfica,1ST,Shots,Shots off target,2,0,0,2
14288997,2026-02-13,Liga Portugal Betclic,Liga Portugal 25/26,22.0,Away,Santa Clara,Santa Clara,Benfica,1ST,Shots,Shots on target,3,0,0,3
14288997,2026-02-13,Liga Portugal Betclic,Liga Portugal 25/26,22.0,Away,Santa Clara,Santa Clara,Benfica,1ST,Shots,Shots outside box,0,3,3,0
14288997,2026-02-13,Liga Portugal Betclic,Liga Portugal 25/26,22.0,Away,Santa Clara,Santa Clara,Benfica,1ST,Shots,Total shots,5,4,4,5
14288997,2026-02-13,Liga Portugal Betclic,Liga Portugal 25/26,22.0,Away,Santa Clara,Santa Clara,Benfica,2ND,Attack,Big chances missed,0,0,0,0
14288997,2026-02-13,Liga Portugal Betclic,Liga Portugal 25/26,22.0,Away,Santa Clara,Santa Clara,Benfica,2ND,Attack,Big chances scored,0,0,0,0
14288997,2026-02-13,Liga Portugal Betclic,Liga Portugal 25/26,22.0,Away,Santa Clara,Santa Clara,Benfica,2ND,Attack,Fouled in final third,1,0,0,1
14288997,2026-02-13,Liga Portugal Betclic,Liga Portugal 25/26,22.0,Away,Santa Clara,Santa Clara,Benfica,2ND,Attack,Offsides,0,0,0,0
14288997,2026-02-13,Liga Portugal Betclic,Liga Portugal 25/26,22.0,Away,Santa Clara,Santa Clara,Benfica,2ND,Attack,Through balls,0,0,0,0
14288997,2026-02-13,Liga Portugal Betclic,Liga Portugal 25/26,22.0,Away,Santa Clara,Santa Clara,Benfica,2ND,Defending,Clearances,8,23,23,8
14288997,2026-02-13,Liga Portugal Betclic,Liga Portugal 25/26,22.0,Away,Santa Clara,Santa Clara,Benfica,2ND,Defending,Interceptions,8,5,5,8
14288997,2026-02-13,Liga Portugal Betclic,Liga Portugal 25/26,22.0,Away,Santa Clara,Santa Clara,Benfica,2ND,Defending,Recoveries,21,20,20,21
14288997,2026-02-13,Liga Portugal Betclic,Liga Portugal 25/26,22.0,Away,Santa Clara,Santa Clara,Benfica,2ND,Defending,Tackles won,20%,50%,50%,20%
14288997,2026-02-13,Liga Portugal Betclic,Liga Portugal 25/26,22.0,Away,Santa Clara,Santa Clara,Benfica,2ND,Defending,Total tackles,10,20,20,10
14288997,2026-02-13,Liga Portugal Betclic,Liga Portugal 25/26,22.0,Away,Santa Clara,Santa Clara,Benfica,2ND,Duels,Aerial duels,10/20 (50%),10/20 (50%),10/20 (50%),10/20 (50%)
14288997,2026-02-13,Liga Portugal Betclic,Liga Portugal 25/26,22.0,Away,Santa Clara,Santa Clara,Benfica,2ND,Duels,Dispossessed,13,5,5,13
14288997,2026-02-13,Liga Portugal Betclic,Liga Portugal 25/26,22.0,Away,Santa Clara,Santa Clara,Benfica,2ND,Duels,Dribbles,3/10 (30%),3/8 (38%),3/8 (38%),3/10 (30%)
14288997,2026-02-13,Liga Portugal Betclic,Liga Portugal 25/26,22.0,Away,Santa Clara,Santa Clara,Benfica,2ND,Duels,Duels,51%,49%,49%,51%
14288997,2026-02-13,Liga Portugal Betclic,Liga Portugal 25/26,22.0,Away,Santa Clara,Santa Clara,Benfica,2ND,Duels,Ground duels,26/51 (51%),25/51 (49%),25/51 (49%),26/51 (51%)
14288997,2026-02-13,Liga Portugal Betclic,Liga Portugal 25/26,22.0,Away,Santa Clara,Santa Clara,Benfica,2ND,Goalkeeping,Goal kicks,2,5,5,2
14288997,2026-02-13,Liga Portugal Betclic,Liga Portugal 25/26,22.0,Away,Santa Clara,Santa Clara,Benfica,2ND,Goalkeeping,Total saves,1,0,0,1
14288997,2026-02-13,Liga Portugal Betclic,Liga Portugal 25/26,22.0,Away,Santa Clara,Santa Clara,Benfica,2ND,Match overview,Ball possession,46%,54%,54%,46%
14288997,2026-02-13,Liga Portugal Betclic,Liga Portugal 25/26,22.0,Away,Santa Clara,Santa Clara,Benfica,2ND,Match overview,Big chances,0,0,0,0
14288997,2026-02-13,Liga Portugal Betclic,Liga Portugal 25/26,22.0,Away,Santa Clara,Santa Clara,Benfica,2ND,Match overview,Corner kicks,4,1,1,4
14288997,2026-02-13,Liga Portugal Betclic,Liga Portugal 25/26,22.0,Away,Santa Clara,Santa Clara,Benfica,2ND,Match overview,Expected goals,0.22,0.17,0.17,0.22
14288997,2026-02-13,Liga Portugal Betclic,Liga Portugal 25/26,22.0,Away,Santa Clara,Santa Clara,Benfica,2ND,Match overview,Fouls,2,15,15,2
14288997,2026-02-13,Liga Portugal Betclic,Liga Portugal 25/26,22.0,Away,Santa Clara,Santa Clara,Benfica,2ND,Match overview,Free kicks,15,2,2,15
14288997,2026-02-13,Liga Portugal Betclic,Liga Portugal 25/26,22.0,Away,Santa Clara,Santa Clara,Benfica,2ND,Match overview,Goalkeeper saves,1,0,0,1
14288997,2026-02-13,Liga Portugal Betclic,Liga Portugal 25/26,22.0,Away,Santa Clara,Santa Clara,Benfica,2ND,Match overview,Passes,167,196,196,167
14288997,2026-02-13,Liga Portugal Betclic,Liga Portugal 25/26,22.0,Away,Santa Clara,Santa Clara,Benfica,2ND,Match overview,Red cards,0,1,1,0
14288997,2026-02-13,Liga Portugal Betclic,Liga Portugal 25/26,22.0,Away,Santa Clara,Santa Clara,Benfica,2ND,Match overview,Tackles,10,20,20,10
14288997,2026-02-13,Liga Portugal Betclic,Liga Portugal 25/26,22.0,Away,Santa Clara,Santa Clara,Benfica,2ND,Match overview,Total shots,5,5,5,5
14288997,2026-02-13,Liga Portugal Betclic,Liga Portugal 25/26,22.0,Away,Santa Clara,Santa Clara,Benfica,2ND,Match overview,Yellow cards,2,5,5,2
14288997,2026-02-13,Liga Portugal Betclic,Liga Portugal 25/26,22.0,Away,Santa Clara,Santa Clara,Benfica,2ND,Passes,Accurate passes,118,154,154,118
14288997,2026-02-13,Liga Portugal Betclic,Liga Portugal 25/26,22.0,Away,Santa Clara,Santa Clara,Benfica,2ND,Passes,Crosses,1/10 (10%),1/8 (13%),1/8 (13%),1/10 (10%)
14288997,2026-02-13,Liga Portugal Betclic,Liga Portugal 25/26,22.0,Away,Santa Clara,Santa Clara,Benfica,2ND,Passes,Final third entries,24,30,30,24
14288997,2026-02-13,Liga Portugal Betclic,Liga Portugal 25/26,22.0,Away,Santa Clara,Santa Clara,Benfica,2ND,Passes,Long balls,5/23 (22%),19/36 (53%),19/36 (53%),5/23 (22%)
14288997,2026-02-13,Liga Portugal Betclic,Liga Portugal 25/26,22.0,Away,Santa Clara,Santa Clara,Benfica,2ND,Passes,Throw-ins,14,13,13,14
14288997,2026-02-13,Liga Portugal Betclic,Liga Portugal 25/26,22.0,Away,Santa Clara,Santa Clara,Benfica,2ND,Shots,Blocked shots,3,2,2,3
14288997,2026-02-13,Liga Portugal Betclic,Liga Portugal 25/26,22.0,Away,Santa Clara,Santa Clara,Benfica,2ND,Shots,Hit woodwork,0,0,0,0
14288997,2026-02-13,Liga Portugal Betclic,Liga Portugal 25/26,22.0,Away,Santa Clara,Santa Clara,Benfica,2ND,Shots,Shots inside box,2,1,1,2
14288997,2026-02-13,Liga Portugal Betclic,Liga Portugal 25/26,22.0,Away,Santa Clara,Santa Clara,Benfica,2ND,Shots,Shots off target,2,1,1,2
14288997,2026-02-13,Liga Portugal Betclic,Liga Portugal 25/26,22.0,Away,Santa Clara,Santa Clara,Benfica,2ND,Shots,Shots on target,0,2,2,0
14288997,2026-02-13,Liga Portugal Betclic,Liga Portugal 25/26,22.0,Away,Santa Clara,Santa Clara,Benfica,2ND,Shots,Shots outside box,3,4,4,3
14288997,2026-02-13,Liga Portugal Betclic,Liga Portugal 25/26,22.0,Away,Santa Clara,Santa Clara,Benfica,2ND,Shots,Total shots,5,5,5,5
14288997,2026-02-13,Liga Portugal Betclic,Liga Portugal 25/26,22.0,Away,Santa Clara,Santa Clara,Benfica,ALL,Attack,Big chances missed,2,0,0,2
14288997,2026-02-13,Liga Portugal Betclic,Liga Portugal 25/26,22.0,Away,Santa Clara,Santa Clara,Benfica,ALL,Attack,Big chances scored,1,0,0,1
14288997,2026-02-13,Liga Portugal Betclic,Liga Portugal 25/26,22.0,Away,Santa Clara,Santa Clara,Benfica,ALL,Attack,Fouled in final third,1,0,0,1
14288997,2026-02-13,Liga Portugal Betclic,Liga Portugal 25/26,22.0,Away,Santa Clara,Santa Clara,Benfica,ALL,Attack,Offsides,1,0,0,1
14288997,2026-02-13,Liga Portugal Betclic,Liga Portugal 25/26,22.0,Away,Santa Clara,Santa Clara,Benfica,ALL,Attack,Through balls,1,0,0,1
14288997,2026-02-13,Liga Portugal Betclic,Liga Portugal 25/26,22.0,Away,Santa Clara,Santa Clara,Benfica,ALL,Attack,Touches in penalty area,31,13,13,31
14288997,2026-02-13,Liga Portugal Betclic,Liga Portugal 25/26,22.0,Away,Santa Clara,Santa Clara,Benfica,ALL,Defending,Clearances,18,32,32,18
14288997,2026-02-13,Liga Portugal Betclic,Liga Portugal 25/26,22.0,Away,Santa Clara,Santa Clara,Benfica,ALL,Defending,Errors lead to a goal,1,0,0,1
14288997,2026-02-13,Liga Portugal Betclic,Liga Portugal 25/26,22.0,Away,Santa Clara,Santa Clara,Benfica,ALL,Defending,Interceptions,14,11,11,14
14288997,2026-02-13,Liga Portugal Betclic,Liga Portugal 25/26,22.0,Away,Santa Clara,Santa Clara,Benfica,ALL,Defending,Recoveries,49,43,43,49
14288997,2026-02-13,Liga Portugal Betclic,Liga Portugal 25/26,22.0,Away,Santa Clara,Santa Clara,Benfica,ALL,Defending,Tackles won,35%,54%,54%,35%
14288997,2026-02-13,Liga Portugal Betclic,Liga Portugal 25/26,22.0,Away,Santa Clara,Santa Clara,Benfica,ALL,Defending,Total tackles,20,28,28,20
14288997,2026-02-13,Liga Portugal Betclic,Liga Portugal 25/26,22.0,Away,Santa Clara,Santa Clara,Benfica,ALL,Duels,Aerial duels,19/36 (53%),17/36 (47%),17/36 (47%),19/36 (53%)
14288997,2026-02-13,Liga Portugal Betclic,Liga Portugal 25/26,22.0,Away,Santa Clara,Santa Clara,Benfica,ALL,Duels,Dispossessed,18,12,12,18
14288997,2026-02-13,Liga Portugal Betclic,Liga Portugal 25/26,22.0,Away,Santa Clara,Santa Clara,Benfica,ALL,Duels,Dribbles,6/16 (38%),9/17 (53%),9/17 (53%),6/16 (38%)
14288997,2026-02-13,Liga Portugal Betclic,Liga Portugal 25/26,22.0,Away,Santa Clara,Santa Clara,Benfica,ALL,Duels,Duels,53%,47%,47%,53%
14288997,2026-02-13,Liga Portugal Betclic,Liga Portugal 25/26,22.0,Away,Santa Clara,Santa Clara,Benfica,ALL,Duels,Ground duels,47/89 (53%),42/89 (47%),42/89 (47%),47/89 (53%)
14288997,2026-02-13,Liga Portugal Betclic,Liga Portugal 25/26,22.0,Away,Santa Clara,Santa Clara,Benfica,ALL,Goalkeeping,Big saves,0,1,1,0
14288997,2026-02-13,Liga Portugal Betclic,Liga Portugal 25/26,22.0,Away,Santa Clara,Santa Clara,Benfica,ALL,Goalkeeping,Goal kicks,2,9,9,2
14288997,2026-02-13,Liga Portugal Betclic,Liga Portugal 25/26,22.0,Away,Santa Clara,Santa Clara,Benfica,ALL,Goalkeeping,Goals prevented,-0.89,0.02,0.02,-0.89
14288997,2026-02-13,Liga Portugal Betclic,Liga Portugal 25/26,22.0,Away,Santa Clara,Santa Clara,Benfica,ALL,Goalkeeping,High claims,1,0,0,1
14288997,2026-02-13,Liga Portugal Betclic,Liga Portugal 25/26,22.0,Away,Santa Clara,Santa Clara,Benfica,ALL,Goalkeeping,Punches,0,1,1,0
14288997,2026-02-13,Liga Portugal Betclic,Liga Portugal 25/26,22.0,Away,Santa Clara,Santa Clara,Benfica,ALL,Goalkeeping,Total saves,1,2,2,1
14288997,2026-02-13,Liga Portugal Betclic,Liga Portugal 25/26,22.0,Away,Santa Clara,Santa Clara,Benfica,ALL,Match overview,Ball possession,47%,53%,53%,47%
14288997,2026-02-13,Liga Portugal Betclic,Liga Portugal 25/26,22.0,Away,Santa Clara,Santa Clara,Benfica,ALL,Match overview,Big chances,3,0,0,3
14288997,2026-02-13,Liga Portugal Betclic,Liga Portugal 25/26,22.0,Away,Santa Clara,Santa Clara,Benfica,ALL,Match overview,Corner kicks,7,1,1,7
14288997,2026-02-13,Liga Portugal Betclic,Liga Portugal 25/26,22.0,Away,Santa Clara,Santa Clara,Benfica,ALL,Match overview,Distance covered,109.8 km,99.6 km,99.6 km,109.8 km
14288997,2026-02-13,Liga Portugal Betclic,Liga Portugal 25/26,22.0,Away,Santa Clara,Santa Clara,Benfica,ALL,Match overview,Expected goals,1.19,0.28,0.28,1.19
14288997,2026-02-13,Liga Portugal Betclic,Liga Portugal 25/26,22.0,Away,Santa Clara,Santa Clara,Benfica,ALL,Match overview,Fouls,5,23,23,5
14288997,2026-02-13,Liga Portugal Betclic,Liga Portugal 25/26,22.0,Away,Santa Clara,Santa Clara,Benfica,ALL,Match overview,Free kicks,23,5,5,23
14288997,2026-02-13,Liga Portugal Betclic,Liga Portugal 25/26,22.0,Away,Santa Clara,Santa Clara,Benfica,ALL,Match overview,Goalkeeper saves,1,2,2,1
14288997,2026-02-13,Liga Portugal Betclic,Liga Portugal 25/26,22.0,Away,Santa Clara,Santa Clara,Benfica,ALL,Match overview,Number of sprints,140,145,145,140
14288997,2026-02-13,Liga Portugal Betclic,Liga Portugal 25/26,22.0,Away,Santa Clara,Santa Clara,Benfica,ALL,Match overview,Passes,385,440,440,385
14288997,2026-02-13,Liga Portugal Betclic,Liga Portugal 25/26,22.0,Away,Santa Clara,Santa Clara,Benfica,ALL,Match overview,Red cards,0,1,1,0
14288997,2026-02-13,Liga Portugal Betclic,Liga Portugal 25/26,22.0,Away,Santa Clara,Santa Clara,Benfica,ALL,Match overview,Tackles,20,28,28,20
14288997,2026-02-13,Liga Portugal Betclic,Liga Portugal 25/26,22.0,Away,Santa Clara,Santa Clara,Benfica,ALL,Match overview,Total shots,10,9,9,10
14288997,2026-02-13,Liga Portugal Betclic,Liga Portugal 25/26,22.0,Away,Santa Clara,Santa Clara,Benfica,ALL,Match overview,Yellow cards,2,6,6,2
14288997,2026-02-13,Liga Portugal Betclic,Liga Portugal 25/26,22.0,Away,Santa Clara,Santa Clara,Benfica,ALL,Passes,Accurate passes,298,350,350,298
14288997,2026-02-13,Liga Portugal Betclic,Liga Portugal 25/26,22.0,Away,Santa Clara,Santa Clara,Benfica,ALL,Passes,Crosses,3/16 (19%),1/12 (8%),1/12 (8%),3/16 (19%)
14288997,2026-02-13,Liga Portugal Betclic,Liga Portugal 25/26,22.0,Away,Santa Clara,Santa Clara,Benfica,ALL,Passes,Final third entries,43,62,62,43
14288997,2026-02-13,Liga Portugal Betclic,Liga Portugal 25/26,22.0,Away,Santa Clara,Santa Clara,Benfica,ALL,Passes,Final third phase,80/112 (71%),66/105 (63%),66/105 (63%),80/112 (71%)
14288997,2026-02-13,Liga Portugal Betclic,Liga Portugal 25/26,22.0,Away,Santa Clara,Santa Clara,Benfica,ALL,Passes,Long balls,16/44 (36%),32/64 (50%),32/64 (50%),16/44 (36%)
14288997,2026-02-13,Liga Portugal Betclic,Liga Portugal 25/26,22.0,Away,Santa Clara,Santa Clara,Benfica,ALL,Passes,Throw-ins,27,25,25,27
14288997,2026-02-13,Liga Portugal Betclic,Liga Portugal 25/26,22.0,Away,Santa Clara,Santa Clara,Benfica,ALL,Shots,Blocked shots,3,6,6,3
14288997,2026-02-13,Liga Portugal Betclic,Liga Portugal 25/26,22.0,Away,Santa Clara,Santa Clara,Benfica,ALL,Shots,Hit woodwork,0,0,0,0
14288997,2026-02-13,Liga Portugal Betclic,Liga Portugal 25/26,22.0,Away,Santa Clara,Santa Clara,Benfica,ALL,Shots,Shots inside box,7,2,2,7
14288997,2026-02-13,Liga Portugal Betclic,Liga Portugal 25/26,22.0,Away,Santa Clara,Santa Clara,Benfica,ALL,Shots,Shots off target,4,1,1,4
14288997,2026-02-13,Liga Portugal Betclic,Liga Portugal 25/26,22.0,Away,Santa Clara,Santa Clara,Benfica,ALL,Shots,Shots on target,3,2,2,3
14288997,2026-02-13,Liga Portugal Betclic,Liga Portugal 25/26,22.0,Away,Santa Clara,Santa Clara,Benfica,ALL,Shots,Shots outside box,3,7,7,3
14288997,2026-02-13,Liga Portugal Betclic,Liga Portugal 25/26,22.0,Away,Santa Clara,Santa Clara,Benfica,ALL,Shots,Total shots,10,9,9,10
15452742,2026-02-17,"UEFA Champions League, Knockout stage",UEFA Champions League 25/26,636.0,Home,Real Madrid,Benfica,Real Madrid,1ST,Attack,Big chances missed,0,4,0,4
15452742,2026-02-17,"UEFA Champions League, Knockout stage",UEFA Champions League 25/26,636.0,Home,Real Madrid,Benfica,Real Madrid,1ST,Attack,Fouled in final third,1,0,1,0
15452742,2026-02-17,"UEFA Champions League, Knockout stage",UEFA Champions League 25/26,636.0,Home,Real Madrid,Benfica,Real Madrid,1ST,Attack,Offsides,0,1,0,1
15452742,2026-02-17,"UEFA Champions League, Knockout stage",UEFA Champions League 25/26,636.0,Home,Real Madrid,Benfica,Real Madrid,1ST,Defending,Clearances,16,16,16,16
15452742,2026-02-17,"UEFA Champions League, Knockout stage",UEFA Champions League 25/26,636.0,Home,Real Madrid,Benfica,Real Madrid,1ST,Defending,Interceptions,4,4,4,4
15452742,2026-02-17,"UEFA Champions League, Knockout stage",UEFA Champions League 25/26,636.0,Home,Real Madrid,Benfica,Real Madrid,1ST,Defending,Recoveries,25,31,25,31
15452742,2026-02-17,"UEFA Champions League, Knockout stage",UEFA Champions League 25/26,636.0,Home,Real Madrid,Benfica,Real Madrid,1ST,Defending,Tackles won,63%,58%,63%,58%
15452742,2026-02-17,"UEFA Champions League, Knockout stage",UEFA Champions League 25/26,636.0,Home,Real Madrid,Benfica,Real Madrid,1ST,Defending,Total tackles,8,12,8,12
15452742,2026-02-17,"UEFA Champions League, Knockout stage",UEFA Champions League 25/26,636.0,Home,Real Madrid,Benfica,Real Madrid,1ST,Duels,Aerial duels,5/14 (36%),9/14 (64%),5/14 (36%),9/14 (64%)
15452742,2026-02-17,"UEFA Champions League, Knockout stage",UEFA Champions League 25/26,636.0,Home,Real Madrid,Benfica,Real Madrid,1ST,Duels,Dispossessed,7,4,7,4
15452742,2026-02-17,"UEFA Champions League, Knockout stage",UEFA Champions League 25/26,636.0,Home,Real Madrid,Benfica,Real Madrid,1ST,Duels,Dribbles,4/9 (44%),1/5 (20%),4/9 (44%),1/5 (20%)
15452742,2026-02-17,"UEFA Champions League, Knockout stage",UEFA Champions League 25/26,636.0,Home,Real Madrid,Benfica,Real Madrid,1ST,Duels,Duels,48%,52%,48%,52%
15452742,2026-02-17,"UEFA Champions League, Knockout stage",UEFA Champions League 25/26,636.0,Home,Real Madrid,Benfica,Real Madrid,1ST,Duels,Ground duels,16/30 (53%),14/30 (47%),16/30 (53%),14/30 (47%)
15452742,2026-02-17,"UEFA Champions League, Knockout stage",UEFA Champions League 25/26,636.0,Home,Real Madrid,Benfica,Real Madrid,1ST,Goalkeeping,Goal kicks,6,2,6,2
15452742,2026-02-17,"UEFA Champions League, Knockout stage",UEFA Champions League 25/26,636.0,Home,Real Madrid,Benfica,Real Madrid,1ST,Goalkeeping,Total saves,4,3,4,3
15452742,2026-02-17,"UEFA Champions League, Knockout stage",UEFA Champions League 25/26,636.0,Home,Real Madrid,Benfica,Real Madrid,1ST,Match overview,Ball possession,42%,58%,42%,58%
15452742,2026-02-17,"UEFA Champions League, Knockout stage",UEFA Champions League 25/26,636.0,Home,Real Madrid,Benfica,Real Madrid,1ST,Match overview,Big chances,0,4,0,4
15452742,2026-02-17,"UEFA Champions League, Knockout stage",UEFA Champions League 25/26,636.0,Home,Real Madrid,Benfica,Real Madrid,1ST,Match overview,Corner kicks,1,3,1,3
15452742,2026-02-17,"UEFA Champions League, Knockout stage",UEFA Champions League 25/26,636.0,Home,Real Madrid,Benfica,Real Madrid,1ST,Match overview,Expected goals,0.18,0.70,0.18,0.70
15452742,2026-02-17,"UEFA Champions League, Knockout stage",UEFA Champions League 25/26,636.0,Home,Real Madrid,Benfica,Real Madrid,1ST,Match overview,Fouls,1,5,1,5
15452742,2026-02-17,"UEFA Champions League, Knockout stage",UEFA Champions League 25/26,636.0,Home,Real Madrid,Benfica,Real Madrid,1ST,Match overview,Free kicks,5,1,5,1
15452742,2026-02-17,"UEFA Champions League, Knockout stage",UEFA Champions League 25/26,636.0,Home,Real Madrid,Benfica,Real Madrid,1ST,Match overview,Goalkeeper saves,4,3,4,3
15452742,2026-02-17,"UEFA Champions League, Knockout stage",UEFA Champions League 25/26,636.0,Home,Real Madrid,Benfica,Real Madrid,1ST,Match overview,Number of sprints,0,0,0,0
15452742,2026-02-17,"UEFA Champions League, Knockout stage",UEFA Champions League 25/26,636.0,Home,Real Madrid,Benfica,Real Madrid,1ST,Match overview,Passes,245,338,245,338
15452742,2026-02-17,"UEFA Champions League, Knockout stage",UEFA Champions League 25/26,636.0,Home,Real Madrid,Benfica,Real Madrid,1ST,Match overview,Tackles,8,12,8,12
15452742,2026-02-17,"UEFA Champions League, Knockout stage",UEFA Champions League 25/26,636.0,Home,Real Madrid,Benfica,Real Madrid,1ST,Match overview,Total shots,6,10,6,10
15452742,2026-02-17,"UEFA Champions League, Knockout stage",UEFA Champions League 25/26,636.0,Home,Real Madrid,Benfica,Real Madrid,1ST,Match overview,Yellow cards,0,0,0,0
15452742,2026-02-17,"UEFA Champions League, Knockout stage",UEFA Champions League 25/26,636.0,Home,Real Madrid,Benfica,Real Madrid,1ST,Passes,Accurate passes,199,299,199,299
15452742,2026-02-17,"UEFA Champions League, Knockout stage",UEFA Champions League 25/26,636.0,Home,Real Madrid,Benfica,Real Madrid,1ST,Passes,Crosses,2/7 (29%),3/11 (27%),2/7 (29%),3/11 (27%)
15452742,2026-02-17,"UEFA Champions League, Knockout stage",UEFA Champions League 25/26,636.0,Home,Real Madrid,Benfica,Real Madrid,1ST,Passes,Final third entries,24,42,24,42
15452742,2026-02-17,"UEFA Champions League, Knockout stage",UEFA Champions League 25/26,636.0,Home,Real Madrid,Benfica,Real Madrid,1ST,Passes,Long balls,7/19 (37%),11/23 (48%),7/19 (37%),11/23 (48%)
15452742,2026-02-17,"UEFA Champions League, Knockout stage",UEFA Champions League 25/26,636.0,Home,Real Madrid,Benfica,Real Madrid,1ST,Passes,Throw-ins,9,9,9,9
15452742,2026-02-17,"UEFA Champions League, Knockout stage",UEFA Champions League 25/26,636.0,Home,Real Madrid,Benfica,Real Madrid,1ST,Shots,Blocked shots,1,3,1,3
15452742,2026-02-17,"UEFA Champions League, Knockout stage",UEFA Champions League 25/26,636.0,Home,Real Madrid,Benfica,Real Madrid,1ST,Shots,Hit woodwork,0,0,0,0
15452742,2026-02-17,"UEFA Champions League, Knockout stage",UEFA Champions League 25/26,636.0,Home,Real Madrid,Benfica,Real Madrid,1ST,Shots,Shots inside box,3,8,3,8
15452742,2026-02-17,"UEFA Champions League, Knockout stage",UEFA Champions League 25/26,636.0,Home,Real Madrid,Benfica,Real Madrid,1ST,Shots,Shots off target,2,3,2,3
15452742,2026-02-17,"UEFA Champions League, Knockout stage",UEFA Champions League 25/26,636.0,Home,Real Madrid,Benfica,Real Madrid,1ST,Shots,Shots on target,3,4,3,4
15452742,2026-02-17,"UEFA Champions League, Knockout stage",UEFA Champions League 25/26,636.0,Home,Real Madrid,Benfica,Real Madrid,1ST,Shots,Shots outside box,3,2,3,2
15452742,2026-02-17,"UEFA Champions League, Knockout stage",UEFA Champions League 25/26,636.0,Home,Real Madrid,Benfica,Real Madrid,1ST,Shots,Total shots,6,10,6,10
15452742,2026-02-17,"UEFA Champions League, Knockout stage",UEFA Champions League 25/26,636.0,Home,Real Madrid,Benfica,Real Madrid,2ND,Attack,Big chances missed,0,0,0,0
15452742,2026-02-17,"UEFA Champions League, Knockout stage",UEFA Champions League 25/26,636.0,Home,Real Madrid,Benfica,Real Madrid,2ND,Attack,Fouled in final third,1,1,1,1
15452742,2026-02-17,"UEFA Champions League, Knockout stage",UEFA Champions League 25/26,636.0,Home,Real Madrid,Benfica,Real Madrid,2ND,Attack,Offsides,1,0,1,0
15452742,2026-02-17,"UEFA Champions League, Knockout stage",UEFA Champions League 25/26,636.0,Home,Real Madrid,Benfica,Real Madrid,2ND,Defending,Clearances,9,13,9,13
15452742,2026-02-17,"UEFA Champions League, Knockout stage",UEFA Champions League 25/26,636.0,Home,Real Madrid,Benfica,Real Madrid,2ND,Defending,Interceptions,3,9,3,9
15452742,2026-02-17,"UEFA Champions League, Knockout stage",UEFA Champions League 25/26,636.0,Home,Real Madrid,Benfica,Real Madrid,2ND,Defending,Recoveries,25,20,25,20
15452742,2026-02-17,"UEFA Champions League, Knockout stage",UEFA Champions League 25/26,636.0,Home,Real Madrid,Benfica,Real Madrid,2ND,Defending,Tackles won,54%,57%,54%,57%
15452742,2026-02-17,"UEFA Champions League, Knockout stage",UEFA Champions League 25/26,636.0,Home,Real Madrid,Benfica,Real Madrid,2ND,Defending,Total tackles,13,7,13,7
15452742,2026-02-17,"UEFA Champions League, Knockout stage",UEFA Champions League 25/26,636.0,Home,Real Madrid,Benfica,Real Madrid,2ND,Duels,Aerial duels,2/7 (29%),5/7 (71%),2/7 (29%),5/7 (71%)
15452742,2026-02-17,"UEFA Champions League, Knockout stage",UEFA Champions League 25/26,636.0,Home,Real Madrid,Benfica,Real Madrid,2ND,Duels,Dispossessed,6,5,6,5
15452742,2026-02-17,"UEFA Champions League, Knockout stage",UEFA Champions League 25/26,636.0,Home,Real Madrid,Benfica,Real Madrid,2ND,Duels,Dribbles,3/4 (75%),3/11 (27%),3/4 (75%),3/11 (27%)
15452742,2026-02-17,"UEFA Champions League, Knockout stage",UEFA Champions League 25/26,636.0,Home,Real Madrid,Benfica,Real Madrid,2ND,Duels,Duels,53%,47%,53%,47%
15452742,2026-02-17,"UEFA Champions League, Knockout stage",UEFA Champions League 25/26,636.0,Home,Real Madrid,Benfica,Real Madrid,2ND,Duels,Ground duels,19/33 (58%),14/33 (42%),19/33 (58%),14/33 (42%)
15452742,2026-02-17,"UEFA Champions League, Knockout stage",UEFA Champions League 25/26,636.0,Home,Real Madrid,Benfica,Real Madrid,2ND,Goalkeeping,Goal kicks,3,3,3,3
15452742,2026-02-17,"UEFA Champions League, Knockout stage",UEFA Champions League 25/26,636.0,Home,Real Madrid,Benfica,Real Madrid,2ND,Goalkeeping,Total saves,2,0,2,0
15452742,2026-02-17,"UEFA Champions League, Knockout stage",UEFA Champions League 25/26,636.0,Home,Real Madrid,Benfica,Real Madrid,2ND,Match overview,Ball possession,41%,59%,41%,59%
15452742,2026-02-17,"UEFA Champions League, Knockout stage",UEFA Champions League 25/26,636.0,Home,Real Madrid,Benfica,Real Madrid,2ND,Match overview,Big chances,0,0,0,0
15452742,2026-02-17,"UEFA Champions League, Knockout stage",UEFA Champions League 25/26,636.0,Home,Real Madrid,Benfica,Real Madrid,2ND,Match overview,Corner kicks,2,3,2,3
15452742,2026-02-17,"UEFA Champions League, Knockout stage",UEFA Champions League 25/26,636.0,Home,Real Madrid,Benfica,Real Madrid,2ND,Match overview,Expected goals,0.29,0.19,0.29,0.19
15452742,2026-02-17,"UEFA Champions League, Knockout stage",UEFA Champions League 25/26,636.0,Home,Real Madrid,Benfica,Real Madrid,2ND,Match overview,Fouls,5,4,5,4
15452742,2026-02-17,"UEFA Champions League, Knockout stage",UEFA Champions League 25/26,636.0,Home,Real Madrid,Benfica,Real Madrid,2ND,Match overview,Free kicks,4,5,4,5
15452742,2026-02-17,"UEFA Champions League, Knockout stage",UEFA Champions League 25/26,636.0,Home,Real Madrid,Benfica,Real Madrid,2ND,Match overview,Goalkeeper saves,2,0,2,0
15452742,2026-02-17,"UEFA Champions League, Knockout stage",UEFA Champions League 25/26,636.0,Home,Real Madrid,Benfica,Real Madrid,2ND,Match overview,Number of sprints,0,0,0,0
15452742,2026-02-17,"UEFA Champions League, Knockout stage",UEFA Champions League 25/26,636.0,Home,Real Madrid,Benfica,Real Madrid,2ND,Match overview,Passes,199,286,199,286
15452742,2026-02-17,"UEFA Champions League, Knockout stage",UEFA Champions League 25/26,636.0,Home,Real Madrid,Benfica,Real Madrid,2ND,Match overview,Tackles,13,7,13,7
15452742,2026-02-17,"UEFA Champions League, Knockout stage",UEFA Champions League 25/26,636.0,Home,Real Madrid,Benfica,Real Madrid,2ND,Match overview,Total shots,4,6,4,6
15452742,2026-02-17,"UEFA Champions League, Knockout stage",UEFA Champions League 25/26,636.0,Home,Real Madrid,Benfica,Real Madrid,2ND,Match overview,Yellow cards,2,2,2,2
15452742,2026-02-17,"UEFA Champions League, Knockout stage",UEFA Champions League 25/26,636.0,Home,Real Madrid,Benfica,Real Madrid,2ND,Passes,Accurate passes,156,250,156,250
15452742,2026-02-17,"UEFA Champions League, Knockout stage",UEFA Champions League 25/26,636.0,Home,Real Madrid,Benfica,Real Madrid,2ND,Passes,Crosses,1/5 (20%),1/3 (33%),1/5 (20%),1/3 (33%)
15452742,2026-02-17,"UEFA Champions League, Knockout stage",UEFA Champions League 25/26,636.0,Home,Real Madrid,Benfica,Real Madrid,2ND,Passes,Final third entries,19,36,19,36
15452742,2026-02-17,"UEFA Champions League, Knockout stage",UEFA Champions League 25/26,636.0,Home,Real Madrid,Benfica,Real Madrid,2ND,Passes,Long balls,4/20 (20%),17/32 (53%),4/20 (20%),17/32 (53%)
15452742,2026-02-17,"UEFA Champions League, Knockout stage",UEFA Champions League 25/26,636.0,Home,Real Madrid,Benfica,Real Madrid,2ND,Passes,Throw-ins,10,4,10,4
15452742,2026-02-17,"UEFA Champions League, Knockout stage",UEFA Champions League 25/26,636.0,Home,Real Madrid,Benfica,Real Madrid,2ND,Shots,Blocked shots,2,2,2,2
15452742,2026-02-17,"UEFA Champions League, Knockout stage",UEFA Champions League 25/26,636.0,Home,Real Madrid,Benfica,Real Madrid,2ND,Shots,Hit woodwork,0,0,0,0
15452742,2026-02-17,"UEFA Champions League, Knockout stage",UEFA Champions League 25/26,636.0,Home,Real Madrid,Benfica,Real Madrid,2ND,Shots,Shots inside box,1,3,1,3
15452742,2026-02-17,"UEFA Champions League, Knockout stage",UEFA Champions League 25/26,636.0,Home,Real Madrid,Benfica,Real Madrid,2ND,Shots,Shots off target,2,1,2,1
15452742,2026-02-17,"UEFA Champions League, Knockout stage",UEFA Champions League 25/26,636.0,Home,Real Madrid,Benfica,Real Madrid,2ND,Shots,Shots on target,0,3,0,3
15452742,2026-02-17,"UEFA Champions League, Knockout stage",UEFA Champions League 25/26,636.0,Home,Real Madrid,Benfica,Real Madrid,2ND,Shots,Shots outside box,3,3,3,3
15452742,2026-02-17,"UEFA Champions League, Knockout stage",UEFA Champions League 25/26,636.0,Home,Real Madrid,Benfica,Real Madrid,2ND,Shots,Total shots,4,6,4,6
15452742,2026-02-17,"UEFA Champions League, Knockout stage",UEFA Champions League 25/26,636.0,Home,Real Madrid,Benfica,Real Madrid,ALL,Attack,Big chances missed,0,4,0,4
15452742,2026-02-17,"UEFA Champions League, Knockout stage",UEFA Champions League 25/26,636.0,Home,Real Madrid,Benfica,Real Madrid,ALL,Attack,Fouled in final third,2,1,2,1
15452742,2026-02-17,"UEFA Champions League, Knockout stage",UEFA Champions League 25/26,636.0,Home,Real Madrid,Benfica,Real Madrid,ALL,Attack,Offsides,1,1,1,1
15452742,2026-02-17,"UEFA Champions League, Knockout stage",UEFA Champions League 25/26,636.0,Home,Real Madrid,Benfica,Real Madrid,ALL,Attack,Touches in penalty area,23,26,23,26
15452742,2026-02-17,"UEFA Champions League, Knockout stage",UEFA Champions League 25/26,636.0,Home,Real Madrid,Benfica,Real Madrid,ALL,Defending,Clearances,25,29,25,29
15452742,2026-02-17,"UEFA Champions League, Knockout stage",UEFA Champions League 25/26,636.0,Home,Real Madrid,Benfica,Real Madrid,ALL,Defending,Interceptions,7,13,7,13
15452742,2026-02-17,"UEFA Champions League, Knockout stage",UEFA Champions League 25/26,636.0,Home,Real Madrid,Benfica,Real Madrid,ALL,Defending,Recoveries,50,51,50,51
15452742,2026-02-17,"UEFA Champions League, Knockout stage",UEFA Champions League 25/26,636.0,Home,Real Madrid,Benfica,Real Madrid,ALL,Defending,Tackles won,57%,58%,57%,58%
15452742,2026-02-17,"UEFA Champions League, Knockout stage",UEFA Champions League 25/26,636.0,Home,Real Madrid,Benfica,Real Madrid,ALL,Defending,Total tackles,21,19,21,19
15452742,2026-02-17,"UEFA Champions League, Knockout stage",UEFA Champions League 25/26,636.0,Home,Real Madrid,Benfica,Real Madrid,ALL,Duels,Aerial duels,7/21 (33%),14/21 (67%),7/21 (33%),14/21 (67%)
15452742,2026-02-17,"UEFA Champions League, Knockout stage",UEFA Champions League 25/26,636.0,Home,Real Madrid,Benfica,Real Madrid,ALL,Duels,Dispossessed,13,9,13,9
15452742,2026-02-17,"UEFA Champions League, Knockout stage",UEFA Champions League 25/26,636.0,Home,Real Madrid,Benfica,Real Madrid,ALL,Duels,Dribbles,7/13 (54%),4/16 (25%),7/13 (54%),4/16 (25%)
15452742,2026-02-17,"UEFA Champions League, Knockout stage",UEFA Champions League 25/26,636.0,Home,Real Madrid,Benfica,Real Madrid,ALL,Duels,Duels,50%,50%,50%,50%
15452742,2026-02-17,"UEFA Champions League, Knockout stage",UEFA Champions League 25/26,636.0,Home,Real Madrid,Benfica,Real Madrid,ALL,Duels,Ground duels,35/63 (56%),28/63 (44%),35/63 (56%),28/63 (44%)
15452742,2026-02-17,"UEFA Champions League, Knockout stage",UEFA Champions League 25/26,636.0,Home,Real Madrid,Benfica,Real Madrid,ALL,Goalkeeping,Big saves,2,1,2,1
15452742,2026-02-17,"UEFA Champions League, Knockout stage",UEFA Champions League 25/26,636.0,Home,Real Madrid,Benfica,Real Madrid,ALL,Goalkeeping,Goal kicks,9,5,9,5
15452742,2026-02-17,"UEFA Champions League, Knockout stage",UEFA Champions League 25/26,636.0,Home,Real Madrid,Benfica,Real Madrid,ALL,Goalkeeping,Goals prevented,1.03,0.17,1.03,0.17
15452742,2026-02-17,"UEFA Champions League, Knockout stage",UEFA Champions League 25/26,636.0,Home,Real Madrid,Benfica,Real Madrid,ALL,Goalkeeping,High claims,1,0,1,0
15452742,2026-02-17,"UEFA Champions League, Knockout stage",UEFA Champions League 25/26,636.0,Home,Real Madrid,Benfica,Real Madrid,ALL,Goalkeeping,Punches,2,0,2,0
15452742,2026-02-17,"UEFA Champions League, Knockout stage",UEFA Champions League 25/26,636.0,Home,Real Madrid,Benfica,Real Madrid,ALL,Goalkeeping,Total saves,6,3,6,3
15452742,2026-02-17,"UEFA Champions League, Knockout stage",UEFA Champions League 25/26,636.0,Home,Real Madrid,Benfica,Real Madrid,ALL,Match overview,Ball possession,42%,58%,42%,58%
15452742,2026-02-17,"UEFA Champions League, Knockout stage",UEFA Champions League 25/26,636.0,Home,Real Madrid,Benfica,Real Madrid,ALL,Match overview,Big chances,0,4,0,4
15452742,2026-02-17,"UEFA Champions League, Knockout stage",UEFA Champions League 25/26,636.0,Home,Real Madrid,Benfica,Real Madrid,ALL,Match overview,Corner kicks,3,6,3,6
15452742,2026-02-17,"UEFA Champions League, Knockout stage",UEFA Champions League 25/26,636.0,Home,Real Madrid,Benfica,Real Madrid,ALL,Match overview,Distance covered,123.5 km,114.7 km,123.5 km,114.7 km
15452742,2026-02-17,"UEFA Champions League, Knockout stage",UEFA Champions League 25/26,636.0,Home,Real Madrid,Benfica,Real Madrid,ALL,Match overview,Expected goals,0.47,0.89,0.47,0.89
15452742,2026-02-17,"UEFA Champions League, Knockout stage",UEFA Champions League 25/26,636.0,Home,Real Madrid,Benfica,Real Madrid,ALL,Match overview,Fouls,6,9,6,9
15452742,2026-02-17,"UEFA Champions League, Knockout stage",UEFA Champions League 25/26,636.0,Home,Real Madrid,Benfica,Real Madrid,ALL,Match overview,Free kicks,9,6,9,6
15452742,2026-02-17,"UEFA Champions League, Knockout stage",UEFA Champions League 25/26,636.0,Home,Real Madrid,Benfica,Real Madrid,ALL,Match overview,Goalkeeper saves,6,3,6,3
15452742,2026-02-17,"UEFA Champions League, Knockout stage",UEFA Champions League 25/26,636.0,Home,Real Madrid,Benfica,Real Madrid,ALL,Match overview,Number of sprints,93,98,93,98
15452742,2026-02-17,"UEFA Champions League, Knockout stage",UEFA Champions League 25/26,636.0,Home,Real Madrid,Benfica,Real Madrid,ALL,Match overview,Passes,444,624,444,624
15452742,2026-02-17,"UEFA Champions League, Knockout stage",UEFA Champions League 25/26,636.0,Home,Real Madrid,Benfica,Real Madrid,ALL,Match overview,Tackles,21,19,21,19
15452742,2026-02-17,"UEFA Champions League, Knockout stage",UEFA Champions League 25/26,636.0,Home,Real Madrid,Benfica,Real Madrid,ALL,Match overview,Total shots,10,16,10,16
15452742,2026-02-17,"UEFA Champions League, Knockout stage",UEFA Champions League 25/26,636.0,Home,Real Madrid,Benfica,Real Madrid,ALL,Match overview,Yellow cards,2,2,2,2
15452742,2026-02-17,"UEFA Champions League, Knockout stage",UEFA Champions League 25/26,636.0,Home,Real Madrid,Benfica,Real Madrid,ALL,Passes,Accurate passes,355,549,355,549
15452742,2026-02-17,"UEFA Champions League, Knockout stage",UEFA Champions League 25/26,636.0,Home,Real Madrid,Benfica,Real Madrid,ALL,Passes,Crosses,3/12 (25%),4/14 (29%),3/12 (25%),4/14 (29%)
15452742,2026-02-17,"UEFA Champions League, Knockout stage",UEFA Champions League 25/26,636.0,Home,Real Madrid,Benfica,Real Madrid,ALL,Passes,Final third entries,43,78,43,78
15452742,2026-02-17,"UEFA Champions League, Knockout stage",UEFA Champions League 25/26,636.0,Home,Real Madrid,Benfica,Real Madrid,ALL,Passes,Final third phase,125/158 (79%),139/182 (76%),125/158 (79%),139/182 (76%)
15452742,2026-02-17,"UEFA Champions League, Knockout stage",UEFA Champions League 25/26,636.0,Home,Real Madrid,Benfica,Real Madrid,ALL,Passes,Long balls,11/39 (28%),28/55 (51%),11/39 (28%),28/55 (51%)
15452742,2026-02-17,"UEFA Champions League, Knockout stage",UEFA Champions League 25/26,636.0,Home,Real Madrid,Benfica,Real Madrid,ALL,Passes,Throw-ins,19,13,19,13
15452742,2026-02-17,"UEFA Champions League, Knockout stage",UEFA Champions League 25/26,636.0,Home,Real Madrid,Benfica,Real Madrid,ALL,Shots,Blocked shots,3,5,3,5
15452742,2026-02-17,"UEFA Champions League, Knockout stage",UEFA Champions League 25/26,636.0,Home,Real Madrid,Benfica,Real Madrid,ALL,Shots,Hit woodwork,0,0,0,0
15452742,2026-02-17,"UEFA Champions League, Knockout stage",UEFA Champions League 25/26,636.0,Home,Real Madrid,Benfica,Real Madrid,ALL,Shots,Shots inside box,4,11,4,11
15452742,2026-02-17,"UEFA Champions League, Knockout stage",UEFA Champions League 25/26,636.0,Home,Real Madrid,Benfica,Real Madrid,ALL,Shots,Shots off target,4,4,4,4
15452742,2026-02-17,"UEFA Champions League, Knockout stage",UEFA Champions League 25/26,636.0,Home,Real Madrid,Benfica,Real Madrid,ALL,Shots,Shots on target,3,7,3,7
15452742,2026-02-17,"UEFA Champions League, Knockout stage",UEFA Champions League 25/26,636.0,Home,Real Madrid,Benfica,Real Madrid,ALL,Shots,Shots outside box,6,5,6,5
15452742,2026-02-17,"UEFA Champions League, Knockout stage",UEFA Champions League 25/26,636.0,Home,Real Madrid,Benfica,Real Madrid,ALL,Shots,Total shots,10,16,10,16
14289000,2026-02-21,Liga Portugal Betclic,Liga Portugal 25/26,23.0,Home,AVS - Futebol SAD,Benfica,AVS - Futebol SAD,1ST,Attack,Big chances missed,3,0,3,0
14289000,2026-02-21,Liga Portugal Betclic,Liga Portugal 25/26,23.0,Home,AVS - Futebol SAD,Benfica,AVS - Futebol SAD,1ST,Attack,Big chances scored,1,0,1,0
14289000,2026-02-21,Liga Portugal Betclic,Liga Portugal 25/26,23.0,Home,AVS - Futebol SAD,Benfica,AVS - Futebol SAD,1ST,Attack,Fouled in final third,2,0,2,0
14289000,2026-02-21,Liga Portugal Betclic,Liga Portugal 25/26,23.0,Home,AVS - Futebol SAD,Benfica,AVS - Futebol SAD,1ST,Attack,Offsides,1,0,1,0
14289000,2026-02-21,Liga Portugal Betclic,Liga Portugal 25/26,23.0,Home,AVS - Futebol SAD,Benfica,AVS - Futebol SAD,1ST,Attack,Through balls,2,0,2,0
14289000,2026-02-21,Liga Portugal Betclic,Liga Portugal 25/26,23.0,Home,AVS - Futebol SAD,Benfica,AVS - Futebol SAD,1ST,Defending,Clearances,12,14,12,14
14289000,2026-02-21,Liga Portugal Betclic,Liga Portugal 25/26,23.0,Home,AVS - Futebol SAD,Benfica,AVS - Futebol SAD,1ST,Defending,Interceptions,2,6,2,6
14289000,2026-02-21,Liga Portugal Betclic,Liga Portugal 25/26,23.0,Home,AVS - Futebol SAD,Benfica,AVS - Futebol SAD,1ST,Defending,Recoveries,24,18,24,18
14289000,2026-02-21,Liga Portugal Betclic,Liga Portugal 25/26,23.0,Home,AVS - Futebol SAD,Benfica,AVS - Futebol SAD,1ST,Defending,Tackles won,67%,50%,67%,50%
14289000,2026-02-21,Liga Portugal Betclic,Liga Portugal 25/26,23.0,Home,AVS - Futebol SAD,Benfica,AVS - Futebol SAD,1ST,Defending,Total tackles,6,8,6,8
14289000,2026-02-21,Liga Portugal Betclic,Liga Portugal 25/26,23.0,Home,AVS - Futebol SAD,Benfica,AVS - Futebol SAD,1ST,Duels,Aerial duels,9/15 (60%),6/15 (40%),9/15 (60%),6/15 (40%)
14289000,2026-02-21,Liga Portugal Betclic,Liga Portugal 25/26,23.0,Home,AVS - Futebol SAD,Benfica,AVS - Futebol SAD,1ST,Duels,Dispossessed,2,3,2,3
14289000,2026-02-21,Liga Portugal Betclic,Liga Portugal 25/26,23.0,Home,AVS - Futebol SAD,Benfica,AVS - Futebol SAD,1ST,Duels,Dribbles,5/11 (45%),5/8 (63%),5/11 (45%),5/8 (63%)
14289000,2026-02-21,Liga Portugal Betclic,Liga Portugal 25/26,23.0,Home,AVS - Futebol SAD,Benfica,AVS - Futebol SAD,1ST,Duels,Duels,57%,43%,57%,43%
14289000,2026-02-21,Liga Portugal Betclic,Liga Portugal 25/26,23.0,Home,AVS - Futebol SAD,Benfica,AVS - Futebol SAD,1ST,Duels,Ground duels,19/34 (56%),15/34 (44%),19/34 (56%),15/34 (44%)
14289000,2026-02-21,Liga Portugal Betclic,Liga Portugal 25/26,23.0,Home,AVS - Futebol SAD,Benfica,AVS - Futebol SAD,1ST,Goalkeeping,Goal kicks,2,7,2,7
14289000,2026-02-21,Liga Portugal Betclic,Liga Portugal 25/26,23.0,Home,AVS - Futebol SAD,Benfica,AVS - Futebol SAD,1ST,Goalkeeping,Total saves,0,5,0,5
14289000,2026-02-21,Liga Portugal Betclic,Liga Portugal 25/26,23.0,Home,AVS - Futebol SAD,Benfica,AVS - Futebol SAD,1ST,Match overview,Ball possession,65%,35%,65%,35%
14289000,2026-02-21,Liga Portugal Betclic,Liga Portugal 25/26,23.0,Home,AVS - Futebol SAD,Benfica,AVS - Futebol SAD,1ST,Match overview,Big chances,4,0,4,0
14289000,2026-02-21,Liga Portugal Betclic,Liga Portugal 25/26,23.0,Home,AVS - Futebol SAD,Benfica,AVS - Futebol SAD,1ST,Match overview,Corner kicks,4,0,4,0
14289000,2026-02-21,Liga Portugal Betclic,Liga Portugal 25/26,23.0,Home,AVS - Futebol SAD,Benfica,AVS - Futebol SAD,1ST,Match overview,Expected goals,2.43,0.00,2.43,0.00
14289000,2026-02-21,Liga Portugal Betclic,Liga Portugal 25/26,23.0,Home,AVS - Futebol SAD,Benfica,AVS - Futebol SAD,1ST,Match overview,Fouls,2,8,2,8
14289000,2026-02-21,Liga Portugal Betclic,Liga Portugal 25/26,23.0,Home,AVS - Futebol SAD,Benfica,AVS - Futebol SAD,1ST,Match overview,Free kicks,8,2,8,2
14289000,2026-02-21,Liga Portugal Betclic,Liga Portugal 25/26,23.0,Home,AVS - Futebol SAD,Benfica,AVS - Futebol SAD,1ST,Match overview,Goalkeeper saves,0,5,0,5
14289000,2026-02-21,Liga Portugal Betclic,Liga Portugal 25/26,23.0,Home,AVS - Futebol SAD,Benfica,AVS - Futebol SAD,1ST,Match overview,Passes,278,149,278,149
14289000,2026-02-21,Liga Portugal Betclic,Liga Portugal 25/26,23.0,Home,AVS - Futebol SAD,Benfica,AVS - Futebol SAD,1ST,Match overview,Tackles,6,8,6,8
14289000,2026-02-21,Liga Portugal Betclic,Liga Portugal 25/26,23.0,Home,AVS - Futebol SAD,Benfica,AVS - Futebol SAD,1ST,Match overview,Total shots,9,1,9,1
14289000,2026-02-21,Liga Portugal Betclic,Liga Portugal 25/26,23.0,Home,AVS - Futebol SAD,Benfica,AVS - Futebol SAD,1ST,Passes,Accurate passes,238,101,238,101
14289000,2026-02-21,Liga Portugal Betclic,Liga Portugal 25/26,23.0,Home,AVS - Futebol SAD,Benfica,AVS - Futebol SAD,1ST,Passes,Crosses,1/8 (13%),1/7 (14%),1/8 (13%),1/7 (14%)
14289000,2026-02-21,Liga Portugal Betclic,Liga Portugal 25/26,23.0,Home,AVS - Futebol SAD,Benfica,AVS - Futebol SAD,1ST,Passes,Final third entries,39,20,39,20
14289000,2026-02-21,Liga Portugal Betclic,Liga Portugal 25/26,23.0,Home,AVS - Futebol SAD,Benfica,AVS - Futebol SAD,1ST,Passes,Long balls,14/21 (67%),7/24 (29%),14/21 (67%),7/24 (29%)
14289000,2026-02-21,Liga Portugal Betclic,Liga Portugal 25/26,23.0,Home,AVS - Futebol SAD,Benfica,AVS - Futebol SAD,1ST,Passes,Throw-ins,5,13,5,13
14289000,2026-02-21,Liga Portugal Betclic,Liga Portugal 25/26,23.0,Home,AVS - Futebol SAD,Benfica,AVS - Futebol SAD,1ST,Shots,Blocked shots,0,0,0,0
14289000,2026-02-21,Liga Portugal Betclic,Liga Portugal 25/26,23.0,Home,AVS - Futebol SAD,Benfica,AVS - Futebol SAD,1ST,Shots,Hit woodwork,0,0,0,0
14289000,2026-02-21,Liga Portugal Betclic,Liga Portugal 25/26,23.0,Home,AVS - Futebol SAD,Benfica,AVS - Futebol SAD,1ST,Shots,Shots inside box,7,1,7,1
14289000,2026-02-21,Liga Portugal Betclic,Liga Portugal 25/26,23.0,Home,AVS - Futebol SAD,Benfica,AVS - Futebol SAD,1ST,Shots,Shots off target,1,0,1,0
14289000,2026-02-21,Liga Portugal Betclic,Liga Portugal 25/26,23.0,Home,AVS - Futebol SAD,Benfica,AVS - Futebol SAD,1ST,Shots,Shots on target,8,0,8,0
14289000,2026-02-21,Liga Portugal Betclic,Liga Portugal 25/26,23.0,Home,AVS - Futebol SAD,Benfica,AVS - Futebol SAD,1ST,Shots,Shots outside box,2,0,2,0
14289000,2026-02-21,Liga Portugal Betclic,Liga Portugal 25/26,23.0,Home,AVS - Futebol SAD,Benfica,AVS - Futebol SAD,1ST,Shots,Total shots,9,1,9,1
14289000,2026-02-21,Liga Portugal Betclic,Liga Portugal 25/26,23.0,Home,AVS - Futebol SAD,Benfica,AVS - Futebol SAD,2ND,Attack,Big chances missed,1,0,1,0
14289000,2026-02-21,Liga Portugal Betclic,Liga Portugal 25/26,23.0,Home,AVS - Futebol SAD,Benfica,AVS - Futebol SAD,2ND,Attack,Big chances scored,0,0,0,0
14289000,2026-02-21,Liga Portugal Betclic,Liga Portugal 25/26,23.0,Home,AVS - Futebol SAD,Benfica,AVS - Futebol SAD,2ND,Attack,Fouled in final third,1,0,1,0
14289000,2026-02-21,Liga Portugal Betclic,Liga Portugal 25/26,23.0,Home,AVS - Futebol SAD,Benfica,AVS - Futebol SAD,2ND,Attack,Offsides,3,0,3,0
14289000,2026-02-21,Liga Portugal Betclic,Liga Portugal 25/26,23.0,Home,AVS - Futebol SAD,Benfica,AVS - Futebol SAD,2ND,Attack,Through balls,0,0,0,0
14289000,2026-02-21,Liga Portugal Betclic,Liga Portugal 25/26,23.0,Home,AVS - Futebol SAD,Benfica,AVS - Futebol SAD,2ND,Defending,Clearances,7,28,7,28
14289000,2026-02-21,Liga Portugal Betclic,Liga Portugal 25/26,23.0,Home,AVS - Futebol SAD,Benfica,AVS - Futebol SAD,2ND,Defending,Interceptions,4,1,4,1
14289000,2026-02-21,Liga Portugal Betclic,Liga Portugal 25/26,23.0,Home,AVS - Futebol SAD,Benfica,AVS - Futebol SAD,2ND,Defending,Recoveries,23,15,23,15
14289000,2026-02-21,Liga Portugal Betclic,Liga Portugal 25/26,23.0,Home,AVS - Futebol SAD,Benfica,AVS - Futebol SAD,2ND,Defending,Tackles won,50%,59%,50%,59%
14289000,2026-02-21,Liga Portugal Betclic,Liga Portugal 25/26,23.0,Home,AVS - Futebol SAD,Benfica,AVS - Futebol SAD,2ND,Defending,Total tackles,4,17,4,17
14289000,2026-02-21,Liga Portugal Betclic,Liga Portugal 25/26,23.0,Home,AVS - Futebol SAD,Benfica,AVS - Futebol SAD,2ND,Duels,Aerial duels,9/18 (50%),9/18 (50%),9/18 (50%),9/18 (50%)
14289000,2026-02-21,Liga Portugal Betclic,Liga Portugal 25/26,23.0,Home,AVS - Futebol SAD,Benfica,AVS - Futebol SAD,2ND,Duels,Dispossessed,8,2,8,2
14289000,2026-02-21,Liga Portugal Betclic,Liga Portugal 25/26,23.0,Home,AVS - Futebol SAD,Benfica,AVS - Futebol SAD,2ND,Duels,Dribbles,1/10 (10%),3/5 (60%),1/10 (10%),3/5 (60%)
14289000,2026-02-21,Liga Portugal Betclic,Liga Portugal 25/26,23.0,Home,AVS - Futebol SAD,Benfica,AVS - Futebol SAD,2ND,Duels,Duels,36%,64%,36%,64%
14289000,2026-02-21,Liga Portugal Betclic,Liga Portugal 25/26,23.0,Home,AVS - Futebol SAD,Benfica,AVS - Futebol SAD,2ND,Duels,Ground duels,10/35 (29%),25/35 (71%),10/35 (29%),25/35 (71%)
14289000,2026-02-21,Liga Portugal Betclic,Liga Portugal 25/26,23.0,Home,AVS - Futebol SAD,Benfica,AVS - Futebol SAD,2ND,Goalkeeping,Goal kicks,2,7,2,7
14289000,2026-02-21,Liga Portugal Betclic,Liga Portugal 25/26,23.0,Home,AVS - Futebol SAD,Benfica,AVS - Futebol SAD,2ND,Goalkeeping,Total saves,0,1,0,1
14289000,2026-02-21,Liga Portugal Betclic,Liga Portugal 25/26,23.0,Home,AVS - Futebol SAD,Benfica,AVS - Futebol SAD,2ND,Match overview,Ball possession,66%,34%,66%,34%
14289000,2026-02-21,Liga Portugal Betclic,Liga Portugal 25/26,23.0,Home,AVS - Futebol SAD,Benfica,AVS - Futebol SAD,2ND,Match overview,Big chances,1,0,1,0
14289000,2026-02-21,Liga Portugal Betclic,Liga Portugal 25/26,23.0,Home,AVS - Futebol SAD,Benfica,AVS - Futebol SAD,2ND,Match overview,Corner kicks,6,1,6,1
14289000,2026-02-21,Liga Portugal Betclic,Liga Portugal 25/26,23.0,Home,AVS - Futebol SAD,Benfica,AVS - Futebol SAD,2ND,Match overview,Expected goals,1.25,0.11,1.25,0.11
14289000,2026-02-21,Liga Portugal Betclic,Liga Portugal 25/26,23.0,Home,AVS - Futebol SAD,Benfica,AVS - Futebol SAD,2ND,Match overview,Fouls,5,6,5,6
14289000,2026-02-21,Liga Portugal Betclic,Liga Portugal 25/26,23.0,Home,AVS - Futebol SAD,Benfica,AVS - Futebol SAD,2ND,Match overview,Free kicks,6,5,6,5
14289000,2026-02-21,Liga Portugal Betclic,Liga Portugal 25/26,23.0,Home,AVS - Futebol SAD,Benfica,AVS - Futebol SAD,2ND,Match overview,Goalkeeper saves,0,1,0,1
14289000,2026-02-21,Liga Portugal Betclic,Liga Portugal 25/26,23.0,Home,AVS - Futebol SAD,Benfica,AVS - Futebol SAD,2ND,Match overview,Passes,261,140,261,140
14289000,2026-02-21,Liga Portugal Betclic,Liga Portugal 25/26,23.0,Home,AVS - Futebol SAD,Benfica,AVS - Futebol SAD,2ND,Match overview,Tackles,4,17,4,17
14289000,2026-02-21,Liga Portugal Betclic,Liga Portugal 25/26,23.0,Home,AVS - Futebol SAD,Benfica,AVS - Futebol SAD,2ND,Match overview,Total shots,13,3,13,3
14289000,2026-02-21,Liga Portugal Betclic,Liga Portugal 25/26,23.0,Home,AVS - Futebol SAD,Benfica,AVS - Futebol SAD,2ND,Passes,Accurate passes,233,99,233,99
14289000,2026-02-21,Liga Portugal Betclic,Liga Portugal 25/26,23.0,Home,AVS - Futebol SAD,Benfica,AVS - Futebol SAD,2ND,Passes,Crosses,8/24 (33%),1/8 (13%),8/24 (33%),1/8 (13%)
14289000,2026-02-21,Liga Portugal Betclic,Liga Portugal 25/26,23.0,Home,AVS - Futebol SAD,Benfica,AVS - Futebol SAD,2ND,Passes,Final third entries,34,24,34,24
14289000,2026-02-21,Liga Portugal Betclic,Liga Portugal 25/26,23.0,Home,AVS - Futebol SAD,Benfica,AVS - Futebol SAD,2ND,Passes,Long balls,11/17 (65%),13/29 (45%),11/17 (65%),13/29 (45%)
14289000,2026-02-21,Liga Portugal Betclic,Liga Portugal 25/26,23.0,Home,AVS - Futebol SAD,Benfica,AVS - Futebol SAD,2ND,Passes,Throw-ins,13,9,13,9
14289000,2026-02-21,Liga Portugal Betclic,Liga Portugal 25/26,23.0,Home,AVS - Futebol SAD,Benfica,AVS - Futebol SAD,2ND,Shots,Blocked shots,6,1,6,1
14289000,2026-02-21,Liga Portugal Betclic,Liga Portugal 25/26,23.0,Home,AVS - Futebol SAD,Benfica,AVS - Futebol SAD,2ND,Shots,Hit woodwork,1,0,1,0
14289000,2026-02-21,Liga Portugal Betclic,Liga Portugal 25/26,23.0,Home,AVS - Futebol SAD,Benfica,AVS - Futebol SAD,2ND,Shots,Shots inside box,7,2,7,2
14289000,2026-02-21,Liga Portugal Betclic,Liga Portugal 25/26,23.0,Home,AVS - Futebol SAD,Benfica,AVS - Futebol SAD,2ND,Shots,Shots off target,6,2,6,2
14289000,2026-02-21,Liga Portugal Betclic,Liga Portugal 25/26,23.0,Home,AVS - Futebol SAD,Benfica,AVS - Futebol SAD,2ND,Shots,Shots on target,1,0,1,0
14289000,2026-02-21,Liga Portugal Betclic,Liga Portugal 25/26,23.0,Home,AVS - Futebol SAD,Benfica,AVS - Futebol SAD,2ND,Shots,Shots outside box,6,1,6,1
14289000,2026-02-21,Liga Portugal Betclic,Liga Portugal 25/26,23.0,Home,AVS - Futebol SAD,Benfica,AVS - Futebol SAD,2ND,Shots,Total shots,13,3,13,3
14289000,2026-02-21,Liga Portugal Betclic,Liga Portugal 25/26,23.0,Home,AVS - Futebol SAD,Benfica,AVS - Futebol SAD,ALL,Attack,Big chances missed,4,0,4,0
14289000,2026-02-21,Liga Portugal Betclic,Liga Portugal 25/26,23.0,Home,AVS - Futebol SAD,Benfica,AVS - Futebol SAD,ALL,Attack,Big chances scored,1,0,1,0
14289000,2026-02-21,Liga Portugal Betclic,Liga Portugal 25/26,23.0,Home,AVS - Futebol SAD,Benfica,AVS - Futebol SAD,ALL,Attack,Fouled in final third,3,0,3,0
14289000,2026-02-21,Liga Portugal Betclic,Liga Portugal 25/26,23.0,Home,AVS - Futebol SAD,Benfica,AVS - Futebol SAD,ALL,Attack,Offsides,4,0,4,0
14289000,2026-02-21,Liga Portugal Betclic,Liga Portugal 25/26,23.0,Home,AVS - Futebol SAD,Benfica,AVS - Futebol SAD,ALL,Attack,Through balls,2,0,2,0
14289000,2026-02-21,Liga Portugal Betclic,Liga Portugal 25/26,23.0,Home,AVS - Futebol SAD,Benfica,AVS - Futebol SAD,ALL,Attack,Touches in penalty area,48,8,48,8
14289000,2026-02-21,Liga Portugal Betclic,Liga Portugal 25/26,23.0,Home,AVS - Futebol SAD,Benfica,AVS - Futebol SAD,ALL,Defending,Clearances,19,42,19,42
14289000,2026-02-21,Liga Portugal Betclic,Liga Portugal 25/26,23.0,Home,AVS - Futebol SAD,Benfica,AVS - Futebol SAD,ALL,Defending,Errors lead to a shot,0,2,0,2
14289000,2026-02-21,Liga Portugal Betclic,Liga Portugal 25/26,23.0,Home,AVS - Futebol SAD,Benfica,AVS - Futebol SAD,ALL,Defending,Interceptions,6,7,6,7
14289000,2026-02-21,Liga Portugal Betclic,Liga Portugal 25/26,23.0,Home,AVS - Futebol SAD,Benfica,AVS - Futebol SAD,ALL,Defending,Recoveries,47,33,47,33
14289000,2026-02-21,Liga Portugal Betclic,Liga Portugal 25/26,23.0,Home,AVS - Futebol SAD,Benfica,AVS - Futebol SAD,ALL,Defending,Tackles won,60%,56%,60%,56%
14289000,2026-02-21,Liga Portugal Betclic,Liga Portugal 25/26,23.0,Home,AVS - Futebol SAD,Benfica,AVS - Futebol SAD,ALL,Defending,Total tackles,10,25,10,25
14289000,2026-02-21,Liga Portugal Betclic,Liga Portugal 25/26,23.0,Home,AVS - Futebol SAD,Benfica,AVS - Futebol SAD,ALL,Duels,Aerial duels,18/33 (55%),15/33 (45%),18/33 (55%),15/33 (45%)
14289000,2026-02-21,Liga Portugal Betclic,Liga Portugal 25/26,23.0,Home,AVS - Futebol SAD,Benfica,AVS - Futebol SAD,ALL,Duels,Dispossessed,10,5,10,5
14289000,2026-02-21,Liga Portugal Betclic,Liga Portugal 25/26,23.0,Home,AVS - Futebol SAD,Benfica,AVS - Futebol SAD,ALL,Duels,Dribbles,6/21 (29%),8/13 (62%),6/21 (29%),8/13 (62%)
14289000,2026-02-21,Liga Portugal Betclic,Liga Portugal 25/26,23.0,Home,AVS - Futebol SAD,Benfica,AVS - Futebol SAD,ALL,Duels,Duels,46%,54%,46%,54%
14289000,2026-02-21,Liga Portugal Betclic,Liga Portugal 25/26,23.0,Home,AVS - Futebol SAD,Benfica,AVS - Futebol SAD,ALL,Duels,Ground duels,29/69 (42%),40/69 (58%),29/69 (42%),40/69 (58%)
14289000,2026-02-21,Liga Portugal Betclic,Liga Portugal 25/26,23.0,Home,AVS - Futebol SAD,Benfica,AVS - Futebol SAD,ALL,Goalkeeping,Goal kicks,4,14,4,14
14289000,2026-02-21,Liga Portugal Betclic,Liga Portugal 25/26,23.0,Home,AVS - Futebol SAD,Benfica,AVS - Futebol SAD,ALL,Goalkeeping,Goals prevented,0.00,0.73,0.00,0.73
14289000,2026-02-21,Liga Portugal Betclic,Liga Portugal 25/26,23.0,Home,AVS - Futebol SAD,Benfica,AVS - Futebol SAD,ALL,Goalkeeping,High claims,1,1,1,1
14289000,2026-02-21,Liga Portugal Betclic,Liga Portugal 25/26,23.0,Home,AVS - Futebol SAD,Benfica,AVS - Futebol SAD,ALL,Goalkeeping,Punches,0,1,0,1
14289000,2026-02-21,Liga Portugal Betclic,Liga Portugal 25/26,23.0,Home,AVS - Futebol SAD,Benfica,AVS - Futebol SAD,ALL,Goalkeeping,Total saves,0,6,0,6
14289000,2026-02-21,Liga Portugal Betclic,Liga Portugal 25/26,23.0,Home,AVS - Futebol SAD,Benfica,AVS - Futebol SAD,ALL,Match overview,Ball possession,65%,35%,65%,35%
14289000,2026-02-21,Liga Portugal Betclic,Liga Portugal 25/26,23.0,Home,AVS - Futebol SAD,Benfica,AVS - Futebol SAD,ALL,Match overview,Big chances,5,0,5,0
14289000,2026-02-21,Liga Portugal Betclic,Liga Portugal 25/26,23.0,Home,AVS - Futebol SAD,Benfica,AVS - Futebol SAD,ALL,Match overview,Corner kicks,10,1,10,1
14289000,2026-02-21,Liga Portugal Betclic,Liga Portugal 25/26,23.0,Home,AVS - Futebol SAD,Benfica,AVS - Futebol SAD,ALL,Match overview,Expected goals,3.69,0.11,3.69,0.11
14289000,2026-02-21,Liga Portugal Betclic,Liga Portugal 25/26,23.0,Home,AVS - Futebol SAD,Benfica,AVS - Futebol SAD,ALL,Match overview,Fouls,7,14,7,14
14289000,2026-02-21,Liga Portugal Betclic,Liga Portugal 25/26,23.0,Home,AVS - Futebol SAD,Benfica,AVS - Futebol SAD,ALL,Match overview,Free kicks,14,7,14,7
14289000,2026-02-21,Liga Portugal Betclic,Liga Portugal 25/26,23.0,Home,AVS - Futebol SAD,Benfica,AVS - Futebol SAD,ALL,Match overview,Goalkeeper saves,0,6,0,6
14289000,2026-02-21,Liga Portugal Betclic,Liga Portugal 25/26,23.0,Home,AVS - Futebol SAD,Benfica,AVS - Futebol SAD,ALL,Match overview,Passes,539,289,539,289
14289000,2026-02-21,Liga Portugal Betclic,Liga Portugal 25/26,23.0,Home,AVS - Futebol SAD,Benfica,AVS - Futebol SAD,ALL,Match overview,Tackles,10,25,10,25
14289000,2026-02-21,Liga Portugal Betclic,Liga Portugal 25/26,23.0,Home,AVS - Futebol SAD,Benfica,AVS - Futebol SAD,ALL,Match overview,Total shots,22,3,22,3
14289000,2026-02-21,Liga Portugal Betclic,Liga Portugal 25/26,23.0,Home,AVS - Futebol SAD,Benfica,AVS - Futebol SAD,ALL,Passes,Accurate passes,471,200,471,200
14289000,2026-02-21,Liga Portugal Betclic,Liga Portugal 25/26,23.0,Home,AVS - Futebol SAD,Benfica,AVS - Futebol SAD,ALL,Passes,Crosses,9/32 (28%),2/15 (13%),9/32 (28%),2/15 (13%)
14289000,2026-02-21,Liga Portugal Betclic,Liga Portugal 25/26,23.0,Home,AVS - Futebol SAD,Benfica,AVS - Futebol SAD,ALL,Passes,Final third entries,73,44,73,44
14289000,2026-02-21,Liga Portugal Betclic,Liga Portugal 25/26,23.0,Home,AVS - Futebol SAD,Benfica,AVS - Futebol SAD,ALL,Passes,Final third phase,186/227 (82%),31/66 (47%),186/227 (82%),31/66 (47%)
14289000,2026-02-21,Liga Portugal Betclic,Liga Portugal 25/26,23.0,Home,AVS - Futebol SAD,Benfica,AVS - Futebol SAD,ALL,Passes,Long balls,25/38 (66%),20/53 (38%),25/38 (66%),20/53 (38%)
14289000,2026-02-21,Liga Portugal Betclic,Liga Portugal 25/26,23.0,Home,AVS - Futebol SAD,Benfica,AVS - Futebol SAD,ALL,Passes,Throw-ins,18,22,18,22
14289000,2026-02-21,Liga Portugal Betclic,Liga Portugal 25/26,23.0,Home,AVS - Futebol SAD,Benfica,AVS - Futebol SAD,ALL,Shots,Blocked shots,6,1,6,1
14289000,2026-02-21,Liga Portugal Betclic,Liga Portugal 25/26,23.0,Home,AVS - Futebol SAD,Benfica,AVS - Futebol SAD,ALL,Shots,Hit woodwork,1,0,1,0
14289000,2026-02-21,Liga Portugal Betclic,Liga Portugal 25/26,23.0,Home,AVS - Futebol SAD,Benfica,AVS - Futebol SAD,ALL,Shots,Shots inside box,14,2,14,2
14289000,2026-02-21,Liga Portugal Betclic,Liga Portugal 25/26,23.0,Home,AVS - Futebol SAD,Benfica,AVS - Futebol SAD,ALL,Shots,Shots off target,7,2,7,2
14289000,2026-02-21,Liga Portugal Betclic,Liga Portugal 25/26,23.0,Home,AVS - Futebol SAD,Benfica,AVS - Futebol SAD,ALL,Shots,Shots on target,9,0,9,0
14289000,2026-02-21,Liga Portugal Betclic,Liga Portugal 25/26,23.0,Home,AVS - Futebol SAD,Benfica,AVS - Futebol SAD,ALL,Shots,Shots outside box,8,1,8,1
14289000,2026-02-21,Liga Portugal Betclic,Liga Portugal 25/26,23.0,Home,AVS - Futebol SAD,Benfica,AVS - Futebol SAD,ALL,Shots,Total shots,22,3,22,3
15452752,2026-02-25,"UEFA Champions League, Knockout stage",UEFA Champions League 25/26,636.0,Away,Real Madrid,Real Madrid,Benfica,1ST,Attack,Big chances missed,0,0,0,0
15452752,2026-02-25,"UEFA Champions League, Knockout stage",UEFA Champions League 25/26,636.0,Away,Real Madrid,Real Madrid,Benfica,1ST,Attack,Big chances scored,1,1,1,1
15452752,2026-02-25,"UEFA Champions League, Knockout stage",UEFA Champions League 25/26,636.0,Away,Real Madrid,Real Madrid,Benfica,1ST,Attack,Fouled in final third,0,2,2,0
15452752,2026-02-25,"UEFA Champions League, Knockout stage",UEFA Champions League 25/26,636.0,Away,Real Madrid,Real Madrid,Benfica,1ST,Attack,Offsides,0,1,1,0
15452752,2026-02-25,"UEFA Champions League, Knockout stage",UEFA Champions League 25/26,636.0,Away,Real Madrid,Real Madrid,Benfica,1ST,Defending,Clearances,10,6,6,10
15452752,2026-02-25,"UEFA Champions League, Knockout stage",UEFA Champions League 25/26,636.0,Away,Real Madrid,Real Madrid,Benfica,1ST,Defending,Interceptions,3,4,4,3
15452752,2026-02-25,"UEFA Champions League, Knockout stage",UEFA Champions League 25/26,636.0,Away,Real Madrid,Real Madrid,Benfica,1ST,Defending,Recoveries,16,15,15,16
15452752,2026-02-25,"UEFA Champions League, Knockout stage",UEFA Champions League 25/26,636.0,Away,Real Madrid,Real Madrid,Benfica,1ST,Defending,Tackles won,25%,20%,20%,25%
15452752,2026-02-25,"UEFA Champions League, Knockout stage",UEFA Champions League 25/26,636.0,Away,Real Madrid,Real Madrid,Benfica,1ST,Defending,Total tackles,4,5,5,4
15452752,2026-02-25,"UEFA Champions League, Knockout stage",UEFA Champions League 25/26,636.0,Away,Real Madrid,Real Madrid,Benfica,1ST,Duels,Aerial duels,6/7 (86%),1/7 (14%),1/7 (14%),6/7 (86%)
15452752,2026-02-25,"UEFA Champions League, Knockout stage",UEFA Champions League 25/26,636.0,Away,Real Madrid,Real Madrid,Benfica,1ST,Duels,Dispossessed,1,3,3,1
15452752,2026-02-25,"UEFA Champions League, Knockout stage",UEFA Champions League 25/26,636.0,Away,Real Madrid,Real Madrid,Benfica,1ST,Duels,Dribbles,5/9 (56%),5/6 (83%),5/6 (83%),5/9 (56%)
15452752,2026-02-25,"UEFA Champions League, Knockout stage",UEFA Champions League 25/26,636.0,Away,Real Madrid,Real Madrid,Benfica,1ST,Duels,Duels,54%,46%,46%,54%
15452752,2026-02-25,"UEFA Champions League, Knockout stage",UEFA Champions League 25/26,636.0,Away,Real Madrid,Real Madrid,Benfica,1ST,Duels,Ground duels,14/30 (47%),16/30 (53%),16/30 (53%),14/30 (47%)
15452752,2026-02-25,"UEFA Champions League, Knockout stage",UEFA Champions League 25/26,636.0,Away,Real Madrid,Real Madrid,Benfica,1ST,Goalkeeping,Goal kicks,1,2,2,1
15452752,2026-02-25,"UEFA Champions League, Knockout stage",UEFA Champions League 25/26,636.0,Away,Real Madrid,Real Madrid,Benfica,1ST,Goalkeeping,Total saves,2,4,4,2
15452752,2026-02-25,"UEFA Champions League, Knockout stage",UEFA Champions League 25/26,636.0,Away,Real Madrid,Real Madrid,Benfica,1ST,Match overview,Ball possession,42%,58%,58%,42%
15452752,2026-02-25,"UEFA Champions League, Knockout stage",UEFA Champions League 25/26,636.0,Away,Real Madrid,Real Madrid,Benfica,1ST,Match overview,Big chances,1,2,2,1
15452752,2026-02-25,"UEFA Champions League, Knockout stage",UEFA Champions League 25/26,636.0,Away,Real Madrid,Real Madrid,Benfica,1ST,Match overview,Corner kicks,3,2,2,3
15452752,2026-02-25,"UEFA Champions League, Knockout stage",UEFA Champions League 25/26,636.0,Away,Real Madrid,Real Madrid,Benfica,1ST,Match overview,Expected goals,1.10,0.40,0.40,1.10
15452752,2026-02-25,"UEFA Champions League, Knockout stage",UEFA Champions League 25/26,636.0,Away,Real Madrid,Real Madrid,Benfica,1ST,Match overview,Fouls,6,5,5,6
15452752,2026-02-25,"UEFA Champions League, Knockout stage",UEFA Champions League 25/26,636.0,Away,Real Madrid,Real Madrid,Benfica,1ST,Match overview,Free kicks,5,6,6,5
15452752,2026-02-25,"UEFA Champions League, Knockout stage",UEFA Champions League 25/26,636.0,Away,Real Madrid,Real Madrid,Benfica,1ST,Match overview,Goalkeeper saves,2,4,4,2
15452752,2026-02-25,"UEFA Champions League, Knockout stage",UEFA Champions League 25/26,636.0,Away,Real Madrid,Real Madrid,Benfica,1ST,Match overview,Number of sprints,0,0,0,0
15452752,2026-02-25,"UEFA Champions League, Knockout stage",UEFA Champions League 25/26,636.0,Away,Real Madrid,Real Madrid,Benfica,1ST,Match overview,Passes,215,305,305,215
15452752,2026-02-25,"UEFA Champions League, Knockout stage",UEFA Champions League 25/26,636.0,Away,Real Madrid,Real Madrid,Benfica,1ST,Match overview,Tackles,4,5,5,4
15452752,2026-02-25,"UEFA Champions League, Knockout stage",UEFA Champions League 25/26,636.0,Away,Real Madrid,Real Madrid,Benfica,1ST,Match overview,Total shots,6,7,7,6
15452752,2026-02-25,"UEFA Champions League, Knockout stage",UEFA Champions League 25/26,636.0,Away,Real Madrid,Real Madrid,Benfica,1ST,Match overview,Yellow cards,1,0,0,1
15452752,2026-02-25,"UEFA Champions League, Knockout stage",UEFA Champions League 25/26,636.0,Away,Real Madrid,Real Madrid,Benfica,1ST,Passes,Accurate passes,187,273,273,187
15452752,2026-02-25,"UEFA Champions League, Knockout stage",UEFA Champions League 25/26,636.0,Away,Real Madrid,Real Madrid,Benfica,1ST,Passes,Crosses,1/7 (14%),0/5 (0%),0/5 (0%),1/7 (14%)
15452752,2026-02-25,"UEFA Champions League, Knockout stage",UEFA Champions League 25/26,636.0,Away,Real Madrid,Real Madrid,Benfica,1ST,Passes,Final third entries,17,31,31,17
15452752,2026-02-25,"UEFA Champions League, Knockout stage",UEFA Champions League 25/26,636.0,Away,Real Madrid,Real Madrid,Benfica,1ST,Passes,Long balls,10/16 (63%),12/21 (57%),12/21 (57%),10/16 (63%)
15452752,2026-02-25,"UEFA Champions League, Knockout stage",UEFA Champions League 25/26,636.0,Away,Real Madrid,Real Madrid,Benfica,1ST,Passes,Throw-ins,6,6,6,6
15452752,2026-02-25,"UEFA Champions League, Knockout stage",UEFA Champions League 25/26,636.0,Away,Real Madrid,Real Madrid,Benfica,1ST,Shots,Blocked shots,1,3,3,1
15452752,2026-02-25,"UEFA Champions League, Knockout stage",UEFA Champions League 25/26,636.0,Away,Real Madrid,Real Madrid,Benfica,1ST,Shots,Hit woodwork,0,0,0,0
15452752,2026-02-25,"UEFA Champions League, Knockout stage",UEFA Champions League 25/26,636.0,Away,Real Madrid,Real Madrid,Benfica,1ST,Shots,Shots inside box,5,4,4,5
15452752,2026-02-25,"UEFA Champions League, Knockout stage",UEFA Champions League 25/26,636.0,Away,Real Madrid,Real Madrid,Benfica,1ST,Shots,Shots off target,1,1,1,1
15452752,2026-02-25,"UEFA Champions League, Knockout stage",UEFA Champions League 25/26,636.0,Away,Real Madrid,Real Madrid,Benfica,1ST,Shots,Shots on target,4,3,3,4
15452752,2026-02-25,"UEFA Champions League, Knockout stage",UEFA Champions League 25/26,636.0,Away,Real Madrid,Real Madrid,Benfica,1ST,Shots,Shots outside box,1,3,3,1
15452752,2026-02-25,"UEFA Champions League, Knockout stage",UEFA Champions League 25/26,636.0,Away,Real Madrid,Real Madrid,Benfica,1ST,Shots,Total shots,6,7,7,6
15452752,2026-02-25,"UEFA Champions League, Knockout stage",UEFA Champions League 25/26,636.0,Away,Real Madrid,Real Madrid,Benfica,2ND,Attack,Big chances missed,1,1,1,1
15452752,2026-02-25,"UEFA Champions League, Knockout stage",UEFA Champions League 25/26,636.0,Away,Real Madrid,Real Madrid,Benfica,2ND,Attack,Big chances scored,0,1,1,0
15452752,2026-02-25,"UEFA Champions League, Knockout stage",UEFA Champions League 25/26,636.0,Away,Real Madrid,Real Madrid,Benfica,2ND,Attack,Fouled in final third,1,1,1,1
15452752,2026-02-25,"UEFA Champions League, Knockout stage",UEFA Champions League 25/26,636.0,Away,Real Madrid,Real Madrid,Benfica,2ND,Attack,Offsides,0,1,1,0
15452752,2026-02-25,"UEFA Champions League, Knockout stage",UEFA Champions League 25/26,636.0,Away,Real Madrid,Real Madrid,Benfica,2ND,Defending,Clearances,10,12,12,10
15452752,2026-02-25,"UEFA Champions League, Knockout stage",UEFA Champions League 25/26,636.0,Away,Real Madrid,Real Madrid,Benfica,2ND,Defending,Interceptions,3,3,3,3
15452752,2026-02-25,"UEFA Champions League, Knockout stage",UEFA Champions League 25/26,636.0,Away,Real Madrid,Real Madrid,Benfica,2ND,Defending,Recoveries,17,28,28,17
15452752,2026-02-25,"UEFA Champions League, Knockout stage",UEFA Champions League 25/26,636.0,Away,Real Madrid,Real Madrid,Benfica,2ND,Defending,Tackles won,50%,50%,50%,50%
15452752,2026-02-25,"UEFA Champions League, Knockout stage",UEFA Champions League 25/26,636.0,Away,Real Madrid,Real Madrid,Benfica,2ND,Defending,Total tackles,12,10,10,12
15452752,2026-02-25,"UEFA Champions League, Knockout stage",UEFA Champions League 25/26,636.0,Away,Real Madrid,Real Madrid,Benfica,2ND,Duels,Aerial duels,4/10 (40%),6/10 (60%),6/10 (60%),4/10 (40%)
15452752,2026-02-25,"UEFA Champions League, Knockout stage",UEFA Champions League 25/26,636.0,Away,Real Madrid,Real Madrid,Benfica,2ND,Duels,Dispossessed,4,7,7,4
15452752,2026-02-25,"UEFA Champions League, Knockout stage",UEFA Champions League 25/26,636.0,Away,Real Madrid,Real Madrid,Benfica,2ND,Duels,Dribbles,5/11 (45%),6/11 (55%),6/11 (55%),5/11 (45%)
15452752,2026-02-25,"UEFA Champions League, Knockout stage",UEFA Champions League 25/26,636.0,Away,Real Madrid,Real Madrid,Benfica,2ND,Duels,Duels,55%,45%,45%,55%
15452752,2026-02-25,"UEFA Champions League, Knockout stage",UEFA Champions League 25/26,636.0,Away,Real Madrid,Real Madrid,Benfica,2ND,Duels,Ground duels,27/46 (59%),19/46 (41%),19/46 (41%),27/46 (59%)
15452752,2026-02-25,"UEFA Champions League, Knockout stage",UEFA Champions League 25/26,636.0,Away,Real Madrid,Real Madrid,Benfica,2ND,Goalkeeping,Goal kicks,7,3,3,7
15452752,2026-02-25,"UEFA Champions League, Knockout stage",UEFA Champions League 25/26,636.0,Away,Real Madrid,Real Madrid,Benfica,2ND,Goalkeeping,Total saves,0,0,0,0
15452752,2026-02-25,"UEFA Champions League, Knockout stage",UEFA Champions League 25/26,636.0,Away,Real Madrid,Real Madrid,Benfica,2ND,Match overview,Ball possession,46%,54%,54%,46%
15452752,2026-02-25,"UEFA Champions League, Knockout stage",UEFA Champions League 25/26,636.0,Away,Real Madrid,Real Madrid,Benfica,2ND,Match overview,Big chances,1,2,2,1
15452752,2026-02-25,"UEFA Champions League, Knockout stage",UEFA Champions League 25/26,636.0,Away,Real Madrid,Real Madrid,Benfica,2ND,Match overview,Corner kicks,4,2,2,4
15452752,2026-02-25,"UEFA Champions League, Knockout stage",UEFA Champions League 25/26,636.0,Away,Real Madrid,Real Madrid,Benfica,2ND,Match overview,Expected goals,0.54,0.58,0.58,0.54
15452752,2026-02-25,"UEFA Champions League, Knockout stage",UEFA Champions League 25/26,636.0,Away,Real Madrid,Real Madrid,Benfica,2ND,Match overview,Fouls,4,11,11,4
15452752,2026-02-25,"UEFA Champions League, Knockout stage",UEFA Champions League 25/26,636.0,Away,Real Madrid,Real Madrid,Benfica,2ND,Match overview,Free kicks,11,4,4,11
15452752,2026-02-25,"UEFA Champions League, Knockout stage",UEFA Champions League 25/26,636.0,Away,Real Madrid,Real Madrid,Benfica,2ND,Match overview,Goalkeeper saves,0,0,0,0
15452752,2026-02-25,"UEFA Champions League, Knockout stage",UEFA Champions League 25/26,636.0,Away,Real Madrid,Real Madrid,Benfica,2ND,Match overview,Number of sprints,0,0,0,0
15452752,2026-02-25,"UEFA Champions League, Knockout stage",UEFA Champions League 25/26,636.0,Away,Real Madrid,Real Madrid,Benfica,2ND,Match overview,Passes,226,268,268,226
15452752,2026-02-25,"UEFA Champions League, Knockout stage",UEFA Champions League 25/26,636.0,Away,Real Madrid,Real Madrid,Benfica,2ND,Match overview,Tackles,12,10,10,12
15452752,2026-02-25,"UEFA Champions League, Knockout stage",UEFA Champions League 25/26,636.0,Away,Real Madrid,Real Madrid,Benfica,2ND,Match overview,Total shots,6,7,7,6
15452752,2026-02-25,"UEFA Champions League, Knockout stage",UEFA Champions League 25/26,636.0,Away,Real Madrid,Real Madrid,Benfica,2ND,Match overview,Yellow cards,1,2,2,1
15452752,2026-02-25,"UEFA Champions League, Knockout stage",UEFA Champions League 25/26,636.0,Away,Real Madrid,Real Madrid,Benfica,2ND,Passes,Accurate passes,194,243,243,194
15452752,2026-02-25,"UEFA Champions League, Knockout stage",UEFA Champions League 25/26,636.0,Away,Real Madrid,Real Madrid,Benfica,2ND,Passes,Crosses,4/13 (31%),2/5 (40%),2/5 (40%),4/13 (31%)
15452752,2026-02-25,"UEFA Champions League, Knockout stage",UEFA Champions League 25/26,636.0,Away,Real Madrid,Real Madrid,Benfica,2ND,Passes,Final third entries,30,23,23,30
15452752,2026-02-25,"UEFA Champions League, Knockout stage",UEFA Champions League 25/26,636.0,Away,Real Madrid,Real Madrid,Benfica,2ND,Passes,Long balls,7/20 (35%),11/25 (44%),11/25 (44%),7/20 (35%)
15452752,2026-02-25,"UEFA Champions League, Knockout stage",UEFA Champions League 25/26,636.0,Away,Real Madrid,Real Madrid,Benfica,2ND,Passes,Throw-ins,6,3,3,6
15452752,2026-02-25,"UEFA Champions League, Knockout stage",UEFA Champions League 25/26,636.0,Away,Real Madrid,Real Madrid,Benfica,2ND,Shots,Blocked shots,4,1,1,4
15452752,2026-02-25,"UEFA Champions League, Knockout stage",UEFA Champions League 25/26,636.0,Away,Real Madrid,Real Madrid,Benfica,2ND,Shots,Hit woodwork,1,0,0,1
15452752,2026-02-25,"UEFA Champions League, Knockout stage",UEFA Champions League 25/26,636.0,Away,Real Madrid,Real Madrid,Benfica,2ND,Shots,Shots inside box,3,6,6,3
15452752,2026-02-25,"UEFA Champions League, Knockout stage",UEFA Champions League 25/26,636.0,Away,Real Madrid,Real Madrid,Benfica,2ND,Shots,Shots off target,2,5,5,2
15452752,2026-02-25,"UEFA Champions League, Knockout stage",UEFA Champions League 25/26,636.0,Away,Real Madrid,Real Madrid,Benfica,2ND,Shots,Shots on target,0,1,1,0
15452752,2026-02-25,"UEFA Champions League, Knockout stage",UEFA Champions League 25/26,636.0,Away,Real Madrid,Real Madrid,Benfica,2ND,Shots,Shots outside box,3,1,1,3
15452752,2026-02-25,"UEFA Champions League, Knockout stage",UEFA Champions League 25/26,636.0,Away,Real Madrid,Real Madrid,Benfica,2ND,Shots,Total shots,6,7,7,6
15452752,2026-02-25,"UEFA Champions League, Knockout stage",UEFA Champions League 25/26,636.0,Away,Real Madrid,Real Madrid,Benfica,ALL,Attack,Big chances missed,1,1,1,1
15452752,2026-02-25,"UEFA Champions League, Knockout stage",UEFA Champions League 25/26,636.0,Away,Real Madrid,Real Madrid,Benfica,ALL,Attack,Big chances scored,1,1,1,1
15452752,2026-02-25,"UEFA Champions League, Knockout stage",UEFA Champions League 25/26,636.0,Away,Real Madrid,Real Madrid,Benfica,ALL,Attack,Fouled in final third,1,3,3,1
15452752,2026-02-25,"UEFA Champions League, Knockout stage",UEFA Champions League 25/26,636.0,Away,Real Madrid,Real Madrid,Benfica,ALL,Attack,Offsides,0,2,2,0
15452752,2026-02-25,"UEFA Champions League, Knockout stage",UEFA Champions League 25/26,636.0,Away,Real Madrid,Real Madrid,Benfica,ALL,Attack,Touches in penalty area,30,19,19,30
15452752,2026-02-25,"UEFA Champions League, Knockout stage",UEFA Champions League 25/26,636.0,Away,Real Madrid,Real Madrid,Benfica,ALL,Defending,Clearances,20,18,18,20
15452752,2026-02-25,"UEFA Champions League, Knockout stage",UEFA Champions League 25/26,636.0,Away,Real Madrid,Real Madrid,Benfica,ALL,Defending,Errors lead to a goal,1,1,1,1
15452752,2026-02-25,"UEFA Champions League, Knockout stage",UEFA Champions League 25/26,636.0,Away,Real Madrid,Real Madrid,Benfica,ALL,Defending,Errors lead to a shot,0,2,2,0
15452752,2026-02-25,"UEFA Champions League, Knockout stage",UEFA Champions League 25/26,636.0,Away,Real Madrid,Real Madrid,Benfica,ALL,Defending,Interceptions,6,7,7,6
15452752,2026-02-25,"UEFA Champions League, Knockout stage",UEFA Champions League 25/26,636.0,Away,Real Madrid,Real Madrid,Benfica,ALL,Defending,Recoveries,33,43,43,33
15452752,2026-02-25,"UEFA Champions League, Knockout stage",UEFA Champions League 25/26,636.0,Away,Real Madrid,Real Madrid,Benfica,ALL,Defending,Tackles won,44%,40%,40%,44%
15452752,2026-02-25,"UEFA Champions League, Knockout stage",UEFA Champions League 25/26,636.0,Away,Real Madrid,Real Madrid,Benfica,ALL,Defending,Total tackles,16,15,15,16
15452752,2026-02-25,"UEFA Champions League, Knockout stage",UEFA Champions League 25/26,636.0,Away,Real Madrid,Real Madrid,Benfica,ALL,Duels,Aerial duels,10/17 (59%),7/17 (41%),7/17 (41%),10/17 (59%)
15452752,2026-02-25,"UEFA Champions League, Knockout stage",UEFA Champions League 25/26,636.0,Away,Real Madrid,Real Madrid,Benfica,ALL,Duels,Dispossessed,5,10,10,5
15452752,2026-02-25,"UEFA Champions League, Knockout stage",UEFA Champions League 25/26,636.0,Away,Real Madrid,Real Madrid,Benfica,ALL,Duels,Dribbles,10/20 (50%),11/17 (65%),11/17 (65%),10/20 (50%)
15452752,2026-02-25,"UEFA Champions League, Knockout stage",UEFA Champions League 25/26,636.0,Away,Real Madrid,Real Madrid,Benfica,ALL,Duels,Duels,55%,45%,45%,55%
15452752,2026-02-25,"UEFA Champions League, Knockout stage",UEFA Champions League 25/26,636.0,Away,Real Madrid,Real Madrid,Benfica,ALL,Duels,Ground duels,41/76 (54%),35/76 (46%),35/76 (46%),41/76 (54%)
15452752,2026-02-25,"UEFA Champions League, Knockout stage",UEFA Champions League 25/26,636.0,Away,Real Madrid,Real Madrid,Benfica,ALL,Goalkeeping,Goal kicks,8,5,5,8
15452752,2026-02-25,"UEFA Champions League, Knockout stage",UEFA Champions League 25/26,636.0,Away,Real Madrid,Real Madrid,Benfica,ALL,Goalkeeping,Goals prevented,-1.13,0.33,0.33,-1.13
15452752,2026-02-25,"UEFA Champions League, Knockout stage",UEFA Champions League 25/26,636.0,Away,Real Madrid,Real Madrid,Benfica,ALL,Goalkeeping,High claims,0,1,1,0
15452752,2026-02-25,"UEFA Champions League, Knockout stage",UEFA Champions League 25/26,636.0,Away,Real Madrid,Real Madrid,Benfica,ALL,Goalkeeping,Total saves,2,4,4,2
15452752,2026-02-25,"UEFA Champions League, Knockout stage",UEFA Champions League 25/26,636.0,Away,Real Madrid,Real Madrid,Benfica,ALL,Match overview,Ball possession,44%,56%,56%,44%
15452752,2026-02-25,"UEFA Champions League, Knockout stage",UEFA Champions League 25/26,636.0,Away,Real Madrid,Real Madrid,Benfica,ALL,Match overview,Big chances,2,2,2,2
15452752,2026-02-25,"UEFA Champions League, Knockout stage",UEFA Champions League 25/26,636.0,Away,Real Madrid,Real Madrid,Benfica,ALL,Match overview,Corner kicks,7,4,4,7
15452752,2026-02-25,"UEFA Champions League, Knockout stage",UEFA Champions League 25/26,636.0,Away,Real Madrid,Real Madrid,Benfica,ALL,Match overview,Distance covered,119.7 km,111.0 km,111.0 km,119.7 km
15452752,2026-02-25,"UEFA Champions League, Knockout stage",UEFA Champions League 25/26,636.0,Away,Real Madrid,Real Madrid,Benfica,ALL,Match overview,Expected goals,1.64,0.98,0.98,1.64
15452752,2026-02-25,"UEFA Champions League, Knockout stage",UEFA Champions League 25/26,636.0,Away,Real Madrid,Real Madrid,Benfica,ALL,Match overview,Fouls,10,16,16,10
15452752,2026-02-25,"UEFA Champions League, Knockout stage",UEFA Champions League 25/26,636.0,Away,Real Madrid,Real Madrid,Benfica,ALL,Match overview,Free kicks,16,10,10,16
15452752,2026-02-25,"UEFA Champions League, Knockout stage",UEFA Champions League 25/26,636.0,Away,Real Madrid,Real Madrid,Benfica,ALL,Match overview,Goalkeeper saves,2,4,4,2
15452752,2026-02-25,"UEFA Champions League, Knockout stage",UEFA Champions League 25/26,636.0,Away,Real Madrid,Real Madrid,Benfica,ALL,Match overview,Number of sprints,100,106,106,100
15452752,2026-02-25,"UEFA Champions League, Knockout stage",UEFA Champions League 25/26,636.0,Away,Real Madrid,Real Madrid,Benfica,ALL,Match overview,Passes,441,573,573,441
15452752,2026-02-25,"UEFA Champions League, Knockout stage",UEFA Champions League 25/26,636.0,Away,Real Madrid,Real Madrid,Benfica,ALL,Match overview,Tackles,16,15,15,16
15452752,2026-02-25,"UEFA Champions League, Knockout stage",UEFA Champions League 25/26,636.0,Away,Real Madrid,Real Madrid,Benfica,ALL,Match overview,Total shots,12,14,14,12
15452752,2026-02-25,"UEFA Champions League, Knockout stage",UEFA Champions League 25/26,636.0,Away,Real Madrid,Real Madrid,Benfica,ALL,Match overview,Yellow cards,2,2,2,2
15452752,2026-02-25,"UEFA Champions League, Knockout stage",UEFA Champions League 25/26,636.0,Away,Real Madrid,Real Madrid,Benfica,ALL,Passes,Accurate passes,381,516,516,381
15452752,2026-02-25,"UEFA Champions League, Knockout stage",UEFA Champions League 25/26,636.0,Away,Real Madrid,Real Madrid,Benfica,ALL,Passes,Crosses,5/20 (25%),2/10 (20%),2/10 (20%),5/20 (25%)
15452752,2026-02-25,"UEFA Champions League, Knockout stage",UEFA Champions League 25/26,636.0,Away,Real Madrid,Real Madrid,Benfica,ALL,Passes,Final third entries,47,54,54,47
15452752,2026-02-25,"UEFA Champions League, Knockout stage",UEFA Champions League 25/26,636.0,Away,Real Madrid,Real Madrid,Benfica,ALL,Passes,Final third phase,69/103 (67%),92/116 (79%),92/116 (79%),69/103 (67%)
15452752,2026-02-25,"UEFA Champions League, Knockout stage",UEFA Champions League 25/26,636.0,Away,Real Madrid,Real Madrid,Benfica,ALL,Passes,Long balls,17/36 (47%),23/46 (50%),23/46 (50%),17/36 (47%)
15452752,2026-02-25,"UEFA Champions League, Knockout stage",UEFA Champions League 25/26,636.0,Away,Real Madrid,Real Madrid,Benfica,ALL,Passes,Throw-ins,12,9,9,12
15452752,2026-02-25,"UEFA Champions League, Knockout stage",UEFA Champions League 25/26,636.0,Away,Real Madrid,Real Madrid,Benfica,ALL,Shots,Blocked shots,5,4,4,5
15452752,2026-02-25,"UEFA Champions League, Knockout stage",UEFA Champions League 25/26,636.0,Away,Real Madrid,Real Madrid,Benfica,ALL,Shots,Hit woodwork,1,0,0,1
15452752,2026-02-25,"UEFA Champions League, Knockout stage",UEFA Champions League 25/26,636.0,Away,Real Madrid,Real Madrid,Benfica,ALL,Shots,Shots inside box,8,10,10,8
15452752,2026-02-25,"UEFA Champions League, Knockout stage",UEFA Champions League 25/26,636.0,Away,Real Madrid,Real Madrid,Benfica,ALL,Shots,Shots off target,3,6,6,3
15452752,2026-02-25,"UEFA Champions League, Knockout stage",UEFA Champions League 25/26,636.0,Away,Real Madrid,Real Madrid,Benfica,ALL,Shots,Shots on target,4,4,4,4
15452752,2026-02-25,"UEFA Champions League, Knockout stage",UEFA Champions League 25/26,636.0,Away,Real Madrid,Real Madrid,Benfica,ALL,Shots,Shots outside box,4,4,4,4
15452752,2026-02-25,"UEFA Champions League, Knockout stage",UEFA Champions League 25/26,636.0,Away,Real Madrid,Real Madrid,Benfica,ALL,Shots,Total shots,12,14,14,12
14288810,2026-03-02,Liga Portugal Betclic,Liga Portugal 25/26,24.0,Away,Gil Vicente,Gil Vicente,Benfica,1ST,Attack,Big chances missed,1,0,0,1
14288810,2026-03-02,Liga Portugal Betclic,Liga Portugal 25/26,24.0,Away,Gil Vicente,Gil Vicente,Benfica,1ST,Attack,Big chances scored,1,0,0,1
14288810,2026-03-02,Liga Portugal Betclic,Liga Portugal 25/26,24.0,Away,Gil Vicente,Gil Vicente,Benfica,1ST,Attack,Fouled in final third,1,0,0,1
14288810,2026-03-02,Liga Portugal Betclic,Liga Portugal 25/26,24.0,Away,Gil Vicente,Gil Vicente,Benfica,1ST,Attack,Offsides,0,1,1,0
14288810,2026-03-02,Liga Portugal Betclic,Liga Portugal 25/26,24.0,Away,Gil Vicente,Gil Vicente,Benfica,1ST,Defending,Clearances,9,14,14,9
14288810,2026-03-02,Liga Portugal Betclic,Liga Portugal 25/26,24.0,Away,Gil Vicente,Gil Vicente,Benfica,1ST,Defending,Interceptions,2,5,5,2
14288810,2026-03-02,Liga Portugal Betclic,Liga Portugal 25/26,24.0,Away,Gil Vicente,Gil Vicente,Benfica,1ST,Defending,Recoveries,27,29,29,27
14288810,2026-03-02,Liga Portugal Betclic,Liga Portugal 25/26,24.0,Away,Gil Vicente,Gil Vicente,Benfica,1ST,Defending,Tackles won,25%,78%,78%,25%
14288810,2026-03-02,Liga Portugal Betclic,Liga Portugal 25/26,24.0,Away,Gil Vicente,Gil Vicente,Benfica,1ST,Defending,Total tackles,8,9,9,8
14288810,2026-03-02,Liga Portugal Betclic,Liga Portugal 25/26,24.0,Away,Gil Vicente,Gil Vicente,Benfica,1ST,Duels,Aerial duels,13/19 (68%),6/19 (32%),6/19 (32%),13/19 (68%)
14288810,2026-03-02,Liga Portugal Betclic,Liga Portugal 25/26,24.0,Away,Gil Vicente,Gil Vicente,Benfica,1ST,Duels,Dispossessed,4,3,3,4
14288810,2026-03-02,Liga Portugal Betclic,Liga Portugal 25/26,24.0,Away,Gil Vicente,Gil Vicente,Benfica,1ST,Duels,Dribbles,2/7 (29%),10/15 (67%),10/15 (67%),2/7 (29%)
14288810,2026-03-02,Liga Portugal Betclic,Liga Portugal 25/26,24.0,Away,Gil Vicente,Gil Vicente,Benfica,1ST,Duels,Duels,53%,47%,47%,53%
14288810,2026-03-02,Liga Portugal Betclic,Liga Portugal 25/26,24.0,Away,Gil Vicente,Gil Vicente,Benfica,1ST,Duels,Ground duels,18/39 (46%),21/39 (54%),21/39 (54%),18/39 (46%)
14288810,2026-03-02,Liga Portugal Betclic,Liga Portugal 25/26,24.0,Away,Gil Vicente,Gil Vicente,Benfica,1ST,Goalkeeping,Goal kicks,4,3,3,4
14288810,2026-03-02,Liga Portugal Betclic,Liga Portugal 25/26,24.0,Away,Gil Vicente,Gil Vicente,Benfica,1ST,Goalkeeping,Total saves,1,1,1,1
14288810,2026-03-02,Liga Portugal Betclic,Liga Portugal 25/26,24.0,Away,Gil Vicente,Gil Vicente,Benfica,1ST,Match overview,Ball possession,55%,45%,45%,55%
14288810,2026-03-02,Liga Portugal Betclic,Liga Portugal 25/26,24.0,Away,Gil Vicente,Gil Vicente,Benfica,1ST,Match overview,Big chances,1,0,0,1
14288810,2026-03-02,Liga Portugal Betclic,Liga Portugal 25/26,24.0,Away,Gil Vicente,Gil Vicente,Benfica,1ST,Match overview,Corner kicks,2,0,0,2
14288810,2026-03-02,Liga Portugal Betclic,Liga Portugal 25/26,24.0,Away,Gil Vicente,Gil Vicente,Benfica,1ST,Match overview,Expected goals,0.57,0.25,0.25,0.57
14288810,2026-03-02,Liga Portugal Betclic,Liga Portugal 25/26,24.0,Away,Gil Vicente,Gil Vicente,Benfica,1ST,Match overview,Fouls,3,8,8,3
14288810,2026-03-02,Liga Portugal Betclic,Liga Portugal 25/26,24.0,Away,Gil Vicente,Gil Vicente,Benfica,1ST,Match overview,Free kicks,8,3,3,8
14288810,2026-03-02,Liga Portugal Betclic,Liga Portugal 25/26,24.0,Away,Gil Vicente,Gil Vicente,Benfica,1ST,Match overview,Goalkeeper saves,1,1,1,1
14288810,2026-03-02,Liga Portugal Betclic,Liga Portugal 25/26,24.0,Away,Gil Vicente,Gil Vicente,Benfica,1ST,Match overview,Passes,233,190,190,233
14288810,2026-03-02,Liga Portugal Betclic,Liga Portugal 25/26,24.0,Away,Gil Vicente,Gil Vicente,Benfica,1ST,Match overview,Tackles,8,9,9,8
14288810,2026-03-02,Liga Portugal Betclic,Liga Portugal 25/26,24.0,Away,Gil Vicente,Gil Vicente,Benfica,1ST,Match overview,Total shots,6,5,5,6
14288810,2026-03-02,Liga Portugal Betclic,Liga Portugal 25/26,24.0,Away,Gil Vicente,Gil Vicente,Benfica,1ST,Match overview,Yellow cards,1,0,0,1
14288810,2026-03-02,Liga Portugal Betclic,Liga Portugal 25/26,24.0,Away,Gil Vicente,Gil Vicente,Benfica,1ST,Passes,Accurate passes,186,155,155,186
14288810,2026-03-02,Liga Portugal Betclic,Liga Portugal 25/26,24.0,Away,Gil Vicente,Gil Vicente,Benfica,1ST,Passes,Crosses,2/6 (33%),1/5 (20%),1/5 (20%),2/6 (33%)
14288810,2026-03-02,Liga Portugal Betclic,Liga Portugal 25/26,24.0,Away,Gil Vicente,Gil Vicente,Benfica,1ST,Passes,Final third entries,24,18,18,24
14288810,2026-03-02,Liga Portugal Betclic,Liga Portugal 25/26,24.0,Away,Gil Vicente,Gil Vicente,Benfica,1ST,Passes,Long balls,11/25 (44%),13/23 (57%),13/23 (57%),11/25 (44%)
14288810,2026-03-02,Liga Portugal Betclic,Liga Portugal 25/26,24.0,Away,Gil Vicente,Gil Vicente,Benfica,1ST,Passes,Throw-ins,11,11,11,11
14288810,2026-03-02,Liga Portugal Betclic,Liga Portugal 25/26,24.0,Away,Gil Vicente,Gil Vicente,Benfica,1ST,Shots,Blocked shots,1,0,0,1
14288810,2026-03-02,Liga Portugal Betclic,Liga Portugal 25/26,24.0,Away,Gil Vicente,Gil Vicente,Benfica,1ST,Shots,Hit woodwork,1,0,0,1
14288810,2026-03-02,Liga Portugal Betclic,Liga Portugal 25/26,24.0,Away,Gil Vicente,Gil Vicente,Benfica,1ST,Shots,Shots inside box,4,1,1,4
14288810,2026-03-02,Liga Portugal Betclic,Liga Portugal 25/26,24.0,Away,Gil Vicente,Gil Vicente,Benfica,1ST,Shots,Shots off target,3,4,4,3
14288810,2026-03-02,Liga Portugal Betclic,Liga Portugal 25/26,24.0,Away,Gil Vicente,Gil Vicente,Benfica,1ST,Shots,Shots on target,2,1,1,2
14288810,2026-03-02,Liga Portugal Betclic,Liga Portugal 25/26,24.0,Away,Gil Vicente,Gil Vicente,Benfica,1ST,Shots,Shots outside box,2,4,4,2
14288810,2026-03-02,Liga Portugal Betclic,Liga Portugal 25/26,24.0,Away,Gil Vicente,Gil Vicente,Benfica,1ST,Shots,Total shots,6,5,5,6
14288810,2026-03-02,Liga Portugal Betclic,Liga Portugal 25/26,24.0,Away,Gil Vicente,Gil Vicente,Benfica,2ND,Attack,Big chances missed,0,0,0,0
14288810,2026-03-02,Liga Portugal Betclic,Liga Portugal 25/26,24.0,Away,Gil Vicente,Gil Vicente,Benfica,2ND,Attack,Big chances scored,1,1,1,1
14288810,2026-03-02,Liga Portugal Betclic,Liga Portugal 25/26,24.0,Away,Gil Vicente,Gil Vicente,Benfica,2ND,Attack,Fouled in final third,0,0,0,0
14288810,2026-03-02,Liga Portugal Betclic,Liga Portugal 25/26,24.0,Away,Gil Vicente,Gil Vicente,Benfica,2ND,Attack,Offsides,0,1,1,0
14288810,2026-03-02,Liga Portugal Betclic,Liga Portugal 25/26,24.0,Away,Gil Vicente,Gil Vicente,Benfica,2ND,Defending,Clearances,7,17,17,7
14288810,2026-03-02,Liga Portugal Betclic,Liga Portugal 25/26,24.0,Away,Gil Vicente,Gil Vicente,Benfica,2ND,Defending,Interceptions,4,9,9,4
14288810,2026-03-02,Liga Portugal Betclic,Liga Portugal 25/26,24.0,Away,Gil Vicente,Gil Vicente,Benfica,2ND,Defending,Recoveries,21,24,24,21
14288810,2026-03-02,Liga Portugal Betclic,Liga Portugal 25/26,24.0,Away,Gil Vicente,Gil Vicente,Benfica,2ND,Defending,Tackles won,100%,63%,63%,100%
14288810,2026-03-02,Liga Portugal Betclic,Liga Portugal 25/26,24.0,Away,Gil Vicente,Gil Vicente,Benfica,2ND,Defending,Total tackles,3,8,8,3
14288810,2026-03-02,Liga Portugal Betclic,Liga Portugal 25/26,24.0,Away,Gil Vicente,Gil Vicente,Benfica,2ND,Duels,Aerial duels,10/20 (50%),10/20 (50%),10/20 (50%),10/20 (50%)
14288810,2026-03-02,Liga Portugal Betclic,Liga Portugal 25/26,24.0,Away,Gil Vicente,Gil Vicente,Benfica,2ND,Duels,Dispossessed,5,0,0,5
14288810,2026-03-02,Liga Portugal Betclic,Liga Portugal 25/26,24.0,Away,Gil Vicente,Gil Vicente,Benfica,2ND,Duels,Dribbles,7/10 (70%),7/10 (70%),7/10 (70%),7/10 (70%)
14288810,2026-03-02,Liga Portugal Betclic,Liga Portugal 25/26,24.0,Away,Gil Vicente,Gil Vicente,Benfica,2ND,Duels,Duels,45%,55%,55%,45%
14288810,2026-03-02,Liga Portugal Betclic,Liga Portugal 25/26,24.0,Away,Gil Vicente,Gil Vicente,Benfica,2ND,Duels,Ground duels,17/40 (43%),23/40 (57%),23/40 (57%),17/40 (43%)
14288810,2026-03-02,Liga Portugal Betclic,Liga Portugal 25/26,24.0,Away,Gil Vicente,Gil Vicente,Benfica,2ND,Goalkeeping,Goal kicks,6,6,6,6
14288810,2026-03-02,Liga Portugal Betclic,Liga Portugal 25/26,24.0,Away,Gil Vicente,Gil Vicente,Benfica,2ND,Goalkeeping,Total saves,3,0,0,3
14288810,2026-03-02,Liga Portugal Betclic,Liga Portugal 25/26,24.0,Away,Gil Vicente,Gil Vicente,Benfica,2ND,Match overview,Ball possession,46%,54%,54%,46%
14288810,2026-03-02,Liga Portugal Betclic,Liga Portugal 25/26,24.0,Away,Gil Vicente,Gil Vicente,Benfica,2ND,Match overview,Big chances,1,1,1,1
14288810,2026-03-02,Liga Portugal Betclic,Liga Portugal 25/26,24.0,Away,Gil Vicente,Gil Vicente,Benfica,2ND,Match overview,Corner kicks,1,5,5,1
14288810,2026-03-02,Liga Portugal Betclic,Liga Portugal 25/26,24.0,Away,Gil Vicente,Gil Vicente,Benfica,2ND,Match overview,Expected goals,0.18,0.64,0.64,0.18
14288810,2026-03-02,Liga Portugal Betclic,Liga Portugal 25/26,24.0,Away,Gil Vicente,Gil Vicente,Benfica,2ND,Match overview,Fouls,9,8,8,9
14288810,2026-03-02,Liga Portugal Betclic,Liga Portugal 25/26,24.0,Away,Gil Vicente,Gil Vicente,Benfica,2ND,Match overview,Free kicks,8,9,9,8
14288810,2026-03-02,Liga Portugal Betclic,Liga Portugal 25/26,24.0,Away,Gil Vicente,Gil Vicente,Benfica,2ND,Match overview,Goalkeeper saves,3,0,0,3
14288810,2026-03-02,Liga Portugal Betclic,Liga Portugal 25/26,24.0,Away,Gil Vicente,Gil Vicente,Benfica,2ND,Match overview,Passes,171,193,193,171
14288810,2026-03-02,Liga Portugal Betclic,Liga Portugal 25/26,24.0,Away,Gil Vicente,Gil Vicente,Benfica,2ND,Match overview,Tackles,3,8,8,3
14288810,2026-03-02,Liga Portugal Betclic,Liga Portugal 25/26,24.0,Away,Gil Vicente,Gil Vicente,Benfica,2ND,Match overview,Total shots,4,8,8,4
14288810,2026-03-02,Liga Portugal Betclic,Liga Portugal 25/26,24.0,Away,Gil Vicente,Gil Vicente,Benfica,2ND,Match overview,Yellow cards,2,2,2,2
14288810,2026-03-02,Liga Portugal Betclic,Liga Portugal 25/26,24.0,Away,Gil Vicente,Gil Vicente,Benfica,2ND,Passes,Accurate passes,122,154,154,122
14288810,2026-03-02,Liga Portugal Betclic,Liga Portugal 25/26,24.0,Away,Gil Vicente,Gil Vicente,Benfica,2ND,Passes,Crosses,1/5 (20%),4/12 (33%),4/12 (33%),1/5 (20%)
14288810,2026-03-02,Liga Portugal Betclic,Liga Portugal 25/26,24.0,Away,Gil Vicente,Gil Vicente,Benfica,2ND,Passes,Final third entries,30,13,13,30
14288810,2026-03-02,Liga Portugal Betclic,Liga Portugal 25/26,24.0,Away,Gil Vicente,Gil Vicente,Benfica,2ND,Passes,Long balls,8/25 (32%),11/27 (41%),11/27 (41%),8/25 (32%)
14288810,2026-03-02,Liga Portugal Betclic,Liga Portugal 25/26,24.0,Away,Gil Vicente,Gil Vicente,Benfica,2ND,Passes,Throw-ins,13,7,7,13
14288810,2026-03-02,Liga Portugal Betclic,Liga Portugal 25/26,24.0,Away,Gil Vicente,Gil Vicente,Benfica,2ND,Shots,Blocked shots,1,1,1,1
14288810,2026-03-02,Liga Portugal Betclic,Liga Portugal 25/26,24.0,Away,Gil Vicente,Gil Vicente,Benfica,2ND,Shots,Hit woodwork,0,1,1,0
14288810,2026-03-02,Liga Portugal Betclic,Liga Portugal 25/26,24.0,Away,Gil Vicente,Gil Vicente,Benfica,2ND,Shots,Shots inside box,2,4,4,2
14288810,2026-03-02,Liga Portugal Betclic,Liga Portugal 25/26,24.0,Away,Gil Vicente,Gil Vicente,Benfica,2ND,Shots,Shots off target,2,3,3,2
14288810,2026-03-02,Liga Portugal Betclic,Liga Portugal 25/26,24.0,Away,Gil Vicente,Gil Vicente,Benfica,2ND,Shots,Shots on target,1,4,4,1
14288810,2026-03-02,Liga Portugal Betclic,Liga Portugal 25/26,24.0,Away,Gil Vicente,Gil Vicente,Benfica,2ND,Shots,Shots outside box,2,4,4,2
14288810,2026-03-02,Liga Portugal Betclic,Liga Portugal 25/26,24.0,Away,Gil Vicente,Gil Vicente,Benfica,2ND,Shots,Total shots,4,8,8,4
14288810,2026-03-02,Liga Portugal Betclic,Liga Portugal 25/26,24.0,Away,Gil Vicente,Gil Vicente,Benfica,ALL,Attack,Big chances missed,1,0,0,1
14288810,2026-03-02,Liga Portugal Betclic,Liga Portugal 25/26,24.0,Away,Gil Vicente,Gil Vicente,Benfica,ALL,Attack,Big chances scored,1,1,1,1
14288810,2026-03-02,Liga Portugal Betclic,Liga Portugal 25/26,24.0,Away,Gil Vicente,Gil Vicente,Benfica,ALL,Attack,Fouled in final third,1,0,0,1
14288810,2026-03-02,Liga Portugal Betclic,Liga Portugal 25/26,24.0,Away,Gil Vicente,Gil Vicente,Benfica,ALL,Attack,Offsides,0,2,2,0
14288810,2026-03-02,Liga Portugal Betclic,Liga Portugal 25/26,24.0,Away,Gil Vicente,Gil Vicente,Benfica,ALL,Attack,Touches in penalty area,32,17,17,32
14288810,2026-03-02,Liga Portugal Betclic,Liga Portugal 25/26,24.0,Away,Gil Vicente,Gil Vicente,Benfica,ALL,Defending,Clearances,16,31,31,16
14288810,2026-03-02,Liga Portugal Betclic,Liga Portugal 25/26,24.0,Away,Gil Vicente,Gil Vicente,Benfica,ALL,Defending,Errors lead to a goal,0,1,1,0
14288810,2026-03-02,Liga Portugal Betclic,Liga Portugal 25/26,24.0,Away,Gil Vicente,Gil Vicente,Benfica,ALL,Defending,Interceptions,6,14,14,6
14288810,2026-03-02,Liga Portugal Betclic,Liga Portugal 25/26,24.0,Away,Gil Vicente,Gil Vicente,Benfica,ALL,Defending,Recoveries,48,53,53,48
14288810,2026-03-02,Liga Portugal Betclic,Liga Portugal 25/26,24.0,Away,Gil Vicente,Gil Vicente,Benfica,ALL,Defending,Tackles won,45%,71%,71%,45%
14288810,2026-03-02,Liga Portugal Betclic,Liga Portugal 25/26,24.0,Away,Gil Vicente,Gil Vicente,Benfica,ALL,Defending,Total tackles,11,17,17,11
14288810,2026-03-02,Liga Portugal Betclic,Liga Portugal 25/26,24.0,Away,Gil Vicente,Gil Vicente,Benfica,ALL,Duels,Aerial duels,23/39 (59%),16/39 (41%),16/39 (41%),23/39 (59%)
14288810,2026-03-02,Liga Portugal Betclic,Liga Portugal 25/26,24.0,Away,Gil Vicente,Gil Vicente,Benfica,ALL,Duels,Dispossessed,9,3,3,9
14288810,2026-03-02,Liga Portugal Betclic,Liga Portugal 25/26,24.0,Away,Gil Vicente,Gil Vicente,Benfica,ALL,Duels,Dribbles,9/17 (53%),17/25 (68%),17/25 (68%),9/17 (53%)
14288810,2026-03-02,Liga Portugal Betclic,Liga Portugal 25/26,24.0,Away,Gil Vicente,Gil Vicente,Benfica,ALL,Duels,Duels,49%,51%,51%,49%
14288810,2026-03-02,Liga Portugal Betclic,Liga Portugal 25/26,24.0,Away,Gil Vicente,Gil Vicente,Benfica,ALL,Duels,Ground duels,35/79 (44%),44/79 (56%),44/79 (56%),35/79 (44%)
14288810,2026-03-02,Liga Portugal Betclic,Liga Portugal 25/26,24.0,Away,Gil Vicente,Gil Vicente,Benfica,ALL,Goalkeeping,Big saves,3,0,0,3
14288810,2026-03-02,Liga Portugal Betclic,Liga Portugal 25/26,24.0,Away,Gil Vicente,Gil Vicente,Benfica,ALL,Goalkeeping,Goal kicks,10,9,9,10
14288810,2026-03-02,Liga Portugal Betclic,Liga Portugal 25/26,24.0,Away,Gil Vicente,Gil Vicente,Benfica,ALL,Goalkeeping,Goals prevented,0.26,-1.16,-1.16,0.26
14288810,2026-03-02,Liga Portugal Betclic,Liga Portugal 25/26,24.0,Away,Gil Vicente,Gil Vicente,Benfica,ALL,Goalkeeping,High claims,0,1,1,0
14288810,2026-03-02,Liga Portugal Betclic,Liga Portugal 25/26,24.0,Away,Gil Vicente,Gil Vicente,Benfica,ALL,Goalkeeping,Total saves,4,1,1,4
14288810,2026-03-02,Liga Portugal Betclic,Liga Portugal 25/26,24.0,Away,Gil Vicente,Gil Vicente,Benfica,ALL,Match overview,Ball possession,51%,49%,49%,51%
14288810,2026-03-02,Liga Portugal Betclic,Liga Portugal 25/26,24.0,Away,Gil Vicente,Gil Vicente,Benfica,ALL,Match overview,Big chances,1,1,1,1
14288810,2026-03-02,Liga Portugal Betclic,Liga Portugal 25/26,24.0,Away,Gil Vicente,Gil Vicente,Benfica,ALL,Match overview,Corner kicks,3,5,5,3
14288810,2026-03-02,Liga Portugal Betclic,Liga Portugal 25/26,24.0,Away,Gil Vicente,Gil Vicente,Benfica,ALL,Match overview,Distance covered,102.0 km,100.7 km,100.7 km,102.0 km
14288810,2026-03-02,Liga Portugal Betclic,Liga Portugal 25/26,24.0,Away,Gil Vicente,Gil Vicente,Benfica,ALL,Match overview,Expected goals,0.75,0.88,0.88,0.75
14288810,2026-03-02,Liga Portugal Betclic,Liga Portugal 25/26,24.0,Away,Gil Vicente,Gil Vicente,Benfica,ALL,Match overview,Fouls,12,16,16,12
14288810,2026-03-02,Liga Portugal Betclic,Liga Portugal 25/26,24.0,Away,Gil Vicente,Gil Vicente,Benfica,ALL,Match overview,Free kicks,16,12,12,16
14288810,2026-03-02,Liga Portugal Betclic,Liga Portugal 25/26,24.0,Away,Gil Vicente,Gil Vicente,Benfica,ALL,Match overview,Goalkeeper saves,4,1,1,4
14288810,2026-03-02,Liga Portugal Betclic,Liga Portugal 25/26,24.0,Away,Gil Vicente,Gil Vicente,Benfica,ALL,Match overview,Number of sprints,177,178,178,177
14288810,2026-03-02,Liga Portugal Betclic,Liga Portugal 25/26,24.0,Away,Gil Vicente,Gil Vicente,Benfica,ALL,Match overview,Passes,404,383,383,404
14288810,2026-03-02,Liga Portugal Betclic,Liga Portugal 25/26,24.0,Away,Gil Vicente,Gil Vicente,Benfica,ALL,Match overview,Tackles,11,17,17,11
14288810,2026-03-02,Liga Portugal Betclic,Liga Portugal 25/26,24.0,Away,Gil Vicente,Gil Vicente,Benfica,ALL,Match overview,Total shots,10,13,13,10
14288810,2026-03-02,Liga Portugal Betclic,Liga Portugal 25/26,24.0,Away,Gil Vicente,Gil Vicente,Benfica,ALL,Match overview,Yellow cards,3,2,2,3
14288810,2026-03-02,Liga Portugal Betclic,Liga Portugal 25/26,24.0,Away,Gil Vicente,Gil Vicente,Benfica,ALL,Passes,Accurate passes,308,309,309,308
14288810,2026-03-02,Liga Portugal Betclic,Liga Portugal 25/26,24.0,Away,Gil Vicente,Gil Vicente,Benfica,ALL,Passes,Crosses,3/11 (27%),5/17 (29%),5/17 (29%),3/11 (27%)
14288810,2026-03-02,Liga Portugal Betclic,Liga Portugal 25/26,24.0,Away,Gil Vicente,Gil Vicente,Benfica,ALL,Passes,Final third entries,54,31,31,54
14288810,2026-03-02,Liga Portugal Betclic,Liga Portugal 25/26,24.0,Away,Gil Vicente,Gil Vicente,Benfica,ALL,Passes,Final third phase,91/149 (61%),57/88 (65%),57/88 (65%),91/149 (61%)
14288810,2026-03-02,Liga Portugal Betclic,Liga Portugal 25/26,24.0,Away,Gil Vicente,Gil Vicente,Benfica,ALL,Passes,Long balls,19/50 (38%),24/50 (48%),24/50 (48%),19/50 (38%)
14288810,2026-03-02,Liga Portugal Betclic,Liga Portugal 25/26,24.0,Away,Gil Vicente,Gil Vicente,Benfica,ALL,Passes,Throw-ins,24,18,18,24
14288810,2026-03-02,Liga Portugal Betclic,Liga Portugal 25/26,24.0,Away,Gil Vicente,Gil Vicente,Benfica,ALL,Shots,Blocked shots,2,1,1,2
14288810,2026-03-02,Liga Portugal Betclic,Liga Portugal 25/26,24.0,Away,Gil Vicente,Gil Vicente,Benfica,ALL,Shots,Hit woodwork,1,1,1,1
14288810,2026-03-02,Liga Portugal Betclic,Liga Portugal 25/26,24.0,Away,Gil Vicente,Gil Vicente,Benfica,ALL,Shots,Shots inside box,6,5,5,6
14288810,2026-03-02,Liga Portugal Betclic,Liga Portugal 25/26,24.0,Away,Gil Vicente,Gil Vicente,Benfica,ALL,Shots,Shots off target,5,7,7,5
14288810,2026-03-02,Liga Portugal Betclic,Liga Portugal 25/26,24.0,Away,Gil Vicente,Gil Vicente,Benfica,ALL,Shots,Shots on target,3,5,5,3
14288810,2026-03-02,Liga Portugal Betclic,Liga Portugal 25/26,24.0,Away,Gil Vicente,Gil Vicente,Benfica,ALL,Shots,Shots outside box,4,8,8,4
14288810,2026-03-02,Liga Portugal Betclic,Liga Portugal 25/26,24.0,Away,Gil Vicente,Gil Vicente,Benfica,ALL,Shots,Total shots,10,13,13,10
14288822,2026-03-08,Liga Portugal Betclic,Liga Portugal 25/26,25.0,Home,FC Porto,Benfica,FC Porto,1ST,Attack,Big chances missed,0,0,0,0
14288822,2026-03-08,Liga Portugal Betclic,Liga Portugal 25/26,25.0,Home,FC Porto,Benfica,FC Porto,1ST,Attack,Big chances scored,0,2,0,2
14288822,2026-03-08,Liga Portugal Betclic,Liga Portugal 25/26,25.0,Home,FC Porto,Benfica,FC Porto,1ST,Attack,Fouled in final third,2,1,2,1
14288822,2026-03-08,Liga Portugal Betclic,Liga Portugal 25/26,25.0,Home,FC Porto,Benfica,FC Porto,1ST,Attack,Offsides,0,0,0,0
14288822,2026-03-08,Liga Portugal Betclic,Liga Portugal 25/26,25.0,Home,FC Porto,Benfica,FC Porto,1ST,Attack,Through balls,0,1,0,1
14288822,2026-03-08,Liga Portugal Betclic,Liga Portugal 25/26,25.0,Home,FC Porto,Benfica,FC Porto,1ST,Defending,Clearances,7,16,7,16
14288822,2026-03-08,Liga Portugal Betclic,Liga Portugal 25/26,25.0,Home,FC Porto,Benfica,FC Porto,1ST,Defending,Interceptions,5,8,5,8
14288822,2026-03-08,Liga Portugal Betclic,Liga Portugal 25/26,25.0,Home,FC Porto,Benfica,FC Porto,1ST,Defending,Recoveries,24,26,24,26
14288822,2026-03-08,Liga Portugal Betclic,Liga Portugal 25/26,25.0,Home,FC Porto,Benfica,FC Porto,1ST,Defending,Tackles won,42%,43%,42%,43%
14288822,2026-03-08,Liga Portugal Betclic,Liga Portugal 25/26,25.0,Home,FC Porto,Benfica,FC Porto,1ST,Defending,Total tackles,12,14,12,14
14288822,2026-03-08,Liga Portugal Betclic,Liga Portugal 25/26,25.0,Home,FC Porto,Benfica,FC Porto,1ST,Duels,Aerial duels,8/10 (80%),2/10 (20%),8/10 (80%),2/10 (20%)
14288822,2026-03-08,Liga Portugal Betclic,Liga Portugal 25/26,25.0,Home,FC Porto,Benfica,FC Porto,1ST,Duels,Dispossessed,9,8,9,8
14288822,2026-03-08,Liga Portugal Betclic,Liga Portugal 25/26,25.0,Home,FC Porto,Benfica,FC Porto,1ST,Duels,Dribbles,4/9 (44%),2/6 (33%),4/9 (44%),2/6 (33%)
14288822,2026-03-08,Liga Portugal Betclic,Liga Portugal 25/26,25.0,Home,FC Porto,Benfica,FC Porto,1ST,Duels,Duels,58%,42%,58%,42%
14288822,2026-03-08,Liga Portugal Betclic,Liga Portugal 25/26,25.0,Home,FC Porto,Benfica,FC Porto,1ST,Duels,Ground duels,23/43 (53%),20/43 (47%),23/43 (53%),20/43 (47%)
14288822,2026-03-08,Liga Portugal Betclic,Liga Portugal 25/26,25.0,Home,FC Porto,Benfica,FC Porto,1ST,Goalkeeping,Goal kicks,2,3,2,3
14288822,2026-03-08,Liga Portugal Betclic,Liga Portugal 25/26,25.0,Home,FC Porto,Benfica,FC Porto,1ST,Goalkeeping,Total saves,2,4,2,4
14288822,2026-03-08,Liga Portugal Betclic,Liga Portugal 25/26,25.0,Home,FC Porto,Benfica,FC Porto,1ST,Match overview,Ball possession,54%,46%,54%,46%
14288822,2026-03-08,Liga Portugal Betclic,Liga Portugal 25/26,25.0,Home,FC Porto,Benfica,FC Porto,1ST,Match overview,Big chances,0,2,0,2
14288822,2026-03-08,Liga Portugal Betclic,Liga Portugal 25/26,25.0,Home,FC Porto,Benfica,FC Porto,1ST,Match overview,Corner kicks,4,1,4,1
14288822,2026-03-08,Liga Portugal Betclic,Liga Portugal 25/26,25.0,Home,FC Porto,Benfica,FC Porto,1ST,Match overview,Expected goals,0.34,1.67,0.34,1.67
14288822,2026-03-08,Liga Portugal Betclic,Liga Portugal 25/26,25.0,Home,FC Porto,Benfica,FC Porto,1ST,Match overview,Fouls,4,7,4,7
14288822,2026-03-08,Liga Portugal Betclic,Liga Portugal 25/26,25.0,Home,FC Porto,Benfica,FC Porto,1ST,Match overview,Free kicks,7,4,7,4
14288822,2026-03-08,Liga Portugal Betclic,Liga Portugal 25/26,25.0,Home,FC Porto,Benfica,FC Porto,1ST,Match overview,Goalkeeper saves,2,4,2,4
14288822,2026-03-08,Liga Portugal Betclic,Liga Portugal 25/26,25.0,Home,FC Porto,Benfica,FC Porto,1ST,Match overview,Passes,191,167,191,167
14288822,2026-03-08,Liga Portugal Betclic,Liga Portugal 25/26,25.0,Home,FC Porto,Benfica,FC Porto,1ST,Match overview,Tackles,12,14,12,14
14288822,2026-03-08,Liga Portugal Betclic,Liga Portugal 25/26,25.0,Home,FC Porto,Benfica,FC Porto,1ST,Match overview,Total shots,9,8,9,8
14288822,2026-03-08,Liga Portugal Betclic,Liga Portugal 25/26,25.0,Home,FC Porto,Benfica,FC Porto,1ST,Match overview,Yellow cards,1,3,1,3
14288822,2026-03-08,Liga Portugal Betclic,Liga Portugal 25/26,25.0,Home,FC Porto,Benfica,FC Porto,1ST,Passes,Accurate passes,156,128,156,128
14288822,2026-03-08,Liga Portugal Betclic,Liga Portugal 25/26,25.0,Home,FC Porto,Benfica,FC Porto,1ST,Passes,Crosses,2/15 (13%),2/5 (40%),2/15 (13%),2/5 (40%)
14288822,2026-03-08,Liga Portugal Betclic,Liga Portugal 25/26,25.0,Home,FC Porto,Benfica,FC Porto,1ST,Passes,Final third entries,26,14,26,14
14288822,2026-03-08,Liga Portugal Betclic,Liga Portugal 25/26,25.0,Home,FC Porto,Benfica,FC Porto,1ST,Passes,Long balls,7/15 (47%),7/22 (32%),7/15 (47%),7/22 (32%)
14288822,2026-03-08,Liga Portugal Betclic,Liga Portugal 25/26,25.0,Home,FC Porto,Benfica,FC Porto,1ST,Passes,Throw-ins,10,9,10,9
14288822,2026-03-08,Liga Portugal Betclic,Liga Portugal 25/26,25.0,Home,FC Porto,Benfica,FC Porto,1ST,Shots,Blocked shots,3,2,3,2
14288822,2026-03-08,Liga Portugal Betclic,Liga Portugal 25/26,25.0,Home,FC Porto,Benfica,FC Porto,1ST,Shots,Hit woodwork,0,0,0,0
14288822,2026-03-08,Liga Portugal Betclic,Liga Portugal 25/26,25.0,Home,FC Porto,Benfica,FC Porto,1ST,Shots,Shots inside box,5,3,5,3
14288822,2026-03-08,Liga Portugal Betclic,Liga Portugal 25/26,25.0,Home,FC Porto,Benfica,FC Porto,1ST,Shots,Shots off target,3,2,3,2
14288822,2026-03-08,Liga Portugal Betclic,Liga Portugal 25/26,25.0,Home,FC Porto,Benfica,FC Porto,1ST,Shots,Shots on target,3,4,3,4
14288822,2026-03-08,Liga Portugal Betclic,Liga Portugal 25/26,25.0,Home,FC Porto,Benfica,FC Porto,1ST,Shots,Shots outside box,4,5,4,5
14288822,2026-03-08,Liga Portugal Betclic,Liga Portugal 25/26,25.0,Home,FC Porto,Benfica,FC Porto,1ST,Shots,Total shots,9,8,9,8
14288822,2026-03-08,Liga Portugal Betclic,Liga Portugal 25/26,25.0,Home,FC Porto,Benfica,FC Porto,2ND,Attack,Big chances missed,0,1,0,1
14288822,2026-03-08,Liga Portugal Betclic,Liga Portugal 25/26,25.0,Home,FC Porto,Benfica,FC Porto,2ND,Attack,Big chances scored,2,0,2,0
14288822,2026-03-08,Liga Portugal Betclic,Liga Portugal 25/26,25.0,Home,FC Porto,Benfica,FC Porto,2ND,Attack,Fouled in final third,2,1,2,1
14288822,2026-03-08,Liga Portugal Betclic,Liga Portugal 25/26,25.0,Home,FC Porto,Benfica,FC Porto,2ND,Attack,Offsides,0,1,0,1
14288822,2026-03-08,Liga Portugal Betclic,Liga Portugal 25/26,25.0,Home,FC Porto,Benfica,FC Porto,2ND,Attack,Through balls,0,0,0,0
14288822,2026-03-08,Liga Portugal Betclic,Liga Portugal 25/26,25.0,Home,FC Porto,Benfica,FC Porto,2ND,Defending,Clearances,3,28,3,28
14288822,2026-03-08,Liga Portugal Betclic,Liga Portugal 25/26,25.0,Home,FC Porto,Benfica,FC Porto,2ND,Defending,Interceptions,2,9,2,9
14288822,2026-03-08,Liga Portugal Betclic,Liga Portugal 25/26,25.0,Home,FC Porto,Benfica,FC Porto,2ND,Defending,Recoveries,25,27,25,27
14288822,2026-03-08,Liga Portugal Betclic,Liga Portugal 25/26,25.0,Home,FC Porto,Benfica,FC Porto,2ND,Defending,Tackles won,75%,60%,75%,60%
14288822,2026-03-08,Liga Portugal Betclic,Liga Portugal 25/26,25.0,Home,FC Porto,Benfica,FC Porto,2ND,Defending,Total tackles,8,10,8,10
14288822,2026-03-08,Liga Portugal Betclic,Liga Portugal 25/26,25.0,Home,FC Porto,Benfica,FC Porto,2ND,Duels,Aerial duels,5/13 (38%),8/13 (62%),5/13 (38%),8/13 (62%)
14288822,2026-03-08,Liga Portugal Betclic,Liga Portugal 25/26,25.0,Home,FC Porto,Benfica,FC Porto,2ND,Duels,Dispossessed,3,5,3,5
14288822,2026-03-08,Liga Portugal Betclic,Liga Portugal 25/26,25.0,Home,FC Porto,Benfica,FC Porto,2ND,Duels,Dribbles,8/15 (53%),8/11 (73%),8/15 (53%),8/11 (73%)
14288822,2026-03-08,Liga Portugal Betclic,Liga Portugal 25/26,25.0,Home,FC Porto,Benfica,FC Porto,2ND,Duels,Duels,48%,52%,48%,52%
14288822,2026-03-08,Liga Portugal Betclic,Liga Portugal 25/26,25.0,Home,FC Porto,Benfica,FC Porto,2ND,Duels,Ground duels,25/50 (50%),25/50 (50%),25/50 (50%),25/50 (50%)
14288822,2026-03-08,Liga Portugal Betclic,Liga Portugal 25/26,25.0,Home,FC Porto,Benfica,FC Porto,2ND,Goalkeeping,Goal kicks,4,3,4,3
14288822,2026-03-08,Liga Portugal Betclic,Liga Portugal 25/26,25.0,Home,FC Porto,Benfica,FC Porto,2ND,Goalkeeping,Total saves,2,1,2,1
14288822,2026-03-08,Liga Portugal Betclic,Liga Portugal 25/26,25.0,Home,FC Porto,Benfica,FC Porto,2ND,Match overview,Ball possession,65%,35%,65%,35%
14288822,2026-03-08,Liga Portugal Betclic,Liga Portugal 25/26,25.0,Home,FC Porto,Benfica,FC Porto,2ND,Match overview,Big chances,2,1,2,1
14288822,2026-03-08,Liga Portugal Betclic,Liga Portugal 25/26,25.0,Home,FC Porto,Benfica,FC Porto,2ND,Match overview,Corner kicks,4,1,4,1
14288822,2026-03-08,Liga Portugal Betclic,Liga Portugal 25/26,25.0,Home,FC Porto,Benfica,FC Porto,2ND,Match overview,Expected goals,0.88,0.46,0.88,0.46
14288822,2026-03-08,Liga Portugal Betclic,Liga Portugal 25/26,25.0,Home,FC Porto,Benfica,FC Porto,2ND,Match overview,Fouls,7,10,7,10
14288822,2026-03-08,Liga Portugal Betclic,Liga Portugal 25/26,25.0,Home,FC Porto,Benfica,FC Porto,2ND,Match overview,Free kicks,10,7,10,7
14288822,2026-03-08,Liga Portugal Betclic,Liga Portugal 25/26,25.0,Home,FC Porto,Benfica,FC Porto,2ND,Match overview,Goalkeeper saves,2,1,2,1
14288822,2026-03-08,Liga Portugal Betclic,Liga Portugal 25/26,25.0,Home,FC Porto,Benfica,FC Porto,2ND,Match overview,Passes,253,146,253,146
14288822,2026-03-08,Liga Portugal Betclic,Liga Portugal 25/26,25.0,Home,FC Porto,Benfica,FC Porto,2ND,Match overview,Tackles,8,10,8,10
14288822,2026-03-08,Liga Portugal Betclic,Liga Portugal 25/26,25.0,Home,FC Porto,Benfica,FC Porto,2ND,Match overview,Total shots,11,6,11,6
14288822,2026-03-08,Liga Portugal Betclic,Liga Portugal 25/26,25.0,Home,FC Porto,Benfica,FC Porto,2ND,Match overview,Yellow cards,2,4,2,4
14288822,2026-03-08,Liga Portugal Betclic,Liga Portugal 25/26,25.0,Home,FC Porto,Benfica,FC Porto,2ND,Passes,Accurate passes,208,109,208,109
14288822,2026-03-08,Liga Portugal Betclic,Liga Portugal 25/26,25.0,Home,FC Porto,Benfica,FC Porto,2ND,Passes,Crosses,3/15 (20%),1/2 (50%),3/15 (20%),1/2 (50%)
14288822,2026-03-08,Liga Portugal Betclic,Liga Portugal 25/26,25.0,Home,FC Porto,Benfica,FC Porto,2ND,Passes,Final third entries,33,18,33,18
14288822,2026-03-08,Liga Portugal Betclic,Liga Portugal 25/26,25.0,Home,FC Porto,Benfica,FC Porto,2ND,Passes,Long balls,7/21 (33%),7/25 (28%),7/21 (33%),7/25 (28%)
14288822,2026-03-08,Liga Portugal Betclic,Liga Portugal 25/26,25.0,Home,FC Porto,Benfica,FC Porto,2ND,Passes,Throw-ins,10,8,10,8
14288822,2026-03-08,Liga Portugal Betclic,Liga Portugal 25/26,25.0,Home,FC Porto,Benfica,FC Porto,2ND,Shots,Blocked shots,6,2,6,2
14288822,2026-03-08,Liga Portugal Betclic,Liga Portugal 25/26,25.0,Home,FC Porto,Benfica,FC Porto,2ND,Shots,Hit woodwork,1,0,1,0
14288822,2026-03-08,Liga Portugal Betclic,Liga Portugal 25/26,25.0,Home,FC Porto,Benfica,FC Porto,2ND,Shots,Shots inside box,7,4,7,4
14288822,2026-03-08,Liga Portugal Betclic,Liga Portugal 25/26,25.0,Home,FC Porto,Benfica,FC Porto,2ND,Shots,Shots off target,2,2,2,2
14288822,2026-03-08,Liga Portugal Betclic,Liga Portugal 25/26,25.0,Home,FC Porto,Benfica,FC Porto,2ND,Shots,Shots on target,3,2,3,2
14288822,2026-03-08,Liga Portugal Betclic,Liga Portugal 25/26,25.0,Home,FC Porto,Benfica,FC Porto,2ND,Shots,Shots outside box,4,2,4,2
14288822,2026-03-08,Liga Portugal Betclic,Liga Portugal 25/26,25.0,Home,FC Porto,Benfica,FC Porto,2ND,Shots,Total shots,11,6,11,6
14288822,2026-03-08,Liga Portugal Betclic,Liga Portugal 25/26,25.0,Home,FC Porto,Benfica,FC Porto,ALL,Attack,Big chances missed,0,1,0,1
14288822,2026-03-08,Liga Portugal Betclic,Liga Portugal 25/26,25.0,Home,FC Porto,Benfica,FC Porto,ALL,Attack,Big chances scored,2,2,2,2
14288822,2026-03-08,Liga Portugal Betclic,Liga Portugal 25/26,25.0,Home,FC Porto,Benfica,FC Porto,ALL,Attack,Fouled in final third,4,2,4,2
14288822,2026-03-08,Liga Portugal Betclic,Liga Portugal 25/26,25.0,Home,FC Porto,Benfica,FC Porto,ALL,Attack,Offsides,0,1,0,1
14288822,2026-03-08,Liga Portugal Betclic,Liga Portugal 25/26,25.0,Home,FC Porto,Benfica,FC Porto,ALL,Attack,Through balls,0,1,0,1
14288822,2026-03-08,Liga Portugal Betclic,Liga Portugal 25/26,25.0,Home,FC Porto,Benfica,FC Porto,ALL,Attack,Touches in penalty area,37,19,37,19
14288822,2026-03-08,Liga Portugal Betclic,Liga Portugal 25/26,25.0,Home,FC Porto,Benfica,FC Porto,ALL,Defending,Clearances,10,44,10,44
14288822,2026-03-08,Liga Portugal Betclic,Liga Portugal 25/26,25.0,Home,FC Porto,Benfica,FC Porto,ALL,Defending,Errors lead to a goal,1,0,1,0
14288822,2026-03-08,Liga Portugal Betclic,Liga Portugal 25/26,25.0,Home,FC Porto,Benfica,FC Porto,ALL,Defending,Interceptions,7,17,7,17
14288822,2026-03-08,Liga Portugal Betclic,Liga Portugal 25/26,25.0,Home,FC Porto,Benfica,FC Porto,ALL,Defending,Recoveries,49,53,49,53
14288822,2026-03-08,Liga Portugal Betclic,Liga Portugal 25/26,25.0,Home,FC Porto,Benfica,FC Porto,ALL,Defending,Tackles won,55%,50%,55%,50%
14288822,2026-03-08,Liga Portugal Betclic,Liga Portugal 25/26,25.0,Home,FC Porto,Benfica,FC Porto,ALL,Defending,Total tackles,20,24,20,24
14288822,2026-03-08,Liga Portugal Betclic,Liga Portugal 25/26,25.0,Home,FC Porto,Benfica,FC Porto,ALL,Duels,Aerial duels,13/23 (57%),10/23 (43%),13/23 (57%),10/23 (43%)
14288822,2026-03-08,Liga Portugal Betclic,Liga Portugal 25/26,25.0,Home,FC Porto,Benfica,FC Porto,ALL,Duels,Dispossessed,12,13,12,13
14288822,2026-03-08,Liga Portugal Betclic,Liga Portugal 25/26,25.0,Home,FC Porto,Benfica,FC Porto,ALL,Duels,Dribbles,12/24 (50%),10/17 (59%),12/24 (50%),10/17 (59%)
14288822,2026-03-08,Liga Portugal Betclic,Liga Portugal 25/26,25.0,Home,FC Porto,Benfica,FC Porto,ALL,Duels,Duels,53%,47%,53%,47%
14288822,2026-03-08,Liga Portugal Betclic,Liga Portugal 25/26,25.0,Home,FC Porto,Benfica,FC Porto,ALL,Duels,Ground duels,48/93 (52%),45/93 (48%),48/93 (52%),45/93 (48%)
14288822,2026-03-08,Liga Portugal Betclic,Liga Portugal 25/26,25.0,Home,FC Porto,Benfica,FC Porto,ALL,Goalkeeping,Big saves,2,1,2,1
14288822,2026-03-08,Liga Portugal Betclic,Liga Portugal 25/26,25.0,Home,FC Porto,Benfica,FC Porto,ALL,Goalkeeping,Goal kicks,6,6,6,6
14288822,2026-03-08,Liga Portugal Betclic,Liga Portugal 25/26,25.0,Home,FC Porto,Benfica,FC Porto,ALL,Goalkeeping,Goals prevented,0.25,-0.21,0.25,-0.21
14288822,2026-03-08,Liga Portugal Betclic,Liga Portugal 25/26,25.0,Home,FC Porto,Benfica,FC Porto,ALL,Goalkeeping,High claims,0,1,0,1
14288822,2026-03-08,Liga Portugal Betclic,Liga Portugal 25/26,25.0,Home,FC Porto,Benfica,FC Porto,ALL,Goalkeeping,Punches,0,3,0,3
14288822,2026-03-08,Liga Portugal Betclic,Liga Portugal 25/26,25.0,Home,FC Porto,Benfica,FC Porto,ALL,Goalkeeping,Total saves,4,5,4,5
14288822,2026-03-08,Liga Portugal Betclic,Liga Portugal 25/26,25.0,Home,FC Porto,Benfica,FC Porto,ALL,Match overview,Ball possession,60%,40%,60%,40%
14288822,2026-03-08,Liga Portugal Betclic,Liga Portugal 25/26,25.0,Home,FC Porto,Benfica,FC Porto,ALL,Match overview,Big chances,2,3,2,3
14288822,2026-03-08,Liga Portugal Betclic,Liga Portugal 25/26,25.0,Home,FC Porto,Benfica,FC Porto,ALL,Match overview,Corner kicks,8,2,8,2
14288822,2026-03-08,Liga Portugal Betclic,Liga Portugal 25/26,25.0,Home,FC Porto,Benfica,FC Porto,ALL,Match overview,Distance covered,86.3 km,49.3 km,86.3 km,49.3 km
14288822,2026-03-08,Liga Portugal Betclic,Liga Portugal 25/26,25.0,Home,FC Porto,Benfica,FC Porto,ALL,Match overview,Expected goals,1.23,2.12,1.23,2.12
14288822,2026-03-08,Liga Portugal Betclic,Liga Portugal 25/26,25.0,Home,FC Porto,Benfica,FC Porto,ALL,Match overview,Fouls,11,17,11,17
14288822,2026-03-08,Liga Portugal Betclic,Liga Portugal 25/26,25.0,Home,FC Porto,Benfica,FC Porto,ALL,Match overview,Free kicks,17,11,17,11
14288822,2026-03-08,Liga Portugal Betclic,Liga Portugal 25/26,25.0,Home,FC Porto,Benfica,FC Porto,ALL,Match overview,Goalkeeper saves,4,5,4,5
14288822,2026-03-08,Liga Portugal Betclic,Liga Portugal 25/26,25.0,Home,FC Porto,Benfica,FC Porto,ALL,Match overview,Number of sprints,137,79,137,79
14288822,2026-03-08,Liga Portugal Betclic,Liga Portugal 25/26,25.0,Home,FC Porto,Benfica,FC Porto,ALL,Match overview,Passes,444,313,444,313
14288822,2026-03-08,Liga Portugal Betclic,Liga Portugal 25/26,25.0,Home,FC Porto,Benfica,FC Porto,ALL,Match overview,Tackles,20,24,20,24
14288822,2026-03-08,Liga Portugal Betclic,Liga Portugal 25/26,25.0,Home,FC Porto,Benfica,FC Porto,ALL,Match overview,Total shots,20,14,20,14
14288822,2026-03-08,Liga Portugal Betclic,Liga Portugal 25/26,25.0,Home,FC Porto,Benfica,FC Porto,ALL,Match overview,Yellow cards,3,7,3,7
14288822,2026-03-08,Liga Portugal Betclic,Liga Portugal 25/26,25.0,Home,FC Porto,Benfica,FC Porto,ALL,Passes,Accurate passes,364,237,364,237
14288822,2026-03-08,Liga Portugal Betclic,Liga Portugal 25/26,25.0,Home,FC Porto,Benfica,FC Porto,ALL,Passes,Crosses,5/30 (17%),3/7 (43%),5/30 (17%),3/7 (43%)
14288822,2026-03-08,Liga Portugal Betclic,Liga Portugal 25/26,25.0,Home,FC Porto,Benfica,FC Porto,ALL,Passes,Final third entries,59,32,59,32
14288822,2026-03-08,Liga Portugal Betclic,Liga Portugal 25/26,25.0,Home,FC Porto,Benfica,FC Porto,ALL,Passes,Final third phase,121/158 (77%),43/67 (64%),121/158 (77%),43/67 (64%)
14288822,2026-03-08,Liga Portugal Betclic,Liga Portugal 25/26,25.0,Home,FC Porto,Benfica,FC Porto,ALL,Passes,Long balls,14/36 (39%),14/47 (30%),14/36 (39%),14/47 (30%)
14288822,2026-03-08,Liga Portugal Betclic,Liga Portugal 25/26,25.0,Home,FC Porto,Benfica,FC Porto,ALL,Passes,Throw-ins,20,17,20,17
14288822,2026-03-08,Liga Portugal Betclic,Liga Portugal 25/26,25.0,Home,FC Porto,Benfica,FC Porto,ALL,Shots,Blocked shots,9,4,9,4
14288822,2026-03-08,Liga Portugal Betclic,Liga Portugal 25/26,25.0,Home,FC Porto,Benfica,FC Porto,ALL,Shots,Hit woodwork,1,0,1,0
14288822,2026-03-08,Liga Portugal Betclic,Liga Portugal 25/26,25.0,Home,FC Porto,Benfica,FC Porto,ALL,Shots,Shots inside box,12,7,12,7
14288822,2026-03-08,Liga Portugal Betclic,Liga Portugal 25/26,25.0,Home,FC Porto,Benfica,FC Porto,ALL,Shots,Shots off target,5,4,5,4
14288822,2026-03-08,Liga Portugal Betclic,Liga Portugal 25/26,25.0,Home,FC Porto,Benfica,FC Porto,ALL,Shots,Shots on target,6,6,6,6
14288822,2026-03-08,Liga Portugal Betclic,Liga Portugal 25/26,25.0,Home,FC Porto,Benfica,FC Porto,ALL,Shots,Shots outside box,8,7,8,7
14288822,2026-03-08,Liga Portugal Betclic,Liga Portugal 25/26,25.0,Home,FC Porto,Benfica,FC Porto,ALL,Shots,Total shots,20,14,20,14
14288830,2026-03-14,Liga Portugal Betclic,Liga Portugal 25/26,26.0,Away,FC Arouca,FC Arouca,Benfica,1ST,Attack,Big chances missed,1,1,1,1
14288830,2026-03-14,Liga Portugal Betclic,Liga Portugal 25/26,26.0,Away,FC Arouca,FC Arouca,Benfica,1ST,Attack,Big chances scored,0,1,1,0
14288830,2026-03-14,Liga Portugal Betclic,Liga Portugal 25/26,26.0,Away,FC Arouca,FC Arouca,Benfica,1ST,Attack,Fouled in final third,2,1,1,2
14288830,2026-03-14,Liga Portugal Betclic,Liga Portugal 25/26,26.0,Away,FC Arouca,FC Arouca,Benfica,1ST,Attack,Offsides,3,0,0,3
14288830,2026-03-14,Liga Portugal Betclic,Liga Portugal 25/26,26.0,Away,FC Arouca,FC Arouca,Benfica,1ST,Defending,Clearances,6,14,14,6
14288830,2026-03-14,Liga Portugal Betclic,Liga Portugal 25/26,26.0,Away,FC Arouca,FC Arouca,Benfica,1ST,Defending,Interceptions,6,2,2,6
14288830,2026-03-14,Liga Portugal Betclic,Liga Portugal 25/26,26.0,Away,FC Arouca,FC Arouca,Benfica,1ST,Defending,Recoveries,21,19,19,21
14288830,2026-03-14,Liga Portugal Betclic,Liga Portugal 25/26,26.0,Away,FC Arouca,FC Arouca,Benfica,1ST,Defending,Tackles won,38%,50%,50%,38%
14288830,2026-03-14,Liga Portugal Betclic,Liga Portugal 25/26,26.0,Away,FC Arouca,FC Arouca,Benfica,1ST,Defending,Total tackles,8,6,6,8
14288830,2026-03-14,Liga Portugal Betclic,Liga Portugal 25/26,26.0,Away,FC Arouca,FC Arouca,Benfica,1ST,Duels,Aerial duels,10/15 (67%),5/15 (33%),5/15 (33%),10/15 (67%)
14288830,2026-03-14,Liga Portugal Betclic,Liga Portugal 25/26,26.0,Away,FC Arouca,FC Arouca,Benfica,1ST,Duels,Dispossessed,3,3,3,3
14288830,2026-03-14,Liga Portugal Betclic,Liga Portugal 25/26,26.0,Away,FC Arouca,FC Arouca,Benfica,1ST,Duels,Dribbles,1/4 (25%),2/7 (29%),2/7 (29%),1/4 (25%)
14288830,2026-03-14,Liga Portugal Betclic,Liga Portugal 25/26,26.0,Away,FC Arouca,FC Arouca,Benfica,1ST,Duels,Duels,63%,37%,37%,63%
14288830,2026-03-14,Liga Portugal Betclic,Liga Portugal 25/26,26.0,Away,FC Arouca,FC Arouca,Benfica,1ST,Duels,Ground duels,17/28 (61%),11/28 (39%),11/28 (39%),17/28 (61%)
14288830,2026-03-14,Liga Portugal Betclic,Liga Portugal 25/26,26.0,Away,FC Arouca,FC Arouca,Benfica,1ST,Goalkeeping,Goal kicks,2,7,7,2
14288830,2026-03-14,Liga Portugal Betclic,Liga Portugal 25/26,26.0,Away,FC Arouca,FC Arouca,Benfica,1ST,Goalkeeping,Total saves,0,1,1,0
14288830,2026-03-14,Liga Portugal Betclic,Liga Portugal 25/26,26.0,Away,FC Arouca,FC Arouca,Benfica,1ST,Match overview,Ball possession,58%,42%,42%,58%
14288830,2026-03-14,Liga Portugal Betclic,Liga Portugal 25/26,26.0,Away,FC Arouca,FC Arouca,Benfica,1ST,Match overview,Big chances,1,2,2,1
14288830,2026-03-14,Liga Portugal Betclic,Liga Portugal 25/26,26.0,Away,FC Arouca,FC Arouca,Benfica,1ST,Match overview,Corner kicks,8,0,0,8
14288830,2026-03-14,Liga Portugal Betclic,Liga Portugal 25/26,26.0,Away,FC Arouca,FC Arouca,Benfica,1ST,Match overview,Expected goals,0.86,1.03,1.03,0.86
14288830,2026-03-14,Liga Portugal Betclic,Liga Portugal 25/26,26.0,Away,FC Arouca,FC Arouca,Benfica,1ST,Match overview,Fouls,4,9,9,4
14288830,2026-03-14,Liga Portugal Betclic,Liga Portugal 25/26,26.0,Away,FC Arouca,FC Arouca,Benfica,1ST,Match overview,Free kicks,9,3,3,9
14288830,2026-03-14,Liga Portugal Betclic,Liga Portugal 25/26,26.0,Away,FC Arouca,FC Arouca,Benfica,1ST,Match overview,Goalkeeper saves,0,1,1,0
14288830,2026-03-14,Liga Portugal Betclic,Liga Portugal 25/26,26.0,Away,FC Arouca,FC Arouca,Benfica,1ST,Match overview,Passes,210,160,160,210
14288830,2026-03-14,Liga Portugal Betclic,Liga Portugal 25/26,26.0,Away,FC Arouca,FC Arouca,Benfica,1ST,Match overview,Red cards,0,0,0,0
14288830,2026-03-14,Liga Portugal Betclic,Liga Portugal 25/26,26.0,Away,FC Arouca,FC Arouca,Benfica,1ST,Match overview,Tackles,8,6,6,8
14288830,2026-03-14,Liga Portugal Betclic,Liga Portugal 25/26,26.0,Away,FC Arouca,FC Arouca,Benfica,1ST,Match overview,Total shots,10,3,3,10
14288830,2026-03-14,Liga Portugal Betclic,Liga Portugal 25/26,26.0,Away,FC Arouca,FC Arouca,Benfica,1ST,Match overview,Yellow cards,0,2,2,0
14288830,2026-03-14,Liga Portugal Betclic,Liga Portugal 25/26,26.0,Away,FC Arouca,FC Arouca,Benfica,1ST,Passes,Accurate passes,172,121,121,172
14288830,2026-03-14,Liga Portugal Betclic,Liga Portugal 25/26,26.0,Away,FC Arouca,FC Arouca,Benfica,1ST,Passes,Crosses,4/16 (25%),3/3 (100%),3/3 (100%),4/16 (25%)
14288830,2026-03-14,Liga Portugal Betclic,Liga Portugal 25/26,26.0,Away,FC Arouca,FC Arouca,Benfica,1ST,Passes,Final third entries,30,16,16,30
14288830,2026-03-14,Liga Portugal Betclic,Liga Portugal 25/26,26.0,Away,FC Arouca,FC Arouca,Benfica,1ST,Passes,Long balls,15/28 (54%),6/21 (29%),6/21 (29%),15/28 (54%)
14288830,2026-03-14,Liga Portugal Betclic,Liga Portugal 25/26,26.0,Away,FC Arouca,FC Arouca,Benfica,1ST,Passes,Throw-ins,10,6,6,10
14288830,2026-03-14,Liga Portugal Betclic,Liga Portugal 25/26,26.0,Away,FC Arouca,FC Arouca,Benfica,1ST,Shots,Blocked shots,6,1,1,6
14288830,2026-03-14,Liga Portugal Betclic,Liga Portugal 25/26,26.0,Away,FC Arouca,FC Arouca,Benfica,1ST,Shots,Hit woodwork,0,0,0,0
14288830,2026-03-14,Liga Portugal Betclic,Liga Portugal 25/26,26.0,Away,FC Arouca,FC Arouca,Benfica,1ST,Shots,Shots inside box,6,3,3,6
14288830,2026-03-14,Liga Portugal Betclic,Liga Portugal 25/26,26.0,Away,FC Arouca,FC Arouca,Benfica,1ST,Shots,Shots off target,3,1,1,3
14288830,2026-03-14,Liga Portugal Betclic,Liga Portugal 25/26,26.0,Away,FC Arouca,FC Arouca,Benfica,1ST,Shots,Shots on target,1,1,1,1
14288830,2026-03-14,Liga Portugal Betclic,Liga Portugal 25/26,26.0,Away,FC Arouca,FC Arouca,Benfica,1ST,Shots,Shots outside box,4,0,0,4
14288830,2026-03-14,Liga Portugal Betclic,Liga Portugal 25/26,26.0,Away,FC Arouca,FC Arouca,Benfica,1ST,Shots,Total shots,10,3,3,10
14288830,2026-03-14,Liga Portugal Betclic,Liga Portugal 25/26,26.0,Away,FC Arouca,FC Arouca,Benfica,2ND,Attack,Big chances missed,1,2,2,1
14288830,2026-03-14,Liga Portugal Betclic,Liga Portugal 25/26,26.0,Away,FC Arouca,FC Arouca,Benfica,2ND,Attack,Big chances scored,2,0,0,2
14288830,2026-03-14,Liga Portugal Betclic,Liga Portugal 25/26,26.0,Away,FC Arouca,FC Arouca,Benfica,2ND,Attack,Fouled in final third,2,1,1,2
14288830,2026-03-14,Liga Portugal Betclic,Liga Portugal 25/26,26.0,Away,FC Arouca,FC Arouca,Benfica,2ND,Attack,Offsides,2,0,0,2
14288830,2026-03-14,Liga Portugal Betclic,Liga Portugal 25/26,26.0,Away,FC Arouca,FC Arouca,Benfica,2ND,Defending,Clearances,5,17,17,5
14288830,2026-03-14,Liga Portugal Betclic,Liga Portugal 25/26,26.0,Away,FC Arouca,FC Arouca,Benfica,2ND,Defending,Interceptions,2,5,5,2
14288830,2026-03-14,Liga Portugal Betclic,Liga Portugal 25/26,26.0,Away,FC Arouca,FC Arouca,Benfica,2ND,Defending,Recoveries,25,20,20,25
14288830,2026-03-14,Liga Portugal Betclic,Liga Portugal 25/26,26.0,Away,FC Arouca,FC Arouca,Benfica,2ND,Defending,Tackles won,70%,57%,57%,70%
14288830,2026-03-14,Liga Portugal Betclic,Liga Portugal 25/26,26.0,Away,FC Arouca,FC Arouca,Benfica,2ND,Defending,Total tackles,10,7,7,10
14288830,2026-03-14,Liga Portugal Betclic,Liga Portugal 25/26,26.0,Away,FC Arouca,FC Arouca,Benfica,2ND,Duels,Aerial duels,4/10 (40%),6/10 (60%),6/10 (60%),4/10 (40%)
14288830,2026-03-14,Liga Portugal Betclic,Liga Portugal 25/26,26.0,Away,FC Arouca,FC Arouca,Benfica,2ND,Duels,Dispossessed,2,6,6,2
14288830,2026-03-14,Liga Portugal Betclic,Liga Portugal 25/26,26.0,Away,FC Arouca,FC Arouca,Benfica,2ND,Duels,Dribbles,10/15 (67%),5/9 (56%),5/9 (56%),10/15 (67%)
14288830,2026-03-14,Liga Portugal Betclic,Liga Portugal 25/26,26.0,Away,FC Arouca,FC Arouca,Benfica,2ND,Duels,Duels,56%,44%,44%,56%
14288830,2026-03-14,Liga Portugal Betclic,Liga Portugal 25/26,26.0,Away,FC Arouca,FC Arouca,Benfica,2ND,Duels,Ground duels,28/47 (60%),19/47 (40%),19/47 (40%),28/47 (60%)
14288830,2026-03-14,Liga Portugal Betclic,Liga Portugal 25/26,26.0,Away,FC Arouca,FC Arouca,Benfica,2ND,Goalkeeping,Goal kicks,2,11,11,2
14288830,2026-03-14,Liga Portugal Betclic,Liga Portugal 25/26,26.0,Away,FC Arouca,FC Arouca,Benfica,2ND,Goalkeeping,Total saves,5,2,2,5
14288830,2026-03-14,Liga Portugal Betclic,Liga Portugal 25/26,26.0,Away,FC Arouca,FC Arouca,Benfica,2ND,Match overview,Ball possession,64%,36%,36%,64%
14288830,2026-03-14,Liga Portugal Betclic,Liga Portugal 25/26,26.0,Away,FC Arouca,FC Arouca,Benfica,2ND,Match overview,Big chances,3,2,2,3
14288830,2026-03-14,Liga Portugal Betclic,Liga Portugal 25/26,26.0,Away,FC Arouca,FC Arouca,Benfica,2ND,Match overview,Corner kicks,7,2,2,7
14288830,2026-03-14,Liga Portugal Betclic,Liga Portugal 25/26,26.0,Away,FC Arouca,FC Arouca,Benfica,2ND,Match overview,Expected goals,1.24,1.36,1.36,1.24
14288830,2026-03-14,Liga Portugal Betclic,Liga Portugal 25/26,26.0,Away,FC Arouca,FC Arouca,Benfica,2ND,Match overview,Fouls,7,8,8,7
14288830,2026-03-14,Liga Portugal Betclic,Liga Portugal 25/26,26.0,Away,FC Arouca,FC Arouca,Benfica,2ND,Match overview,Free kicks,8,7,7,8
14288830,2026-03-14,Liga Portugal Betclic,Liga Portugal 25/26,26.0,Away,FC Arouca,FC Arouca,Benfica,2ND,Match overview,Goalkeeper saves,5,2,2,5
14288830,2026-03-14,Liga Portugal Betclic,Liga Portugal 25/26,26.0,Away,FC Arouca,FC Arouca,Benfica,2ND,Match overview,Passes,235,136,136,235
14288830,2026-03-14,Liga Portugal Betclic,Liga Portugal 25/26,26.0,Away,FC Arouca,FC Arouca,Benfica,2ND,Match overview,Red cards,1,1,1,1
14288830,2026-03-14,Liga Portugal Betclic,Liga Portugal 25/26,26.0,Away,FC Arouca,FC Arouca,Benfica,2ND,Match overview,Tackles,10,7,7,10
14288830,2026-03-14,Liga Portugal Betclic,Liga Portugal 25/26,26.0,Away,FC Arouca,FC Arouca,Benfica,2ND,Match overview,Total shots,12,9,9,12
14288830,2026-03-14,Liga Portugal Betclic,Liga Portugal 25/26,26.0,Away,FC Arouca,FC Arouca,Benfica,2ND,Match overview,Yellow cards,6,3,3,6
14288830,2026-03-14,Liga Portugal Betclic,Liga Portugal 25/26,26.0,Away,FC Arouca,FC Arouca,Benfica,2ND,Passes,Accurate passes,201,105,105,201
14288830,2026-03-14,Liga Portugal Betclic,Liga Portugal 25/26,26.0,Away,FC Arouca,FC Arouca,Benfica,2ND,Passes,Crosses,7/17 (41%),4/8 (50%),4/8 (50%),7/17 (41%)
14288830,2026-03-14,Liga Portugal Betclic,Liga Portugal 25/26,26.0,Away,FC Arouca,FC Arouca,Benfica,2ND,Passes,Final third entries,37,20,20,37
14288830,2026-03-14,Liga Portugal Betclic,Liga Portugal 25/26,26.0,Away,FC Arouca,FC Arouca,Benfica,2ND,Passes,Long balls,11/21 (52%),7/21 (33%),7/21 (33%),11/21 (52%)
14288830,2026-03-14,Liga Portugal Betclic,Liga Portugal 25/26,26.0,Away,FC Arouca,FC Arouca,Benfica,2ND,Passes,Throw-ins,12,7,7,12
14288830,2026-03-14,Liga Portugal Betclic,Liga Portugal 25/26,26.0,Away,FC Arouca,FC Arouca,Benfica,2ND,Shots,Blocked shots,2,2,2,2
14288830,2026-03-14,Liga Portugal Betclic,Liga Portugal 25/26,26.0,Away,FC Arouca,FC Arouca,Benfica,2ND,Shots,Hit woodwork,0,0,0,0
14288830,2026-03-14,Liga Portugal Betclic,Liga Portugal 25/26,26.0,Away,FC Arouca,FC Arouca,Benfica,2ND,Shots,Shots inside box,11,7,7,11
14288830,2026-03-14,Liga Portugal Betclic,Liga Portugal 25/26,26.0,Away,FC Arouca,FC Arouca,Benfica,2ND,Shots,Shots off target,6,2,2,6
14288830,2026-03-14,Liga Portugal Betclic,Liga Portugal 25/26,26.0,Away,FC Arouca,FC Arouca,Benfica,2ND,Shots,Shots on target,4,5,5,4
14288830,2026-03-14,Liga Portugal Betclic,Liga Portugal 25/26,26.0,Away,FC Arouca,FC Arouca,Benfica,2ND,Shots,Shots outside box,1,2,2,1
14288830,2026-03-14,Liga Portugal Betclic,Liga Portugal 25/26,26.0,Away,FC Arouca,FC Arouca,Benfica,2ND,Shots,Total shots,12,9,9,12
14288830,2026-03-14,Liga Portugal Betclic,Liga Portugal 25/26,26.0,Away,FC Arouca,FC Arouca,Benfica,ALL,Attack,Big chances missed,2,3,3,2
14288830,2026-03-14,Liga Portugal Betclic,Liga Portugal 25/26,26.0,Away,FC Arouca,FC Arouca,Benfica,ALL,Attack,Big chances scored,2,1,1,2
14288830,2026-03-14,Liga Portugal Betclic,Liga Portugal 25/26,26.0,Away,FC Arouca,FC Arouca,Benfica,ALL,Attack,Fouled in final third,4,2,2,4
14288830,2026-03-14,Liga Portugal Betclic,Liga Portugal 25/26,26.0,Away,FC Arouca,FC Arouca,Benfica,ALL,Attack,Offsides,5,0,0,5
14288830,2026-03-14,Liga Portugal Betclic,Liga Portugal 25/26,26.0,Away,FC Arouca,FC Arouca,Benfica,ALL,Attack,Touches in penalty area,49,14,14,49
14288830,2026-03-14,Liga Portugal Betclic,Liga Portugal 25/26,26.0,Away,FC Arouca,FC Arouca,Benfica,ALL,Defending,Clearances,11,31,31,11
14288830,2026-03-14,Liga Portugal Betclic,Liga Portugal 25/26,26.0,Away,FC Arouca,FC Arouca,Benfica,ALL,Defending,Interceptions,8,7,7,8
14288830,2026-03-14,Liga Portugal Betclic,Liga Portugal 25/26,26.0,Away,FC Arouca,FC Arouca,Benfica,ALL,Defending,Recoveries,46,39,39,46
14288830,2026-03-14,Liga Portugal Betclic,Liga Portugal 25/26,26.0,Away,FC Arouca,FC Arouca,Benfica,ALL,Defending,Tackles won,56%,54%,54%,56%
14288830,2026-03-14,Liga Portugal Betclic,Liga Portugal 25/26,26.0,Away,FC Arouca,FC Arouca,Benfica,ALL,Defending,Total tackles,18,13,13,18
14288830,2026-03-14,Liga Portugal Betclic,Liga Portugal 25/26,26.0,Away,FC Arouca,FC Arouca,Benfica,ALL,Duels,Aerial duels,14/25 (56%),11/25 (44%),11/25 (44%),14/25 (56%)
14288830,2026-03-14,Liga Portugal Betclic,Liga Portugal 25/26,26.0,Away,FC Arouca,FC Arouca,Benfica,ALL,Duels,Dispossessed,5,9,9,5
14288830,2026-03-14,Liga Portugal Betclic,Liga Portugal 25/26,26.0,Away,FC Arouca,FC Arouca,Benfica,ALL,Duels,Dribbles,11/19 (58%),7/16 (44%),7/16 (44%),11/19 (58%)
14288830,2026-03-14,Liga Portugal Betclic,Liga Portugal 25/26,26.0,Away,FC Arouca,FC Arouca,Benfica,ALL,Duels,Duels,59%,41%,41%,59%
14288830,2026-03-14,Liga Portugal Betclic,Liga Portugal 25/26,26.0,Away,FC Arouca,FC Arouca,Benfica,ALL,Duels,Ground duels,45/75 (60%),30/75 (40%),30/75 (40%),45/75 (60%)
14288830,2026-03-14,Liga Portugal Betclic,Liga Portugal 25/26,26.0,Away,FC Arouca,FC Arouca,Benfica,ALL,Goalkeeping,Big saves,2,1,1,2
14288830,2026-03-14,Liga Portugal Betclic,Liga Portugal 25/26,26.0,Away,FC Arouca,FC Arouca,Benfica,ALL,Goalkeeping,Goal kicks,4,18,18,4
14288830,2026-03-14,Liga Portugal Betclic,Liga Portugal 25/26,26.0,Away,FC Arouca,FC Arouca,Benfica,ALL,Goalkeeping,Goals prevented,2.00,-0.62,-0.62,2.00
14288830,2026-03-14,Liga Portugal Betclic,Liga Portugal 25/26,26.0,Away,FC Arouca,FC Arouca,Benfica,ALL,Goalkeeping,High claims,2,0,0,2
14288830,2026-03-14,Liga Portugal Betclic,Liga Portugal 25/26,26.0,Away,FC Arouca,FC Arouca,Benfica,ALL,Goalkeeping,Punches,1,0,0,1
14288830,2026-03-14,Liga Portugal Betclic,Liga Portugal 25/26,26.0,Away,FC Arouca,FC Arouca,Benfica,ALL,Goalkeeping,Total saves,5,3,3,5
14288830,2026-03-14,Liga Portugal Betclic,Liga Portugal 25/26,26.0,Away,FC Arouca,FC Arouca,Benfica,ALL,Match overview,Ball possession,61%,39%,39%,61%
14288830,2026-03-14,Liga Portugal Betclic,Liga Portugal 25/26,26.0,Away,FC Arouca,FC Arouca,Benfica,ALL,Match overview,Big chances,4,4,4,4
14288830,2026-03-14,Liga Portugal Betclic,Liga Portugal 25/26,26.0,Away,FC Arouca,FC Arouca,Benfica,ALL,Match overview,Corner kicks,15,2,2,15
14288830,2026-03-14,Liga Portugal Betclic,Liga Portugal 25/26,26.0,Away,FC Arouca,FC Arouca,Benfica,ALL,Match overview,Distance covered,106.5 km,113.7 km,113.7 km,106.5 km
14288830,2026-03-14,Liga Portugal Betclic,Liga Portugal 25/26,26.0,Away,FC Arouca,FC Arouca,Benfica,ALL,Match overview,Expected goals,2.10,2.40,2.40,2.10
14288830,2026-03-14,Liga Portugal Betclic,Liga Portugal 25/26,26.0,Away,FC Arouca,FC Arouca,Benfica,ALL,Match overview,Fouls,11,17,17,11
14288830,2026-03-14,Liga Portugal Betclic,Liga Portugal 25/26,26.0,Away,FC Arouca,FC Arouca,Benfica,ALL,Match overview,Free kicks,17,10,10,17
14288830,2026-03-14,Liga Portugal Betclic,Liga Portugal 25/26,26.0,Away,FC Arouca,FC Arouca,Benfica,ALL,Match overview,Goalkeeper saves,5,3,3,5
14288830,2026-03-14,Liga Portugal Betclic,Liga Portugal 25/26,26.0,Away,FC Arouca,FC Arouca,Benfica,ALL,Match overview,Number of sprints,188,204,204,188
14288830,2026-03-14,Liga Portugal Betclic,Liga Portugal 25/26,26.0,Away,FC Arouca,FC Arouca,Benfica,ALL,Match overview,Passes,445,296,296,445
14288830,2026-03-14,Liga Portugal Betclic,Liga Portugal 25/26,26.0,Away,FC Arouca,FC Arouca,Benfica,ALL,Match overview,Red cards,1,1,1,1
14288830,2026-03-14,Liga Portugal Betclic,Liga Portugal 25/26,26.0,Away,FC Arouca,FC Arouca,Benfica,ALL,Match overview,Tackles,18,13,13,18
14288830,2026-03-14,Liga Portugal Betclic,Liga Portugal 25/26,26.0,Away,FC Arouca,FC Arouca,Benfica,ALL,Match overview,Total shots,22,12,12,22
14288830,2026-03-14,Liga Portugal Betclic,Liga Portugal 25/26,26.0,Away,FC Arouca,FC Arouca,Benfica,ALL,Match overview,Yellow cards,6,5,5,6
14288830,2026-03-14,Liga Portugal Betclic,Liga Portugal 25/26,26.0,Away,FC Arouca,FC Arouca,Benfica,ALL,Passes,Accurate passes,373,226,226,373
14288830,2026-03-14,Liga Portugal Betclic,Liga Portugal 25/26,26.0,Away,FC Arouca,FC Arouca,Benfica,ALL,Passes,Crosses,11/33 (33%),7/11 (64%),7/11 (64%),11/33 (33%)
14288830,2026-03-14,Liga Portugal Betclic,Liga Portugal 25/26,26.0,Away,FC Arouca,FC Arouca,Benfica,ALL,Passes,Final third entries,67,36,36,67
14288830,2026-03-14,Liga Portugal Betclic,Liga Portugal 25/26,26.0,Away,FC Arouca,FC Arouca,Benfica,ALL,Passes,Final third phase,99/138 (72%),29/54 (54%),29/54 (54%),99/138 (72%)
14288830,2026-03-14,Liga Portugal Betclic,Liga Portugal 25/26,26.0,Away,FC Arouca,FC Arouca,Benfica,ALL,Passes,Long balls,26/49 (53%),13/42 (31%),13/42 (31%),26/49 (53%)
14288830,2026-03-14,Liga Portugal Betclic,Liga Portugal 25/26,26.0,Away,FC Arouca,FC Arouca,Benfica,ALL,Passes,Throw-ins,22,13,13,22
14288830,2026-03-14,Liga Portugal Betclic,Liga Portugal 25/26,26.0,Away,FC Arouca,FC Arouca,Benfica,ALL,Shots,Blocked shots,8,3,3,8
14288830,2026-03-14,Liga Portugal Betclic,Liga Portugal 25/26,26.0,Away,FC Arouca,FC Arouca,Benfica,ALL,Shots,Hit woodwork,0,0,0,0
14288830,2026-03-14,Liga Portugal Betclic,Liga Portugal 25/26,26.0,Away,FC Arouca,FC Arouca,Benfica,ALL,Shots,Shots inside box,17,10,10,17
14288830,2026-03-14,Liga Portugal Betclic,Liga Portugal 25/26,26.0,Away,FC Arouca,FC Arouca,Benfica,ALL,Shots,Shots off target,9,3,3,9
14288830,2026-03-14,Liga Portugal Betclic,Liga Portugal 25/26,26.0,Away,FC Arouca,FC Arouca,Benfica,ALL,Shots,Shots on target,5,6,6,5
14288830,2026-03-14,Liga Portugal Betclic,Liga Portugal 25/26,26.0,Away,FC Arouca,FC Arouca,Benfica,ALL,Shots,Shots outside box,5,2,2,5
14288830,2026-03-14,Liga Portugal Betclic,Liga Portugal 25/26,26.0,Away,FC Arouca,FC Arouca,Benfica,ALL,Shots,Total shots,22,12,12,22
14288841,2026-03-21,Liga Portugal Betclic,Liga Portugal 25/26,27.0,Home,Vitória SC,Benfica,Vitória SC,1ST,Attack,Big chances missed,1,1,1,1
14288841,2026-03-21,Liga Portugal Betclic,Liga Portugal 25/26,27.0,Home,Vitória SC,Benfica,Vitória SC,1ST,Attack,Big chances scored,1,0,1,0
14288841,2026-03-21,Liga Portugal Betclic,Liga Portugal 25/26,27.0,Home,Vitória SC,Benfica,Vitória SC,1ST,Attack,Fouled in final third,1,0,1,0
14288841,2026-03-21,Liga Portugal Betclic,Liga Portugal 25/26,27.0,Home,Vitória SC,Benfica,Vitória SC,1ST,Attack,Offsides,0,1,0,1
14288841,2026-03-21,Liga Portugal Betclic,Liga Portugal 25/26,27.0,Home,Vitória SC,Benfica,Vitória SC,1ST,Attack,Through balls,1,0,1,0
14288841,2026-03-21,Liga Portugal Betclic,Liga Portugal 25/26,27.0,Home,Vitória SC,Benfica,Vitória SC,1ST,Defending,Clearances,11,14,11,14
14288841,2026-03-21,Liga Portugal Betclic,Liga Portugal 25/26,27.0,Home,Vitória SC,Benfica,Vitória SC,1ST,Defending,Interceptions,3,7,3,7
14288841,2026-03-21,Liga Portugal Betclic,Liga Portugal 25/26,27.0,Home,Vitória SC,Benfica,Vitória SC,1ST,Defending,Recoveries,19,21,19,21
14288841,2026-03-21,Liga Portugal Betclic,Liga Portugal 25/26,27.0,Home,Vitória SC,Benfica,Vitória SC,1ST,Defending,Tackles won,50%,50%,50%,50%
14288841,2026-03-21,Liga Portugal Betclic,Liga Portugal 25/26,27.0,Home,Vitória SC,Benfica,Vitória SC,1ST,Defending,Total tackles,10,8,10,8
14288841,2026-03-21,Liga Portugal Betclic,Liga Portugal 25/26,27.0,Home,Vitória SC,Benfica,Vitória SC,1ST,Duels,Aerial duels,2/5 (40%),3/5 (60%),2/5 (40%),3/5 (60%)
14288841,2026-03-21,Liga Portugal Betclic,Liga Portugal 25/26,27.0,Home,Vitória SC,Benfica,Vitória SC,1ST,Duels,Dispossessed,5,7,5,7
14288841,2026-03-21,Liga Portugal Betclic,Liga Portugal 25/26,27.0,Home,Vitória SC,Benfica,Vitória SC,1ST,Duels,Dribbles,3/6 (50%),2/5 (40%),3/6 (50%),2/5 (40%)
14288841,2026-03-21,Liga Portugal Betclic,Liga Portugal 25/26,27.0,Home,Vitória SC,Benfica,Vitória SC,1ST,Duels,Duels,57%,43%,57%,43%
14288841,2026-03-21,Liga Portugal Betclic,Liga Portugal 25/26,27.0,Home,Vitória SC,Benfica,Vitória SC,1ST,Duels,Ground duels,21/35 (60%),14/35 (40%),21/35 (60%),14/35 (40%)
14288841,2026-03-21,Liga Portugal Betclic,Liga Portugal 25/26,27.0,Home,Vitória SC,Benfica,Vitória SC,1ST,Goalkeeping,Goal kicks,1,3,1,3
14288841,2026-03-21,Liga Portugal Betclic,Liga Portugal 25/26,27.0,Home,Vitória SC,Benfica,Vitória SC,1ST,Goalkeeping,Total saves,0,1,0,1
14288841,2026-03-21,Liga Portugal Betclic,Liga Portugal 25/26,27.0,Home,Vitória SC,Benfica,Vitória SC,1ST,Match overview,Ball possession,50%,50%,50%,50%
14288841,2026-03-21,Liga Portugal Betclic,Liga Portugal 25/26,27.0,Home,Vitória SC,Benfica,Vitória SC,1ST,Match overview,Big chances,2,1,2,1
14288841,2026-03-21,Liga Portugal Betclic,Liga Portugal 25/26,27.0,Home,Vitória SC,Benfica,Vitória SC,1ST,Match overview,Corner kicks,4,2,4,2
14288841,2026-03-21,Liga Portugal Betclic,Liga Portugal 25/26,27.0,Home,Vitória SC,Benfica,Vitória SC,1ST,Match overview,Expected goals,0.68,0.36,0.68,0.36
14288841,2026-03-21,Liga Portugal Betclic,Liga Portugal 25/26,27.0,Home,Vitória SC,Benfica,Vitória SC,1ST,Match overview,Fouls,4,8,4,8
14288841,2026-03-21,Liga Portugal Betclic,Liga Portugal 25/26,27.0,Home,Vitória SC,Benfica,Vitória SC,1ST,Match overview,Free kicks,8,4,8,4
14288841,2026-03-21,Liga Portugal Betclic,Liga Portugal 25/26,27.0,Home,Vitória SC,Benfica,Vitória SC,1ST,Match overview,Goalkeeper saves,0,1,0,1
14288841,2026-03-21,Liga Portugal Betclic,Liga Portugal 25/26,27.0,Home,Vitória SC,Benfica,Vitória SC,1ST,Match overview,Passes,248,248,248,248
14288841,2026-03-21,Liga Portugal Betclic,Liga Portugal 25/26,27.0,Home,Vitória SC,Benfica,Vitória SC,1ST,Match overview,Tackles,10,8,10,8
14288841,2026-03-21,Liga Portugal Betclic,Liga Portugal 25/26,27.0,Home,Vitória SC,Benfica,Vitória SC,1ST,Match overview,Total shots,7,3,7,3
14288841,2026-03-21,Liga Portugal Betclic,Liga Portugal 25/26,27.0,Home,Vitória SC,Benfica,Vitória SC,1ST,Match overview,Yellow cards,0,0,0,0
14288841,2026-03-21,Liga Portugal Betclic,Liga Portugal 25/26,27.0,Home,Vitória SC,Benfica,Vitória SC,1ST,Passes,Accurate passes,210,221,210,221
14288841,2026-03-21,Liga Portugal Betclic,Liga Portugal 25/26,27.0,Home,Vitória SC,Benfica,Vitória SC,1ST,Passes,Crosses,1/8 (13%),3/9 (33%),1/8 (13%),3/9 (33%)
14288841,2026-03-21,Liga Portugal Betclic,Liga Portugal 25/26,27.0,Home,Vitória SC,Benfica,Vitória SC,1ST,Passes,Final third entries,24,26,24,26
14288841,2026-03-21,Liga Portugal Betclic,Liga Portugal 25/26,27.0,Home,Vitória SC,Benfica,Vitória SC,1ST,Passes,Long balls,6/19 (32%),9/19 (47%),6/19 (32%),9/19 (47%)
14288841,2026-03-21,Liga Portugal Betclic,Liga Portugal 25/26,27.0,Home,Vitória SC,Benfica,Vitória SC,1ST,Passes,Throw-ins,8,5,8,5
14288841,2026-03-21,Liga Portugal Betclic,Liga Portugal 25/26,27.0,Home,Vitória SC,Benfica,Vitória SC,1ST,Shots,Blocked shots,3,1,3,1
14288841,2026-03-21,Liga Portugal Betclic,Liga Portugal 25/26,27.0,Home,Vitória SC,Benfica,Vitória SC,1ST,Shots,Hit woodwork,0,0,0,0
14288841,2026-03-21,Liga Portugal Betclic,Liga Portugal 25/26,27.0,Home,Vitória SC,Benfica,Vitória SC,1ST,Shots,Shots inside box,4,2,4,2
14288841,2026-03-21,Liga Portugal Betclic,Liga Portugal 25/26,27.0,Home,Vitória SC,Benfica,Vitória SC,1ST,Shots,Shots off target,2,2,2,2
14288841,2026-03-21,Liga Portugal Betclic,Liga Portugal 25/26,27.0,Home,Vitória SC,Benfica,Vitória SC,1ST,Shots,Shots on target,2,0,2,0
14288841,2026-03-21,Liga Portugal Betclic,Liga Portugal 25/26,27.0,Home,Vitória SC,Benfica,Vitória SC,1ST,Shots,Shots outside box,3,1,3,1
14288841,2026-03-21,Liga Portugal Betclic,Liga Portugal 25/26,27.0,Home,Vitória SC,Benfica,Vitória SC,1ST,Shots,Total shots,7,3,7,3
14288841,2026-03-21,Liga Portugal Betclic,Liga Portugal 25/26,27.0,Home,Vitória SC,Benfica,Vitória SC,2ND,Attack,Big chances missed,3,0,3,0
14288841,2026-03-21,Liga Portugal Betclic,Liga Portugal 25/26,27.0,Home,Vitória SC,Benfica,Vitória SC,2ND,Attack,Big chances scored,1,0,1,0
14288841,2026-03-21,Liga Portugal Betclic,Liga Portugal 25/26,27.0,Home,Vitória SC,Benfica,Vitória SC,2ND,Attack,Fouled in final third,1,1,1,1
14288841,2026-03-21,Liga Portugal Betclic,Liga Portugal 25/26,27.0,Home,Vitória SC,Benfica,Vitória SC,2ND,Attack,Offsides,0,0,0,0
14288841,2026-03-21,Liga Portugal Betclic,Liga Portugal 25/26,27.0,Home,Vitória SC,Benfica,Vitória SC,2ND,Attack,Through balls,0,1,0,1
14288841,2026-03-21,Liga Portugal Betclic,Liga Portugal 25/26,27.0,Home,Vitória SC,Benfica,Vitória SC,2ND,Defending,Clearances,10,4,10,4
14288841,2026-03-21,Liga Portugal Betclic,Liga Portugal 25/26,27.0,Home,Vitória SC,Benfica,Vitória SC,2ND,Defending,Interceptions,5,2,5,2
14288841,2026-03-21,Liga Portugal Betclic,Liga Portugal 25/26,27.0,Home,Vitória SC,Benfica,Vitória SC,2ND,Defending,Recoveries,20,26,20,26
14288841,2026-03-21,Liga Portugal Betclic,Liga Portugal 25/26,27.0,Home,Vitória SC,Benfica,Vitória SC,2ND,Defending,Tackles won,75%,80%,75%,80%
14288841,2026-03-21,Liga Portugal Betclic,Liga Portugal 25/26,27.0,Home,Vitória SC,Benfica,Vitória SC,2ND,Defending,Total tackles,8,10,8,10
14288841,2026-03-21,Liga Portugal Betclic,Liga Portugal 25/26,27.0,Home,Vitória SC,Benfica,Vitória SC,2ND,Duels,Aerial duels,1/6 (17%),5/6 (83%),1/6 (17%),5/6 (83%)
14288841,2026-03-21,Liga Portugal Betclic,Liga Portugal 25/26,27.0,Home,Vitória SC,Benfica,Vitória SC,2ND,Duels,Dispossessed,4,1,4,1
14288841,2026-03-21,Liga Portugal Betclic,Liga Portugal 25/26,27.0,Home,Vitória SC,Benfica,Vitória SC,2ND,Duels,Dribbles,2/8 (25%),2/9 (22%),2/8 (25%),2/9 (22%)
14288841,2026-03-21,Liga Portugal Betclic,Liga Portugal 25/26,27.0,Home,Vitória SC,Benfica,Vitória SC,2ND,Duels,Duels,40%,60%,40%,60%
14288841,2026-03-21,Liga Portugal Betclic,Liga Portugal 25/26,27.0,Home,Vitória SC,Benfica,Vitória SC,2ND,Duels,Ground duels,17/39 (44%),22/39 (56%),17/39 (44%),22/39 (56%)
14288841,2026-03-21,Liga Portugal Betclic,Liga Portugal 25/26,27.0,Home,Vitória SC,Benfica,Vitória SC,2ND,Goalkeeping,Goal kicks,8,2,8,2
14288841,2026-03-21,Liga Portugal Betclic,Liga Portugal 25/26,27.0,Home,Vitória SC,Benfica,Vitória SC,2ND,Goalkeeping,Total saves,2,1,2,1
14288841,2026-03-21,Liga Portugal Betclic,Liga Portugal 25/26,27.0,Home,Vitória SC,Benfica,Vitória SC,2ND,Match overview,Ball possession,48%,52%,48%,52%
14288841,2026-03-21,Liga Portugal Betclic,Liga Portugal 25/26,27.0,Home,Vitória SC,Benfica,Vitória SC,2ND,Match overview,Big chances,4,0,4,0
14288841,2026-03-21,Liga Portugal Betclic,Liga Portugal 25/26,27.0,Home,Vitória SC,Benfica,Vitória SC,2ND,Match overview,Corner kicks,0,6,0,6
14288841,2026-03-21,Liga Portugal Betclic,Liga Portugal 25/26,27.0,Home,Vitória SC,Benfica,Vitória SC,2ND,Match overview,Expected goals,1.66,0.39,1.66,0.39
14288841,2026-03-21,Liga Portugal Betclic,Liga Portugal 25/26,27.0,Home,Vitória SC,Benfica,Vitória SC,2ND,Match overview,Fouls,11,7,11,7
14288841,2026-03-21,Liga Portugal Betclic,Liga Portugal 25/26,27.0,Home,Vitória SC,Benfica,Vitória SC,2ND,Match overview,Free kicks,7,11,7,11
14288841,2026-03-21,Liga Portugal Betclic,Liga Portugal 25/26,27.0,Home,Vitória SC,Benfica,Vitória SC,2ND,Match overview,Goalkeeper saves,2,1,2,1
14288841,2026-03-21,Liga Portugal Betclic,Liga Portugal 25/26,27.0,Home,Vitória SC,Benfica,Vitória SC,2ND,Match overview,Passes,200,212,200,212
14288841,2026-03-21,Liga Portugal Betclic,Liga Portugal 25/26,27.0,Home,Vitória SC,Benfica,Vitória SC,2ND,Match overview,Tackles,8,10,8,10
14288841,2026-03-21,Liga Portugal Betclic,Liga Portugal 25/26,27.0,Home,Vitória SC,Benfica,Vitória SC,2ND,Match overview,Total shots,5,13,5,13
14288841,2026-03-21,Liga Portugal Betclic,Liga Portugal 25/26,27.0,Home,Vitória SC,Benfica,Vitória SC,2ND,Match overview,Yellow cards,0,1,0,1
14288841,2026-03-21,Liga Portugal Betclic,Liga Portugal 25/26,27.0,Home,Vitória SC,Benfica,Vitória SC,2ND,Passes,Accurate passes,173,188,173,188
14288841,2026-03-21,Liga Portugal Betclic,Liga Portugal 25/26,27.0,Home,Vitória SC,Benfica,Vitória SC,2ND,Passes,Crosses,0/3 (0%),3/10 (30%),0/3 (0%),3/10 (30%)
14288841,2026-03-21,Liga Portugal Betclic,Liga Portugal 25/26,27.0,Home,Vitória SC,Benfica,Vitória SC,2ND,Passes,Final third entries,21,15,21,15
14288841,2026-03-21,Liga Portugal Betclic,Liga Portugal 25/26,27.0,Home,Vitória SC,Benfica,Vitória SC,2ND,Passes,Long balls,10/18 (56%),13/17 (76%),10/18 (56%),13/17 (76%)
14288841,2026-03-21,Liga Portugal Betclic,Liga Portugal 25/26,27.0,Home,Vitória SC,Benfica,Vitória SC,2ND,Passes,Throw-ins,8,10,8,10
14288841,2026-03-21,Liga Portugal Betclic,Liga Portugal 25/26,27.0,Home,Vitória SC,Benfica,Vitória SC,2ND,Shots,Blocked shots,0,4,0,4
14288841,2026-03-21,Liga Portugal Betclic,Liga Portugal 25/26,27.0,Home,Vitória SC,Benfica,Vitória SC,2ND,Shots,Hit woodwork,0,0,0,0
14288841,2026-03-21,Liga Portugal Betclic,Liga Portugal 25/26,27.0,Home,Vitória SC,Benfica,Vitória SC,2ND,Shots,Shots inside box,5,5,5,5
14288841,2026-03-21,Liga Portugal Betclic,Liga Portugal 25/26,27.0,Home,Vitória SC,Benfica,Vitória SC,2ND,Shots,Shots off target,3,7,3,7
14288841,2026-03-21,Liga Portugal Betclic,Liga Portugal 25/26,27.0,Home,Vitória SC,Benfica,Vitória SC,2ND,Shots,Shots on target,2,2,2,2
14288841,2026-03-21,Liga Portugal Betclic,Liga Portugal 25/26,27.0,Home,Vitória SC,Benfica,Vitória SC,2ND,Shots,Shots outside box,0,8,0,8
14288841,2026-03-21,Liga Portugal Betclic,Liga Portugal 25/26,27.0,Home,Vitória SC,Benfica,Vitória SC,2ND,Shots,Total shots,5,13,5,13
14288841,2026-03-21,Liga Portugal Betclic,Liga Portugal 25/26,27.0,Home,Vitória SC,Benfica,Vitória SC,ALL,Attack,Big chances missed,4,1,4,1
14288841,2026-03-21,Liga Portugal Betclic,Liga Portugal 25/26,27.0,Home,Vitória SC,Benfica,Vitória SC,ALL,Attack,Big chances scored,2,0,2,0
14288841,2026-03-21,Liga Portugal Betclic,Liga Portugal 25/26,27.0,Home,Vitória SC,Benfica,Vitória SC,ALL,Attack,Fouled in final third,2,1,2,1
14288841,2026-03-21,Liga Portugal Betclic,Liga Portugal 25/26,27.0,Home,Vitória SC,Benfica,Vitória SC,ALL,Attack,Offsides,0,1,0,1
14288841,2026-03-21,Liga Portugal Betclic,Liga Portugal 25/26,27.0,Home,Vitória SC,Benfica,Vitória SC,ALL,Attack,Through balls,1,1,1,1
14288841,2026-03-21,Liga Portugal Betclic,Liga Portugal 25/26,27.0,Home,Vitória SC,Benfica,Vitória SC,ALL,Attack,Touches in penalty area,25,10,25,10
14288841,2026-03-21,Liga Portugal Betclic,Liga Portugal 25/26,27.0,Home,Vitória SC,Benfica,Vitória SC,ALL,Defending,Clearances,21,18,21,18
14288841,2026-03-21,Liga Portugal Betclic,Liga Portugal 25/26,27.0,Home,Vitória SC,Benfica,Vitória SC,ALL,Defending,Errors lead to a goal,0,2,0,2
14288841,2026-03-21,Liga Portugal Betclic,Liga Portugal 25/26,27.0,Home,Vitória SC,Benfica,Vitória SC,ALL,Defending,Errors lead to a shot,0,1,0,1
14288841,2026-03-21,Liga Portugal Betclic,Liga Portugal 25/26,27.0,Home,Vitória SC,Benfica,Vitória SC,ALL,Defending,Interceptions,8,9,8,9
14288841,2026-03-21,Liga Portugal Betclic,Liga Portugal 25/26,27.0,Home,Vitória SC,Benfica,Vitória SC,ALL,Defending,Recoveries,39,47,39,47
14288841,2026-03-21,Liga Portugal Betclic,Liga Portugal 25/26,27.0,Home,Vitória SC,Benfica,Vitória SC,ALL,Defending,Tackles won,61%,67%,61%,67%
14288841,2026-03-21,Liga Portugal Betclic,Liga Portugal 25/26,27.0,Home,Vitória SC,Benfica,Vitória SC,ALL,Defending,Total tackles,18,18,18,18
14288841,2026-03-21,Liga Portugal Betclic,Liga Portugal 25/26,27.0,Home,Vitória SC,Benfica,Vitória SC,ALL,Duels,Aerial duels,3/11 (27%),8/11 (73%),3/11 (27%),8/11 (73%)
14288841,2026-03-21,Liga Portugal Betclic,Liga Portugal 25/26,27.0,Home,Vitória SC,Benfica,Vitória SC,ALL,Duels,Dispossessed,9,8,9,8
14288841,2026-03-21,Liga Portugal Betclic,Liga Portugal 25/26,27.0,Home,Vitória SC,Benfica,Vitória SC,ALL,Duels,Dribbles,5/14 (36%),4/14 (29%),5/14 (36%),4/14 (29%)
14288841,2026-03-21,Liga Portugal Betclic,Liga Portugal 25/26,27.0,Home,Vitória SC,Benfica,Vitória SC,ALL,Duels,Duels,48%,52%,48%,52%
14288841,2026-03-21,Liga Portugal Betclic,Liga Portugal 25/26,27.0,Home,Vitória SC,Benfica,Vitória SC,ALL,Duels,Ground duels,38/74 (51%),36/74 (49%),38/74 (51%),36/74 (49%)
14288841,2026-03-21,Liga Portugal Betclic,Liga Portugal 25/26,27.0,Home,Vitória SC,Benfica,Vitória SC,ALL,Goalkeeping,Big saves,2,1,2,1
14288841,2026-03-21,Liga Portugal Betclic,Liga Portugal 25/26,27.0,Home,Vitória SC,Benfica,Vitória SC,ALL,Goalkeeping,Goal kicks,9,5,9,5
14288841,2026-03-21,Liga Portugal Betclic,Liga Portugal 25/26,27.0,Home,Vitória SC,Benfica,Vitória SC,ALL,Goalkeeping,Goals prevented,0.14,-2.10,0.14,-2.10
14288841,2026-03-21,Liga Portugal Betclic,Liga Portugal 25/26,27.0,Home,Vitória SC,Benfica,Vitória SC,ALL,Goalkeeping,High claims,0,2,0,2
14288841,2026-03-21,Liga Portugal Betclic,Liga Portugal 25/26,27.0,Home,Vitória SC,Benfica,Vitória SC,ALL,Goalkeeping,Punches,1,2,1,2
14288841,2026-03-21,Liga Portugal Betclic,Liga Portugal 25/26,27.0,Home,Vitória SC,Benfica,Vitória SC,ALL,Goalkeeping,Total saves,2,2,2,2
14288841,2026-03-21,Liga Portugal Betclic,Liga Portugal 25/26,27.0,Home,Vitória SC,Benfica,Vitória SC,ALL,Match overview,Ball possession,49%,51%,49%,51%
14288841,2026-03-21,Liga Portugal Betclic,Liga Portugal 25/26,27.0,Home,Vitória SC,Benfica,Vitória SC,ALL,Match overview,Big chances,6,1,6,1
14288841,2026-03-21,Liga Portugal Betclic,Liga Portugal 25/26,27.0,Home,Vitória SC,Benfica,Vitória SC,ALL,Match overview,Corner kicks,4,8,4,8
14288841,2026-03-21,Liga Portugal Betclic,Liga Portugal 25/26,27.0,Home,Vitória SC,Benfica,Vitória SC,ALL,Match overview,Expected goals,2.34,0.75,2.34,0.75
14288841,2026-03-21,Liga Portugal Betclic,Liga Portugal 25/26,27.0,Home,Vitória SC,Benfica,Vitória SC,ALL,Match overview,Fouls,15,15,15,15
14288841,2026-03-21,Liga Portugal Betclic,Liga Portugal 25/26,27.0,Home,Vitória SC,Benfica,Vitória SC,ALL,Match overview,Free kicks,15,15,15,15
14288841,2026-03-21,Liga Portugal Betclic,Liga Portugal 25/26,27.0,Home,Vitória SC,Benfica,Vitória SC,ALL,Match overview,Goalkeeper saves,2,2,2,2
14288841,2026-03-21,Liga Portugal Betclic,Liga Portugal 25/26,27.0,Home,Vitória SC,Benfica,Vitória SC,ALL,Match overview,Passes,448,460,448,460
14288841,2026-03-21,Liga Portugal Betclic,Liga Portugal 25/26,27.0,Home,Vitória SC,Benfica,Vitória SC,ALL,Match overview,Tackles,18,18,18,18
14288841,2026-03-21,Liga Portugal Betclic,Liga Portugal 25/26,27.0,Home,Vitória SC,Benfica,Vitória SC,ALL,Match overview,Total shots,12,16,12,16
14288841,2026-03-21,Liga Portugal Betclic,Liga Portugal 25/26,27.0,Home,Vitória SC,Benfica,Vitória SC,ALL,Match overview,Yellow cards,0,1,0,1
14288841,2026-03-21,Liga Portugal Betclic,Liga Portugal 25/26,27.0,Home,Vitória SC,Benfica,Vitória SC,ALL,Passes,Accurate passes,383,409,383,409
14288841,2026-03-21,Liga Portugal Betclic,Liga Portugal 25/26,27.0,Home,Vitória SC,Benfica,Vitória SC,ALL,Passes,Crosses,1/11 (9%),6/19 (32%),1/11 (9%),6/19 (32%)
14288841,2026-03-21,Liga Portugal Betclic,Liga Portugal 25/26,27.0,Home,Vitória SC,Benfica,Vitória SC,ALL,Passes,Final third entries,45,41,45,41
14288841,2026-03-21,Liga Portugal Betclic,Liga Portugal 25/26,27.0,Home,Vitória SC,Benfica,Vitória SC,ALL,Passes,Final third phase,72/98 (73%),64/83 (77%),72/98 (73%),64/83 (77%)
14288841,2026-03-21,Liga Portugal Betclic,Liga Portugal 25/26,27.0,Home,Vitória SC,Benfica,Vitória SC,ALL,Passes,Long balls,16/37 (43%),22/36 (61%),16/37 (43%),22/36 (61%)
14288841,2026-03-21,Liga Portugal Betclic,Liga Portugal 25/26,27.0,Home,Vitória SC,Benfica,Vitória SC,ALL,Passes,Throw-ins,16,15,16,15
14288841,2026-03-21,Liga Portugal Betclic,Liga Portugal 25/26,27.0,Home,Vitória SC,Benfica,Vitória SC,ALL,Shots,Blocked shots,3,5,3,5
14288841,2026-03-21,Liga Portugal Betclic,Liga Portugal 25/26,27.0,Home,Vitória SC,Benfica,Vitória SC,ALL,Shots,Hit woodwork,0,0,0,0
14288841,2026-03-21,Liga Portugal Betclic,Liga Portugal 25/26,27.0,Home,Vitória SC,Benfica,Vitória SC,ALL,Shots,Shots inside box,9,7,9,7
14288841,2026-03-21,Liga Portugal Betclic,Liga Portugal 25/26,27.0,Home,Vitória SC,Benfica,Vitória SC,ALL,Shots,Shots off target,5,9,5,9
14288841,2026-03-21,Liga Portugal Betclic,Liga Portugal 25/26,27.0,Home,Vitória SC,Benfica,Vitória SC,ALL,Shots,Shots on target,4,2,4,2
14288841,2026-03-21,Liga Portugal Betclic,Liga Portugal 25/26,27.0,Home,Vitória SC,Benfica,Vitória SC,ALL,Shots,Shots outside box,3,9,3,9
14288841,2026-03-21,Liga Portugal Betclic,Liga Portugal 25/26,27.0,Home,Vitória SC,Benfica,Vitória SC,ALL,Shots,Total shots,12,16,12,16
14288848,2026-04-06,Liga Portugal Betclic,Liga Portugal 25/26,28.0,Away,Casa Pia,Casa Pia,Benfica,1ST,Attack,Big chances missed,1,1,1,1
14288848,2026-04-06,Liga Portugal Betclic,Liga Portugal 25/26,28.0,Away,Casa Pia,Casa Pia,Benfica,1ST,Attack,Big chances scored,0,0,0,0
14288848,2026-04-06,Liga Portugal Betclic,Liga Portugal 25/26,28.0,Away,Casa Pia,Casa Pia,Benfica,1ST,Attack,Fouled in final third,3,0,0,3
14288848,2026-04-06,Liga Portugal Betclic,Liga Portugal 25/26,28.0,Away,Casa Pia,Casa Pia,Benfica,1ST,Attack,Offsides,1,0,0,1
14288848,2026-04-06,Liga Portugal Betclic,Liga Portugal 25/26,28.0,Away,Casa Pia,Casa Pia,Benfica,1ST,Defending,Clearances,18,24,24,18
14288848,2026-04-06,Liga Portugal Betclic,Liga Portugal 25/26,28.0,Away,Casa Pia,Casa Pia,Benfica,1ST,Defending,Interceptions,3,3,3,3
14288848,2026-04-06,Liga Portugal Betclic,Liga Portugal 25/26,28.0,Away,Casa Pia,Casa Pia,Benfica,1ST,Defending,Recoveries,18,11,11,18
14288848,2026-04-06,Liga Portugal Betclic,Liga Portugal 25/26,28.0,Away,Casa Pia,Casa Pia,Benfica,1ST,Defending,Tackles won,50%,38%,38%,50%
14288848,2026-04-06,Liga Portugal Betclic,Liga Portugal 25/26,28.0,Away,Casa Pia,Casa Pia,Benfica,1ST,Defending,Total tackles,2,8,8,2
14288848,2026-04-06,Liga Portugal Betclic,Liga Portugal 25/26,28.0,Away,Casa Pia,Casa Pia,Benfica,1ST,Duels,Aerial duels,10/24 (42%),14/24 (58%),14/24 (58%),10/24 (42%)
14288848,2026-04-06,Liga Portugal Betclic,Liga Portugal 25/26,28.0,Away,Casa Pia,Casa Pia,Benfica,1ST,Duels,Dispossessed,5,2,2,5
14288848,2026-04-06,Liga Portugal Betclic,Liga Portugal 25/26,28.0,Away,Casa Pia,Casa Pia,Benfica,1ST,Duels,Dribbles,2/5 (40%),1/1 (100%),1/1 (100%),2/5 (40%)
14288848,2026-04-06,Liga Portugal Betclic,Liga Portugal 25/26,28.0,Away,Casa Pia,Casa Pia,Benfica,1ST,Duels,Duels,47%,53%,53%,47%
14288848,2026-04-06,Liga Portugal Betclic,Liga Portugal 25/26,28.0,Away,Casa Pia,Casa Pia,Benfica,1ST,Duels,Ground duels,14/27 (52%),13/27 (48%),13/27 (48%),14/27 (52%)
14288848,2026-04-06,Liga Portugal Betclic,Liga Portugal 25/26,28.0,Away,Casa Pia,Casa Pia,Benfica,1ST,Goalkeeping,Goal kicks,0,6,6,0
14288848,2026-04-06,Liga Portugal Betclic,Liga Portugal 25/26,28.0,Away,Casa Pia,Casa Pia,Benfica,1ST,Goalkeeping,Total saves,1,2,2,1
14288848,2026-04-06,Liga Portugal Betclic,Liga Portugal 25/26,28.0,Away,Casa Pia,Casa Pia,Benfica,1ST,Match overview,Ball possession,80%,20%,20%,80%
14288848,2026-04-06,Liga Portugal Betclic,Liga Portugal 25/26,28.0,Away,Casa Pia,Casa Pia,Benfica,1ST,Match overview,Big chances,1,1,1,1
14288848,2026-04-06,Liga Portugal Betclic,Liga Portugal 25/26,28.0,Away,Casa Pia,Casa Pia,Benfica,1ST,Match overview,Corner kicks,6,2,2,6
14288848,2026-04-06,Liga Portugal Betclic,Liga Portugal 25/26,28.0,Away,Casa Pia,Casa Pia,Benfica,1ST,Match overview,Expected goals,0.84,0.12,0.12,0.84
14288848,2026-04-06,Liga Portugal Betclic,Liga Portugal 25/26,28.0,Away,Casa Pia,Casa Pia,Benfica,1ST,Match overview,Fouls,5,10,10,5
14288848,2026-04-06,Liga Portugal Betclic,Liga Portugal 25/26,28.0,Away,Casa Pia,Casa Pia,Benfica,1ST,Match overview,Free kicks,10,5,5,10
14288848,2026-04-06,Liga Portugal Betclic,Liga Portugal 25/26,28.0,Away,Casa Pia,Casa Pia,Benfica,1ST,Match overview,Goalkeeper saves,1,2,2,1
14288848,2026-04-06,Liga Portugal Betclic,Liga Portugal 25/26,28.0,Away,Casa Pia,Casa Pia,Benfica,1ST,Match overview,Passes,319,75,75,319
14288848,2026-04-06,Liga Portugal Betclic,Liga Portugal 25/26,28.0,Away,Casa Pia,Casa Pia,Benfica,1ST,Match overview,Tackles,2,8,8,2
14288848,2026-04-06,Liga Portugal Betclic,Liga Portugal 25/26,28.0,Away,Casa Pia,Casa Pia,Benfica,1ST,Match overview,Total shots,10,4,4,10
14288848,2026-04-06,Liga Portugal Betclic,Liga Portugal 25/26,28.0,Away,Casa Pia,Casa Pia,Benfica,1ST,Match overview,Yellow cards,0,0,0,0
14288848,2026-04-06,Liga Portugal Betclic,Liga Portugal 25/26,28.0,Away,Casa Pia,Casa Pia,Benfica,1ST,Passes,Accurate passes,286,35,35,286
14288848,2026-04-06,Liga Portugal Betclic,Liga Portugal 25/26,28.0,Away,Casa Pia,Casa Pia,Benfica,1ST,Passes,Crosses,1/13 (8%),0/8 (0%),0/8 (0%),1/13 (8%)
14288848,2026-04-06,Liga Portugal Betclic,Liga Portugal 25/26,28.0,Away,Casa Pia,Casa Pia,Benfica,1ST,Passes,Final third entries,32,12,12,32
14288848,2026-04-06,Liga Portugal Betclic,Liga Portugal 25/26,28.0,Away,Casa Pia,Casa Pia,Benfica,1ST,Passes,Long balls,8/21 (38%),10/22 (45%),10/22 (45%),8/21 (38%)
14288848,2026-04-06,Liga Portugal Betclic,Liga Portugal 25/26,28.0,Away,Casa Pia,Casa Pia,Benfica,1ST,Passes,Throw-ins,12,9,9,12
14288848,2026-04-06,Liga Portugal Betclic,Liga Portugal 25/26,28.0,Away,Casa Pia,Casa Pia,Benfica,1ST,Shots,Blocked shots,3,2,2,3
14288848,2026-04-06,Liga Portugal Betclic,Liga Portugal 25/26,28.0,Away,Casa Pia,Casa Pia,Benfica,1ST,Shots,Hit woodwork,1,0,0,1
14288848,2026-04-06,Liga Portugal Betclic,Liga Portugal 25/26,28.0,Away,Casa Pia,Casa Pia,Benfica,1ST,Shots,Shots inside box,7,3,3,7
14288848,2026-04-06,Liga Portugal Betclic,Liga Portugal 25/26,28.0,Away,Casa Pia,Casa Pia,Benfica,1ST,Shots,Shots off target,5,1,1,5
14288848,2026-04-06,Liga Portugal Betclic,Liga Portugal 25/26,28.0,Away,Casa Pia,Casa Pia,Benfica,1ST,Shots,Shots on target,2,1,1,2
14288848,2026-04-06,Liga Portugal Betclic,Liga Portugal 25/26,28.0,Away,Casa Pia,Casa Pia,Benfica,1ST,Shots,Shots outside box,3,1,1,3
14288848,2026-04-06,Liga Portugal Betclic,Liga Portugal 25/26,28.0,Away,Casa Pia,Casa Pia,Benfica,1ST,Shots,Total shots,10,4,4,10
14288848,2026-04-06,Liga Portugal Betclic,Liga Portugal 25/26,28.0,Away,Casa Pia,Casa Pia,Benfica,2ND,Attack,Big chances missed,2,0,0,2
14288848,2026-04-06,Liga Portugal Betclic,Liga Portugal 25/26,28.0,Away,Casa Pia,Casa Pia,Benfica,2ND,Attack,Big chances scored,1,1,1,1
14288848,2026-04-06,Liga Portugal Betclic,Liga Portugal 25/26,28.0,Away,Casa Pia,Casa Pia,Benfica,2ND,Attack,Fouled in final third,1,0,0,1
14288848,2026-04-06,Liga Portugal Betclic,Liga Portugal 25/26,28.0,Away,Casa Pia,Casa Pia,Benfica,2ND,Attack,Offsides,1,0,0,1
14288848,2026-04-06,Liga Portugal Betclic,Liga Portugal 25/26,28.0,Away,Casa Pia,Casa Pia,Benfica,2ND,Defending,Clearances,7,22,22,7
14288848,2026-04-06,Liga Portugal Betclic,Liga Portugal 25/26,28.0,Away,Casa Pia,Casa Pia,Benfica,2ND,Defending,Interceptions,1,7,7,1
14288848,2026-04-06,Liga Portugal Betclic,Liga Portugal 25/26,28.0,Away,Casa Pia,Casa Pia,Benfica,2ND,Defending,Recoveries,22,23,23,22
14288848,2026-04-06,Liga Portugal Betclic,Liga Portugal 25/26,28.0,Away,Casa Pia,Casa Pia,Benfica,2ND,Defending,Tackles won,46%,60%,60%,46%
14288848,2026-04-06,Liga Portugal Betclic,Liga Portugal 25/26,28.0,Away,Casa Pia,Casa Pia,Benfica,2ND,Defending,Total tackles,13,5,5,13
14288848,2026-04-06,Liga Portugal Betclic,Liga Portugal 25/26,28.0,Away,Casa Pia,Casa Pia,Benfica,2ND,Duels,Aerial duels,9/17 (53%),8/17 (47%),8/17 (47%),9/17 (53%)
14288848,2026-04-06,Liga Portugal Betclic,Liga Portugal 25/26,28.0,Away,Casa Pia,Casa Pia,Benfica,2ND,Duels,Dispossessed,3,5,5,3
14288848,2026-04-06,Liga Portugal Betclic,Liga Portugal 25/26,28.0,Away,Casa Pia,Casa Pia,Benfica,2ND,Duels,Dribbles,5/7 (71%),2/10 (20%),2/10 (20%),5/7 (71%)
14288848,2026-04-06,Liga Portugal Betclic,Liga Portugal 25/26,28.0,Away,Casa Pia,Casa Pia,Benfica,2ND,Duels,Duels,65%,35%,35%,65%
14288848,2026-04-06,Liga Portugal Betclic,Liga Portugal 25/26,28.0,Away,Casa Pia,Casa Pia,Benfica,2ND,Duels,Ground duels,27/38 (71%),11/38 (29%),11/38 (29%),27/38 (71%)
14288848,2026-04-06,Liga Portugal Betclic,Liga Portugal 25/26,28.0,Away,Casa Pia,Casa Pia,Benfica,2ND,Goalkeeping,Goal kicks,2,6,6,2
14288848,2026-04-06,Liga Portugal Betclic,Liga Portugal 25/26,28.0,Away,Casa Pia,Casa Pia,Benfica,2ND,Goalkeeping,Total saves,0,0,0,0
14288848,2026-04-06,Liga Portugal Betclic,Liga Portugal 25/26,28.0,Away,Casa Pia,Casa Pia,Benfica,2ND,Match overview,Ball possession,78%,22%,22%,78%
14288848,2026-04-06,Liga Portugal Betclic,Liga Portugal 25/26,28.0,Away,Casa Pia,Casa Pia,Benfica,2ND,Match overview,Big chances,3,1,1,3
14288848,2026-04-06,Liga Portugal Betclic,Liga Portugal 25/26,28.0,Away,Casa Pia,Casa Pia,Benfica,2ND,Match overview,Corner kicks,6,1,1,6
14288848,2026-04-06,Liga Portugal Betclic,Liga Portugal 25/26,28.0,Away,Casa Pia,Casa Pia,Benfica,2ND,Match overview,Expected goals,1.09,0.18,0.18,1.09
14288848,2026-04-06,Liga Portugal Betclic,Liga Portugal 25/26,28.0,Away,Casa Pia,Casa Pia,Benfica,2ND,Match overview,Fouls,5,9,9,5
14288848,2026-04-06,Liga Portugal Betclic,Liga Portugal 25/26,28.0,Away,Casa Pia,Casa Pia,Benfica,2ND,Match overview,Free kicks,9,5,5,9
14288848,2026-04-06,Liga Portugal Betclic,Liga Portugal 25/26,28.0,Away,Casa Pia,Casa Pia,Benfica,2ND,Match overview,Goalkeeper saves,0,0,0,0
14288848,2026-04-06,Liga Portugal Betclic,Liga Portugal 25/26,28.0,Away,Casa Pia,Casa Pia,Benfica,2ND,Match overview,Passes,286,84,84,286
14288848,2026-04-06,Liga Portugal Betclic,Liga Portugal 25/26,28.0,Away,Casa Pia,Casa Pia,Benfica,2ND,Match overview,Tackles,13,5,5,13
14288848,2026-04-06,Liga Portugal Betclic,Liga Portugal 25/26,28.0,Away,Casa Pia,Casa Pia,Benfica,2ND,Match overview,Total shots,8,4,4,8
14288848,2026-04-06,Liga Portugal Betclic,Liga Portugal 25/26,28.0,Away,Casa Pia,Casa Pia,Benfica,2ND,Match overview,Yellow cards,0,1,1,0
14288848,2026-04-06,Liga Portugal Betclic,Liga Portugal 25/26,28.0,Away,Casa Pia,Casa Pia,Benfica,2ND,Passes,Accurate passes,236,37,37,236
14288848,2026-04-06,Liga Portugal Betclic,Liga Portugal 25/26,28.0,Away,Casa Pia,Casa Pia,Benfica,2ND,Passes,Crosses,4/15 (27%),0/3 (0%),0/3 (0%),4/15 (27%)
14288848,2026-04-06,Liga Portugal Betclic,Liga Portugal 25/26,28.0,Away,Casa Pia,Casa Pia,Benfica,2ND,Passes,Final third entries,42,25,25,42
14288848,2026-04-06,Liga Portugal Betclic,Liga Portugal 25/26,28.0,Away,Casa Pia,Casa Pia,Benfica,2ND,Passes,Long balls,9/14 (64%),8/31 (26%),8/31 (26%),9/14 (64%)
14288848,2026-04-06,Liga Portugal Betclic,Liga Portugal 25/26,28.0,Away,Casa Pia,Casa Pia,Benfica,2ND,Passes,Throw-ins,15,9,9,15
14288848,2026-04-06,Liga Portugal Betclic,Liga Portugal 25/26,28.0,Away,Casa Pia,Casa Pia,Benfica,2ND,Shots,Blocked shots,3,1,1,3
14288848,2026-04-06,Liga Portugal Betclic,Liga Portugal 25/26,28.0,Away,Casa Pia,Casa Pia,Benfica,2ND,Shots,Hit woodwork,0,0,0,0
14288848,2026-04-06,Liga Portugal Betclic,Liga Portugal 25/26,28.0,Away,Casa Pia,Casa Pia,Benfica,2ND,Shots,Shots inside box,5,4,4,5
14288848,2026-04-06,Liga Portugal Betclic,Liga Portugal 25/26,28.0,Away,Casa Pia,Casa Pia,Benfica,2ND,Shots,Shots off target,4,2,2,4
14288848,2026-04-06,Liga Portugal Betclic,Liga Portugal 25/26,28.0,Away,Casa Pia,Casa Pia,Benfica,2ND,Shots,Shots on target,1,1,1,1
14288848,2026-04-06,Liga Portugal Betclic,Liga Portugal 25/26,28.0,Away,Casa Pia,Casa Pia,Benfica,2ND,Shots,Shots outside box,3,0,0,3
14288848,2026-04-06,Liga Portugal Betclic,Liga Portugal 25/26,28.0,Away,Casa Pia,Casa Pia,Benfica,2ND,Shots,Total shots,8,4,4,8
14288848,2026-04-06,Liga Portugal Betclic,Liga Portugal 25/26,28.0,Away,Casa Pia,Casa Pia,Benfica,ALL,Attack,Big chances missed,3,1,1,3
14288848,2026-04-06,Liga Portugal Betclic,Liga Portugal 25/26,28.0,Away,Casa Pia,Casa Pia,Benfica,ALL,Attack,Big chances scored,1,1,1,1
14288848,2026-04-06,Liga Portugal Betclic,Liga Portugal 25/26,28.0,Away,Casa Pia,Casa Pia,Benfica,ALL,Attack,Fouled in final third,4,0,0,4
14288848,2026-04-06,Liga Portugal Betclic,Liga Portugal 25/26,28.0,Away,Casa Pia,Casa Pia,Benfica,ALL,Attack,Offsides,2,0,0,2
14288848,2026-04-06,Liga Portugal Betclic,Liga Portugal 25/26,28.0,Away,Casa Pia,Casa Pia,Benfica,ALL,Attack,Touches in penalty area,44,10,10,44
14288848,2026-04-06,Liga Portugal Betclic,Liga Portugal 25/26,28.0,Away,Casa Pia,Casa Pia,Benfica,ALL,Defending,Clearances,25,46,46,25
14288848,2026-04-06,Liga Portugal Betclic,Liga Portugal 25/26,28.0,Away,Casa Pia,Casa Pia,Benfica,ALL,Defending,Errors lead to a shot,0,1,1,0
14288848,2026-04-06,Liga Portugal Betclic,Liga Portugal 25/26,28.0,Away,Casa Pia,Casa Pia,Benfica,ALL,Defending,Interceptions,4,10,10,4
14288848,2026-04-06,Liga Portugal Betclic,Liga Portugal 25/26,28.0,Away,Casa Pia,Casa Pia,Benfica,ALL,Defending,Recoveries,40,34,34,40
14288848,2026-04-06,Liga Portugal Betclic,Liga Portugal 25/26,28.0,Away,Casa Pia,Casa Pia,Benfica,ALL,Defending,Tackles won,47%,46%,46%,47%
14288848,2026-04-06,Liga Portugal Betclic,Liga Portugal 25/26,28.0,Away,Casa Pia,Casa Pia,Benfica,ALL,Defending,Total tackles,15,13,13,15
14288848,2026-04-06,Liga Portugal Betclic,Liga Portugal 25/26,28.0,Away,Casa Pia,Casa Pia,Benfica,ALL,Duels,Aerial duels,19/41 (46%),22/41 (54%),22/41 (54%),19/41 (46%)
14288848,2026-04-06,Liga Portugal Betclic,Liga Portugal 25/26,28.0,Away,Casa Pia,Casa Pia,Benfica,ALL,Duels,Dispossessed,8,7,7,8
14288848,2026-04-06,Liga Portugal Betclic,Liga Portugal 25/26,28.0,Away,Casa Pia,Casa Pia,Benfica,ALL,Duels,Dribbles,7/12 (58%),3/11 (27%),3/11 (27%),7/12 (58%)
14288848,2026-04-06,Liga Portugal Betclic,Liga Portugal 25/26,28.0,Away,Casa Pia,Casa Pia,Benfica,ALL,Duels,Duels,57%,43%,43%,57%
14288848,2026-04-06,Liga Portugal Betclic,Liga Portugal 25/26,28.0,Away,Casa Pia,Casa Pia,Benfica,ALL,Duels,Ground duels,41/65 (63%),24/65 (37%),24/65 (37%),41/65 (63%)
14288848,2026-04-06,Liga Portugal Betclic,Liga Portugal 25/26,28.0,Away,Casa Pia,Casa Pia,Benfica,ALL,Goalkeeping,Big saves,0,1,1,0
14288848,2026-04-06,Liga Portugal Betclic,Liga Portugal 25/26,28.0,Away,Casa Pia,Casa Pia,Benfica,ALL,Goalkeeping,Goal kicks,2,12,12,2
14288848,2026-04-06,Liga Portugal Betclic,Liga Portugal 25/26,28.0,Away,Casa Pia,Casa Pia,Benfica,ALL,Goalkeeping,Goals prevented,-0.38,0.37,0.37,-0.38
14288848,2026-04-06,Liga Portugal Betclic,Liga Portugal 25/26,28.0,Away,Casa Pia,Casa Pia,Benfica,ALL,Goalkeeping,High claims,2,1,1,2
14288848,2026-04-06,Liga Portugal Betclic,Liga Portugal 25/26,28.0,Away,Casa Pia,Casa Pia,Benfica,ALL,Goalkeeping,Punches,0,4,4,0
14288848,2026-04-06,Liga Portugal Betclic,Liga Portugal 25/26,28.0,Away,Casa Pia,Casa Pia,Benfica,ALL,Goalkeeping,Total saves,1,2,2,1
14288848,2026-04-06,Liga Portugal Betclic,Liga Portugal 25/26,28.0,Away,Casa Pia,Casa Pia,Benfica,ALL,Match overview,Ball possession,79%,21%,21%,79%
14288848,2026-04-06,Liga Portugal Betclic,Liga Portugal 25/26,28.0,Away,Casa Pia,Casa Pia,Benfica,ALL,Match overview,Big chances,4,2,2,4
14288848,2026-04-06,Liga Portugal Betclic,Liga Portugal 25/26,28.0,Away,Casa Pia,Casa Pia,Benfica,ALL,Match overview,Corner kicks,12,3,3,12
14288848,2026-04-06,Liga Portugal Betclic,Liga Portugal 25/26,28.0,Away,Casa Pia,Casa Pia,Benfica,ALL,Match overview,Distance covered,106.6 km,106.5 km,106.5 km,106.6 km
14288848,2026-04-06,Liga Portugal Betclic,Liga Portugal 25/26,28.0,Away,Casa Pia,Casa Pia,Benfica,ALL,Match overview,Expected goals,1.93,0.29,0.29,1.93
14288848,2026-04-06,Liga Portugal Betclic,Liga Portugal 25/26,28.0,Away,Casa Pia,Casa Pia,Benfica,ALL,Match overview,Fouls,10,19,19,10
14288848,2026-04-06,Liga Portugal Betclic,Liga Portugal 25/26,28.0,Away,Casa Pia,Casa Pia,Benfica,ALL,Match overview,Free kicks,19,10,10,19
14288848,2026-04-06,Liga Portugal Betclic,Liga Portugal 25/26,28.0,Away,Casa Pia,Casa Pia,Benfica,ALL,Match overview,Goalkeeper saves,1,2,2,1
14288848,2026-04-06,Liga Portugal Betclic,Liga Portugal 25/26,28.0,Away,Casa Pia,Casa Pia,Benfica,ALL,Match overview,Number of sprints,172,171,171,172
14288848,2026-04-06,Liga Portugal Betclic,Liga Portugal 25/26,28.0,Away,Casa Pia,Casa Pia,Benfica,ALL,Match overview,Passes,605,159,159,605
14288848,2026-04-06,Liga Portugal Betclic,Liga Portugal 25/26,28.0,Away,Casa Pia,Casa Pia,Benfica,ALL,Match overview,Tackles,15,13,13,15
14288848,2026-04-06,Liga Portugal Betclic,Liga Portugal 25/26,28.0,Away,Casa Pia,Casa Pia,Benfica,ALL,Match overview,Total shots,18,8,8,18
14288848,2026-04-06,Liga Portugal Betclic,Liga Portugal 25/26,28.0,Away,Casa Pia,Casa Pia,Benfica,ALL,Match overview,Yellow cards,0,1,1,0
14288848,2026-04-06,Liga Portugal Betclic,Liga Portugal 25/26,28.0,Away,Casa Pia,Casa Pia,Benfica,ALL,Passes,Accurate passes,522,72,72,522
14288848,2026-04-06,Liga Portugal Betclic,Liga Portugal 25/26,28.0,Away,Casa Pia,Casa Pia,Benfica,ALL,Passes,Crosses,5/28 (18%),0/11 (0%),0/11 (0%),5/28 (18%)
14288848,2026-04-06,Liga Portugal Betclic,Liga Portugal 25/26,28.0,Away,Casa Pia,Casa Pia,Benfica,ALL,Passes,Final third entries,74,37,37,74
14288848,2026-04-06,Liga Portugal Betclic,Liga Portugal 25/26,28.0,Away,Casa Pia,Casa Pia,Benfica,ALL,Passes,Final third phase,151/201 (75%),20/56 (36%),20/56 (36%),151/201 (75%)
14288848,2026-04-06,Liga Portugal Betclic,Liga Portugal 25/26,28.0,Away,Casa Pia,Casa Pia,Benfica,ALL,Passes,Long balls,17/35 (49%),18/53 (34%),18/53 (34%),17/35 (49%)
14288848,2026-04-06,Liga Portugal Betclic,Liga Portugal 25/26,28.0,Away,Casa Pia,Casa Pia,Benfica,ALL,Passes,Throw-ins,27,18,18,27
14288848,2026-04-06,Liga Portugal Betclic,Liga Portugal 25/26,28.0,Away,Casa Pia,Casa Pia,Benfica,ALL,Shots,Blocked shots,6,3,3,6
14288848,2026-04-06,Liga Portugal Betclic,Liga Portugal 25/26,28.0,Away,Casa Pia,Casa Pia,Benfica,ALL,Shots,Hit woodwork,1,0,0,1
14288848,2026-04-06,Liga Portugal Betclic,Liga Portugal 25/26,28.0,Away,Casa Pia,Casa Pia,Benfica,ALL,Shots,Shots inside box,12,7,7,12
14288848,2026-04-06,Liga Portugal Betclic,Liga Portugal 25/26,28.0,Away,Casa Pia,Casa Pia,Benfica,ALL,Shots,Shots off target,9,3,3,9
14288848,2026-04-06,Liga Portugal Betclic,Liga Portugal 25/26,28.0,Away,Casa Pia,Casa Pia,Benfica,ALL,Shots,Shots on target,3,2,2,3
14288848,2026-04-06,Liga Portugal Betclic,Liga Portugal 25/26,28.0,Away,Casa Pia,Casa Pia,Benfica,ALL,Shots,Shots outside box,6,1,1,6
14288848,2026-04-06,Liga Portugal Betclic,Liga Portugal 25/26,28.0,Away,Casa Pia,Casa Pia,Benfica,ALL,Shots,Total shots,18,8,8,18
14288859,2026-04-12,Liga Portugal Betclic,Liga Portugal 25/26,29.0,Home,CD Nacional,Benfica,CD Nacional,1ST,Attack,Big chances missed,0,0,0,0
14288859,2026-04-12,Liga Portugal Betclic,Liga Portugal 25/26,29.0,Home,CD Nacional,Benfica,CD Nacional,1ST,Attack,Big chances scored,2,0,2,0
14288859,2026-04-12,Liga Portugal Betclic,Liga Portugal 25/26,29.0,Home,CD Nacional,Benfica,CD Nacional,1ST,Attack,Fouled in final third,1,0,1,0
14288859,2026-04-12,Liga Portugal Betclic,Liga Portugal 25/26,29.0,Home,CD Nacional,Benfica,CD Nacional,1ST,Attack,Offsides,2,1,2,1
14288859,2026-04-12,Liga Portugal Betclic,Liga Portugal 25/26,29.0,Home,CD Nacional,Benfica,CD Nacional,1ST,Attack,Through balls,1,0,1,0
14288859,2026-04-12,Liga Portugal Betclic,Liga Portugal 25/26,29.0,Home,CD Nacional,Benfica,CD Nacional,1ST,Defending,Clearances,2,18,2,18
14288859,2026-04-12,Liga Portugal Betclic,Liga Portugal 25/26,29.0,Home,CD Nacional,Benfica,CD Nacional,1ST,Defending,Interceptions,3,4,3,4
14288859,2026-04-12,Liga Portugal Betclic,Liga Portugal 25/26,29.0,Home,CD Nacional,Benfica,CD Nacional,1ST,Defending,Recoveries,23,18,23,18
14288859,2026-04-12,Liga Portugal Betclic,Liga Portugal 25/26,29.0,Home,CD Nacional,Benfica,CD Nacional,1ST,Defending,Tackles won,63%,67%,63%,67%
14288859,2026-04-12,Liga Portugal Betclic,Liga Portugal 25/26,29.0,Home,CD Nacional,Benfica,CD Nacional,1ST,Defending,Total tackles,8,12,8,12
14288859,2026-04-12,Liga Portugal Betclic,Liga Portugal 25/26,29.0,Home,CD Nacional,Benfica,CD Nacional,1ST,Duels,Aerial duels,8/16 (50%),8/16 (50%),8/16 (50%),8/16 (50%)
14288859,2026-04-12,Liga Portugal Betclic,Liga Portugal 25/26,29.0,Home,CD Nacional,Benfica,CD Nacional,1ST,Duels,Dispossessed,6,2,6,2
14288859,2026-04-12,Liga Portugal Betclic,Liga Portugal 25/26,29.0,Home,CD Nacional,Benfica,CD Nacional,1ST,Duels,Dribbles,7/13 (54%),6/12 (50%),7/13 (54%),6/12 (50%)
14288859,2026-04-12,Liga Portugal Betclic,Liga Portugal 25/26,29.0,Home,CD Nacional,Benfica,CD Nacional,1ST,Duels,Duels,48%,52%,48%,52%
14288859,2026-04-12,Liga Portugal Betclic,Liga Portugal 25/26,29.0,Home,CD Nacional,Benfica,CD Nacional,1ST,Duels,Ground duels,21/44 (48%),23/44 (52%),21/44 (48%),23/44 (52%)
14288859,2026-04-12,Liga Portugal Betclic,Liga Portugal 25/26,29.0,Home,CD Nacional,Benfica,CD Nacional,1ST,Goalkeeping,Goal kicks,2,7,2,7
14288859,2026-04-12,Liga Portugal Betclic,Liga Portugal 25/26,29.0,Home,CD Nacional,Benfica,CD Nacional,1ST,Goalkeeping,Total saves,1,0,1,0
14288859,2026-04-12,Liga Portugal Betclic,Liga Portugal 25/26,29.0,Home,CD Nacional,Benfica,CD Nacional,1ST,Match overview,Ball possession,61%,39%,61%,39%
14288859,2026-04-12,Liga Portugal Betclic,Liga Portugal 25/26,29.0,Home,CD Nacional,Benfica,CD Nacional,1ST,Match overview,Big chances,2,0,2,0
14288859,2026-04-12,Liga Portugal Betclic,Liga Portugal 25/26,29.0,Home,CD Nacional,Benfica,CD Nacional,1ST,Match overview,Corner kicks,8,0,8,0
14288859,2026-04-12,Liga Portugal Betclic,Liga Portugal 25/26,29.0,Home,CD Nacional,Benfica,CD Nacional,1ST,Match overview,Expected goals,1.22,0.02,1.22,0.02
14288859,2026-04-12,Liga Portugal Betclic,Liga Portugal 25/26,29.0,Home,CD Nacional,Benfica,CD Nacional,1ST,Match overview,Fouls,5,6,5,6
14288859,2026-04-12,Liga Portugal Betclic,Liga Portugal 25/26,29.0,Home,CD Nacional,Benfica,CD Nacional,1ST,Match overview,Free kicks,6,5,6,5
14288859,2026-04-12,Liga Portugal Betclic,Liga Portugal 25/26,29.0,Home,CD Nacional,Benfica,CD Nacional,1ST,Match overview,Goalkeeper saves,1,0,1,0
14288859,2026-04-12,Liga Portugal Betclic,Liga Portugal 25/26,29.0,Home,CD Nacional,Benfica,CD Nacional,1ST,Match overview,Passes,285,192,285,192
14288859,2026-04-12,Liga Portugal Betclic,Liga Portugal 25/26,29.0,Home,CD Nacional,Benfica,CD Nacional,1ST,Match overview,Tackles,8,12,8,12
14288859,2026-04-12,Liga Portugal Betclic,Liga Portugal 25/26,29.0,Home,CD Nacional,Benfica,CD Nacional,1ST,Match overview,Total shots,9,2,9,2
14288859,2026-04-12,Liga Portugal Betclic,Liga Portugal 25/26,29.0,Home,CD Nacional,Benfica,CD Nacional,1ST,Match overview,Yellow cards,1,0,1,0
14288859,2026-04-12,Liga Portugal Betclic,Liga Portugal 25/26,29.0,Home,CD Nacional,Benfica,CD Nacional,1ST,Passes,Accurate passes,253,154,253,154
14288859,2026-04-12,Liga Portugal Betclic,Liga Portugal 25/26,29.0,Home,CD Nacional,Benfica,CD Nacional,1ST,Passes,Crosses,7/17 (41%),1/1 (100%),7/17 (41%),1/1 (100%)
14288859,2026-04-12,Liga Portugal Betclic,Liga Portugal 25/26,29.0,Home,CD Nacional,Benfica,CD Nacional,1ST,Passes,Final third entries,29,12,29,12
14288859,2026-04-12,Liga Portugal Betclic,Liga Portugal 25/26,29.0,Home,CD Nacional,Benfica,CD Nacional,1ST,Passes,Long balls,15/22 (68%),11/32 (34%),15/22 (68%),11/32 (34%)
14288859,2026-04-12,Liga Portugal Betclic,Liga Portugal 25/26,29.0,Home,CD Nacional,Benfica,CD Nacional,1ST,Passes,Throw-ins,12,3,12,3
14288859,2026-04-12,Liga Portugal Betclic,Liga Portugal 25/26,29.0,Home,CD Nacional,Benfica,CD Nacional,1ST,Shots,Blocked shots,3,0,3,0
14288859,2026-04-12,Liga Portugal Betclic,Liga Portugal 25/26,29.0,Home,CD Nacional,Benfica,CD Nacional,1ST,Shots,Hit woodwork,1,0,1,0
14288859,2026-04-12,Liga Portugal Betclic,Liga Portugal 25/26,29.0,Home,CD Nacional,Benfica,CD Nacional,1ST,Shots,Shots inside box,7,0,7,0
14288859,2026-04-12,Liga Portugal Betclic,Liga Portugal 25/26,29.0,Home,CD Nacional,Benfica,CD Nacional,1ST,Shots,Shots off target,4,1,4,1
14288859,2026-04-12,Liga Portugal Betclic,Liga Portugal 25/26,29.0,Home,CD Nacional,Benfica,CD Nacional,1ST,Shots,Shots on target,2,1,2,1
14288859,2026-04-12,Liga Portugal Betclic,Liga Portugal 25/26,29.0,Home,CD Nacional,Benfica,CD Nacional,1ST,Shots,Shots outside box,2,2,2,2
14288859,2026-04-12,Liga Portugal Betclic,Liga Portugal 25/26,29.0,Home,CD Nacional,Benfica,CD Nacional,1ST,Shots,Total shots,9,2,9,2
14288859,2026-04-12,Liga Portugal Betclic,Liga Portugal 25/26,29.0,Home,CD Nacional,Benfica,CD Nacional,2ND,Attack,Big chances missed,3,0,3,0
14288859,2026-04-12,Liga Portugal Betclic,Liga Portugal 25/26,29.0,Home,CD Nacional,Benfica,CD Nacional,2ND,Attack,Big chances scored,0,0,0,0
14288859,2026-04-12,Liga Portugal Betclic,Liga Portugal 25/26,29.0,Home,CD Nacional,Benfica,CD Nacional,2ND,Attack,Fouled in final third,4,0,4,0
14288859,2026-04-12,Liga Portugal Betclic,Liga Portugal 25/26,29.0,Home,CD Nacional,Benfica,CD Nacional,2ND,Attack,Offsides,1,1,1,1
14288859,2026-04-12,Liga Portugal Betclic,Liga Portugal 25/26,29.0,Home,CD Nacional,Benfica,CD Nacional,2ND,Attack,Through balls,0,0,0,0
14288859,2026-04-12,Liga Portugal Betclic,Liga Portugal 25/26,29.0,Home,CD Nacional,Benfica,CD Nacional,2ND,Defending,Clearances,7,21,7,21
14288859,2026-04-12,Liga Portugal Betclic,Liga Portugal 25/26,29.0,Home,CD Nacional,Benfica,CD Nacional,2ND,Defending,Interceptions,4,2,4,2
14288859,2026-04-12,Liga Portugal Betclic,Liga Portugal 25/26,29.0,Home,CD Nacional,Benfica,CD Nacional,2ND,Defending,Recoveries,22,20,22,20
14288859,2026-04-12,Liga Portugal Betclic,Liga Portugal 25/26,29.0,Home,CD Nacional,Benfica,CD Nacional,2ND,Defending,Tackles won,80%,54%,80%,54%
14288859,2026-04-12,Liga Portugal Betclic,Liga Portugal 25/26,29.0,Home,CD Nacional,Benfica,CD Nacional,2ND,Defending,Total tackles,5,13,5,13
14288859,2026-04-12,Liga Portugal Betclic,Liga Portugal 25/26,29.0,Home,CD Nacional,Benfica,CD Nacional,2ND,Duels,Aerial duels,6/14 (43%),8/14 (57%),6/14 (43%),8/14 (57%)
14288859,2026-04-12,Liga Portugal Betclic,Liga Portugal 25/26,29.0,Home,CD Nacional,Benfica,CD Nacional,2ND,Duels,Dispossessed,4,3,4,3
14288859,2026-04-12,Liga Portugal Betclic,Liga Portugal 25/26,29.0,Home,CD Nacional,Benfica,CD Nacional,2ND,Duels,Dribbles,5/14 (36%),3/6 (50%),5/14 (36%),3/6 (50%)
14288859,2026-04-12,Liga Portugal Betclic,Liga Portugal 25/26,29.0,Home,CD Nacional,Benfica,CD Nacional,2ND,Duels,Duels,48%,52%,48%,52%
14288859,2026-04-12,Liga Portugal Betclic,Liga Portugal 25/26,29.0,Home,CD Nacional,Benfica,CD Nacional,2ND,Duels,Ground duels,23/46 (50%),23/46 (50%),23/46 (50%),23/46 (50%)
14288859,2026-04-12,Liga Portugal Betclic,Liga Portugal 25/26,29.0,Home,CD Nacional,Benfica,CD Nacional,2ND,Goalkeeping,Goal kicks,4,4,4,4
14288859,2026-04-12,Liga Portugal Betclic,Liga Portugal 25/26,29.0,Home,CD Nacional,Benfica,CD Nacional,2ND,Goalkeeping,Total saves,3,6,3,6
14288859,2026-04-12,Liga Portugal Betclic,Liga Portugal 25/26,29.0,Home,CD Nacional,Benfica,CD Nacional,2ND,Match overview,Ball possession,54%,46%,54%,46%
14288859,2026-04-12,Liga Portugal Betclic,Liga Portugal 25/26,29.0,Home,CD Nacional,Benfica,CD Nacional,2ND,Match overview,Big chances,3,0,3,0
14288859,2026-04-12,Liga Portugal Betclic,Liga Portugal 25/26,29.0,Home,CD Nacional,Benfica,CD Nacional,2ND,Match overview,Corner kicks,7,1,7,1
14288859,2026-04-12,Liga Portugal Betclic,Liga Portugal 25/26,29.0,Home,CD Nacional,Benfica,CD Nacional,2ND,Match overview,Expected goals,2.20,0.23,2.20,0.23
14288859,2026-04-12,Liga Portugal Betclic,Liga Portugal 25/26,29.0,Home,CD Nacional,Benfica,CD Nacional,2ND,Match overview,Fouls,8,12,8,12
14288859,2026-04-12,Liga Portugal Betclic,Liga Portugal 25/26,29.0,Home,CD Nacional,Benfica,CD Nacional,2ND,Match overview,Free kicks,11,8,11,8
14288859,2026-04-12,Liga Portugal Betclic,Liga Portugal 25/26,29.0,Home,CD Nacional,Benfica,CD Nacional,2ND,Match overview,Goalkeeper saves,3,6,3,6
14288859,2026-04-12,Liga Portugal Betclic,Liga Portugal 25/26,29.0,Home,CD Nacional,Benfica,CD Nacional,2ND,Match overview,Passes,181,163,181,163
14288859,2026-04-12,Liga Portugal Betclic,Liga Portugal 25/26,29.0,Home,CD Nacional,Benfica,CD Nacional,2ND,Match overview,Tackles,5,13,5,13
14288859,2026-04-12,Liga Portugal Betclic,Liga Portugal 25/26,29.0,Home,CD Nacional,Benfica,CD Nacional,2ND,Match overview,Total shots,15,5,15,5
14288859,2026-04-12,Liga Portugal Betclic,Liga Portugal 25/26,29.0,Home,CD Nacional,Benfica,CD Nacional,2ND,Match overview,Yellow cards,0,5,0,5
14288859,2026-04-12,Liga Portugal Betclic,Liga Portugal 25/26,29.0,Home,CD Nacional,Benfica,CD Nacional,2ND,Passes,Accurate passes,150,132,150,132
14288859,2026-04-12,Liga Portugal Betclic,Liga Portugal 25/26,29.0,Home,CD Nacional,Benfica,CD Nacional,2ND,Passes,Crosses,2/10 (20%),1/4 (25%),2/10 (20%),1/4 (25%)
14288859,2026-04-12,Liga Portugal Betclic,Liga Portugal 25/26,29.0,Home,CD Nacional,Benfica,CD Nacional,2ND,Passes,Final third entries,24,23,24,23
14288859,2026-04-12,Liga Portugal Betclic,Liga Portugal 25/26,29.0,Home,CD Nacional,Benfica,CD Nacional,2ND,Passes,Long balls,12/21 (57%),17/34 (50%),12/21 (57%),17/34 (50%)
14288859,2026-04-12,Liga Portugal Betclic,Liga Portugal 25/26,29.0,Home,CD Nacional,Benfica,CD Nacional,2ND,Passes,Throw-ins,7,4,7,4
14288859,2026-04-12,Liga Portugal Betclic,Liga Portugal 25/26,29.0,Home,CD Nacional,Benfica,CD Nacional,2ND,Shots,Blocked shots,5,1,5,1
14288859,2026-04-12,Liga Portugal Betclic,Liga Portugal 25/26,29.0,Home,CD Nacional,Benfica,CD Nacional,2ND,Shots,Hit woodwork,0,0,0,0
14288859,2026-04-12,Liga Portugal Betclic,Liga Portugal 25/26,29.0,Home,CD Nacional,Benfica,CD Nacional,2ND,Shots,Shots inside box,13,2,13,2
14288859,2026-04-12,Liga Portugal Betclic,Liga Portugal 25/26,29.0,Home,CD Nacional,Benfica,CD Nacional,2ND,Shots,Shots off target,4,1,4,1
14288859,2026-04-12,Liga Portugal Betclic,Liga Portugal 25/26,29.0,Home,CD Nacional,Benfica,CD Nacional,2ND,Shots,Shots on target,6,3,6,3
14288859,2026-04-12,Liga Portugal Betclic,Liga Portugal 25/26,29.0,Home,CD Nacional,Benfica,CD Nacional,2ND,Shots,Shots outside box,2,3,2,3
14288859,2026-04-12,Liga Portugal Betclic,Liga Portugal 25/26,29.0,Home,CD Nacional,Benfica,CD Nacional,2ND,Shots,Total shots,15,5,15,5
14288859,2026-04-12,Liga Portugal Betclic,Liga Portugal 25/26,29.0,Home,CD Nacional,Benfica,CD Nacional,ALL,Attack,Big chances missed,3,0,3,0
14288859,2026-04-12,Liga Portugal Betclic,Liga Portugal 25/26,29.0,Home,CD Nacional,Benfica,CD Nacional,ALL,Attack,Big chances scored,2,0,2,0
14288859,2026-04-12,Liga Portugal Betclic,Liga Portugal 25/26,29.0,Home,CD Nacional,Benfica,CD Nacional,ALL,Attack,Fouled in final third,5,0,5,0
14288859,2026-04-12,Liga Portugal Betclic,Liga Portugal 25/26,29.0,Home,CD Nacional,Benfica,CD Nacional,ALL,Attack,Offsides,3,2,3,2
14288859,2026-04-12,Liga Portugal Betclic,Liga Portugal 25/26,29.0,Home,CD Nacional,Benfica,CD Nacional,ALL,Attack,Through balls,1,0,1,0
14288859,2026-04-12,Liga Portugal Betclic,Liga Portugal 25/26,29.0,Home,CD Nacional,Benfica,CD Nacional,ALL,Attack,Touches in penalty area,57,5,57,5
14288859,2026-04-12,Liga Portugal Betclic,Liga Portugal 25/26,29.0,Home,CD Nacional,Benfica,CD Nacional,ALL,Defending,Clearances,9,39,9,39
14288859,2026-04-12,Liga Portugal Betclic,Liga Portugal 25/26,29.0,Home,CD Nacional,Benfica,CD Nacional,ALL,Defending,Errors lead to a goal,0,1,0,1
14288859,2026-04-12,Liga Portugal Betclic,Liga Portugal 25/26,29.0,Home,CD Nacional,Benfica,CD Nacional,ALL,Defending,Errors lead to a shot,0,1,0,1
14288859,2026-04-12,Liga Portugal Betclic,Liga Portugal 25/26,29.0,Home,CD Nacional,Benfica,CD Nacional,ALL,Defending,Interceptions,7,6,7,6
14288859,2026-04-12,Liga Portugal Betclic,Liga Portugal 25/26,29.0,Home,CD Nacional,Benfica,CD Nacional,ALL,Defending,Recoveries,45,38,45,38
14288859,2026-04-12,Liga Portugal Betclic,Liga Portugal 25/26,29.0,Home,CD Nacional,Benfica,CD Nacional,ALL,Defending,Tackles won,69%,60%,69%,60%
14288859,2026-04-12,Liga Portugal Betclic,Liga Portugal 25/26,29.0,Home,CD Nacional,Benfica,CD Nacional,ALL,Defending,Total tackles,13,25,13,25
14288859,2026-04-12,Liga Portugal Betclic,Liga Portugal 25/26,29.0,Home,CD Nacional,Benfica,CD Nacional,ALL,Duels,Aerial duels,14/30 (47%),16/30 (53%),14/30 (47%),16/30 (53%)
14288859,2026-04-12,Liga Portugal Betclic,Liga Portugal 25/26,29.0,Home,CD Nacional,Benfica,CD Nacional,ALL,Duels,Dispossessed,10,5,10,5
14288859,2026-04-12,Liga Portugal Betclic,Liga Portugal 25/26,29.0,Home,CD Nacional,Benfica,CD Nacional,ALL,Duels,Dribbles,12/27 (44%),9/18 (50%),12/27 (44%),9/18 (50%)
14288859,2026-04-12,Liga Portugal Betclic,Liga Portugal 25/26,29.0,Home,CD Nacional,Benfica,CD Nacional,ALL,Duels,Duels,48%,52%,48%,52%
14288859,2026-04-12,Liga Portugal Betclic,Liga Portugal 25/26,29.0,Home,CD Nacional,Benfica,CD Nacional,ALL,Duels,Ground duels,44/90 (49%),46/90 (51%),44/90 (49%),46/90 (51%)
14288859,2026-04-12,Liga Portugal Betclic,Liga Portugal 25/26,29.0,Home,CD Nacional,Benfica,CD Nacional,ALL,Goalkeeping,Big saves,0,2,0,2
14288859,2026-04-12,Liga Portugal Betclic,Liga Portugal 25/26,29.0,Home,CD Nacional,Benfica,CD Nacional,ALL,Goalkeeping,Goal kicks,6,11,6,11
14288859,2026-04-12,Liga Portugal Betclic,Liga Portugal 25/26,29.0,Home,CD Nacional,Benfica,CD Nacional,ALL,Goalkeeping,Goals prevented,0.64,0.91,0.64,0.91
14288859,2026-04-12,Liga Portugal Betclic,Liga Portugal 25/26,29.0,Home,CD Nacional,Benfica,CD Nacional,ALL,Goalkeeping,Penalty saves,0,1,0,1
14288859,2026-04-12,Liga Portugal Betclic,Liga Portugal 25/26,29.0,Home,CD Nacional,Benfica,CD Nacional,ALL,Goalkeeping,Total saves,4,6,4,6
14288859,2026-04-12,Liga Portugal Betclic,Liga Portugal 25/26,29.0,Home,CD Nacional,Benfica,CD Nacional,ALL,Match overview,Ball possession,58%,42%,58%,42%
14288859,2026-04-12,Liga Portugal Betclic,Liga Portugal 25/26,29.0,Home,CD Nacional,Benfica,CD Nacional,ALL,Match overview,Big chances,5,0,5,0
14288859,2026-04-12,Liga Portugal Betclic,Liga Portugal 25/26,29.0,Home,CD Nacional,Benfica,CD Nacional,ALL,Match overview,Corner kicks,15,1,15,1
14288859,2026-04-12,Liga Portugal Betclic,Liga Portugal 25/26,29.0,Home,CD Nacional,Benfica,CD Nacional,ALL,Match overview,Distance covered,89.7 km,95.8 km,89.7 km,95.8 km
14288859,2026-04-12,Liga Portugal Betclic,Liga Portugal 25/26,29.0,Home,CD Nacional,Benfica,CD Nacional,ALL,Match overview,Expected goals,3.43,0.25,3.43,0.25
14288859,2026-04-12,Liga Portugal Betclic,Liga Portugal 25/26,29.0,Home,CD Nacional,Benfica,CD Nacional,ALL,Match overview,Fouls,13,18,13,18
14288859,2026-04-12,Liga Portugal Betclic,Liga Portugal 25/26,29.0,Home,CD Nacional,Benfica,CD Nacional,ALL,Match overview,Free kicks,17,13,17,13
14288859,2026-04-12,Liga Portugal Betclic,Liga Portugal 25/26,29.0,Home,CD Nacional,Benfica,CD Nacional,ALL,Match overview,Goalkeeper saves,4,6,4,6
14288859,2026-04-12,Liga Portugal Betclic,Liga Portugal 25/26,29.0,Home,CD Nacional,Benfica,CD Nacional,ALL,Match overview,Number of sprints,110,91,110,91
14288859,2026-04-12,Liga Portugal Betclic,Liga Portugal 25/26,29.0,Home,CD Nacional,Benfica,CD Nacional,ALL,Match overview,Passes,466,355,466,355
14288859,2026-04-12,Liga Portugal Betclic,Liga Portugal 25/26,29.0,Home,CD Nacional,Benfica,CD Nacional,ALL,Match overview,Tackles,13,25,13,25
14288859,2026-04-12,Liga Portugal Betclic,Liga Portugal 25/26,29.0,Home,CD Nacional,Benfica,CD Nacional,ALL,Match overview,Total shots,24,7,24,7
14288859,2026-04-12,Liga Portugal Betclic,Liga Portugal 25/26,29.0,Home,CD Nacional,Benfica,CD Nacional,ALL,Match overview,Yellow cards,1,5,1,5
14288859,2026-04-12,Liga Portugal Betclic,Liga Portugal 25/26,29.0,Home,CD Nacional,Benfica,CD Nacional,ALL,Passes,Accurate passes,403,286,403,286
14288859,2026-04-12,Liga Portugal Betclic,Liga Portugal 25/26,29.0,Home,CD Nacional,Benfica,CD Nacional,ALL,Passes,Crosses,9/27 (33%),2/5 (40%),9/27 (33%),2/5 (40%)
14288859,2026-04-12,Liga Portugal Betclic,Liga Portugal 25/26,29.0,Home,CD Nacional,Benfica,CD Nacional,ALL,Passes,Final third entries,53,35,53,35
14288859,2026-04-12,Liga Portugal Betclic,Liga Portugal 25/26,29.0,Home,CD Nacional,Benfica,CD Nacional,ALL,Passes,Final third phase,121/165 (73%),37/57 (65%),121/165 (73%),37/57 (65%)
14288859,2026-04-12,Liga Portugal Betclic,Liga Portugal 25/26,29.0,Home,CD Nacional,Benfica,CD Nacional,ALL,Passes,Long balls,27/43 (63%),28/66 (42%),27/43 (63%),28/66 (42%)
14288859,2026-04-12,Liga Portugal Betclic,Liga Portugal 25/26,29.0,Home,CD Nacional,Benfica,CD Nacional,ALL,Passes,Throw-ins,19,7,19,7
14288859,2026-04-12,Liga Portugal Betclic,Liga Portugal 25/26,29.0,Home,CD Nacional,Benfica,CD Nacional,ALL,Shots,Blocked shots,8,1,8,1
14288859,2026-04-12,Liga Portugal Betclic,Liga Portugal 25/26,29.0,Home,CD Nacional,Benfica,CD Nacional,ALL,Shots,Hit woodwork,1,0,1,0
14288859,2026-04-12,Liga Portugal Betclic,Liga Portugal 25/26,29.0,Home,CD Nacional,Benfica,CD Nacional,ALL,Shots,Shots inside box,20,2,20,2
14288859,2026-04-12,Liga Portugal Betclic,Liga Portugal 25/26,29.0,Home,CD Nacional,Benfica,CD Nacional,ALL,Shots,Shots off target,8,2,8,2
14288859,2026-04-12,Liga Portugal Betclic,Liga Portugal 25/26,29.0,Home,CD Nacional,Benfica,CD Nacional,ALL,Shots,Shots on target,8,4,8,4
14288859,2026-04-12,Liga Portugal Betclic,Liga Portugal 25/26,29.0,Home,CD Nacional,Benfica,CD Nacional,ALL,Shots,Shots outside box,4,5,4,5
14288859,2026-04-12,Liga Portugal Betclic,Liga Portugal 25/26,29.0,Home,CD Nacional,Benfica,CD Nacional,ALL,Shots,Total shots,24,7,24,7
14288865,2026-04-19,Liga Portugal Betclic,Liga Portugal 25/26,30.0,Away,Sporting CP,Sporting CP,Benfica,1ST,Attack,Big chances missed,0,1,1,0
14288865,2026-04-19,Liga Portugal Betclic,Liga Portugal 25/26,30.0,Away,Sporting CP,Sporting CP,Benfica,1ST,Attack,Big chances scored,1,0,0,1
14288865,2026-04-19,Liga Portugal Betclic,Liga Portugal 25/26,30.0,Away,Sporting CP,Sporting CP,Benfica,1ST,Attack,Fouled in final third,2,1,1,2
14288865,2026-04-19,Liga Portugal Betclic,Liga Portugal 25/26,30.0,Away,Sporting CP,Sporting CP,Benfica,1ST,Attack,Offsides,0,0,0,0
14288865,2026-04-19,Liga Portugal Betclic,Liga Portugal 25/26,30.0,Away,Sporting CP,Sporting CP,Benfica,1ST,Attack,Through balls,0,0,0,0
14288865,2026-04-19,Liga Portugal Betclic,Liga Portugal 25/26,30.0,Away,Sporting CP,Sporting CP,Benfica,1ST,Defending,Clearances,8,6,6,8
14288865,2026-04-19,Liga Portugal Betclic,Liga Portugal 25/26,30.0,Away,Sporting CP,Sporting CP,Benfica,1ST,Defending,Interceptions,6,3,3,6
14288865,2026-04-19,Liga Portugal Betclic,Liga Portugal 25/26,30.0,Away,Sporting CP,Sporting CP,Benfica,1ST,Defending,Recoveries,21,28,28,21
14288865,2026-04-19,Liga Portugal Betclic,Liga Portugal 25/26,30.0,Away,Sporting CP,Sporting CP,Benfica,1ST,Defending,Tackles won,69%,50%,50%,69%
14288865,2026-04-19,Liga Portugal Betclic,Liga Portugal 25/26,30.0,Away,Sporting CP,Sporting CP,Benfica,1ST,Defending,Total tackles,13,8,8,13
14288865,2026-04-19,Liga Portugal Betclic,Liga Portugal 25/26,30.0,Away,Sporting CP,Sporting CP,Benfica,1ST,Duels,Aerial duels,6/14 (43%),8/14 (57%),8/14 (57%),6/14 (43%)
14288865,2026-04-19,Liga Portugal Betclic,Liga Portugal 25/26,30.0,Away,Sporting CP,Sporting CP,Benfica,1ST,Duels,Dispossessed,5,5,5,5
14288865,2026-04-19,Liga Portugal Betclic,Liga Portugal 25/26,30.0,Away,Sporting CP,Sporting CP,Benfica,1ST,Duels,Dribbles,2/5 (40%),7/15 (47%),7/15 (47%),2/5 (40%)
14288865,2026-04-19,Liga Portugal Betclic,Liga Portugal 25/26,30.0,Away,Sporting CP,Sporting CP,Benfica,1ST,Duels,Duels,50%,50%,50%,50%
14288865,2026-04-19,Liga Portugal Betclic,Liga Portugal 25/26,30.0,Away,Sporting CP,Sporting CP,Benfica,1ST,Duels,Ground duels,22/42 (52%),20/42 (48%),20/42 (48%),22/42 (52%)
14288865,2026-04-19,Liga Portugal Betclic,Liga Portugal 25/26,30.0,Away,Sporting CP,Sporting CP,Benfica,1ST,Goalkeeping,Goal kicks,4,4,4,4
14288865,2026-04-19,Liga Portugal Betclic,Liga Portugal 25/26,30.0,Away,Sporting CP,Sporting CP,Benfica,1ST,Goalkeeping,Total saves,3,1,1,3
14288865,2026-04-19,Liga Portugal Betclic,Liga Portugal 25/26,30.0,Away,Sporting CP,Sporting CP,Benfica,1ST,Match overview,Ball possession,33%,67%,67%,33%
14288865,2026-04-19,Liga Portugal Betclic,Liga Portugal 25/26,30.0,Away,Sporting CP,Sporting CP,Benfica,1ST,Match overview,Big chances,1,1,1,1
14288865,2026-04-19,Liga Portugal Betclic,Liga Portugal 25/26,30.0,Away,Sporting CP,Sporting CP,Benfica,1ST,Match overview,Corner kicks,4,3,3,4
14288865,2026-04-19,Liga Portugal Betclic,Liga Portugal 25/26,30.0,Away,Sporting CP,Sporting CP,Benfica,1ST,Match overview,Expected goals,0.96,1.04,1.04,0.96
14288865,2026-04-19,Liga Portugal Betclic,Liga Portugal 25/26,30.0,Away,Sporting CP,Sporting CP,Benfica,1ST,Match overview,Fouls,5,9,9,5
14288865,2026-04-19,Liga Portugal Betclic,Liga Portugal 25/26,30.0,Away,Sporting CP,Sporting CP,Benfica,1ST,Match overview,Free kicks,8,4,4,8
14288865,2026-04-19,Liga Portugal Betclic,Liga Portugal 25/26,30.0,Away,Sporting CP,Sporting CP,Benfica,1ST,Match overview,Goalkeeper saves,3,1,1,3
14288865,2026-04-19,Liga Portugal Betclic,Liga Portugal 25/26,30.0,Away,Sporting CP,Sporting CP,Benfica,1ST,Match overview,Passes,121,255,255,121
14288865,2026-04-19,Liga Portugal Betclic,Liga Portugal 25/26,30.0,Away,Sporting CP,Sporting CP,Benfica,1ST,Match overview,Tackles,13,8,8,13
14288865,2026-04-19,Liga Portugal Betclic,Liga Portugal 25/26,30.0,Away,Sporting CP,Sporting CP,Benfica,1ST,Match overview,Total shots,5,7,7,5
14288865,2026-04-19,Liga Portugal Betclic,Liga Portugal 25/26,30.0,Away,Sporting CP,Sporting CP,Benfica,1ST,Match overview,Yellow cards,0,1,1,0
14288865,2026-04-19,Liga Portugal Betclic,Liga Portugal 25/26,30.0,Away,Sporting CP,Sporting CP,Benfica,1ST,Passes,Accurate passes,80,214,214,80
14288865,2026-04-19,Liga Portugal Betclic,Liga Portugal 25/26,30.0,Away,Sporting CP,Sporting CP,Benfica,1ST,Passes,Crosses,2/5 (40%),0/3 (0%),0/3 (0%),2/5 (40%)
14288865,2026-04-19,Liga Portugal Betclic,Liga Portugal 25/26,30.0,Away,Sporting CP,Sporting CP,Benfica,1ST,Passes,Final third entries,18,23,23,18
14288865,2026-04-19,Liga Portugal Betclic,Liga Portugal 25/26,30.0,Away,Sporting CP,Sporting CP,Benfica,1ST,Passes,Long balls,6/23 (26%),12/25 (48%),12/25 (48%),6/23 (26%)
14288865,2026-04-19,Liga Portugal Betclic,Liga Portugal 25/26,30.0,Away,Sporting CP,Sporting CP,Benfica,1ST,Passes,Throw-ins,8,11,11,8
14288865,2026-04-19,Liga Portugal Betclic,Liga Portugal 25/26,30.0,Away,Sporting CP,Sporting CP,Benfica,1ST,Shots,Blocked shots,2,1,1,2
14288865,2026-04-19,Liga Portugal Betclic,Liga Portugal 25/26,30.0,Away,Sporting CP,Sporting CP,Benfica,1ST,Shots,Hit woodwork,0,1,1,0
14288865,2026-04-19,Liga Portugal Betclic,Liga Portugal 25/26,30.0,Away,Sporting CP,Sporting CP,Benfica,1ST,Shots,Shots inside box,3,5,5,3
14288865,2026-04-19,Liga Portugal Betclic,Liga Portugal 25/26,30.0,Away,Sporting CP,Sporting CP,Benfica,1ST,Shots,Shots off target,1,3,3,1
14288865,2026-04-19,Liga Portugal Betclic,Liga Portugal 25/26,30.0,Away,Sporting CP,Sporting CP,Benfica,1ST,Shots,Shots on target,2,3,3,2
14288865,2026-04-19,Liga Portugal Betclic,Liga Portugal 25/26,30.0,Away,Sporting CP,Sporting CP,Benfica,1ST,Shots,Shots outside box,2,2,2,2
14288865,2026-04-19,Liga Portugal Betclic,Liga Portugal 25/26,30.0,Away,Sporting CP,Sporting CP,Benfica,1ST,Shots,Total shots,5,7,7,5
14288865,2026-04-19,Liga Portugal Betclic,Liga Portugal 25/26,30.0,Away,Sporting CP,Sporting CP,Benfica,2ND,Attack,Big chances missed,2,0,0,2
14288865,2026-04-19,Liga Portugal Betclic,Liga Portugal 25/26,30.0,Away,Sporting CP,Sporting CP,Benfica,2ND,Attack,Big chances scored,1,1,1,1
14288865,2026-04-19,Liga Portugal Betclic,Liga Portugal 25/26,30.0,Away,Sporting CP,Sporting CP,Benfica,2ND,Attack,Fouled in final third,0,1,1,0
14288865,2026-04-19,Liga Portugal Betclic,Liga Portugal 25/26,30.0,Away,Sporting CP,Sporting CP,Benfica,2ND,Attack,Offsides,1,1,1,1
14288865,2026-04-19,Liga Portugal Betclic,Liga Portugal 25/26,30.0,Away,Sporting CP,Sporting CP,Benfica,2ND,Attack,Through balls,0,1,1,0
14288865,2026-04-19,Liga Portugal Betclic,Liga Portugal 25/26,30.0,Away,Sporting CP,Sporting CP,Benfica,2ND,Defending,Clearances,9,8,8,9
14288865,2026-04-19,Liga Portugal Betclic,Liga Portugal 25/26,30.0,Away,Sporting CP,Sporting CP,Benfica,2ND,Defending,Interceptions,3,1,1,3
14288865,2026-04-19,Liga Portugal Betclic,Liga Portugal 25/26,30.0,Away,Sporting CP,Sporting CP,Benfica,2ND,Defending,Recoveries,22,26,26,22
14288865,2026-04-19,Liga Portugal Betclic,Liga Portugal 25/26,30.0,Away,Sporting CP,Sporting CP,Benfica,2ND,Defending,Tackles won,57%,50%,50%,57%
14288865,2026-04-19,Liga Portugal Betclic,Liga Portugal 25/26,30.0,Away,Sporting CP,Sporting CP,Benfica,2ND,Defending,Total tackles,7,12,12,7
14288865,2026-04-19,Liga Portugal Betclic,Liga Portugal 25/26,30.0,Away,Sporting CP,Sporting CP,Benfica,2ND,Duels,Aerial duels,4/13 (31%),9/13 (69%),9/13 (69%),4/13 (31%)
14288865,2026-04-19,Liga Portugal Betclic,Liga Portugal 25/26,30.0,Away,Sporting CP,Sporting CP,Benfica,2ND,Duels,Dispossessed,3,3,3,3
14288865,2026-04-19,Liga Portugal Betclic,Liga Portugal 25/26,30.0,Away,Sporting CP,Sporting CP,Benfica,2ND,Duels,Dribbles,4/13 (31%),8/12 (67%),8/12 (67%),4/13 (31%)
14288865,2026-04-19,Liga Portugal Betclic,Liga Portugal 25/26,30.0,Away,Sporting CP,Sporting CP,Benfica,2ND,Duels,Duels,37%,63%,63%,37%
14288865,2026-04-19,Liga Portugal Betclic,Liga Portugal 25/26,30.0,Away,Sporting CP,Sporting CP,Benfica,2ND,Duels,Ground duels,15/38 (39%),23/38 (61%),23/38 (61%),15/38 (39%)
14288865,2026-04-19,Liga Portugal Betclic,Liga Portugal 25/26,30.0,Away,Sporting CP,Sporting CP,Benfica,2ND,Goalkeeping,Goal kicks,10,4,4,10
14288865,2026-04-19,Liga Portugal Betclic,Liga Portugal 25/26,30.0,Away,Sporting CP,Sporting CP,Benfica,2ND,Goalkeeping,Total saves,2,2,2,2
14288865,2026-04-19,Liga Portugal Betclic,Liga Portugal 25/26,30.0,Away,Sporting CP,Sporting CP,Benfica,2ND,Match overview,Ball possession,44%,56%,56%,44%
14288865,2026-04-19,Liga Portugal Betclic,Liga Portugal 25/26,30.0,Away,Sporting CP,Sporting CP,Benfica,2ND,Match overview,Big chances,3,1,1,3
14288865,2026-04-19,Liga Portugal Betclic,Liga Portugal 25/26,30.0,Away,Sporting CP,Sporting CP,Benfica,2ND,Match overview,Corner kicks,4,0,0,4
14288865,2026-04-19,Liga Portugal Betclic,Liga Portugal 25/26,30.0,Away,Sporting CP,Sporting CP,Benfica,2ND,Match overview,Expected goals,1.31,0.59,0.59,1.31
14288865,2026-04-19,Liga Portugal Betclic,Liga Portugal 25/26,30.0,Away,Sporting CP,Sporting CP,Benfica,2ND,Match overview,Fouls,3,4,4,3
14288865,2026-04-19,Liga Portugal Betclic,Liga Portugal 25/26,30.0,Away,Sporting CP,Sporting CP,Benfica,2ND,Match overview,Free kicks,4,3,3,4
14288865,2026-04-19,Liga Portugal Betclic,Liga Portugal 25/26,30.0,Away,Sporting CP,Sporting CP,Benfica,2ND,Match overview,Goalkeeper saves,2,2,2,2
14288865,2026-04-19,Liga Portugal Betclic,Liga Portugal 25/26,30.0,Away,Sporting CP,Sporting CP,Benfica,2ND,Match overview,Passes,182,236,236,182
14288865,2026-04-19,Liga Portugal Betclic,Liga Portugal 25/26,30.0,Away,Sporting CP,Sporting CP,Benfica,2ND,Match overview,Tackles,7,12,12,7
14288865,2026-04-19,Liga Portugal Betclic,Liga Portugal 25/26,30.0,Away,Sporting CP,Sporting CP,Benfica,2ND,Match overview,Total shots,9,12,12,9
14288865,2026-04-19,Liga Portugal Betclic,Liga Portugal 25/26,30.0,Away,Sporting CP,Sporting CP,Benfica,2ND,Match overview,Yellow cards,1,1,1,1
14288865,2026-04-19,Liga Portugal Betclic,Liga Portugal 25/26,30.0,Away,Sporting CP,Sporting CP,Benfica,2ND,Passes,Accurate passes,147,205,205,147
14288865,2026-04-19,Liga Portugal Betclic,Liga Portugal 25/26,30.0,Away,Sporting CP,Sporting CP,Benfica,2ND,Passes,Crosses,4/11 (36%),4/9 (44%),4/9 (44%),4/11 (36%)
14288865,2026-04-19,Liga Portugal Betclic,Liga Portugal 25/26,30.0,Away,Sporting CP,Sporting CP,Benfica,2ND,Passes,Final third entries,26,34,34,26
14288865,2026-04-19,Liga Portugal Betclic,Liga Portugal 25/26,30.0,Away,Sporting CP,Sporting CP,Benfica,2ND,Passes,Long balls,11/29 (38%),10/19 (53%),10/19 (53%),11/29 (38%)
14288865,2026-04-19,Liga Portugal Betclic,Liga Portugal 25/26,30.0,Away,Sporting CP,Sporting CP,Benfica,2ND,Passes,Throw-ins,6,11,11,6
14288865,2026-04-19,Liga Portugal Betclic,Liga Portugal 25/26,30.0,Away,Sporting CP,Sporting CP,Benfica,2ND,Shots,Blocked shots,2,3,3,2
14288865,2026-04-19,Liga Portugal Betclic,Liga Portugal 25/26,30.0,Away,Sporting CP,Sporting CP,Benfica,2ND,Shots,Hit woodwork,0,1,1,0
14288865,2026-04-19,Liga Portugal Betclic,Liga Portugal 25/26,30.0,Away,Sporting CP,Sporting CP,Benfica,2ND,Shots,Shots inside box,6,7,7,6
14288865,2026-04-19,Liga Portugal Betclic,Liga Portugal 25/26,30.0,Away,Sporting CP,Sporting CP,Benfica,2ND,Shots,Shots off target,4,6,6,4
14288865,2026-04-19,Liga Portugal Betclic,Liga Portugal 25/26,30.0,Away,Sporting CP,Sporting CP,Benfica,2ND,Shots,Shots on target,3,3,3,3
14288865,2026-04-19,Liga Portugal Betclic,Liga Portugal 25/26,30.0,Away,Sporting CP,Sporting CP,Benfica,2ND,Shots,Shots outside box,3,5,5,3
14288865,2026-04-19,Liga Portugal Betclic,Liga Portugal 25/26,30.0,Away,Sporting CP,Sporting CP,Benfica,2ND,Shots,Total shots,9,12,12,9
14288865,2026-04-19,Liga Portugal Betclic,Liga Portugal 25/26,30.0,Away,Sporting CP,Sporting CP,Benfica,ALL,Attack,Big chances missed,2,1,1,2
14288865,2026-04-19,Liga Portugal Betclic,Liga Portugal 25/26,30.0,Away,Sporting CP,Sporting CP,Benfica,ALL,Attack,Big chances scored,2,1,1,2
14288865,2026-04-19,Liga Portugal Betclic,Liga Portugal 25/26,30.0,Away,Sporting CP,Sporting CP,Benfica,ALL,Attack,Fouled in final third,2,1,1,2
14288865,2026-04-19,Liga Portugal Betclic,Liga Portugal 25/26,30.0,Away,Sporting CP,Sporting CP,Benfica,ALL,Attack,Offsides,1,1,1,1
14288865,2026-04-19,Liga Portugal Betclic,Liga Portugal 25/26,30.0,Away,Sporting CP,Sporting CP,Benfica,ALL,Attack,Through balls,0,1,1,0
14288865,2026-04-19,Liga Portugal Betclic,Liga Portugal 25/26,30.0,Away,Sporting CP,Sporting CP,Benfica,ALL,Attack,Touches in penalty area,24,30,30,24
14288865,2026-04-19,Liga Portugal Betclic,Liga Portugal 25/26,30.0,Away,Sporting CP,Sporting CP,Benfica,ALL,Defending,Clearances,17,14,14,17
14288865,2026-04-19,Liga Portugal Betclic,Liga Portugal 25/26,30.0,Away,Sporting CP,Sporting CP,Benfica,ALL,Defending,Errors lead to a shot,1,0,0,1
14288865,2026-04-19,Liga Portugal Betclic,Liga Portugal 25/26,30.0,Away,Sporting CP,Sporting CP,Benfica,ALL,Defending,Interceptions,9,3,3,9
14288865,2026-04-19,Liga Portugal Betclic,Liga Portugal 25/26,30.0,Away,Sporting CP,Sporting CP,Benfica,ALL,Defending,Recoveries,43,54,54,43
14288865,2026-04-19,Liga Portugal Betclic,Liga Portugal 25/26,30.0,Away,Sporting CP,Sporting CP,Benfica,ALL,Defending,Tackles won,65%,50%,50%,65%
14288865,2026-04-19,Liga Portugal Betclic,Liga Portugal 25/26,30.0,Away,Sporting CP,Sporting CP,Benfica,ALL,Defending,Total tackles,20,20,20,20
14288865,2026-04-19,Liga Portugal Betclic,Liga Portugal 25/26,30.0,Away,Sporting CP,Sporting CP,Benfica,ALL,Duels,Aerial duels,10/27 (37%),17/27 (63%),17/27 (63%),10/27 (37%)
14288865,2026-04-19,Liga Portugal Betclic,Liga Portugal 25/26,30.0,Away,Sporting CP,Sporting CP,Benfica,ALL,Duels,Dispossessed,8,8,8,8
14288865,2026-04-19,Liga Portugal Betclic,Liga Portugal 25/26,30.0,Away,Sporting CP,Sporting CP,Benfica,ALL,Duels,Dribbles,6/18 (33%),15/27 (56%),15/27 (56%),6/18 (33%)
14288865,2026-04-19,Liga Portugal Betclic,Liga Portugal 25/26,30.0,Away,Sporting CP,Sporting CP,Benfica,ALL,Duels,Duels,44%,56%,56%,44%
14288865,2026-04-19,Liga Portugal Betclic,Liga Portugal 25/26,30.0,Away,Sporting CP,Sporting CP,Benfica,ALL,Duels,Ground duels,37/80 (46%),43/80 (54%),43/80 (54%),37/80 (46%)
14288865,2026-04-19,Liga Portugal Betclic,Liga Portugal 25/26,30.0,Away,Sporting CP,Sporting CP,Benfica,ALL,Goalkeeping,Big saves,3,2,2,3
14288865,2026-04-19,Liga Portugal Betclic,Liga Portugal 25/26,30.0,Away,Sporting CP,Sporting CP,Benfica,ALL,Goalkeeping,Goal kicks,14,8,8,14
14288865,2026-04-19,Liga Portugal Betclic,Liga Portugal 25/26,30.0,Away,Sporting CP,Sporting CP,Benfica,ALL,Goalkeeping,Goals prevented,0.82,0.36,0.36,0.82
14288865,2026-04-19,Liga Portugal Betclic,Liga Portugal 25/26,30.0,Away,Sporting CP,Sporting CP,Benfica,ALL,Goalkeeping,High claims,0,1,1,0
14288865,2026-04-19,Liga Portugal Betclic,Liga Portugal 25/26,30.0,Away,Sporting CP,Sporting CP,Benfica,ALL,Goalkeeping,Penalty saves,1,0,0,1
14288865,2026-04-19,Liga Portugal Betclic,Liga Portugal 25/26,30.0,Away,Sporting CP,Sporting CP,Benfica,ALL,Goalkeeping,Punches,1,0,0,1
14288865,2026-04-19,Liga Portugal Betclic,Liga Portugal 25/26,30.0,Away,Sporting CP,Sporting CP,Benfica,ALL,Goalkeeping,Total saves,5,3,3,5
14288865,2026-04-19,Liga Portugal Betclic,Liga Portugal 25/26,30.0,Away,Sporting CP,Sporting CP,Benfica,ALL,Match overview,Ball possession,39%,61%,61%,39%
14288865,2026-04-19,Liga Portugal Betclic,Liga Portugal 25/26,30.0,Away,Sporting CP,Sporting CP,Benfica,ALL,Match overview,Big chances,4,2,2,4
14288865,2026-04-19,Liga Portugal Betclic,Liga Portugal 25/26,30.0,Away,Sporting CP,Sporting CP,Benfica,ALL,Match overview,Corner kicks,8,3,3,8
14288865,2026-04-19,Liga Portugal Betclic,Liga Portugal 25/26,30.0,Away,Sporting CP,Sporting CP,Benfica,ALL,Match overview,Distance covered,97.6 km,94.1 km,94.1 km,97.6 km
14288865,2026-04-19,Liga Portugal Betclic,Liga Portugal 25/26,30.0,Away,Sporting CP,Sporting CP,Benfica,ALL,Match overview,Expected goals,2.27,1.63,1.63,2.27
14288865,2026-04-19,Liga Portugal Betclic,Liga Portugal 25/26,30.0,Away,Sporting CP,Sporting CP,Benfica,ALL,Match overview,Fouls,8,13,13,8
14288865,2026-04-19,Liga Portugal Betclic,Liga Portugal 25/26,30.0,Away,Sporting CP,Sporting CP,Benfica,ALL,Match overview,Free kicks,12,7,7,12
14288865,2026-04-19,Liga Portugal Betclic,Liga Portugal 25/26,30.0,Away,Sporting CP,Sporting CP,Benfica,ALL,Match overview,Goalkeeper saves,5,3,3,5
14288865,2026-04-19,Liga Portugal Betclic,Liga Portugal 25/26,30.0,Away,Sporting CP,Sporting CP,Benfica,ALL,Match overview,Number of sprints,139,153,153,139
14288865,2026-04-19,Liga Portugal Betclic,Liga Portugal 25/26,30.0,Away,Sporting CP,Sporting CP,Benfica,ALL,Match overview,Passes,303,491,491,303
14288865,2026-04-19,Liga Portugal Betclic,Liga Portugal 25/26,30.0,Away,Sporting CP,Sporting CP,Benfica,ALL,Match overview,Tackles,20,20,20,20
14288865,2026-04-19,Liga Portugal Betclic,Liga Portugal 25/26,30.0,Away,Sporting CP,Sporting CP,Benfica,ALL,Match overview,Total shots,14,19,19,14
14288865,2026-04-19,Liga Portugal Betclic,Liga Portugal 25/26,30.0,Away,Sporting CP,Sporting CP,Benfica,ALL,Match overview,Yellow cards,1,2,2,1
14288865,2026-04-19,Liga Portugal Betclic,Liga Portugal 25/26,30.0,Away,Sporting CP,Sporting CP,Benfica,ALL,Passes,Accurate passes,227,419,419,227
14288865,2026-04-19,Liga Portugal Betclic,Liga Portugal 25/26,30.0,Away,Sporting CP,Sporting CP,Benfica,ALL,Passes,Crosses,6/16 (38%),4/12 (33%),4/12 (33%),6/16 (38%)
14288865,2026-04-19,Liga Portugal Betclic,Liga Portugal 25/26,30.0,Away,Sporting CP,Sporting CP,Benfica,ALL,Passes,Final third entries,44,57,57,44
14288865,2026-04-19,Liga Portugal Betclic,Liga Portugal 25/26,30.0,Away,Sporting CP,Sporting CP,Benfica,ALL,Passes,Final third phase,94/132 (71%),130/161 (81%),130/161 (81%),94/132 (71%)
14288865,2026-04-19,Liga Portugal Betclic,Liga Portugal 25/26,30.0,Away,Sporting CP,Sporting CP,Benfica,ALL,Passes,Long balls,17/52 (33%),22/44 (50%),22/44 (50%),17/52 (33%)
14288865,2026-04-19,Liga Portugal Betclic,Liga Portugal 25/26,30.0,Away,Sporting CP,Sporting CP,Benfica,ALL,Passes,Throw-ins,14,22,22,14
14288865,2026-04-19,Liga Portugal Betclic,Liga Portugal 25/26,30.0,Away,Sporting CP,Sporting CP,Benfica,ALL,Shots,Blocked shots,4,4,4,4
14288865,2026-04-19,Liga Portugal Betclic,Liga Portugal 25/26,30.0,Away,Sporting CP,Sporting CP,Benfica,ALL,Shots,Hit woodwork,0,2,2,0
14288865,2026-04-19,Liga Portugal Betclic,Liga Portugal 25/26,30.0,Away,Sporting CP,Sporting CP,Benfica,ALL,Shots,Shots inside box,9,12,12,9
14288865,2026-04-19,Liga Portugal Betclic,Liga Portugal 25/26,30.0,Away,Sporting CP,Sporting CP,Benfica,ALL,Shots,Shots off target,5,9,9,5
14288865,2026-04-19,Liga Portugal Betclic,Liga Portugal 25/26,30.0,Away,Sporting CP,Sporting CP,Benfica,ALL,Shots,Shots on target,5,6,6,5
14288865,2026-04-19,Liga Portugal Betclic,Liga Portugal 25/26,30.0,Away,Sporting CP,Sporting CP,Benfica,ALL,Shots,Shots outside box,5,7,7,5
14288865,2026-04-19,Liga Portugal Betclic,Liga Portugal 25/26,30.0,Away,Sporting CP,Sporting CP,Benfica,ALL,Shots,Total shots,14,19,19,14
14288877,2026-04-25,Liga Portugal Betclic,Liga Portugal 25/26,31.0,Home,Moreirense,Benfica,Moreirense,1ST,Attack,Big chances missed,2,1,2,1
14288877,2026-04-25,Liga Portugal Betclic,Liga Portugal 25/26,31.0,Home,Moreirense,Benfica,Moreirense,1ST,Attack,Big chances scored,1,1,1,1
14288877,2026-04-25,Liga Portugal Betclic,Liga Portugal 25/26,31.0,Home,Moreirense,Benfica,Moreirense,1ST,Attack,Fouled in final third,1,0,1,0
14288877,2026-04-25,Liga Portugal Betclic,Liga Portugal 25/26,31.0,Home,Moreirense,Benfica,Moreirense,1ST,Attack,Offsides,1,0,1,0
14288877,2026-04-25,Liga Portugal Betclic,Liga Portugal 25/26,31.0,Home,Moreirense,Benfica,Moreirense,1ST,Attack,Through balls,1,0,1,0
14288877,2026-04-25,Liga Portugal Betclic,Liga Portugal 25/26,31.0,Home,Moreirense,Benfica,Moreirense,1ST,Defending,Clearances,6,15,6,15
14288877,2026-04-25,Liga Portugal Betclic,Liga Portugal 25/26,31.0,Home,Moreirense,Benfica,Moreirense,1ST,Defending,Interceptions,4,7,4,7
14288877,2026-04-25,Liga Portugal Betclic,Liga Portugal 25/26,31.0,Home,Moreirense,Benfica,Moreirense,1ST,Defending,Recoveries,26,22,26,22
14288877,2026-04-25,Liga Portugal Betclic,Liga Portugal 25/26,31.0,Home,Moreirense,Benfica,Moreirense,1ST,Defending,Tackles won,50%,40%,50%,40%
14288877,2026-04-25,Liga Portugal Betclic,Liga Portugal 25/26,31.0,Home,Moreirense,Benfica,Moreirense,1ST,Defending,Total tackles,4,5,4,5
14288877,2026-04-25,Liga Portugal Betclic,Liga Portugal 25/26,31.0,Home,Moreirense,Benfica,Moreirense,1ST,Duels,Aerial duels,6/12 (50%),6/12 (50%),6/12 (50%),6/12 (50%)
14288877,2026-04-25,Liga Portugal Betclic,Liga Portugal 25/26,31.0,Home,Moreirense,Benfica,Moreirense,1ST,Duels,Dispossessed,2,0,2,0
14288877,2026-04-25,Liga Portugal Betclic,Liga Portugal 25/26,31.0,Home,Moreirense,Benfica,Moreirense,1ST,Duels,Dribbles,8/11 (73%),2/6 (33%),8/11 (73%),2/6 (33%)
14288877,2026-04-25,Liga Portugal Betclic,Liga Portugal 25/26,31.0,Home,Moreirense,Benfica,Moreirense,1ST,Duels,Duels,55%,45%,55%,45%
14288877,2026-04-25,Liga Portugal Betclic,Liga Portugal 25/26,31.0,Home,Moreirense,Benfica,Moreirense,1ST,Duels,Ground duels,20/35 (57%),15/35 (43%),20/35 (57%),15/35 (43%)
14288877,2026-04-25,Liga Portugal Betclic,Liga Portugal 25/26,31.0,Home,Moreirense,Benfica,Moreirense,1ST,Goalkeeping,Goal kicks,2,3,2,3
14288877,2026-04-25,Liga Portugal Betclic,Liga Portugal 25/26,31.0,Home,Moreirense,Benfica,Moreirense,1ST,Goalkeeping,Total saves,3,2,3,2
14288877,2026-04-25,Liga Portugal Betclic,Liga Portugal 25/26,31.0,Home,Moreirense,Benfica,Moreirense,1ST,Match overview,Ball possession,58%,42%,58%,42%
14288877,2026-04-25,Liga Portugal Betclic,Liga Portugal 25/26,31.0,Home,Moreirense,Benfica,Moreirense,1ST,Match overview,Big chances,3,2,3,2
14288877,2026-04-25,Liga Portugal Betclic,Liga Portugal 25/26,31.0,Home,Moreirense,Benfica,Moreirense,1ST,Match overview,Corner kicks,3,2,3,2
14288877,2026-04-25,Liga Portugal Betclic,Liga Portugal 25/26,31.0,Home,Moreirense,Benfica,Moreirense,1ST,Match overview,Expected goals,1.22,0.87,1.22,0.87
14288877,2026-04-25,Liga Portugal Betclic,Liga Portugal 25/26,31.0,Home,Moreirense,Benfica,Moreirense,1ST,Match overview,Fouls,8,8,8,8
14288877,2026-04-25,Liga Portugal Betclic,Liga Portugal 25/26,31.0,Home,Moreirense,Benfica,Moreirense,1ST,Match overview,Free kicks,8,8,8,8
14288877,2026-04-25,Liga Portugal Betclic,Liga Portugal 25/26,31.0,Home,Moreirense,Benfica,Moreirense,1ST,Match overview,Goalkeeper saves,3,2,3,2
14288877,2026-04-25,Liga Portugal Betclic,Liga Portugal 25/26,31.0,Home,Moreirense,Benfica,Moreirense,1ST,Match overview,Passes,255,186,255,186
14288877,2026-04-25,Liga Portugal Betclic,Liga Portugal 25/26,31.0,Home,Moreirense,Benfica,Moreirense,1ST,Match overview,Tackles,4,5,4,5
14288877,2026-04-25,Liga Portugal Betclic,Liga Portugal 25/26,31.0,Home,Moreirense,Benfica,Moreirense,1ST,Match overview,Total shots,10,6,10,6
14288877,2026-04-25,Liga Portugal Betclic,Liga Portugal 25/26,31.0,Home,Moreirense,Benfica,Moreirense,1ST,Match overview,Yellow cards,2,1,2,1
14288877,2026-04-25,Liga Portugal Betclic,Liga Portugal 25/26,31.0,Home,Moreirense,Benfica,Moreirense,1ST,Passes,Accurate passes,215,147,215,147
14288877,2026-04-25,Liga Portugal Betclic,Liga Portugal 25/26,31.0,Home,Moreirense,Benfica,Moreirense,1ST,Passes,Crosses,3/5 (60%),2/3 (67%),3/5 (60%),2/3 (67%)
14288877,2026-04-25,Liga Portugal Betclic,Liga Portugal 25/26,31.0,Home,Moreirense,Benfica,Moreirense,1ST,Passes,Final third entries,28,23,28,23
14288877,2026-04-25,Liga Portugal Betclic,Liga Portugal 25/26,31.0,Home,Moreirense,Benfica,Moreirense,1ST,Passes,Long balls,15/26 (58%),6/24 (25%),15/26 (58%),6/24 (25%)
14288877,2026-04-25,Liga Portugal Betclic,Liga Portugal 25/26,31.0,Home,Moreirense,Benfica,Moreirense,1ST,Passes,Throw-ins,9,9,9,9
14288877,2026-04-25,Liga Portugal Betclic,Liga Portugal 25/26,31.0,Home,Moreirense,Benfica,Moreirense,1ST,Shots,Blocked shots,2,1,2,1
14288877,2026-04-25,Liga Portugal Betclic,Liga Portugal 25/26,31.0,Home,Moreirense,Benfica,Moreirense,1ST,Shots,Hit woodwork,1,0,1,0
14288877,2026-04-25,Liga Portugal Betclic,Liga Portugal 25/26,31.0,Home,Moreirense,Benfica,Moreirense,1ST,Shots,Shots inside box,9,6,9,6
14288877,2026-04-25,Liga Portugal Betclic,Liga Portugal 25/26,31.0,Home,Moreirense,Benfica,Moreirense,1ST,Shots,Shots off target,4,1,4,1
14288877,2026-04-25,Liga Portugal Betclic,Liga Portugal 25/26,31.0,Home,Moreirense,Benfica,Moreirense,1ST,Shots,Shots on target,4,4,4,4
14288877,2026-04-25,Liga Portugal Betclic,Liga Portugal 25/26,31.0,Home,Moreirense,Benfica,Moreirense,1ST,Shots,Shots outside box,1,0,1,0
14288877,2026-04-25,Liga Portugal Betclic,Liga Portugal 25/26,31.0,Home,Moreirense,Benfica,Moreirense,1ST,Shots,Total shots,10,6,10,6
14288877,2026-04-25,Liga Portugal Betclic,Liga Portugal 25/26,31.0,Home,Moreirense,Benfica,Moreirense,2ND,Attack,Big chances missed,0,0,0,0
14288877,2026-04-25,Liga Portugal Betclic,Liga Portugal 25/26,31.0,Home,Moreirense,Benfica,Moreirense,2ND,Attack,Big chances scored,1,0,1,0
14288877,2026-04-25,Liga Portugal Betclic,Liga Portugal 25/26,31.0,Home,Moreirense,Benfica,Moreirense,2ND,Attack,Fouled in final third,0,0,0,0
14288877,2026-04-25,Liga Portugal Betclic,Liga Portugal 25/26,31.0,Home,Moreirense,Benfica,Moreirense,2ND,Attack,Offsides,1,0,1,0
14288877,2026-04-25,Liga Portugal Betclic,Liga Portugal 25/26,31.0,Home,Moreirense,Benfica,Moreirense,2ND,Attack,Through balls,0,0,0,0
14288877,2026-04-25,Liga Portugal Betclic,Liga Portugal 25/26,31.0,Home,Moreirense,Benfica,Moreirense,2ND,Defending,Clearances,7,11,7,11
14288877,2026-04-25,Liga Portugal Betclic,Liga Portugal 25/26,31.0,Home,Moreirense,Benfica,Moreirense,2ND,Defending,Interceptions,5,5,5,5
14288877,2026-04-25,Liga Portugal Betclic,Liga Portugal 25/26,31.0,Home,Moreirense,Benfica,Moreirense,2ND,Defending,Recoveries,20,18,20,18
14288877,2026-04-25,Liga Portugal Betclic,Liga Portugal 25/26,31.0,Home,Moreirense,Benfica,Moreirense,2ND,Defending,Tackles won,33%,57%,33%,57%
14288877,2026-04-25,Liga Portugal Betclic,Liga Portugal 25/26,31.0,Home,Moreirense,Benfica,Moreirense,2ND,Defending,Total tackles,9,7,9,7
14288877,2026-04-25,Liga Portugal Betclic,Liga Portugal 25/26,31.0,Home,Moreirense,Benfica,Moreirense,2ND,Duels,Aerial duels,7/12 (58%),5/12 (42%),7/12 (58%),5/12 (42%)
14288877,2026-04-25,Liga Portugal Betclic,Liga Portugal 25/26,31.0,Home,Moreirense,Benfica,Moreirense,2ND,Duels,Dispossessed,4,5,4,5
14288877,2026-04-25,Liga Portugal Betclic,Liga Portugal 25/26,31.0,Home,Moreirense,Benfica,Moreirense,2ND,Duels,Dribbles,3/6 (50%),4/8 (50%),3/6 (50%),4/8 (50%)
14288877,2026-04-25,Liga Portugal Betclic,Liga Portugal 25/26,31.0,Home,Moreirense,Benfica,Moreirense,2ND,Duels,Duels,56%,44%,56%,44%
14288877,2026-04-25,Liga Portugal Betclic,Liga Portugal 25/26,31.0,Home,Moreirense,Benfica,Moreirense,2ND,Duels,Ground duels,18/33 (55%),15/33 (45%),18/33 (55%),15/33 (45%)
14288877,2026-04-25,Liga Portugal Betclic,Liga Portugal 25/26,31.0,Home,Moreirense,Benfica,Moreirense,2ND,Goalkeeping,Goal kicks,4,3,4,3
14288877,2026-04-25,Liga Portugal Betclic,Liga Portugal 25/26,31.0,Home,Moreirense,Benfica,Moreirense,2ND,Goalkeeping,Total saves,0,2,0,2
14288877,2026-04-25,Liga Portugal Betclic,Liga Portugal 25/26,31.0,Home,Moreirense,Benfica,Moreirense,2ND,Match overview,Ball possession,58%,42%,58%,42%
14288877,2026-04-25,Liga Portugal Betclic,Liga Portugal 25/26,31.0,Home,Moreirense,Benfica,Moreirense,2ND,Match overview,Big chances,1,0,1,0
14288877,2026-04-25,Liga Portugal Betclic,Liga Portugal 25/26,31.0,Home,Moreirense,Benfica,Moreirense,2ND,Match overview,Corner kicks,6,0,6,0
14288877,2026-04-25,Liga Portugal Betclic,Liga Portugal 25/26,31.0,Home,Moreirense,Benfica,Moreirense,2ND,Match overview,Expected goals,0.78,0.02,0.78,0.02
14288877,2026-04-25,Liga Portugal Betclic,Liga Portugal 25/26,31.0,Home,Moreirense,Benfica,Moreirense,2ND,Match overview,Fouls,5,6,5,6
14288877,2026-04-25,Liga Portugal Betclic,Liga Portugal 25/26,31.0,Home,Moreirense,Benfica,Moreirense,2ND,Match overview,Free kicks,6,5,6,5
14288877,2026-04-25,Liga Portugal Betclic,Liga Portugal 25/26,31.0,Home,Moreirense,Benfica,Moreirense,2ND,Match overview,Goalkeeper saves,0,2,0,2
14288877,2026-04-25,Liga Portugal Betclic,Liga Portugal 25/26,31.0,Home,Moreirense,Benfica,Moreirense,2ND,Match overview,Passes,230,173,230,173
14288877,2026-04-25,Liga Portugal Betclic,Liga Portugal 25/26,31.0,Home,Moreirense,Benfica,Moreirense,2ND,Match overview,Tackles,9,7,9,7
14288877,2026-04-25,Liga Portugal Betclic,Liga Portugal 25/26,31.0,Home,Moreirense,Benfica,Moreirense,2ND,Match overview,Total shots,7,2,7,2
14288877,2026-04-25,Liga Portugal Betclic,Liga Portugal 25/26,31.0,Home,Moreirense,Benfica,Moreirense,2ND,Match overview,Yellow cards,0,1,0,1
14288877,2026-04-25,Liga Portugal Betclic,Liga Portugal 25/26,31.0,Home,Moreirense,Benfica,Moreirense,2ND,Passes,Accurate passes,194,136,194,136
14288877,2026-04-25,Liga Portugal Betclic,Liga Portugal 25/26,31.0,Home,Moreirense,Benfica,Moreirense,2ND,Passes,Crosses,3/9 (33%),1/3 (33%),3/9 (33%),1/3 (33%)
14288877,2026-04-25,Liga Portugal Betclic,Liga Portugal 25/26,31.0,Home,Moreirense,Benfica,Moreirense,2ND,Passes,Final third entries,23,24,23,24
14288877,2026-04-25,Liga Portugal Betclic,Liga Portugal 25/26,31.0,Home,Moreirense,Benfica,Moreirense,2ND,Passes,Long balls,15/24 (63%),13/34 (38%),15/24 (63%),13/34 (38%)
14288877,2026-04-25,Liga Portugal Betclic,Liga Portugal 25/26,31.0,Home,Moreirense,Benfica,Moreirense,2ND,Passes,Throw-ins,11,11,11,11
14288877,2026-04-25,Liga Portugal Betclic,Liga Portugal 25/26,31.0,Home,Moreirense,Benfica,Moreirense,2ND,Shots,Blocked shots,2,1,2,1
14288877,2026-04-25,Liga Portugal Betclic,Liga Portugal 25/26,31.0,Home,Moreirense,Benfica,Moreirense,2ND,Shots,Hit woodwork,1,0,1,0
14288877,2026-04-25,Liga Portugal Betclic,Liga Portugal 25/26,31.0,Home,Moreirense,Benfica,Moreirense,2ND,Shots,Shots inside box,5,0,5,0
14288877,2026-04-25,Liga Portugal Betclic,Liga Portugal 25/26,31.0,Home,Moreirense,Benfica,Moreirense,2ND,Shots,Shots off target,1,2,1,2
14288877,2026-04-25,Liga Portugal Betclic,Liga Portugal 25/26,31.0,Home,Moreirense,Benfica,Moreirense,2ND,Shots,Shots on target,4,0,4,0
14288877,2026-04-25,Liga Portugal Betclic,Liga Portugal 25/26,31.0,Home,Moreirense,Benfica,Moreirense,2ND,Shots,Shots outside box,2,2,2,2
14288877,2026-04-25,Liga Portugal Betclic,Liga Portugal 25/26,31.0,Home,Moreirense,Benfica,Moreirense,2ND,Shots,Total shots,7,2,7,2
14288877,2026-04-25,Liga Portugal Betclic,Liga Portugal 25/26,31.0,Home,Moreirense,Benfica,Moreirense,ALL,Attack,Big chances missed,2,1,2,1
14288877,2026-04-25,Liga Portugal Betclic,Liga Portugal 25/26,31.0,Home,Moreirense,Benfica,Moreirense,ALL,Attack,Big chances scored,2,1,2,1
14288877,2026-04-25,Liga Portugal Betclic,Liga Portugal 25/26,31.0,Home,Moreirense,Benfica,Moreirense,ALL,Attack,Fouled in final third,1,0,1,0
14288877,2026-04-25,Liga Portugal Betclic,Liga Portugal 25/26,31.0,Home,Moreirense,Benfica,Moreirense,ALL,Attack,Offsides,2,0,2,0
14288877,2026-04-25,Liga Portugal Betclic,Liga Portugal 25/26,31.0,Home,Moreirense,Benfica,Moreirense,ALL,Attack,Through balls,1,0,1,0
14288877,2026-04-25,Liga Portugal Betclic,Liga Portugal 25/26,31.0,Home,Moreirense,Benfica,Moreirense,ALL,Attack,Touches in penalty area,36,10,36,10
14288877,2026-04-25,Liga Portugal Betclic,Liga Portugal 25/26,31.0,Home,Moreirense,Benfica,Moreirense,ALL,Defending,Clearances,13,26,13,26
14288877,2026-04-25,Liga Portugal Betclic,Liga Portugal 25/26,31.0,Home,Moreirense,Benfica,Moreirense,ALL,Defending,Errors lead to a goal,1,1,1,1
14288877,2026-04-25,Liga Portugal Betclic,Liga Portugal 25/26,31.0,Home,Moreirense,Benfica,Moreirense,ALL,Defending,Errors lead to a shot,0,2,0,2
14288877,2026-04-25,Liga Portugal Betclic,Liga Portugal 25/26,31.0,Home,Moreirense,Benfica,Moreirense,ALL,Defending,Interceptions,9,12,9,12
14288877,2026-04-25,Liga Portugal Betclic,Liga Portugal 25/26,31.0,Home,Moreirense,Benfica,Moreirense,ALL,Defending,Recoveries,46,40,46,40
14288877,2026-04-25,Liga Portugal Betclic,Liga Portugal 25/26,31.0,Home,Moreirense,Benfica,Moreirense,ALL,Defending,Tackles won,38%,50%,38%,50%
14288877,2026-04-25,Liga Portugal Betclic,Liga Portugal 25/26,31.0,Home,Moreirense,Benfica,Moreirense,ALL,Defending,Total tackles,13,12,13,12
14288877,2026-04-25,Liga Portugal Betclic,Liga Portugal 25/26,31.0,Home,Moreirense,Benfica,Moreirense,ALL,Duels,Aerial duels,13/24 (54%),11/24 (46%),13/24 (54%),11/24 (46%)
14288877,2026-04-25,Liga Portugal Betclic,Liga Portugal 25/26,31.0,Home,Moreirense,Benfica,Moreirense,ALL,Duels,Dispossessed,6,5,6,5
14288877,2026-04-25,Liga Portugal Betclic,Liga Portugal 25/26,31.0,Home,Moreirense,Benfica,Moreirense,ALL,Duels,Dribbles,11/17 (65%),6/14 (43%),11/17 (65%),6/14 (43%)
14288877,2026-04-25,Liga Portugal Betclic,Liga Portugal 25/26,31.0,Home,Moreirense,Benfica,Moreirense,ALL,Duels,Duels,55%,45%,55%,45%
14288877,2026-04-25,Liga Portugal Betclic,Liga Portugal 25/26,31.0,Home,Moreirense,Benfica,Moreirense,ALL,Duels,Ground duels,38/68 (56%),30/68 (44%),38/68 (56%),30/68 (44%)
14288877,2026-04-25,Liga Portugal Betclic,Liga Portugal 25/26,31.0,Home,Moreirense,Benfica,Moreirense,ALL,Goalkeeping,Big saves,1,1,1,1
14288877,2026-04-25,Liga Portugal Betclic,Liga Portugal 25/26,31.0,Home,Moreirense,Benfica,Moreirense,ALL,Goalkeeping,Goal kicks,6,6,6,6
14288877,2026-04-25,Liga Portugal Betclic,Liga Portugal 25/26,31.0,Home,Moreirense,Benfica,Moreirense,ALL,Goalkeeping,Goals prevented,0.35,-0.14,0.35,-0.14
14288877,2026-04-25,Liga Portugal Betclic,Liga Portugal 25/26,31.0,Home,Moreirense,Benfica,Moreirense,ALL,Goalkeeping,Total saves,3,4,3,4
14288877,2026-04-25,Liga Portugal Betclic,Liga Portugal 25/26,31.0,Home,Moreirense,Benfica,Moreirense,ALL,Match overview,Ball possession,58%,42%,58%,42%
14288877,2026-04-25,Liga Portugal Betclic,Liga Portugal 25/26,31.0,Home,Moreirense,Benfica,Moreirense,ALL,Match overview,Big chances,4,2,4,2
14288877,2026-04-25,Liga Portugal Betclic,Liga Portugal 25/26,31.0,Home,Moreirense,Benfica,Moreirense,ALL,Match overview,Corner kicks,9,2,9,2
14288877,2026-04-25,Liga Portugal Betclic,Liga Portugal 25/26,31.0,Home,Moreirense,Benfica,Moreirense,ALL,Match overview,Expected goals,1.99,0.89,1.99,0.89
14288877,2026-04-25,Liga Portugal Betclic,Liga Portugal 25/26,31.0,Home,Moreirense,Benfica,Moreirense,ALL,Match overview,Fouls,13,14,13,14
14288877,2026-04-25,Liga Portugal Betclic,Liga Portugal 25/26,31.0,Home,Moreirense,Benfica,Moreirense,ALL,Match overview,Free kicks,14,13,14,13
14288877,2026-04-25,Liga Portugal Betclic,Liga Portugal 25/26,31.0,Home,Moreirense,Benfica,Moreirense,ALL,Match overview,Goalkeeper saves,3,4,3,4
14288877,2026-04-25,Liga Portugal Betclic,Liga Portugal 25/26,31.0,Home,Moreirense,Benfica,Moreirense,ALL,Match overview,Passes,485,359,485,359
14288877,2026-04-25,Liga Portugal Betclic,Liga Portugal 25/26,31.0,Home,Moreirense,Benfica,Moreirense,ALL,Match overview,Tackles,13,12,13,12
14288877,2026-04-25,Liga Portugal Betclic,Liga Portugal 25/26,31.0,Home,Moreirense,Benfica,Moreirense,ALL,Match overview,Total shots,17,8,17,8
14288877,2026-04-25,Liga Portugal Betclic,Liga Portugal 25/26,31.0,Home,Moreirense,Benfica,Moreirense,ALL,Match overview,Yellow cards,2,2,2,2
14288877,2026-04-25,Liga Portugal Betclic,Liga Portugal 25/26,31.0,Home,Moreirense,Benfica,Moreirense,ALL,Passes,Accurate passes,409,283,409,283
14288877,2026-04-25,Liga Portugal Betclic,Liga Portugal 25/26,31.0,Home,Moreirense,Benfica,Moreirense,ALL,Passes,Crosses,6/14 (43%),3/6 (50%),6/14 (43%),3/6 (50%)
14288877,2026-04-25,Liga Portugal Betclic,Liga Portugal 25/26,31.0,Home,Moreirense,Benfica,Moreirense,ALL,Passes,Final third entries,51,47,51,47
14288877,2026-04-25,Liga Portugal Betclic,Liga Portugal 25/26,31.0,Home,Moreirense,Benfica,Moreirense,ALL,Passes,Final third phase,71/115 (62%),47/77 (61%),71/115 (62%),47/77 (61%)
14288877,2026-04-25,Liga Portugal Betclic,Liga Portugal 25/26,31.0,Home,Moreirense,Benfica,Moreirense,ALL,Passes,Long balls,30/50 (60%),19/58 (33%),30/50 (60%),19/58 (33%)
14288877,2026-04-25,Liga Portugal Betclic,Liga Portugal 25/26,31.0,Home,Moreirense,Benfica,Moreirense,ALL,Passes,Throw-ins,20,20,20,20
14288877,2026-04-25,Liga Portugal Betclic,Liga Portugal 25/26,31.0,Home,Moreirense,Benfica,Moreirense,ALL,Shots,Blocked shots,4,1,4,1
14288877,2026-04-25,Liga Portugal Betclic,Liga Portugal 25/26,31.0,Home,Moreirense,Benfica,Moreirense,ALL,Shots,Hit woodwork,2,0,2,0
14288877,2026-04-25,Liga Portugal Betclic,Liga Portugal 25/26,31.0,Home,Moreirense,Benfica,Moreirense,ALL,Shots,Shots inside box,14,6,14,6
14288877,2026-04-25,Liga Portugal Betclic,Liga Portugal 25/26,31.0,Home,Moreirense,Benfica,Moreirense,ALL,Shots,Shots off target,5,3,5,3
14288877,2026-04-25,Liga Portugal Betclic,Liga Portugal 25/26,31.0,Home,Moreirense,Benfica,Moreirense,ALL,Shots,Shots on target,8,4,8,4
14288877,2026-04-25,Liga Portugal Betclic,Liga Portugal 25/26,31.0,Home,Moreirense,Benfica,Moreirense,ALL,Shots,Shots outside box,3,2,3,2
14288877,2026-04-25,Liga Portugal Betclic,Liga Portugal 25/26,31.0,Home,Moreirense,Benfica,Moreirense,ALL,Shots,Total shots,17,8,17,8
14288883,2026-05-02,Liga Portugal Betclic,Liga Portugal 25/26,32.0,Away,Famalicão,Famalicão,Benfica,1ST,Attack,Big chances missed,1,0,0,1
14288883,2026-05-02,Liga Portugal Betclic,Liga Portugal 25/26,32.0,Away,Famalicão,Famalicão,Benfica,1ST,Attack,Big chances scored,1,0,0,1
14288883,2026-05-02,Liga Portugal Betclic,Liga Portugal 25/26,32.0,Away,Famalicão,Famalicão,Benfica,1ST,Attack,Fouled in final third,1,0,0,1
14288883,2026-05-02,Liga Portugal Betclic,Liga Portugal 25/26,32.0,Away,Famalicão,Famalicão,Benfica,1ST,Attack,Offsides,1,0,0,1
14288883,2026-05-02,Liga Portugal Betclic,Liga Portugal 25/26,32.0,Away,Famalicão,Famalicão,Benfica,1ST,Defending,Clearances,8,7,7,8
14288883,2026-05-02,Liga Portugal Betclic,Liga Portugal 25/26,32.0,Away,Famalicão,Famalicão,Benfica,1ST,Defending,Interceptions,7,2,2,7
14288883,2026-05-02,Liga Portugal Betclic,Liga Portugal 25/26,32.0,Away,Famalicão,Famalicão,Benfica,1ST,Defending,Recoveries,22,19,19,22
14288883,2026-05-02,Liga Portugal Betclic,Liga Portugal 25/26,32.0,Away,Famalicão,Famalicão,Benfica,1ST,Defending,Tackles won,67%,25%,25%,67%
14288883,2026-05-02,Liga Portugal Betclic,Liga Portugal 25/26,32.0,Away,Famalicão,Famalicão,Benfica,1ST,Defending,Total tackles,12,12,12,12
14288883,2026-05-02,Liga Portugal Betclic,Liga Portugal 25/26,32.0,Away,Famalicão,Famalicão,Benfica,1ST,Duels,Aerial duels,7/12 (58%),5/12 (42%),5/12 (42%),7/12 (58%)
14288883,2026-05-02,Liga Portugal Betclic,Liga Portugal 25/26,32.0,Away,Famalicão,Famalicão,Benfica,1ST,Duels,Dispossessed,6,9,9,6
14288883,2026-05-02,Liga Portugal Betclic,Liga Portugal 25/26,32.0,Away,Famalicão,Famalicão,Benfica,1ST,Duels,Dribbles,7/13 (54%),2/5 (40%),2/5 (40%),7/13 (54%)
14288883,2026-05-02,Liga Portugal Betclic,Liga Portugal 25/26,32.0,Away,Famalicão,Famalicão,Benfica,1ST,Duels,Duels,55%,45%,45%,55%
14288883,2026-05-02,Liga Portugal Betclic,Liga Portugal 25/26,32.0,Away,Famalicão,Famalicão,Benfica,1ST,Duels,Ground duels,27/50 (54%),23/50 (46%),23/50 (46%),27/50 (54%)
14288883,2026-05-02,Liga Portugal Betclic,Liga Portugal 25/26,32.0,Away,Famalicão,Famalicão,Benfica,1ST,Goalkeeping,Goal kicks,3,2,2,3
14288883,2026-05-02,Liga Portugal Betclic,Liga Portugal 25/26,32.0,Away,Famalicão,Famalicão,Benfica,1ST,Goalkeeping,Total saves,1,0,0,1
14288883,2026-05-02,Liga Portugal Betclic,Liga Portugal 25/26,32.0,Away,Famalicão,Famalicão,Benfica,1ST,Match overview,Ball possession,51%,49%,49%,51%
14288883,2026-05-02,Liga Portugal Betclic,Liga Portugal 25/26,32.0,Away,Famalicão,Famalicão,Benfica,1ST,Match overview,Big chances,2,0,0,2
14288883,2026-05-02,Liga Portugal Betclic,Liga Portugal 25/26,32.0,Away,Famalicão,Famalicão,Benfica,1ST,Match overview,Corner kicks,1,3,3,1
14288883,2026-05-02,Liga Portugal Betclic,Liga Portugal 25/26,32.0,Away,Famalicão,Famalicão,Benfica,1ST,Match overview,Expected goals,1.25,0.40,0.40,1.25
14288883,2026-05-02,Liga Portugal Betclic,Liga Portugal 25/26,32.0,Away,Famalicão,Famalicão,Benfica,1ST,Match overview,Fouls,9,8,8,9
14288883,2026-05-02,Liga Portugal Betclic,Liga Portugal 25/26,32.0,Away,Famalicão,Famalicão,Benfica,1ST,Match overview,Free kicks,7,9,9,7
14288883,2026-05-02,Liga Portugal Betclic,Liga Portugal 25/26,32.0,Away,Famalicão,Famalicão,Benfica,1ST,Match overview,Goalkeeper saves,1,0,0,1
14288883,2026-05-02,Liga Portugal Betclic,Liga Portugal 25/26,32.0,Away,Famalicão,Famalicão,Benfica,1ST,Match overview,Passes,207,193,193,207
14288883,2026-05-02,Liga Portugal Betclic,Liga Portugal 25/26,32.0,Away,Famalicão,Famalicão,Benfica,1ST,Match overview,Red cards,0,0,0,0
14288883,2026-05-02,Liga Portugal Betclic,Liga Portugal 25/26,32.0,Away,Famalicão,Famalicão,Benfica,1ST,Match overview,Tackles,12,12,12,12
14288883,2026-05-02,Liga Portugal Betclic,Liga Portugal 25/26,32.0,Away,Famalicão,Famalicão,Benfica,1ST,Match overview,Total shots,6,4,4,6
14288883,2026-05-02,Liga Portugal Betclic,Liga Portugal 25/26,32.0,Away,Famalicão,Famalicão,Benfica,1ST,Match overview,Yellow cards,0,0,0,0
14288883,2026-05-02,Liga Portugal Betclic,Liga Portugal 25/26,32.0,Away,Famalicão,Famalicão,Benfica,1ST,Passes,Accurate passes,180,164,164,180
14288883,2026-05-02,Liga Portugal Betclic,Liga Portugal 25/26,32.0,Away,Famalicão,Famalicão,Benfica,1ST,Passes,Crosses,1/2 (50%),2/7 (29%),2/7 (29%),1/2 (50%)
14288883,2026-05-02,Liga Portugal Betclic,Liga Portugal 25/26,32.0,Away,Famalicão,Famalicão,Benfica,1ST,Passes,Final third entries,19,21,21,19
14288883,2026-05-02,Liga Portugal Betclic,Liga Portugal 25/26,32.0,Away,Famalicão,Famalicão,Benfica,1ST,Passes,Long balls,9/15 (60%),8/16 (50%),8/16 (50%),9/15 (60%)
14288883,2026-05-02,Liga Portugal Betclic,Liga Portugal 25/26,32.0,Away,Famalicão,Famalicão,Benfica,1ST,Passes,Throw-ins,6,8,8,6
14288883,2026-05-02,Liga Portugal Betclic,Liga Portugal 25/26,32.0,Away,Famalicão,Famalicão,Benfica,1ST,Shots,Blocked shots,1,0,0,1
14288883,2026-05-02,Liga Portugal Betclic,Liga Portugal 25/26,32.0,Away,Famalicão,Famalicão,Benfica,1ST,Shots,Hit woodwork,0,0,0,0
14288883,2026-05-02,Liga Portugal Betclic,Liga Portugal 25/26,32.0,Away,Famalicão,Famalicão,Benfica,1ST,Shots,Shots inside box,6,3,3,6
14288883,2026-05-02,Liga Portugal Betclic,Liga Portugal 25/26,32.0,Away,Famalicão,Famalicão,Benfica,1ST,Shots,Shots off target,2,3,3,2
14288883,2026-05-02,Liga Portugal Betclic,Liga Portugal 25/26,32.0,Away,Famalicão,Famalicão,Benfica,1ST,Shots,Shots on target,3,1,1,3
14288883,2026-05-02,Liga Portugal Betclic,Liga Portugal 25/26,32.0,Away,Famalicão,Famalicão,Benfica,1ST,Shots,Shots outside box,0,1,1,0
14288883,2026-05-02,Liga Portugal Betclic,Liga Portugal 25/26,32.0,Away,Famalicão,Famalicão,Benfica,1ST,Shots,Total shots,6,4,4,6
14288883,2026-05-02,Liga Portugal Betclic,Liga Portugal 25/26,32.0,Away,Famalicão,Famalicão,Benfica,2ND,Attack,Big chances missed,0,2,2,0
14288883,2026-05-02,Liga Portugal Betclic,Liga Portugal 25/26,32.0,Away,Famalicão,Famalicão,Benfica,2ND,Attack,Big chances scored,0,1,1,0
14288883,2026-05-02,Liga Portugal Betclic,Liga Portugal 25/26,32.0,Away,Famalicão,Famalicão,Benfica,2ND,Attack,Fouled in final third,1,0,0,1
14288883,2026-05-02,Liga Portugal Betclic,Liga Portugal 25/26,32.0,Away,Famalicão,Famalicão,Benfica,2ND,Attack,Offsides,0,0,0,0
14288883,2026-05-02,Liga Portugal Betclic,Liga Portugal 25/26,32.0,Away,Famalicão,Famalicão,Benfica,2ND,Defending,Clearances,15,24,24,15
14288883,2026-05-02,Liga Portugal Betclic,Liga Portugal 25/26,32.0,Away,Famalicão,Famalicão,Benfica,2ND,Defending,Interceptions,3,6,6,3
14288883,2026-05-02,Liga Portugal Betclic,Liga Portugal 25/26,32.0,Away,Famalicão,Famalicão,Benfica,2ND,Defending,Recoveries,11,16,16,11
14288883,2026-05-02,Liga Portugal Betclic,Liga Portugal 25/26,32.0,Away,Famalicão,Famalicão,Benfica,2ND,Defending,Tackles won,80%,100%,100%,80%
14288883,2026-05-02,Liga Portugal Betclic,Liga Portugal 25/26,32.0,Away,Famalicão,Famalicão,Benfica,2ND,Defending,Total tackles,5,4,4,5
14288883,2026-05-02,Liga Portugal Betclic,Liga Portugal 25/26,32.0,Away,Famalicão,Famalicão,Benfica,2ND,Duels,Aerial duels,7/15 (47%),8/15 (53%),8/15 (53%),7/15 (47%)
14288883,2026-05-02,Liga Portugal Betclic,Liga Portugal 25/26,32.0,Away,Famalicão,Famalicão,Benfica,2ND,Duels,Dispossessed,2,0,0,2
14288883,2026-05-02,Liga Portugal Betclic,Liga Portugal 25/26,32.0,Away,Famalicão,Famalicão,Benfica,2ND,Duels,Dribbles,3/5 (60%),2/7 (29%),2/7 (29%),3/5 (60%)
14288883,2026-05-02,Liga Portugal Betclic,Liga Portugal 25/26,32.0,Away,Famalicão,Famalicão,Benfica,2ND,Duels,Duels,59%,41%,41%,59%
14288883,2026-05-02,Liga Portugal Betclic,Liga Portugal 25/26,32.0,Away,Famalicão,Famalicão,Benfica,2ND,Duels,Ground duels,20/31 (65%),11/31 (35%),11/31 (35%),20/31 (65%)
14288883,2026-05-02,Liga Portugal Betclic,Liga Portugal 25/26,32.0,Away,Famalicão,Famalicão,Benfica,2ND,Goalkeeping,Goal kicks,6,5,5,6
14288883,2026-05-02,Liga Portugal Betclic,Liga Portugal 25/26,32.0,Away,Famalicão,Famalicão,Benfica,2ND,Goalkeeping,Total saves,2,0,0,2
14288883,2026-05-02,Liga Portugal Betclic,Liga Portugal 25/26,32.0,Away,Famalicão,Famalicão,Benfica,2ND,Match overview,Ball possession,33%,67%,67%,33%
14288883,2026-05-02,Liga Portugal Betclic,Liga Portugal 25/26,32.0,Away,Famalicão,Famalicão,Benfica,2ND,Match overview,Big chances,0,3,3,0
14288883,2026-05-02,Liga Portugal Betclic,Liga Portugal 25/26,32.0,Away,Famalicão,Famalicão,Benfica,2ND,Match overview,Corner kicks,3,3,3,3
14288883,2026-05-02,Liga Portugal Betclic,Liga Portugal 25/26,32.0,Away,Famalicão,Famalicão,Benfica,2ND,Match overview,Expected goals,0.04,1.18,1.18,0.04
14288883,2026-05-02,Liga Portugal Betclic,Liga Portugal 25/26,32.0,Away,Famalicão,Famalicão,Benfica,2ND,Match overview,Fouls,5,12,12,5
14288883,2026-05-02,Liga Portugal Betclic,Liga Portugal 25/26,32.0,Away,Famalicão,Famalicão,Benfica,2ND,Match overview,Free kicks,12,5,5,12
14288883,2026-05-02,Liga Portugal Betclic,Liga Portugal 25/26,32.0,Away,Famalicão,Famalicão,Benfica,2ND,Match overview,Goalkeeper saves,2,0,0,2
14288883,2026-05-02,Liga Portugal Betclic,Liga Portugal 25/26,32.0,Away,Famalicão,Famalicão,Benfica,2ND,Match overview,Passes,111,208,208,111
14288883,2026-05-02,Liga Portugal Betclic,Liga Portugal 25/26,32.0,Away,Famalicão,Famalicão,Benfica,2ND,Match overview,Red cards,1,0,0,1
14288883,2026-05-02,Liga Portugal Betclic,Liga Portugal 25/26,32.0,Away,Famalicão,Famalicão,Benfica,2ND,Match overview,Tackles,5,4,4,5
14288883,2026-05-02,Liga Portugal Betclic,Liga Portugal 25/26,32.0,Away,Famalicão,Famalicão,Benfica,2ND,Match overview,Total shots,2,11,11,2
14288883,2026-05-02,Liga Portugal Betclic,Liga Portugal 25/26,32.0,Away,Famalicão,Famalicão,Benfica,2ND,Match overview,Yellow cards,2,2,2,2
14288883,2026-05-02,Liga Portugal Betclic,Liga Portugal 25/26,32.0,Away,Famalicão,Famalicão,Benfica,2ND,Passes,Accurate passes,68,184,184,68
14288883,2026-05-02,Liga Portugal Betclic,Liga Portugal 25/26,32.0,Away,Famalicão,Famalicão,Benfica,2ND,Passes,Crosses,0/4 (0%),8/22 (36%),8/22 (36%),0/4 (0%)
14288883,2026-05-02,Liga Portugal Betclic,Liga Portugal 25/26,32.0,Away,Famalicão,Famalicão,Benfica,2ND,Passes,Final third entries,30,38,38,30
14288883,2026-05-02,Liga Portugal Betclic,Liga Portugal 25/26,32.0,Away,Famalicão,Famalicão,Benfica,2ND,Passes,Long balls,8/28 (29%),8/17 (47%),8/17 (47%),8/28 (29%)
14288883,2026-05-02,Liga Portugal Betclic,Liga Portugal 25/26,32.0,Away,Famalicão,Famalicão,Benfica,2ND,Passes,Throw-ins,14,11,11,14
14288883,2026-05-02,Liga Portugal Betclic,Liga Portugal 25/26,32.0,Away,Famalicão,Famalicão,Benfica,2ND,Shots,Blocked shots,1,3,3,1
14288883,2026-05-02,Liga Portugal Betclic,Liga Portugal 25/26,32.0,Away,Famalicão,Famalicão,Benfica,2ND,Shots,Hit woodwork,0,1,1,0
14288883,2026-05-02,Liga Portugal Betclic,Liga Portugal 25/26,32.0,Away,Famalicão,Famalicão,Benfica,2ND,Shots,Shots inside box,1,8,8,1
14288883,2026-05-02,Liga Portugal Betclic,Liga Portugal 25/26,32.0,Away,Famalicão,Famalicão,Benfica,2ND,Shots,Shots off target,1,4,4,1
14288883,2026-05-02,Liga Portugal Betclic,Liga Portugal 25/26,32.0,Away,Famalicão,Famalicão,Benfica,2ND,Shots,Shots on target,0,4,4,0
14288883,2026-05-02,Liga Portugal Betclic,Liga Portugal 25/26,32.0,Away,Famalicão,Famalicão,Benfica,2ND,Shots,Shots outside box,1,3,3,1
14288883,2026-05-02,Liga Portugal Betclic,Liga Portugal 25/26,32.0,Away,Famalicão,Famalicão,Benfica,2ND,Shots,Total shots,2,11,11,2
14288883,2026-05-02,Liga Portugal Betclic,Liga Portugal 25/26,32.0,Away,Famalicão,Famalicão,Benfica,ALL,Attack,Big chances missed,1,2,2,1
14288883,2026-05-02,Liga Portugal Betclic,Liga Portugal 25/26,32.0,Away,Famalicão,Famalicão,Benfica,ALL,Attack,Big chances scored,1,1,1,1
14288883,2026-05-02,Liga Portugal Betclic,Liga Portugal 25/26,32.0,Away,Famalicão,Famalicão,Benfica,ALL,Attack,Fouled in final third,2,0,0,2
14288883,2026-05-02,Liga Portugal Betclic,Liga Portugal 25/26,32.0,Away,Famalicão,Famalicão,Benfica,ALL,Attack,Offsides,1,0,0,1
14288883,2026-05-02,Liga Portugal Betclic,Liga Portugal 25/26,32.0,Away,Famalicão,Famalicão,Benfica,ALL,Attack,Touches in penalty area,18,22,22,18
14288883,2026-05-02,Liga Portugal Betclic,Liga Portugal 25/26,32.0,Away,Famalicão,Famalicão,Benfica,ALL,Defending,Clearances,23,31,31,23
14288883,2026-05-02,Liga Portugal Betclic,Liga Portugal 25/26,32.0,Away,Famalicão,Famalicão,Benfica,ALL,Defending,Errors lead to a shot,0,2,2,0
14288883,2026-05-02,Liga Portugal Betclic,Liga Portugal 25/26,32.0,Away,Famalicão,Famalicão,Benfica,ALL,Defending,Interceptions,10,8,8,10
14288883,2026-05-02,Liga Portugal Betclic,Liga Portugal 25/26,32.0,Away,Famalicão,Famalicão,Benfica,ALL,Defending,Recoveries,33,35,35,33
14288883,2026-05-02,Liga Portugal Betclic,Liga Portugal 25/26,32.0,Away,Famalicão,Famalicão,Benfica,ALL,Defending,Tackles won,71%,44%,44%,71%
14288883,2026-05-02,Liga Portugal Betclic,Liga Portugal 25/26,32.0,Away,Famalicão,Famalicão,Benfica,ALL,Defending,Total tackles,17,16,16,17
14288883,2026-05-02,Liga Portugal Betclic,Liga Portugal 25/26,32.0,Away,Famalicão,Famalicão,Benfica,ALL,Duels,Aerial duels,14/27 (52%),13/27 (48%),13/27 (48%),14/27 (52%)
14288883,2026-05-02,Liga Portugal Betclic,Liga Portugal 25/26,32.0,Away,Famalicão,Famalicão,Benfica,ALL,Duels,Dispossessed,8,9,9,8
14288883,2026-05-02,Liga Portugal Betclic,Liga Portugal 25/26,32.0,Away,Famalicão,Famalicão,Benfica,ALL,Duels,Dribbles,10/18 (56%),4/12 (33%),4/12 (33%),10/18 (56%)
14288883,2026-05-02,Liga Portugal Betclic,Liga Portugal 25/26,32.0,Away,Famalicão,Famalicão,Benfica,ALL,Duels,Duels,56%,44%,44%,56%
14288883,2026-05-02,Liga Portugal Betclic,Liga Portugal 25/26,32.0,Away,Famalicão,Famalicão,Benfica,ALL,Duels,Ground duels,47/81 (58%),34/81 (42%),34/81 (42%),47/81 (58%)
14288883,2026-05-02,Liga Portugal Betclic,Liga Portugal 25/26,32.0,Away,Famalicão,Famalicão,Benfica,ALL,Goalkeeping,Goal kicks,9,7,7,9
14288883,2026-05-02,Liga Portugal Betclic,Liga Portugal 25/26,32.0,Away,Famalicão,Famalicão,Benfica,ALL,Goalkeeping,Goals prevented,-0.78,-1.20,-1.20,-0.78
14288883,2026-05-02,Liga Portugal Betclic,Liga Portugal 25/26,32.0,Away,Famalicão,Famalicão,Benfica,ALL,Goalkeeping,Punches,3,0,0,3
14288883,2026-05-02,Liga Portugal Betclic,Liga Portugal 25/26,32.0,Away,Famalicão,Famalicão,Benfica,ALL,Goalkeeping,Total saves,3,0,0,3
14288883,2026-05-02,Liga Portugal Betclic,Liga Portugal 25/26,32.0,Away,Famalicão,Famalicão,Benfica,ALL,Match overview,Ball possession,43%,57%,57%,43%
14288883,2026-05-02,Liga Portugal Betclic,Liga Portugal 25/26,32.0,Away,Famalicão,Famalicão,Benfica,ALL,Match overview,Big chances,2,3,3,2
14288883,2026-05-02,Liga Portugal Betclic,Liga Portugal 25/26,32.0,Away,Famalicão,Famalicão,Benfica,ALL,Match overview,Corner kicks,4,6,6,4
14288883,2026-05-02,Liga Portugal Betclic,Liga Portugal 25/26,32.0,Away,Famalicão,Famalicão,Benfica,ALL,Match overview,Distance covered,94.7 km,98.3 km,98.3 km,94.7 km
14288883,2026-05-02,Liga Portugal Betclic,Liga Portugal 25/26,32.0,Away,Famalicão,Famalicão,Benfica,ALL,Match overview,Expected goals,1.29,1.58,1.58,1.29
14288883,2026-05-02,Liga Portugal Betclic,Liga Portugal 25/26,32.0,Away,Famalicão,Famalicão,Benfica,ALL,Match overview,Fouls,14,20,20,14
14288883,2026-05-02,Liga Portugal Betclic,Liga Portugal 25/26,32.0,Away,Famalicão,Famalicão,Benfica,ALL,Match overview,Free kicks,19,14,14,19
14288883,2026-05-02,Liga Portugal Betclic,Liga Portugal 25/26,32.0,Away,Famalicão,Famalicão,Benfica,ALL,Match overview,Goalkeeper saves,3,0,0,3
14288883,2026-05-02,Liga Portugal Betclic,Liga Portugal 25/26,32.0,Away,Famalicão,Famalicão,Benfica,ALL,Match overview,Number of sprints,202,192,192,202
14288883,2026-05-02,Liga Portugal Betclic,Liga Portugal 25/26,32.0,Away,Famalicão,Famalicão,Benfica,ALL,Match overview,Passes,318,401,401,318
14288883,2026-05-02,Liga Portugal Betclic,Liga Portugal 25/26,32.0,Away,Famalicão,Famalicão,Benfica,ALL,Match overview,Red cards,1,0,0,1
14288883,2026-05-02,Liga Portugal Betclic,Liga Portugal 25/26,32.0,Away,Famalicão,Famalicão,Benfica,ALL,Match overview,Tackles,17,16,16,17
14288883,2026-05-02,Liga Portugal Betclic,Liga Portugal 25/26,32.0,Away,Famalicão,Famalicão,Benfica,ALL,Match overview,Total shots,8,15,15,8
14288883,2026-05-02,Liga Portugal Betclic,Liga Portugal 25/26,32.0,Away,Famalicão,Famalicão,Benfica,ALL,Match overview,Yellow cards,2,2,2,2
14288883,2026-05-02,Liga Portugal Betclic,Liga Portugal 25/26,32.0,Away,Famalicão,Famalicão,Benfica,ALL,Passes,Accurate passes,248,348,348,248
14288883,2026-05-02,Liga Portugal Betclic,Liga Portugal 25/26,32.0,Away,Famalicão,Famalicão,Benfica,ALL,Passes,Crosses,1/6 (17%),10/29 (34%),10/29 (34%),1/6 (17%)
14288883,2026-05-02,Liga Portugal Betclic,Liga Portugal 25/26,32.0,Away,Famalicão,Famalicão,Benfica,ALL,Passes,Final third entries,49,59,59,49
14288883,2026-05-02,Liga Portugal Betclic,Liga Portugal 25/26,32.0,Away,Famalicão,Famalicão,Benfica,ALL,Passes,Final third phase,50/91 (55%),99/126 (79%),99/126 (79%),50/91 (55%)
14288883,2026-05-02,Liga Portugal Betclic,Liga Portugal 25/26,32.0,Away,Famalicão,Famalicão,Benfica,ALL,Passes,Long balls,17/43 (40%),16/33 (48%),16/33 (48%),17/43 (40%)
14288883,2026-05-02,Liga Portugal Betclic,Liga Portugal 25/26,32.0,Away,Famalicão,Famalicão,Benfica,ALL,Passes,Throw-ins,20,19,19,20
14288883,2026-05-02,Liga Portugal Betclic,Liga Portugal 25/26,32.0,Away,Famalicão,Famalicão,Benfica,ALL,Shots,Blocked shots,2,3,3,2
14288883,2026-05-02,Liga Portugal Betclic,Liga Portugal 25/26,32.0,Away,Famalicão,Famalicão,Benfica,ALL,Shots,Hit woodwork,0,1,1,0
14288883,2026-05-02,Liga Portugal Betclic,Liga Portugal 25/26,32.0,Away,Famalicão,Famalicão,Benfica,ALL,Shots,Shots inside box,7,11,11,7
14288883,2026-05-02,Liga Portugal Betclic,Liga Portugal 25/26,32.0,Away,Famalicão,Famalicão,Benfica,ALL,Shots,Shots off target,3,7,7,3
14288883,2026-05-02,Liga Portugal Betclic,Liga Portugal 25/26,32.0,Away,Famalicão,Famalicão,Benfica,ALL,Shots,Shots on target,3,5,5,3
14288883,2026-05-02,Liga Portugal Betclic,Liga Portugal 25/26,32.0,Away,Famalicão,Famalicão,Benfica,ALL,Shots,Shots outside box,1,4,4,1
14288883,2026-05-02,Liga Portugal Betclic,Liga Portugal 25/26,32.0,Away,Famalicão,Famalicão,Benfica,ALL,Shots,Total shots,8,15,15,8
14288898,2026-05-11,Liga Portugal Betclic,Liga Portugal 25/26,33.0,Home,Sporting Braga,Benfica,Sporting Braga,1ST,Attack,Big chances missed,0,0,0,0
14288898,2026-05-11,Liga Portugal Betclic,Liga Portugal 25/26,33.0,Home,Sporting Braga,Benfica,Sporting Braga,1ST,Attack,Big chances scored,0,0,0,0
14288898,2026-05-11,Liga Portugal Betclic,Liga Portugal 25/26,33.0,Home,Sporting Braga,Benfica,Sporting Braga,1ST,Attack,Fouled in final third,2,0,2,0
14288898,2026-05-11,Liga Portugal Betclic,Liga Portugal 25/26,33.0,Home,Sporting Braga,Benfica,Sporting Braga,1ST,Attack,Offsides,1,0,1,0
14288898,2026-05-11,Liga Portugal Betclic,Liga Portugal 25/26,33.0,Home,Sporting Braga,Benfica,Sporting Braga,1ST,Defending,Clearances,3,12,3,12
14288898,2026-05-11,Liga Portugal Betclic,Liga Portugal 25/26,33.0,Home,Sporting Braga,Benfica,Sporting Braga,1ST,Defending,Interceptions,5,4,5,4
14288898,2026-05-11,Liga Portugal Betclic,Liga Portugal 25/26,33.0,Home,Sporting Braga,Benfica,Sporting Braga,1ST,Defending,Recoveries,19,22,19,22
14288898,2026-05-11,Liga Portugal Betclic,Liga Portugal 25/26,33.0,Home,Sporting Braga,Benfica,Sporting Braga,1ST,Defending,Tackles won,86%,40%,86%,40%
14288898,2026-05-11,Liga Portugal Betclic,Liga Portugal 25/26,33.0,Home,Sporting Braga,Benfica,Sporting Braga,1ST,Defending,Total tackles,7,10,7,10
14288898,2026-05-11,Liga Portugal Betclic,Liga Portugal 25/26,33.0,Home,Sporting Braga,Benfica,Sporting Braga,1ST,Duels,Aerial duels,7/10 (70%),3/10 (30%),7/10 (70%),3/10 (30%)
14288898,2026-05-11,Liga Portugal Betclic,Liga Portugal 25/26,33.0,Home,Sporting Braga,Benfica,Sporting Braga,1ST,Duels,Dispossessed,3,2,3,2
14288898,2026-05-11,Liga Portugal Betclic,Liga Portugal 25/26,33.0,Home,Sporting Braga,Benfica,Sporting Braga,1ST,Duels,Dribbles,6/13 (46%),6/11 (55%),6/13 (46%),6/11 (55%)
14288898,2026-05-11,Liga Portugal Betclic,Liga Portugal 25/26,33.0,Home,Sporting Braga,Benfica,Sporting Braga,1ST,Duels,Duels,54%,46%,54%,46%
14288898,2026-05-11,Liga Portugal Betclic,Liga Portugal 25/26,33.0,Home,Sporting Braga,Benfica,Sporting Braga,1ST,Duels,Ground duels,18/36 (50%),18/36 (50%),18/36 (50%),18/36 (50%)
14288898,2026-05-11,Liga Portugal Betclic,Liga Portugal 25/26,33.0,Home,Sporting Braga,Benfica,Sporting Braga,1ST,Goalkeeping,Goal kicks,4,2,4,2
14288898,2026-05-11,Liga Portugal Betclic,Liga Portugal 25/26,33.0,Home,Sporting Braga,Benfica,Sporting Braga,1ST,Goalkeeping,Total saves,0,2,0,2
14288898,2026-05-11,Liga Portugal Betclic,Liga Portugal 25/26,33.0,Home,Sporting Braga,Benfica,Sporting Braga,1ST,Match overview,Ball possession,56%,44%,56%,44%
14288898,2026-05-11,Liga Portugal Betclic,Liga Portugal 25/26,33.0,Home,Sporting Braga,Benfica,Sporting Braga,1ST,Match overview,Big chances,0,0,0,0
14288898,2026-05-11,Liga Portugal Betclic,Liga Portugal 25/26,33.0,Home,Sporting Braga,Benfica,Sporting Braga,1ST,Match overview,Corner kicks,3,1,3,1
14288898,2026-05-11,Liga Portugal Betclic,Liga Portugal 25/26,33.0,Home,Sporting Braga,Benfica,Sporting Braga,1ST,Match overview,Expected goals,0.46,0.06,0.46,0.06
14288898,2026-05-11,Liga Portugal Betclic,Liga Portugal 25/26,33.0,Home,Sporting Braga,Benfica,Sporting Braga,1ST,Match overview,Fouls,2,5,2,5
14288898,2026-05-11,Liga Portugal Betclic,Liga Portugal 25/26,33.0,Home,Sporting Braga,Benfica,Sporting Braga,1ST,Match overview,Free kicks,5,2,5,2
14288898,2026-05-11,Liga Portugal Betclic,Liga Portugal 25/26,33.0,Home,Sporting Braga,Benfica,Sporting Braga,1ST,Match overview,Goalkeeper saves,0,2,0,2
14288898,2026-05-11,Liga Portugal Betclic,Liga Portugal 25/26,33.0,Home,Sporting Braga,Benfica,Sporting Braga,1ST,Match overview,Passes,279,221,279,221
14288898,2026-05-11,Liga Portugal Betclic,Liga Portugal 25/26,33.0,Home,Sporting Braga,Benfica,Sporting Braga,1ST,Match overview,Tackles,7,10,7,10
14288898,2026-05-11,Liga Portugal Betclic,Liga Portugal 25/26,33.0,Home,Sporting Braga,Benfica,Sporting Braga,1ST,Match overview,Total shots,7,3,7,3
14288898,2026-05-11,Liga Portugal Betclic,Liga Portugal 25/26,33.0,Home,Sporting Braga,Benfica,Sporting Braga,1ST,Match overview,Yellow cards,0,0,0,0
14288898,2026-05-11,Liga Portugal Betclic,Liga Portugal 25/26,33.0,Home,Sporting Braga,Benfica,Sporting Braga,1ST,Passes,Accurate passes,237,180,237,180
14288898,2026-05-11,Liga Portugal Betclic,Liga Portugal 25/26,33.0,Home,Sporting Braga,Benfica,Sporting Braga,1ST,Passes,Crosses,1/6 (0%),1/1 (0%),1/6 (0%),1/1 (0%)
14288898,2026-05-11,Liga Portugal Betclic,Liga Portugal 25/26,33.0,Home,Sporting Braga,Benfica,Sporting Braga,1ST,Passes,Final third entries,29,23,29,23
14288898,2026-05-11,Liga Portugal Betclic,Liga Portugal 25/26,33.0,Home,Sporting Braga,Benfica,Sporting Braga,1ST,Passes,Long balls,13/24 (54%),8/21 (38%),13/24 (54%),8/21 (38%)
14288898,2026-05-11,Liga Portugal Betclic,Liga Portugal 25/26,33.0,Home,Sporting Braga,Benfica,Sporting Braga,1ST,Passes,Throw-ins,15,15,15,15
14288898,2026-05-11,Liga Portugal Betclic,Liga Portugal 25/26,33.0,Home,Sporting Braga,Benfica,Sporting Braga,1ST,Shots,Blocked shots,3,2,3,2
14288898,2026-05-11,Liga Portugal Betclic,Liga Portugal 25/26,33.0,Home,Sporting Braga,Benfica,Sporting Braga,1ST,Shots,Hit woodwork,0,0,0,0
14288898,2026-05-11,Liga Portugal Betclic,Liga Portugal 25/26,33.0,Home,Sporting Braga,Benfica,Sporting Braga,1ST,Shots,Shots inside box,5,1,5,1
14288898,2026-05-11,Liga Portugal Betclic,Liga Portugal 25/26,33.0,Home,Sporting Braga,Benfica,Sporting Braga,1ST,Shots,Shots off target,2,1,2,1
14288898,2026-05-11,Liga Portugal Betclic,Liga Portugal 25/26,33.0,Home,Sporting Braga,Benfica,Sporting Braga,1ST,Shots,Shots on target,2,0,2,0
14288898,2026-05-11,Liga Portugal Betclic,Liga Portugal 25/26,33.0,Home,Sporting Braga,Benfica,Sporting Braga,1ST,Shots,Shots outside box,2,2,2,2
14288898,2026-05-11,Liga Portugal Betclic,Liga Portugal 25/26,33.0,Home,Sporting Braga,Benfica,Sporting Braga,1ST,Shots,Total shots,7,3,7,3
14288898,2026-05-11,Liga Portugal Betclic,Liga Portugal 25/26,33.0,Home,Sporting Braga,Benfica,Sporting Braga,2ND,Attack,Big chances missed,1,0,1,0
14288898,2026-05-11,Liga Portugal Betclic,Liga Portugal 25/26,33.0,Home,Sporting Braga,Benfica,Sporting Braga,2ND,Attack,Big chances scored,2,1,2,1
14288898,2026-05-11,Liga Portugal Betclic,Liga Portugal 25/26,33.0,Home,Sporting Braga,Benfica,Sporting Braga,2ND,Attack,Fouled in final third,2,0,2,0
14288898,2026-05-11,Liga Portugal Betclic,Liga Portugal 25/26,33.0,Home,Sporting Braga,Benfica,Sporting Braga,2ND,Attack,Offsides,1,1,1,1
14288898,2026-05-11,Liga Portugal Betclic,Liga Portugal 25/26,33.0,Home,Sporting Braga,Benfica,Sporting Braga,2ND,Defending,Clearances,4,13,4,13
14288898,2026-05-11,Liga Portugal Betclic,Liga Portugal 25/26,33.0,Home,Sporting Braga,Benfica,Sporting Braga,2ND,Defending,Interceptions,4,4,4,4
14288898,2026-05-11,Liga Portugal Betclic,Liga Portugal 25/26,33.0,Home,Sporting Braga,Benfica,Sporting Braga,2ND,Defending,Recoveries,24,22,24,22
14288898,2026-05-11,Liga Portugal Betclic,Liga Portugal 25/26,33.0,Home,Sporting Braga,Benfica,Sporting Braga,2ND,Defending,Tackles won,78%,86%,78%,86%
14288898,2026-05-11,Liga Portugal Betclic,Liga Portugal 25/26,33.0,Home,Sporting Braga,Benfica,Sporting Braga,2ND,Defending,Total tackles,9,7,9,7
14288898,2026-05-11,Liga Portugal Betclic,Liga Portugal 25/26,33.0,Home,Sporting Braga,Benfica,Sporting Braga,2ND,Duels,Aerial duels,12/17 (71%),5/17 (29%),12/17 (71%),5/17 (29%)
14288898,2026-05-11,Liga Portugal Betclic,Liga Portugal 25/26,33.0,Home,Sporting Braga,Benfica,Sporting Braga,2ND,Duels,Dispossessed,5,3,5,3
14288898,2026-05-11,Liga Portugal Betclic,Liga Portugal 25/26,33.0,Home,Sporting Braga,Benfica,Sporting Braga,2ND,Duels,Dribbles,9/11 (82%),5/11 (45%),9/11 (82%),5/11 (45%)
14288898,2026-05-11,Liga Portugal Betclic,Liga Portugal 25/26,33.0,Home,Sporting Braga,Benfica,Sporting Braga,2ND,Duels,Duels,63%,37%,63%,37%
14288898,2026-05-11,Liga Portugal Betclic,Liga Portugal 25/26,33.0,Home,Sporting Braga,Benfica,Sporting Braga,2ND,Duels,Ground duels,24/40 (60%),16/40 (40%),24/40 (60%),16/40 (40%)
14288898,2026-05-11,Liga Portugal Betclic,Liga Portugal 25/26,33.0,Home,Sporting Braga,Benfica,Sporting Braga,2ND,Goalkeeping,Goal kicks,1,10,1,10
14288898,2026-05-11,Liga Portugal Betclic,Liga Portugal 25/26,33.0,Home,Sporting Braga,Benfica,Sporting Braga,2ND,Goalkeeping,Total saves,0,4,0,4
14288898,2026-05-11,Liga Portugal Betclic,Liga Portugal 25/26,33.0,Home,Sporting Braga,Benfica,Sporting Braga,2ND,Match overview,Ball possession,48%,52%,48%,52%
14288898,2026-05-11,Liga Portugal Betclic,Liga Portugal 25/26,33.0,Home,Sporting Braga,Benfica,Sporting Braga,2ND,Match overview,Big chances,3,1,3,1
14288898,2026-05-11,Liga Portugal Betclic,Liga Portugal 25/26,33.0,Home,Sporting Braga,Benfica,Sporting Braga,2ND,Match overview,Corner kicks,5,1,5,1
14288898,2026-05-11,Liga Portugal Betclic,Liga Portugal 25/26,33.0,Home,Sporting Braga,Benfica,Sporting Braga,2ND,Match overview,Expected goals,2.44,0.14,2.44,0.14
14288898,2026-05-11,Liga Portugal Betclic,Liga Portugal 25/26,33.0,Home,Sporting Braga,Benfica,Sporting Braga,2ND,Match overview,Fouls,4,6,4,6
14288898,2026-05-11,Liga Portugal Betclic,Liga Portugal 25/26,33.0,Home,Sporting Braga,Benfica,Sporting Braga,2ND,Match overview,Free kicks,5,4,5,4
14288898,2026-05-11,Liga Portugal Betclic,Liga Portugal 25/26,33.0,Home,Sporting Braga,Benfica,Sporting Braga,2ND,Match overview,Goalkeeper saves,0,4,0,4
14288898,2026-05-11,Liga Portugal Betclic,Liga Portugal 25/26,33.0,Home,Sporting Braga,Benfica,Sporting Braga,2ND,Match overview,Passes,194,221,194,221
14288898,2026-05-11,Liga Portugal Betclic,Liga Portugal 25/26,33.0,Home,Sporting Braga,Benfica,Sporting Braga,2ND,Match overview,Tackles,9,7,9,7
14288898,2026-05-11,Liga Portugal Betclic,Liga Portugal 25/26,33.0,Home,Sporting Braga,Benfica,Sporting Braga,2ND,Match overview,Total shots,17,2,17,2
14288898,2026-05-11,Liga Portugal Betclic,Liga Portugal 25/26,33.0,Home,Sporting Braga,Benfica,Sporting Braga,2ND,Match overview,Yellow cards,1,4,1,4
14288898,2026-05-11,Liga Portugal Betclic,Liga Portugal 25/26,33.0,Home,Sporting Braga,Benfica,Sporting Braga,2ND,Passes,Accurate passes,149,173,149,173
14288898,2026-05-11,Liga Portugal Betclic,Liga Portugal 25/26,33.0,Home,Sporting Braga,Benfica,Sporting Braga,2ND,Passes,Crosses,6/10 (60%),2/2 (100%),6/10 (60%),2/2 (100%)
14288898,2026-05-11,Liga Portugal Betclic,Liga Portugal 25/26,33.0,Home,Sporting Braga,Benfica,Sporting Braga,2ND,Passes,Final third entries,32,31,32,31
14288898,2026-05-11,Liga Portugal Betclic,Liga Portugal 25/26,33.0,Home,Sporting Braga,Benfica,Sporting Braga,2ND,Passes,Long balls,10/16 (63%),9/28 (32%),10/16 (63%),9/28 (32%)
14288898,2026-05-11,Liga Portugal Betclic,Liga Portugal 25/26,33.0,Home,Sporting Braga,Benfica,Sporting Braga,2ND,Passes,Throw-ins,13,6,13,6
14288898,2026-05-11,Liga Portugal Betclic,Liga Portugal 25/26,33.0,Home,Sporting Braga,Benfica,Sporting Braga,2ND,Shots,Blocked shots,5,0,5,0
14288898,2026-05-11,Liga Portugal Betclic,Liga Portugal 25/26,33.0,Home,Sporting Braga,Benfica,Sporting Braga,2ND,Shots,Hit woodwork,0,0,0,0
14288898,2026-05-11,Liga Portugal Betclic,Liga Portugal 25/26,33.0,Home,Sporting Braga,Benfica,Sporting Braga,2ND,Shots,Shots inside box,11,1,11,1
14288898,2026-05-11,Liga Portugal Betclic,Liga Portugal 25/26,33.0,Home,Sporting Braga,Benfica,Sporting Braga,2ND,Shots,Shots off target,6,0,6,0
14288898,2026-05-11,Liga Portugal Betclic,Liga Portugal 25/26,33.0,Home,Sporting Braga,Benfica,Sporting Braga,2ND,Shots,Shots on target,6,2,6,2
14288898,2026-05-11,Liga Portugal Betclic,Liga Portugal 25/26,33.0,Home,Sporting Braga,Benfica,Sporting Braga,2ND,Shots,Shots outside box,6,1,6,1
14288898,2026-05-11,Liga Portugal Betclic,Liga Portugal 25/26,33.0,Home,Sporting Braga,Benfica,Sporting Braga,2ND,Shots,Total shots,17,2,17,2
14288898,2026-05-11,Liga Portugal Betclic,Liga Portugal 25/26,33.0,Home,Sporting Braga,Benfica,Sporting Braga,ALL,Attack,Big chances missed,1,0,1,0
14288898,2026-05-11,Liga Portugal Betclic,Liga Portugal 25/26,33.0,Home,Sporting Braga,Benfica,Sporting Braga,ALL,Attack,Big chances scored,2,1,2,1
14288898,2026-05-11,Liga Portugal Betclic,Liga Portugal 25/26,33.0,Home,Sporting Braga,Benfica,Sporting Braga,ALL,Attack,Fouled in final third,4,0,4,0
14288898,2026-05-11,Liga Portugal Betclic,Liga Portugal 25/26,33.0,Home,Sporting Braga,Benfica,Sporting Braga,ALL,Attack,Offsides,2,1,2,1
14288898,2026-05-11,Liga Portugal Betclic,Liga Portugal 25/26,33.0,Home,Sporting Braga,Benfica,Sporting Braga,ALL,Attack,Touches in penalty area,49,12,49,12
14288898,2026-05-11,Liga Portugal Betclic,Liga Portugal 25/26,33.0,Home,Sporting Braga,Benfica,Sporting Braga,ALL,Defending,Clearances,7,25,7,25
14288898,2026-05-11,Liga Portugal Betclic,Liga Portugal 25/26,33.0,Home,Sporting Braga,Benfica,Sporting Braga,ALL,Defending,Errors lead to a goal,0,1,0,1
14288898,2026-05-11,Liga Portugal Betclic,Liga Portugal 25/26,33.0,Home,Sporting Braga,Benfica,Sporting Braga,ALL,Defending,Errors lead to a shot,0,1,0,1
14288898,2026-05-11,Liga Portugal Betclic,Liga Portugal 25/26,33.0,Home,Sporting Braga,Benfica,Sporting Braga,ALL,Defending,Interceptions,9,8,9,8
14288898,2026-05-11,Liga Portugal Betclic,Liga Portugal 25/26,33.0,Home,Sporting Braga,Benfica,Sporting Braga,ALL,Defending,Recoveries,43,44,43,44
14288898,2026-05-11,Liga Portugal Betclic,Liga Portugal 25/26,33.0,Home,Sporting Braga,Benfica,Sporting Braga,ALL,Defending,Tackles won,81%,59%,81%,59%
14288898,2026-05-11,Liga Portugal Betclic,Liga Portugal 25/26,33.0,Home,Sporting Braga,Benfica,Sporting Braga,ALL,Defending,Total tackles,16,17,16,17
14288898,2026-05-11,Liga Portugal Betclic,Liga Portugal 25/26,33.0,Home,Sporting Braga,Benfica,Sporting Braga,ALL,Duels,Aerial duels,19/27 (70%),8/27 (30%),19/27 (70%),8/27 (30%)
14288898,2026-05-11,Liga Portugal Betclic,Liga Portugal 25/26,33.0,Home,Sporting Braga,Benfica,Sporting Braga,ALL,Duels,Dispossessed,8,5,8,5
14288898,2026-05-11,Liga Portugal Betclic,Liga Portugal 25/26,33.0,Home,Sporting Braga,Benfica,Sporting Braga,ALL,Duels,Dribbles,15/24 (63%),11/22 (50%),15/24 (63%),11/22 (50%)
14288898,2026-05-11,Liga Portugal Betclic,Liga Portugal 25/26,33.0,Home,Sporting Braga,Benfica,Sporting Braga,ALL,Duels,Duels,59%,41%,59%,41%
14288898,2026-05-11,Liga Portugal Betclic,Liga Portugal 25/26,33.0,Home,Sporting Braga,Benfica,Sporting Braga,ALL,Duels,Ground duels,42/76 (55%),34/76 (45%),42/76 (55%),34/76 (45%)
14288898,2026-05-11,Liga Portugal Betclic,Liga Portugal 25/26,33.0,Home,Sporting Braga,Benfica,Sporting Braga,ALL,Goalkeeping,Big saves,0,3,0,3
14288898,2026-05-11,Liga Portugal Betclic,Liga Portugal 25/26,33.0,Home,Sporting Braga,Benfica,Sporting Braga,ALL,Goalkeeping,Goal kicks,5,12,5,12
14288898,2026-05-11,Liga Portugal Betclic,Liga Portugal 25/26,33.0,Home,Sporting Braga,Benfica,Sporting Braga,ALL,Goalkeeping,Goals prevented,-1.15,0.84,-1.15,0.84
14288898,2026-05-11,Liga Portugal Betclic,Liga Portugal 25/26,33.0,Home,Sporting Braga,Benfica,Sporting Braga,ALL,Goalkeeping,Total saves,0,6,0,6
14288898,2026-05-11,Liga Portugal Betclic,Liga Portugal 25/26,33.0,Home,Sporting Braga,Benfica,Sporting Braga,ALL,Match overview,Ball possession,52%,48%,52%,48%
14288898,2026-05-11,Liga Portugal Betclic,Liga Portugal 25/26,33.0,Home,Sporting Braga,Benfica,Sporting Braga,ALL,Match overview,Big chances,3,1,3,1
14288898,2026-05-11,Liga Portugal Betclic,Liga Portugal 25/26,33.0,Home,Sporting Braga,Benfica,Sporting Braga,ALL,Match overview,Corner kicks,8,2,8,2
14288898,2026-05-11,Liga Portugal Betclic,Liga Portugal 25/26,33.0,Home,Sporting Braga,Benfica,Sporting Braga,ALL,Match overview,Distance covered,94.0 km,92.5 km,94.0 km,92.5 km
14288898,2026-05-11,Liga Portugal Betclic,Liga Portugal 25/26,33.0,Home,Sporting Braga,Benfica,Sporting Braga,ALL,Match overview,Expected goals,2.91,0.20,2.91,0.20
14288898,2026-05-11,Liga Portugal Betclic,Liga Portugal 25/26,33.0,Home,Sporting Braga,Benfica,Sporting Braga,ALL,Match overview,Fouls,6,11,6,11
14288898,2026-05-11,Liga Portugal Betclic,Liga Portugal 25/26,33.0,Home,Sporting Braga,Benfica,Sporting Braga,ALL,Match overview,Free kicks,10,6,10,6
14288898,2026-05-11,Liga Portugal Betclic,Liga Portugal 25/26,33.0,Home,Sporting Braga,Benfica,Sporting Braga,ALL,Match overview,Goalkeeper saves,0,6,0,6
14288898,2026-05-11,Liga Portugal Betclic,Liga Portugal 25/26,33.0,Home,Sporting Braga,Benfica,Sporting Braga,ALL,Match overview,Number of sprints,81,78,81,78
14288898,2026-05-11,Liga Portugal Betclic,Liga Portugal 25/26,33.0,Home,Sporting Braga,Benfica,Sporting Braga,ALL,Match overview,Passes,473,442,473,442
14288898,2026-05-11,Liga Portugal Betclic,Liga Portugal 25/26,33.0,Home,Sporting Braga,Benfica,Sporting Braga,ALL,Match overview,Tackles,16,17,16,17
14288898,2026-05-11,Liga Portugal Betclic,Liga Portugal 25/26,33.0,Home,Sporting Braga,Benfica,Sporting Braga,ALL,Match overview,Total shots,24,5,24,5
14288898,2026-05-11,Liga Portugal Betclic,Liga Portugal 25/26,33.0,Home,Sporting Braga,Benfica,Sporting Braga,ALL,Match overview,Yellow cards,1,4,1,4
14288898,2026-05-11,Liga Portugal Betclic,Liga Portugal 25/26,33.0,Home,Sporting Braga,Benfica,Sporting Braga,ALL,Passes,Accurate passes,386,353,386,353
14288898,2026-05-11,Liga Portugal Betclic,Liga Portugal 25/26,33.0,Home,Sporting Braga,Benfica,Sporting Braga,ALL,Passes,Crosses,6/16 (38%),2/3 (67%),6/16 (38%),2/3 (67%)
14288898,2026-05-11,Liga Portugal Betclic,Liga Portugal 25/26,33.0,Home,Sporting Braga,Benfica,Sporting Braga,ALL,Passes,Final third entries,61,54,61,54
14288898,2026-05-11,Liga Portugal Betclic,Liga Portugal 25/26,33.0,Home,Sporting Braga,Benfica,Sporting Braga,ALL,Passes,Final third phase,109/156 (70%),82/123 (67%),109/156 (70%),82/123 (67%)
14288898,2026-05-11,Liga Portugal Betclic,Liga Portugal 25/26,33.0,Home,Sporting Braga,Benfica,Sporting Braga,ALL,Passes,Long balls,23/40 (57%),17/49 (35%),23/40 (57%),17/49 (35%)
14288898,2026-05-11,Liga Portugal Betclic,Liga Portugal 25/26,33.0,Home,Sporting Braga,Benfica,Sporting Braga,ALL,Passes,Throw-ins,28,21,28,21
14288898,2026-05-11,Liga Portugal Betclic,Liga Portugal 25/26,33.0,Home,Sporting Braga,Benfica,Sporting Braga,ALL,Shots,Blocked shots,8,2,8,2
14288898,2026-05-11,Liga Portugal Betclic,Liga Portugal 25/26,33.0,Home,Sporting Braga,Benfica,Sporting Braga,ALL,Shots,Hit woodwork,0,0,0,0
14288898,2026-05-11,Liga Portugal Betclic,Liga Portugal 25/26,33.0,Home,Sporting Braga,Benfica,Sporting Braga,ALL,Shots,Shots inside box,16,2,16,2
14288898,2026-05-11,Liga Portugal Betclic,Liga Portugal 25/26,33.0,Home,Sporting Braga,Benfica,Sporting Braga,ALL,Shots,Shots off target,8,1,8,1
14288898,2026-05-11,Liga Portugal Betclic,Liga Portugal 25/26,33.0,Home,Sporting Braga,Benfica,Sporting Braga,ALL,Shots,Shots on target,8,2,8,2
14288898,2026-05-11,Liga Portugal Betclic,Liga Portugal 25/26,33.0,Home,Sporting Braga,Benfica,Sporting Braga,ALL,Shots,Shots outside box,8,3,8,3
14288898,2026-05-11,Liga Portugal Betclic,Liga Portugal 25/26,33.0,Home,Sporting Braga,Benfica,Sporting Braga,ALL,Shots,Total shots,24,5,24,5
14336198,2026-05-16,Liga Portugal Betclic,Liga Portugal 25/26,34.0,Away,Estoril Praia,Estoril Praia,Benfica,1ST,Attack,Big chances missed,1,0,0,1
14336198,2026-05-16,Liga Portugal Betclic,Liga Portugal 25/26,34.0,Away,Estoril Praia,Estoril Praia,Benfica,1ST,Attack,Big chances scored,2,0,0,2
14336198,2026-05-16,Liga Portugal Betclic,Liga Portugal 25/26,34.0,Away,Estoril Praia,Estoril Praia,Benfica,1ST,Attack,Fouled in final third,2,0,0,2
14336198,2026-05-16,Liga Portugal Betclic,Liga Portugal 25/26,34.0,Away,Estoril Praia,Estoril Praia,Benfica,1ST,Attack,Offsides,1,0,0,1
14336198,2026-05-16,Liga Portugal Betclic,Liga Portugal 25/26,34.0,Away,Estoril Praia,Estoril Praia,Benfica,1ST,Defending,Clearances,3,19,19,3
14336198,2026-05-16,Liga Portugal Betclic,Liga Portugal 25/26,34.0,Away,Estoril Praia,Estoril Praia,Benfica,1ST,Defending,Interceptions,4,6,6,4
14336198,2026-05-16,Liga Portugal Betclic,Liga Portugal 25/26,34.0,Away,Estoril Praia,Estoril Praia,Benfica,1ST,Defending,Recoveries,31,30,30,31
14336198,2026-05-16,Liga Portugal Betclic,Liga Portugal 25/26,34.0,Away,Estoril Praia,Estoril Praia,Benfica,1ST,Defending,Tackles won,71%,50%,50%,71%
14336198,2026-05-16,Liga Portugal Betclic,Liga Portugal 25/26,34.0,Away,Estoril Praia,Estoril Praia,Benfica,1ST,Defending,Total tackles,7,10,10,7
14336198,2026-05-16,Liga Portugal Betclic,Liga Portugal 25/26,34.0,Away,Estoril Praia,Estoril Praia,Benfica,1ST,Duels,Aerial duels,9/13 (69%),4/13 (31%),4/13 (31%),9/13 (69%)
14336198,2026-05-16,Liga Portugal Betclic,Liga Portugal 25/26,34.0,Away,Estoril Praia,Estoril Praia,Benfica,1ST,Duels,Dispossessed,5,3,3,5
14336198,2026-05-16,Liga Portugal Betclic,Liga Portugal 25/26,34.0,Away,Estoril Praia,Estoril Praia,Benfica,1ST,Duels,Dribbles,5/10 (50%),2/6 (33%),2/6 (33%),5/10 (50%)
14336198,2026-05-16,Liga Portugal Betclic,Liga Portugal 25/26,34.0,Away,Estoril Praia,Estoril Praia,Benfica,1ST,Duels,Duels,54%,46%,46%,54%
14336198,2026-05-16,Liga Portugal Betclic,Liga Portugal 25/26,34.0,Away,Estoril Praia,Estoril Praia,Benfica,1ST,Duels,Ground duels,16/33 (48%),17/33 (52%),17/33 (52%),16/33 (48%)
14336198,2026-05-16,Liga Portugal Betclic,Liga Portugal 25/26,34.0,Away,Estoril Praia,Estoril Praia,Benfica,1ST,Goalkeeping,Goal kicks,2,5,5,2
14336198,2026-05-16,Liga Portugal Betclic,Liga Portugal 25/26,34.0,Away,Estoril Praia,Estoril Praia,Benfica,1ST,Goalkeeping,Total saves,1,2,2,1
14336198,2026-05-16,Liga Portugal Betclic,Liga Portugal 25/26,34.0,Away,Estoril Praia,Estoril Praia,Benfica,1ST,Match overview,Ball possession,59%,41%,41%,59%
14336198,2026-05-16,Liga Portugal Betclic,Liga Portugal 25/26,34.0,Away,Estoril Praia,Estoril Praia,Benfica,1ST,Match overview,Big chances,3,0,0,3
14336198,2026-05-16,Liga Portugal Betclic,Liga Portugal 25/26,34.0,Away,Estoril Praia,Estoril Praia,Benfica,1ST,Match overview,Corner kicks,6,0,0,6
14336198,2026-05-16,Liga Portugal Betclic,Liga Portugal 25/26,34.0,Away,Estoril Praia,Estoril Praia,Benfica,1ST,Match overview,Expected goals,2.38,0.34,0.34,2.38
14336198,2026-05-16,Liga Portugal Betclic,Liga Portugal 25/26,34.0,Away,Estoril Praia,Estoril Praia,Benfica,1ST,Match overview,Fouls,5,6,6,5
14336198,2026-05-16,Liga Portugal Betclic,Liga Portugal 25/26,34.0,Away,Estoril Praia,Estoril Praia,Benfica,1ST,Match overview,Free kicks,6,5,5,6
14336198,2026-05-16,Liga Portugal Betclic,Liga Portugal 25/26,34.0,Away,Estoril Praia,Estoril Praia,Benfica,1ST,Match overview,Goalkeeper saves,1,2,2,1
14336198,2026-05-16,Liga Portugal Betclic,Liga Portugal 25/26,34.0,Away,Estoril Praia,Estoril Praia,Benfica,1ST,Match overview,Passes,271,190,190,271
14336198,2026-05-16,Liga Portugal Betclic,Liga Portugal 25/26,34.0,Away,Estoril Praia,Estoril Praia,Benfica,1ST,Match overview,Tackles,7,10,10,7
14336198,2026-05-16,Liga Portugal Betclic,Liga Portugal 25/26,34.0,Away,Estoril Praia,Estoril Praia,Benfica,1ST,Match overview,Total shots,9,2,2,9
14336198,2026-05-16,Liga Portugal Betclic,Liga Portugal 25/26,34.0,Away,Estoril Praia,Estoril Praia,Benfica,1ST,Match overview,Yellow cards,0,1,1,0
14336198,2026-05-16,Liga Portugal Betclic,Liga Portugal 25/26,34.0,Away,Estoril Praia,Estoril Praia,Benfica,1ST,Passes,Accurate passes,232,147,147,232
14336198,2026-05-16,Liga Portugal Betclic,Liga Portugal 25/26,34.0,Away,Estoril Praia,Estoril Praia,Benfica,1ST,Passes,Crosses,2/11 (18%),1/3 (33%),1/3 (33%),2/11 (18%)
14336198,2026-05-16,Liga Portugal Betclic,Liga Portugal 25/26,34.0,Away,Estoril Praia,Estoril Praia,Benfica,1ST,Passes,Final third entries,39,19,19,39
14336198,2026-05-16,Liga Portugal Betclic,Liga Portugal 25/26,34.0,Away,Estoril Praia,Estoril Praia,Benfica,1ST,Passes,Long balls,7/17 (41%),7/22 (32%),7/22 (32%),7/17 (41%)
14336198,2026-05-16,Liga Portugal Betclic,Liga Portugal 25/26,34.0,Away,Estoril Praia,Estoril Praia,Benfica,1ST,Passes,Throw-ins,11,9,9,11
14336198,2026-05-16,Liga Portugal Betclic,Liga Portugal 25/26,34.0,Away,Estoril Praia,Estoril Praia,Benfica,1ST,Shots,Blocked shots,2,0,0,2
14336198,2026-05-16,Liga Portugal Betclic,Liga Portugal 25/26,34.0,Away,Estoril Praia,Estoril Praia,Benfica,1ST,Shots,Hit woodwork,0,0,0,0
14336198,2026-05-16,Liga Portugal Betclic,Liga Portugal 25/26,34.0,Away,Estoril Praia,Estoril Praia,Benfica,1ST,Shots,Shots inside box,7,2,2,7
14336198,2026-05-16,Liga Portugal Betclic,Liga Portugal 25/26,34.0,Away,Estoril Praia,Estoril Praia,Benfica,1ST,Shots,Shots off target,2,1,1,2
14336198,2026-05-16,Liga Portugal Betclic,Liga Portugal 25/26,34.0,Away,Estoril Praia,Estoril Praia,Benfica,1ST,Shots,Shots on target,5,1,1,5
14336198,2026-05-16,Liga Portugal Betclic,Liga Portugal 25/26,34.0,Away,Estoril Praia,Estoril Praia,Benfica,1ST,Shots,Shots outside box,2,0,0,2
14336198,2026-05-16,Liga Portugal Betclic,Liga Portugal 25/26,34.0,Away,Estoril Praia,Estoril Praia,Benfica,1ST,Shots,Total shots,9,2,2,9
14336198,2026-05-16,Liga Portugal Betclic,Liga Portugal 25/26,34.0,Away,Estoril Praia,Estoril Praia,Benfica,2ND,Attack,Big chances missed,3,1,1,3
14336198,2026-05-16,Liga Portugal Betclic,Liga Portugal 25/26,34.0,Away,Estoril Praia,Estoril Praia,Benfica,2ND,Attack,Big chances scored,0,0,0,0
14336198,2026-05-16,Liga Portugal Betclic,Liga Portugal 25/26,34.0,Away,Estoril Praia,Estoril Praia,Benfica,2ND,Attack,Fouled in final third,1,1,1,1
14336198,2026-05-16,Liga Portugal Betclic,Liga Portugal 25/26,34.0,Away,Estoril Praia,Estoril Praia,Benfica,2ND,Attack,Offsides,1,1,1,1
14336198,2026-05-16,Liga Portugal Betclic,Liga Portugal 25/26,34.0,Away,Estoril Praia,Estoril Praia,Benfica,2ND,Defending,Clearances,6,9,9,6
14336198,2026-05-16,Liga Portugal Betclic,Liga Portugal 25/26,34.0,Away,Estoril Praia,Estoril Praia,Benfica,2ND,Defending,Interceptions,3,4,4,3
14336198,2026-05-16,Liga Portugal Betclic,Liga Portugal 25/26,34.0,Away,Estoril Praia,Estoril Praia,Benfica,2ND,Defending,Recoveries,22,23,23,22
14336198,2026-05-16,Liga Portugal Betclic,Liga Portugal 25/26,34.0,Away,Estoril Praia,Estoril Praia,Benfica,2ND,Defending,Tackles won,22%,40%,40%,22%
14336198,2026-05-16,Liga Portugal Betclic,Liga Portugal 25/26,34.0,Away,Estoril Praia,Estoril Praia,Benfica,2ND,Defending,Total tackles,9,5,5,9
14336198,2026-05-16,Liga Portugal Betclic,Liga Portugal 25/26,34.0,Away,Estoril Praia,Estoril Praia,Benfica,2ND,Duels,Aerial duels,3/4 (75%),1/4 (25%),1/4 (25%),3/4 (75%)
14336198,2026-05-16,Liga Portugal Betclic,Liga Portugal 25/26,34.0,Away,Estoril Praia,Estoril Praia,Benfica,2ND,Duels,Dispossessed,2,4,4,2
14336198,2026-05-16,Liga Portugal Betclic,Liga Portugal 25/26,34.0,Away,Estoril Praia,Estoril Praia,Benfica,2ND,Duels,Dribbles,3/6 (50%),7/12 (58%),7/12 (58%),3/6 (50%)
14336198,2026-05-16,Liga Portugal Betclic,Liga Portugal 25/26,34.0,Away,Estoril Praia,Estoril Praia,Benfica,2ND,Duels,Duels,49%,51%,51%,49%
14336198,2026-05-16,Liga Portugal Betclic,Liga Portugal 25/26,34.0,Away,Estoril Praia,Estoril Praia,Benfica,2ND,Duels,Ground duels,15/33 (45%),18/33 (55%),18/33 (55%),15/33 (45%)
14336198,2026-05-16,Liga Portugal Betclic,Liga Portugal 25/26,34.0,Away,Estoril Praia,Estoril Praia,Benfica,2ND,Goalkeeping,Goal kicks,7,4,4,7
14336198,2026-05-16,Liga Portugal Betclic,Liga Portugal 25/26,34.0,Away,Estoril Praia,Estoril Praia,Benfica,2ND,Goalkeeping,Total saves,4,2,2,4
14336198,2026-05-16,Liga Portugal Betclic,Liga Portugal 25/26,34.0,Away,Estoril Praia,Estoril Praia,Benfica,2ND,Match overview,Ball possession,45%,55%,55%,45%
14336198,2026-05-16,Liga Portugal Betclic,Liga Portugal 25/26,34.0,Away,Estoril Praia,Estoril Praia,Benfica,2ND,Match overview,Big chances,3,1,1,3
14336198,2026-05-16,Liga Portugal Betclic,Liga Portugal 25/26,34.0,Away,Estoril Praia,Estoril Praia,Benfica,2ND,Match overview,Corner kicks,3,2,2,3
14336198,2026-05-16,Liga Portugal Betclic,Liga Portugal 25/26,34.0,Away,Estoril Praia,Estoril Praia,Benfica,2ND,Match overview,Expected goals,1.77,1.18,1.18,1.77
14336198,2026-05-16,Liga Portugal Betclic,Liga Portugal 25/26,34.0,Away,Estoril Praia,Estoril Praia,Benfica,2ND,Match overview,Fouls,7,3,3,7
14336198,2026-05-16,Liga Portugal Betclic,Liga Portugal 25/26,34.0,Away,Estoril Praia,Estoril Praia,Benfica,2ND,Match overview,Free kicks,3,7,7,3
14336198,2026-05-16,Liga Portugal Betclic,Liga Portugal 25/26,34.0,Away,Estoril Praia,Estoril Praia,Benfica,2ND,Match overview,Goalkeeper saves,4,2,2,4
14336198,2026-05-16,Liga Portugal Betclic,Liga Portugal 25/26,34.0,Away,Estoril Praia,Estoril Praia,Benfica,2ND,Match overview,Passes,193,240,240,193
14336198,2026-05-16,Liga Portugal Betclic,Liga Portugal 25/26,34.0,Away,Estoril Praia,Estoril Praia,Benfica,2ND,Match overview,Tackles,9,5,5,9
14336198,2026-05-16,Liga Portugal Betclic,Liga Portugal 25/26,34.0,Away,Estoril Praia,Estoril Praia,Benfica,2ND,Match overview,Total shots,10,14,14,10
14336198,2026-05-16,Liga Portugal Betclic,Liga Portugal 25/26,34.0,Away,Estoril Praia,Estoril Praia,Benfica,2ND,Match overview,Yellow cards,2,2,2,2
14336198,2026-05-16,Liga Portugal Betclic,Liga Portugal 25/26,34.0,Away,Estoril Praia,Estoril Praia,Benfica,2ND,Passes,Accurate passes,161,209,209,161
14336198,2026-05-16,Liga Portugal Betclic,Liga Portugal 25/26,34.0,Away,Estoril Praia,Estoril Praia,Benfica,2ND,Passes,Crosses,4/9 (44%),4/8 (50%),4/8 (50%),4/9 (44%)
14336198,2026-05-16,Liga Portugal Betclic,Liga Portugal 25/26,34.0,Away,Estoril Praia,Estoril Praia,Benfica,2ND,Passes,Final third entries,24,23,23,24
14336198,2026-05-16,Liga Portugal Betclic,Liga Portugal 25/26,34.0,Away,Estoril Praia,Estoril Praia,Benfica,2ND,Passes,Long balls,8/17 (47%),8/15 (53%),8/15 (53%),8/17 (47%)
14336198,2026-05-16,Liga Portugal Betclic,Liga Portugal 25/26,34.0,Away,Estoril Praia,Estoril Praia,Benfica,2ND,Passes,Throw-ins,6,6,6,6
14336198,2026-05-16,Liga Portugal Betclic,Liga Portugal 25/26,34.0,Away,Estoril Praia,Estoril Praia,Benfica,2ND,Shots,Blocked shots,2,2,2,2
14336198,2026-05-16,Liga Portugal Betclic,Liga Portugal 25/26,34.0,Away,Estoril Praia,Estoril Praia,Benfica,2ND,Shots,Hit woodwork,0,0,0,0
14336198,2026-05-16,Liga Portugal Betclic,Liga Portugal 25/26,34.0,Away,Estoril Praia,Estoril Praia,Benfica,2ND,Shots,Shots inside box,8,10,10,8
14336198,2026-05-16,Liga Portugal Betclic,Liga Portugal 25/26,34.0,Away,Estoril Praia,Estoril Praia,Benfica,2ND,Shots,Shots off target,5,7,7,5
14336198,2026-05-16,Liga Portugal Betclic,Liga Portugal 25/26,34.0,Away,Estoril Praia,Estoril Praia,Benfica,2ND,Shots,Shots on target,3,5,5,3
14336198,2026-05-16,Liga Portugal Betclic,Liga Portugal 25/26,34.0,Away,Estoril Praia,Estoril Praia,Benfica,2ND,Shots,Shots outside box,2,4,4,2
14336198,2026-05-16,Liga Portugal Betclic,Liga Portugal 25/26,34.0,Away,Estoril Praia,Estoril Praia,Benfica,2ND,Shots,Total shots,10,14,14,10
14336198,2026-05-16,Liga Portugal Betclic,Liga Portugal 25/26,34.0,Away,Estoril Praia,Estoril Praia,Benfica,ALL,Attack,Big chances missed,4,1,1,4
14336198,2026-05-16,Liga Portugal Betclic,Liga Portugal 25/26,34.0,Away,Estoril Praia,Estoril Praia,Benfica,ALL,Attack,Big chances scored,2,0,0,2
14336198,2026-05-16,Liga Portugal Betclic,Liga Portugal 25/26,34.0,Away,Estoril Praia,Estoril Praia,Benfica,ALL,Attack,Fouled in final third,2,1,1,2
14336198,2026-05-16,Liga Portugal Betclic,Liga Portugal 25/26,34.0,Away,Estoril Praia,Estoril Praia,Benfica,ALL,Attack,Offsides,2,1,1,2
14336198,2026-05-16,Liga Portugal Betclic,Liga Portugal 25/26,34.0,Away,Estoril Praia,Estoril Praia,Benfica,ALL,Attack,Touches in penalty area,56,21,21,56
14336198,2026-05-16,Liga Portugal Betclic,Liga Portugal 25/26,34.0,Away,Estoril Praia,Estoril Praia,Benfica,ALL,Defending,Clearances,9,28,28,9
14336198,2026-05-16,Liga Portugal Betclic,Liga Portugal 25/26,34.0,Away,Estoril Praia,Estoril Praia,Benfica,ALL,Defending,Errors lead to a shot,0,4,4,0
14336198,2026-05-16,Liga Portugal Betclic,Liga Portugal 25/26,34.0,Away,Estoril Praia,Estoril Praia,Benfica,ALL,Defending,Interceptions,7,10,10,7
14336198,2026-05-16,Liga Portugal Betclic,Liga Portugal 25/26,34.0,Away,Estoril Praia,Estoril Praia,Benfica,ALL,Defending,Recoveries,53,53,53,53
14336198,2026-05-16,Liga Portugal Betclic,Liga Portugal 25/26,34.0,Away,Estoril Praia,Estoril Praia,Benfica,ALL,Defending,Tackles won,44%,47%,47%,44%
14336198,2026-05-16,Liga Portugal Betclic,Liga Portugal 25/26,34.0,Away,Estoril Praia,Estoril Praia,Benfica,ALL,Defending,Total tackles,16,15,15,16
14336198,2026-05-16,Liga Portugal Betclic,Liga Portugal 25/26,34.0,Away,Estoril Praia,Estoril Praia,Benfica,ALL,Duels,Aerial duels,12/17 (71%),5/17 (29%),5/17 (29%),12/17 (71%)
14336198,2026-05-16,Liga Portugal Betclic,Liga Portugal 25/26,34.0,Away,Estoril Praia,Estoril Praia,Benfica,ALL,Duels,Dispossessed,7,7,7,7
14336198,2026-05-16,Liga Portugal Betclic,Liga Portugal 25/26,34.0,Away,Estoril Praia,Estoril Praia,Benfica,ALL,Duels,Dribbles,8/16 (50%),9/18 (50%),9/18 (50%),8/16 (50%)
14336198,2026-05-16,Liga Portugal Betclic,Liga Portugal 25/26,34.0,Away,Estoril Praia,Estoril Praia,Benfica,ALL,Duels,Duels,52%,48%,48%,52%
14336198,2026-05-16,Liga Portugal Betclic,Liga Portugal 25/26,34.0,Away,Estoril Praia,Estoril Praia,Benfica,ALL,Duels,Ground duels,31/66 (47%),35/66 (53%),35/66 (53%),31/66 (47%)
14336198,2026-05-16,Liga Portugal Betclic,Liga Portugal 25/26,34.0,Away,Estoril Praia,Estoril Praia,Benfica,ALL,Goalkeeping,Big saves,0,2,2,0
14336198,2026-05-16,Liga Portugal Betclic,Liga Portugal 25/26,34.0,Away,Estoril Praia,Estoril Praia,Benfica,ALL,Goalkeeping,Goal kicks,9,9,9,9
14336198,2026-05-16,Liga Portugal Betclic,Liga Portugal 25/26,34.0,Away,Estoril Praia,Estoril Praia,Benfica,ALL,Goalkeeping,Goals prevented,-0.12,-0.84,-0.84,-0.12
14336198,2026-05-16,Liga Portugal Betclic,Liga Portugal 25/26,34.0,Away,Estoril Praia,Estoril Praia,Benfica,ALL,Goalkeeping,Total saves,5,4,4,5
14336198,2026-05-16,Liga Portugal Betclic,Liga Portugal 25/26,34.0,Away,Estoril Praia,Estoril Praia,Benfica,ALL,Match overview,Ball possession,52%,48%,48%,52%
14336198,2026-05-16,Liga Portugal Betclic,Liga Portugal 25/26,34.0,Away,Estoril Praia,Estoril Praia,Benfica,ALL,Match overview,Big chances,6,1,1,6
14336198,2026-05-16,Liga Portugal Betclic,Liga Portugal 25/26,34.0,Away,Estoril Praia,Estoril Praia,Benfica,ALL,Match overview,Corner kicks,9,2,2,9
14336198,2026-05-16,Liga Portugal Betclic,Liga Portugal 25/26,34.0,Away,Estoril Praia,Estoril Praia,Benfica,ALL,Match overview,Distance covered,106.1 km,101.9 km,101.9 km,106.1 km
14336198,2026-05-16,Liga Portugal Betclic,Liga Portugal 25/26,34.0,Away,Estoril Praia,Estoril Praia,Benfica,ALL,Match overview,Expected goals,4.15,1.52,1.52,4.15
14336198,2026-05-16,Liga Portugal Betclic,Liga Portugal 25/26,34.0,Away,Estoril Praia,Estoril Praia,Benfica,ALL,Match overview,Fouls,12,9,9,12
14336198,2026-05-16,Liga Portugal Betclic,Liga Portugal 25/26,34.0,Away,Estoril Praia,Estoril Praia,Benfica,ALL,Match overview,Free kicks,9,12,12,9
14336198,2026-05-16,Liga Portugal Betclic,Liga Portugal 25/26,34.0,Away,Estoril Praia,Estoril Praia,Benfica,ALL,Match overview,Goalkeeper saves,5,4,4,5
14336198,2026-05-16,Liga Portugal Betclic,Liga Portugal 25/26,34.0,Away,Estoril Praia,Estoril Praia,Benfica,ALL,Match overview,Number of sprints,198,156,156,198
14336198,2026-05-16,Liga Portugal Betclic,Liga Portugal 25/26,34.0,Away,Estoril Praia,Estoril Praia,Benfica,ALL,Match overview,Passes,464,430,430,464
14336198,2026-05-16,Liga Portugal Betclic,Liga Portugal 25/26,34.0,Away,Estoril Praia,Estoril Praia,Benfica,ALL,Match overview,Tackles,16,15,15,16
14336198,2026-05-16,Liga Portugal Betclic,Liga Portugal 25/26,34.0,Away,Estoril Praia,Estoril Praia,Benfica,ALL,Match overview,Total shots,19,16,16,19
14336198,2026-05-16,Liga Portugal Betclic,Liga Portugal 25/26,34.0,Away,Estoril Praia,Estoril Praia,Benfica,ALL,Match overview,Yellow cards,2,3,3,2
14336198,2026-05-16,Liga Portugal Betclic,Liga Portugal 25/26,34.0,Away,Estoril Praia,Estoril Praia,Benfica,ALL,Passes,Accurate passes,393,356,356,393
14336198,2026-05-16,Liga Portugal Betclic,Liga Portugal 25/26,34.0,Away,Estoril Praia,Estoril Praia,Benfica,ALL,Passes,Crosses,6/20 (30%),5/11 (45%),5/11 (45%),6/20 (30%)
14336198,2026-05-16,Liga Portugal Betclic,Liga Portugal 25/26,34.0,Away,Estoril Praia,Estoril Praia,Benfica,ALL,Passes,Final third entries,63,42,42,63
14336198,2026-05-16,Liga Portugal Betclic,Liga Portugal 25/26,34.0,Away,Estoril Praia,Estoril Praia,Benfica,ALL,Passes,Final third phase,114/153 (75%),71/90 (79%),71/90 (79%),114/153 (75%)
14336198,2026-05-16,Liga Portugal Betclic,Liga Portugal 25/26,34.0,Away,Estoril Praia,Estoril Praia,Benfica,ALL,Passes,Long balls,15/34 (44%),15/37 (41%),15/37 (41%),15/34 (44%)
14336198,2026-05-16,Liga Portugal Betclic,Liga Portugal 25/26,34.0,Away,Estoril Praia,Estoril Praia,Benfica,ALL,Passes,Throw-ins,17,15,15,17
14336198,2026-05-16,Liga Portugal Betclic,Liga Portugal 25/26,34.0,Away,Estoril Praia,Estoril Praia,Benfica,ALL,Shots,Blocked shots,4,2,2,4
14336198,2026-05-16,Liga Portugal Betclic,Liga Portugal 25/26,34.0,Away,Estoril Praia,Estoril Praia,Benfica,ALL,Shots,Hit woodwork,0,0,0,0
14336198,2026-05-16,Liga Portugal Betclic,Liga Portugal 25/26,34.0,Away,Estoril Praia,Estoril Praia,Benfica,ALL,Shots,Shots inside box,15,12,12,15
14336198,2026-05-16,Liga Portugal Betclic,Liga Portugal 25/26,34.0,Away,Estoril Praia,Estoril Praia,Benfica,ALL,Shots,Shots off target,7,8,8,7
14336198,2026-05-16,Liga Portugal Betclic,Liga Portugal 25/26,34.0,Away,Estoril Praia,Estoril Praia,Benfica,ALL,Shots,Shots on target,8,6,6,8
14336198,2026-05-16,Liga Portugal Betclic,Liga Portugal 25/26,34.0,Away,Estoril Praia,Estoril Praia,Benfica,ALL,Shots,Shots outside box,4,4,4,4
14336198,2026-05-16,Liga Portugal Betclic,Liga Portugal 25/26,34.0,Away,Estoril Praia,Estoril Praia,Benfica,ALL,Shots,Total shots,19,16,16,19
